{
    "0": [
        2793.559876685049,
        7330.452378216912
    ],
    "1": [
        22168.873405612245,
        23452.33366549745
    ],
    "2": [
        10249.14232389592,
        15465.697160705062
    ],
    "3": [
        3261.549787081205,
        9706.076298640324
    ],
    "4": [
        16367.958333333334,
        20336.012864583332
    ],
    "5": [
        10325.210728236607,
        19814.126813616072
    ],
    "6": [
        1062.4128379444792,
        11319.74757946047
    ],
    "7": [
        6603.117770593143,
        21123.619064775485
    ],
    "8": [
        5721.965341361465,
        8107.152278438495
    ],
    "9": [
        20359.826159591194,
        1205.1065388550549
    ],
    "10": [
        11781.705822960805,
        12294.7237569518
    ],
    "11": [
        825.6495388965981,
        8644.393288526348
    ],
    "12": [
        3766.286902436756,
        18970.572916666668
    ],
    "13": [
        17399.053407118055,
        7801.5853515625
    ],
    "14": [
        26570.9599609375,
        5153.93550327846
    ],
    "15": [
        623.8254975182379,
        598.7704760695455
    ],
    "16": [
        9245.482907762715,
        7559.835633520986
    ],
    "17": [
        7354.577971540179,
        13339.160498046875
    ],
    "18": [
        3636.6996718897963,
        14891.430922999527
    ],
    "19": [
        19709.67902483259,
        5321.42264011928
    ],
    "20": [
        6376.156681743421,
        934.7476262109321
    ],
    "21": [
        5643.45441509046,
        3267.805557839912
    ],
    "22": [
        16636.525858390232,
        3763.1294765953257
    ],
    "23": [
        22886.435576467804,
        4019.8021351207385
    ],
    "24": [
        23633.335910744863,
        8547.19216208262
    ],
    "25": [
        4355.915998979049,
        989.815461371094
    ],
    "26": [
        6288.693478467988,
        10342.182934768802
    ],
    "27": [
        8413.53202734375,
        874.1579481611252
    ],
    "28": [
        12969.405207004676,
        8894.431318425808
    ],
    "29": [
        4954.636770756287,
        5869.6663854474855
    ],
    "30": [
        10298.773589112443,
        1235.8052916896943
    ],
    "31": [
        19966.64455566406,
        16855.146484375
    ],
    "32": [
        7217.76673828125,
        5456.2090625
    ],
    "33": [
        991.1520634391092,
        19453.11455965909
    ],
    "34": [
        7179.959285783179,
        25360.702546296296
    ],
    "35": [
        769.2774260170344,
        4136.010171678331
    ],
    "36": [
        16061.36166487069,
        12082.122440732759
    ],
    "37": [
        1857.3698501960905,
        26254.302140778185
    ],
    "38": [
        11448.897273516413,
        4805.2965235854645
    ],
    "39": [
        1141.9436455286102,
        16766.220877742137
    ],
    "40": [
        14409.04206000434,
        1583.9789006334763
    ],
    "41": [
        9186.121967930947,
        10567.888175718246
    ],
    "42": [
        961.1715130818387,
        13877.827601114908
    ],
    "43": [
        8912.063761393229,
        3509.2296213785808
    ],
    "44": [
        6645.626490770188,
        17026.739776341263
    ],
    "45": [
        20276.530415852863,
        11264.313212076822
    ],
    "46": [
        12321.226426133164,
        1173.9023764820786
    ],
    "47": [
        25218.543425324675,
        15503.825563108767
    ],
    "48": [
        17116.796847098216,
        984.429755431584
    ],
    "49": [
        1852.6062166690826,
        22354.73413783482
    ],
    "50": [
        4012.8647840037847,
        12297.32580187306
    ],
    "51": [
        853.1318604533618,
        2210.8332912639034
    ],
    "52": [
        14123.462740885416,
        5485.319755859375
    ],
    "53": [
        13237.902955923508,
        24746.285885027984
    ],
    "54": [
        2850.8955285904253,
        4975.177789436502
    ],
    "55": [
        731.695338670947,
        6215.173387030593
    ],
    "56": [
        14480.969194878473,
        16014.440028211806
    ],
    "57": [
        24912.344795612375,
        968.5055240525139
    ],
    "58": [
        3044.4979480561756,
        2906.055451892671
    ],
    "59": [
        2401.3157126034007,
        688.0547081786043
    ]
}