{
    "0": [
        13992.803013392857,
        1689.0101754324776
    ],
    "1": [
        6271.52330078125,
        1027.2249114990234
    ],
    "2": [
        408.7302394321987,
        625.2647957938058
    ],
    "3": [
        6317.083054315476,
        10870.33630952381
    ],
    "4": [
        5821.573184742647,
        6250.179788028493
    ],
    "5": [
        962.6251083804715,
        9130.786810105847
    ],
    "6": [
        3263.4065478780994,
        23938.180451766304
    ],
    "7": [
        16786.178059895832,
        3661.108837890625
    ],
    "8": [
        9226.756754557291,
        1261.284206310908
    ],
    "9": [
        14502.13759765625,
        24700.7138671875
    ],
    "10": [
        9374.097713694853,
        13059.683249080883
    ],
    "11": [
        2334.072976136819,
        3674.7295610476763
    ],
    "12": [
        2878.419714355469,
        6319.9640625
    ],
    "13": [
        24621.181770833333,
        1576.6896535237631
    ],
    "14": [
        4624.060848460478,
        3688.9734892003676
    ],
    "15": [
        24983.811257102272,
        18171.080788352272
    ],
    "16": [
        11606.921657986111,
        434.5139036178589
    ],
    "17": [
        11821.750061035156,
        2697.427047729492
    ],
    "18": [
        7796.448713030134,
        715.1827124868121
    ],
    "19": [
        24333.40896267361,
        7853.160346137152
    ],
    "20": [
        1906.209459577288,
        675.7517281259809
    ],
    "21": [
        3440.3457179214015,
        9118.866758404356
    ],
    "22": [
        16455.597265625,
        1093.6771216392517
    ],
    "23": [
        1874.1712705210637,
        18572.954975328947
    ],
    "24": [
        18976.607572115383,
        11755.68817608173
    ],
    "25": [
        19264.886204769737,
        6703.3428762335525
    ],
    "26": [
        732.975420402758,
        5715.410466974432
    ],
    "27": [
        9110.36947265625,
        8673.84388671875
    ],
    "28": [
        15756.349989149305,
        16951.83669704861
    ],
    "29": [
        704.2196932680466,
        2533.0528133616726
    ],
    "30": [
        3484.53662109375,
        863.8187587738037
    ],
    "31": [
        9408.484636579242,
        21207.333565848214
    ],
    "32": [
        20045.27138671875,
        1092.972055530548
    ],
    "33": [
        1883.8937403981279,
        13156.539515053353
    ],
    "34": [
        4779.803674768518,
        1199.9645765799064
    ],
    "35": [
        7004.265515136719,
        17103.488232421874
    ],
    "36": [
        8618.865498860678,
        3868.0428263346353
    ],
    "37": [
        11023.377978515626,
        5717.8734130859375
    ],
    "38": [
        13402.548913043478,
        11381.953125
    ],
    "39": [
        14195.379185267857,
        6271.76789202009
    ]
}