{
    "0": [
        21667.474883780993,
        1450.1261848733855
    ],
    "1": [
        8668.531136861662,
        24338.148961509145
    ],
    "2": [
        24818.069039096918,
        8694.27353859788
    ],
    "3": [
        4192.7330709911075,
        7081.219456578845
    ],
    "4": [
        1506.5568862202697,
        17995.735731620854
    ],
    "5": [
        1844.5894535712475,
        21670.91352815448
    ],
    "6": [
        23393.69957784473,
        14825.542075392377
    ],
    "7": [
        11003.43814289166,
        5178.984066857856
    ],
    "8": [
        6246.932483265701,
        19436.99037659284
    ],
    "9": [
        15421.397433477043,
        5581.759146906579
    ],
    "10": [
        982.6648972323684,
        3292.9928510822233
    ],
    "11": [
        9208.376320404532,
        15875.867512168685
    ],
    "12": [
        5181.522804428726,
        1316.0570842084073
    ],
    "13": [
        9191.925559570313,
        11797.224943359375
    ],
    "14": [
        23210.071576286766,
        22165.1109998687
    ],
    "15": [
        2907.171443483957,
        1083.8450549393524
    ],
    "16": [
        1231.6213795893277,
        14458.315457857572
    ],
    "17": [
        8012.855319461307,
        8182.574919829497
    ],
    "18": [
        15048.22414499563,
        1427.3919662258008
    ],
    "19": [
        17779.529352785066,
        16762.81467303793
    ],
    "20": [
        12488.224600074405,
        1600.69651969728
    ],
    "21": [
        5020.111147460938,
        14815.670797230114
    ],
    "22": [
        2268.5439501276383,
        25859.01709735577
    ],
    "23": [
        3860.864410162768,
        3910.5557379292964
    ],
    "24": [
        18072.62414826128,
        1783.5623841949534
    ],
    "25": [
        12601.433562809407,
        8962.503357054455
    ],
    "26": [
        7258.503366827073,
        4604.477859002396
    ],
    "27": [
        13798.668128504287,
        13292.778085834432
    ],
    "28": [
        18318.31486563847,
        10311.097197433997
    ],
    "29": [
        1217.4978621284035,
        8556.682960434715
    ],
    "30": [
        775.061889582135,
        899.5228947229999
    ],
    "31": [
        4962.309572495576,
        10756.136050728855
    ],
    "32": [
        7445.564241815021,
        1252.8911026789826
    ],
    "33": [
        1460.5085897043573,
        11484.447286481234
    ],
    "34": [
        15862.827742611069,
        24183.74323465738
    ],
    "35": [
        25594.976860434323,
        2406.3812839475727
    ],
    "36": [
        1137.8798697044872,
        5820.390574416953
    ],
    "37": [
        9886.54093123071,
        1405.594092007282
    ],
    "38": [
        12755.764069313227,
        19501.49214207849
    ],
    "39": [
        20250.245028409092,
        5770.286041497565
    ]
}