{
    "0": [
        9202.139184570313,
        8880.430859375
    ],
    "1": [
        413.6980547904968,
        553.8866701126099
    ],
    "2": [
        16072.782986111111,
        11527.723741319445
    ],
    "3": [
        4539.596302379261,
        10584.714044744318
    ],
    "4": [
        7506.33642578125,
        13139.100842927632
    ],
    "5": [
        13870.386008522728,
        17196.38671875
    ],
    "6": [
        24533.113525390625,
        5127.961456298828
    ],
    "7": [
        6605.3388671875,
        5217.709418402777
    ],
    "8": [
        4896.297607421875,
        18264.724772135418
    ],
    "9": [
        2530.4912109375,
        875.579756303267
    ],
    "10": [
        7739.566918945313,
        546.7162036895752
    ],
    "11": [
        420.92698923746747,
        14316.344645182291
    ],
    "12": [
        6395.164605034723,
        328.45281918843585
    ],
    "13": [
        20949.056640625,
        12622.76025390625
    ],
    "14": [
        17840.9591796875,
        7484.891455078125
    ],
    "15": [
        4806.9933675130205,
        2517.436492919922
    ],
    "16": [
        581.805884881453,
        10139.68368252841
    ],
    "17": [
        20240.505998883928,
        5807.152919224331
    ],
    "18": [
        3586.8235973011365,
        5998.178355823864
    ],
    "19": [
        347.27433274586997,
        2141.8159912109377
    ],
    "20": [
        4514.194370814732,
        16168.85532924107
    ],
    "21": [
        11769.466145833334,
        14709.699055989584
    ],
    "22": [
        1303.9087991153492,
        1623.4916489545037
    ],
    "23": [
        1534.137435913086,
        6564.276916503906
    ],
    "24": [
        792.771490243765,
        8287.970064603365
    ],
    "25": [
        1767.549085344587,
        11688.681570870536
    ],
    "26": [
        13594.907421875,
        9091.67294921875
    ],
    "27": [
        15913.81459263393,
        4112.252022879465
    ],
    "28": [
        1803.0391496930804,
        266.4479600361415
    ],
    "29": [
        4677.2938232421875,
        1130.4401245117188
    ],
    "30": [
        4866.76044921875,
        5150.625146484375
    ],
    "31": [
        1763.9364074707032,
        3500.3984985351563
    ],
    "32": [
        20085.947954963234,
        747.2333307827221
    ],
    "33": [
        10081.43275669643,
        2424.2191946847097
    ],
    "34": [
        2332.780368381076,
        7804.011610243056
    ],
    "35": [
        3250.837447317023,
        20836.395456414473
    ],
    "36": [
        2348.755645751953,
        9760.728190104166
    ],
    "37": [
        9416.1984375,
        5905.43623046875
    ],
    "38": [
        7667.9088134765625,
        17890.671997070313
    ],
    "39": [
        426.57504738701715,
        3559.7628038194443
    ],
    "40": [
        3496.4572310014205,
        8696.121892755682
    ],
    "41": [
        6813.8583984375,
        9974.5712890625
    ],
    "42": [
        9308.498494466146,
        15426.2412109375
    ],
    "43": [
        12313.43275669643,
        1236.8979113442558
    ],
    "44": [
        4775.715087890625,
        8202.085815429688
    ],
    "45": [
        6218.351143973215,
        3811.2375139508927
    ],
    "46": [
        397.40651245117186,
        5264.712890625
    ],
    "47": [
        2528.5458068847656,
        4970.2668863932295
    ],
    "48": [
        24685.64903846154,
        9237.418118990385
    ],
    "49": [
        14207.660047743055,
        25084.654296875
    ],
    "50": [
        6747.7890625,
        1669.0137451171875
    ],
    "51": [
        24877.5966796875,
        19567.921752929688
    ],
    "52": [
        336.4106953938802,
        4590.682291666667
    ],
    "53": [
        2533.5321994357637,
        6811.521213107639
    ],
    "54": [
        14387.541931152344,
        1995.688346862793
    ],
    "55": [
        3692.162841796875,
        435.8703023737127
    ],
    "56": [
        5155.119001116072,
        355.9571429661342
    ],
    "57": [
        9196.856952373799,
        21339.83728966346
    ],
    "58": [
        3739.65185546875,
        1529.711216517857
    ],
    "59": [
        17875.5384765625,
        1946.5662353515625
    ],
    "60": [
        396.65479278564453,
        6491.490173339844
    ],
    "61": [
        4127.527898615057,
        13767.882191051136
    ],
    "62": [
        907.7435421943665,
        18203.33828125
    ],
    "63": [
        12989.15127840909,
        12173.529119318182
    ],
    "64": [
        1282.9824741908483,
        4965.627650669643
    ],
    "65": [
        1868.7818145751953,
        13333.139038085938
    ],
    "66": [
        8440.215021306818,
        1853.6802978515625
    ],
    "67": [
        24661.048502604168,
        907.0586204528809
    ],
    "68": [
        16147.865931919643,
        990.6263655253819
    ],
    "69": [
        12170.63671875,
        5418.702450706845
    ],
    "70": [
        3212.1900939941406,
        2880.2498321533203
    ],
    "71": [
        17772.45583767361,
        17829.1513671875
    ],
    "72": [
        8568.8427734375,
        3780.2719948508525
    ],
    "73": [
        2981.215512084961,
        25070.936458333334
    ],
    "74": [
        4102.095052083333,
        4053.5046549479166
    ],
    "75": [
        6314.893798828125,
        6883.1505126953125
    ],
    "76": [
        4953.029405381944,
        6692.517469618056
    ],
    "77": [
        5650.974826388889,
        1289.0339016384548
    ],
    "78": [
        10010.94935825893,
        11797.504952566964
    ],
    "79": [
        9502.4716796875,
        518.6249668121338
    ]
}