{
    "0": [
        1133.3199584960937,
        1584.9826904296874
    ],
    "1": [
        2401.5655343191966,
        1247.6514718191963
    ],
    "2": [
        4879.170438878677,
        6976.528033088235
    ],
    "3": [
        9529.474283854166,
        2340.8643697102866
    ],
    "4": [
        9467.11865234375,
        9153.284075055804
    ],
    "5": [
        907.4406516335227,
        16895.751242897728
    ],
    "6": [
        10022.701729910714,
        5721.146902901785
    ],
    "7": [
        19339.82763671875,
        716.8839437166849
    ],
    "8": [
        165.91012287139893,
        2213.618994140625
    ],
    "9": [
        2427.708958217076,
        7556.793038504465
    ],
    "10": [
        2871.939383370536,
        503.7722909109933
    ],
    "11": [
        13388.9619140625,
        18276.30245535714
    ],
    "12": [
        24564.837890625,
        21679.8640625
    ],
    "13": [
        10528.671223958334,
        7460.550944010417
    ],
    "14": [
        6007.7164306640625,
        2607.614501953125
    ],
    "15": [
        9120.139229910714,
        4077.5230887276784
    ],
    "16": [
        9353.18544921875,
        22928.865494791666
    ],
    "17": [
        18115.893717447918,
        7419.7215576171875
    ],
    "18": [
        1625.9618489583333,
        3708.7822102864584
    ],
    "19": [
        558.9986755371094,
        6565.764013671875
    ],
    "20": [
        1516.312759399414,
        857.8090133666992
    ],
    "21": [
        14465.2783203125,
        2044.0710788302952
    ],
    "22": [
        13626.98046875,
        12327.305989583334
    ],
    "23": [
        15046.052408854166,
        25279.033854166668
    ],
    "24": [
        4127.527898615057,
        13767.882191051136
    ],
    "25": [
        24913.64287860577,
        1512.6478435809795
    ],
    "26": [
        3668.5914713541665,
        5602.579264322917
    ],
    "27": [
        16564.072102864582,
        1022.5043783187866
    ],
    "28": [
        392.83518981933594,
        1117.1071166992188
    ],
    "29": [
        2316.087512207031,
        4856.937890625
    ],
    "30": [
        4469.310922475962,
        1123.8002413236177
    ],
    "31": [
        863.2699340820312,
        828.08720703125
    ],
    "32": [
        8845.443033854166,
        19582.97488839286
    ],
    "33": [
        12177.855735085228,
        14971.010919744318
    ],
    "34": [
        542.7110188802084,
        3858.845011393229
    ],
    "35": [
        19835.630022321428,
        12057.828683035714
    ],
    "36": [
        10639.40771484375,
        621.555908203125
    ],
    "37": [
        21521.41434151786,
        836.9908316476004
    ],
    "38": [
        8150.111279296875,
        428.4500617980957
    ],
    "39": [
        16732.466471354168,
        11196.247395833334
    ],
    "40": [
        7468.391880580357,
        380.47079604012623
    ],
    "41": [
        13594.907421875,
        9091.67294921875
    ],
    "42": [
        5694.238699776785,
        407.08361625671387
    ],
    "43": [
        17748.093994140625,
        16821.474243164063
    ],
    "44": [
        467.3927171495226,
        14106.492404513889
    ],
    "45": [
        6809.4940999348955,
        1017.9878845214844
    ],
    "46": [
        344.6353454589844,
        531.2825039950284
    ],
    "47": [
        2556.4060262044272,
        3085.5591430664063
    ],
    "48": [
        12978.44131747159,
        777.4531943581321
    ],
    "49": [
        199.7925796508789,
        135.24474443708147
    ],
    "50": [
        13865.431274414063,
        5432.381042480469
    ],
    "51": [
        8577.971313476563,
        6515.705993652344
    ],
    "52": [
        4525.628662109375,
        3796.8286655970983
    ],
    "53": [
        16757.279947916668,
        21146.995442708332
    ],
    "54": [
        3978.4603515625,
        20256.69697265625
    ],
    "55": [
        2925.7556592155906,
        24789.292394301472
    ],
    "56": [
        291.8135342068142,
        5110.653157552083
    ],
    "57": [
        55.39220937093099,
        1438.5013427734375
    ],
    "58": [
        3736.1994832356772,
        680.1169986724854
    ],
    "59": [
        2157.621826171875,
        12977.8486328125
    ],
    "60": [
        667.3298187255859,
        262.992862701416
    ],
    "61": [
        11727.08363560268,
        2652.6579938616073
    ],
    "62": [
        4064.5179931640623,
        2377.427587890625
    ],
    "63": [
        7414.0732421875,
        9566.328391335228
    ],
    "64": [
        10177.236653645834,
        64.92456754048665
    ],
    "65": [
        878.7082045628474,
        19338.01337139423
    ],
    "66": [
        926.6434020996094,
        11649.594401041666
    ],
    "67": [
        3518.431427001953,
        3656.1770629882813
    ],
    "68": [
        591.3444036136974,
        10021.679509943182
    ],
    "69": [
        114.10522842407227,
        3377.7096354166665
    ],
    "70": [
        6382.559983473558,
        6684.814791165865
    ],
    "71": [
        983.1749725341797,
        5194.0731201171875
    ],
    "72": [
        6274.653678385416,
        4680.642122395833
    ],
    "73": [
        8251.481863839286,
        3400.9687848772323
    ],
    "74": [
        11870.2255859375,
        5379.3580979567305
    ],
    "75": [
        8981.15708705357,
        162.01385307312012
    ],
    "76": [
        24986.996930803572,
        14873.222377232143
    ],
    "77": [
        2021.0439697265624,
        13605.6677734375
    ],
    "78": [
        2687.091134207589,
        10919.7578125
    ],
    "79": [
        7736.465576171875,
        16375.643391927084
    ],
    "80": [
        19498.47293526786,
        4572.218052455357
    ],
    "81": [
        632.0874084472656,
        2805.20732421875
    ],
    "82": [
        624.6619822184244,
        1918.1272786458333
    ],
    "83": [
        5408.384358723958,
        10694.923665364584
    ],
    "84": [
        1924.645654296875,
        144.3785539627075
    ],
    "85": [
        1441.4708048502605,
        2059.3574829101563
    ],
    "86": [
        9219.647042410714,
        1186.0096784319196
    ],
    "87": [
        24454.233111213234,
        7894.046156939338
    ],
    "88": [
        16766.02801983173,
        3656.912823016827
    ],
    "89": [
        21360.270647321428,
        6113.78547014509
    ],
    "90": [
        4512.187218299279,
        16968.016150841348
    ],
    "91": [
        8058.98349609375,
        13163.458154296875
    ],
    "92": [
        7945.445095486111,
        1637.8592529296875
    ],
    "93": [
        792.771490243765,
        8287.970064603365
    ],
    "94": [
        11585.33154296875,
        526.1510810852051
    ],
    "95": [
        10289.631119791668,
        11650.518489583334
    ],
    "96": [
        1966.523876953125,
        6453.3189453125
    ],
    "97": [
        3182.2477127878287,
        9042.132144325658
    ],
    "98": [
        5234.127685546875,
        1503.5925415039062
    ],
    "99": [
        1267.3760131835938,
        12639.31171875
    ]
}