{
    "0": [
        9207.178274054277,
        19908.13394325658
    ],
    "1": [
        4734.21142578125,
        2836.3317599826387
    ],
    "2": [
        3231.8451171875,
        10304.4185546875
    ],
    "3": [
        191.2874313354492,
        1464.0851806640626
    ],
    "4": [
        19994.35036892361,
        797.2578367657131
    ],
    "5": [
        907.4406516335227,
        16895.751242897728
    ],
    "6": [
        1830.5374654134114,
        3357.8181762695313
    ],
    "7": [
        18135.84314903846,
        7275.720590444712
    ],
    "8": [
        1407.8875906808037,
        3900.2940499441966
    ],
    "9": [
        16056.941015625,
        4042.991552734375
    ],
    "10": [
        4140.663248697917,
        24309.92599826389
    ],
    "11": [
        1558.9846210479736,
        25328.57958984375
    ],
    "12": [
        6013.795030381944,
        2445.266547309028
    ],
    "13": [
        24050.28497869318,
        8350.886097301136
    ],
    "14": [
        14250.55078125,
        16687.85373263889
    ],
    "15": [
        409.91220207214354,
        3637.38828125
    ],
    "16": [
        986.0087056477864,
        13871.989192708334
    ],
    "17": [
        1431.5244315011162,
        1992.9163120814733
    ],
    "18": [
        2359.6476017878604,
        7596.70849609375
    ],
    "19": [
        24564.837890625,
        21679.8640625
    ],
    "20": [
        10057.526041666666,
        8451.765679253473
    ],
    "21": [
        16587.154563210228,
        1225.7800604213369
    ],
    "22": [
        4761.822900390625,
        16928.611393229166
    ],
    "23": [
        11233.437174479166,
        11934.443033854166
    ],
    "24": [
        9152.678100585938,
        1136.1860427856445
    ],
    "25": [
        3484.599365234375,
        281.43558807373046
    ],
    "26": [
        828.7355041503906,
        6553.79607282366
    ],
    "27": [
        6868.709891183035,
        629.5446267809186
    ],
    "28": [
        12748.369140625,
        678.4556415264423
    ],
    "29": [
        8568.8427734375,
        3780.2719948508525
    ],
    "30": [
        9665.509982638889,
        10705.252387152777
    ],
    "31": [
        20446.380859375,
        5174.684509277344
    ],
    "32": [
        6254.748992919922,
        4750.1787109375
    ],
    "33": [
        4119.529854910715,
        664.073486328125
    ],
    "34": [
        1500.2344482421875,
        1186.0144775390625
    ],
    "35": [
        4993.30419921875,
        11386.095424107143
    ],
    "36": [
        3983.3623291015624,
        13717.5939453125
    ],
    "37": [
        111.37460784912109,
        407.3823974609375
    ],
    "38": [
        705.8830320570204,
        10282.290690104166
    ],
    "39": [
        2804.434814453125,
        2143.1409912109375
    ],
    "40": [
        24661.048502604168,
        907.0586204528809
    ],
    "41": [
        3563.9638468424478,
        6084.8211669921875
    ],
    "42": [
        11769.466145833334,
        14709.699055989584
    ],
    "43": [
        1499.0228881835938,
        571.6214752197266
    ],
    "44": [
        2817.4635416666665,
        555.2371215820313
    ],
    "45": [
        23616.184709821428,
        13778.195591517857
    ],
    "46": [
        10963.846110026041,
        390.43517033259076
    ],
    "47": [
        296.7462412516276,
        77.94907887776692
    ],
    "48": [
        8363.739713541667,
        17143.3435546875
    ],
    "49": [
        760.5174458821615,
        8043.689181857639
    ],
    "50": [
        502.64387076241627,
        969.3021763392857
    ],
    "51": [
        404.261208152771,
        9085.5658203125
    ],
    "52": [
        14233.013061523438,
        1969.3058242797852
    ],
    "53": [
        3776.0194498697915,
        1448.1636962890625
    ],
    "54": [
        969.4370930989584,
        795.9633585611979
    ],
    "55": [
        27358.720052083332,
        13699.087239583334
    ],
    "56": [
        9545.63461303711,
        22983.142822265625
    ],
    "57": [
        2921.0440470377603,
        3340.4632364908853
    ],
    "58": [
        17849.958374023438,
        17402.139038085938
    ],
    "59": [
        1156.9712219238281,
        114.3102445602417
    ],
    "60": [
        2482.6383231026784,
        11438.21595982143
    ],
    "61": [
        6353.9332932692305,
        6804.241248497596
    ],
    "62": [
        15923.956612723214,
        24474.168526785714
    ],
    "63": [
        2084.3849609375,
        9485.89375
    ],
    "64": [
        3267.3960876464844,
        8736.489990234375
    ],
    "65": [
        8056.850210336538,
        12403.372145432691
    ],
    "66": [
        7038.4294921875,
        10082.730859375
    ],
    "67": [
        4692.734700520833,
        8876.488321940104
    ],
    "68": [
        2343.7362467447915,
        1119.2093912760417
    ],
    "69": [
        9697.9912109375,
        14230.362915039063
    ],
    "70": [
        18352.05841619318,
        11636.45205965909
    ],
    "71": [
        6930.139794921875,
        14640.58095703125
    ],
    "72": [
        2419.605224609375,
        6216.1116943359375
    ],
    "73": [
        5930.217640269886,
        478.54379966042256
    ],
    "74": [
        296.6886173884074,
        2382.9453125
    ],
    "75": [
        454.31175401475696,
        484.5513916015625
    ],
    "76": [
        8219.42412109375,
        1912.7706298828125
    ],
    "77": [
        4072.2095112047696,
        20233.47532894737
    ],
    "78": [
        14037.938654119318,
        12162.902166193182
    ],
    "79": [
        810.1772024972098,
        1792.2409493582588
    ],
    "80": [
        6777.457845052083,
        1305.52099609375
    ],
    "81": [
        7765.713483537947,
        559.3704011099679
    ],
    "82": [
        1985.969265407986,
        159.38390731811523
    ],
    "83": [
        13594.907421875,
        9091.67294921875
    ],
    "84": [
        9416.1984375,
        5905.43623046875
    ],
    "85": [
        4250.983317057292,
        4390.427360026041
    ],
    "86": [
        24807.723493303572,
        5306.952985491072
    ],
    "87": [
        8772.4048828125,
        177.0126543045044
    ],
    "88": [
        9660.052290482954,
        2476.3833451704545
    ],
    "89": [
        2406.62363503196,
        4847.537553267045
    ],
    "90": [
        4934.758544921875,
        6438.302978515625
    ],
    "91": [
        3801.0782335069443,
        2563.968071831597
    ],
    "92": [
        1221.225360107422,
        12221.08037109375
    ],
    "93": [
        11727.08363560268,
        2652.6579938616073
    ],
    "94": [
        4848.240234375,
        601.9547445509169
    ],
    "95": [
        972.888069834028,
        19435.14871651786
    ],
    "96": [
        12297.504069010416,
        5486.346489800348
    ],
    "97": [
        617.1600934196921,
        5149.909610523897
    ],
    "98": [
        4923.540478515625,
        1437.1869140625
    ],
    "99": [
        8405.881652832031,
        8544.137084960938
    ]
}