{
    "0": [
        22386.093807444853,
        8206.735394646139
    ],
    "1": [
        1401.2355668756027,
        4816.8366606507125
    ],
    "2": [
        948.7016657324398,
        1075.2331530627082
    ],
    "3": [
        2293.062011241913,
        18530.363636363636
    ],
    "4": [
        11198.143601190477,
        5928.276332310268
    ],
    "5": [
        8813.4634734123,
        1632.8994251374274
    ],
    "6": [
        8475.330254916487,
        10584.25218042834
    ],
    "7": [
        7837.575475814495,
        16318.276387965425
    ],
    "8": [
        2175.6531589847723,
        8887.616404912244
    ],
    "9": [
        2055.798801422119,
        13070.901589133522
    ],
    "10": [
        3821.526457331731,
        1870.2156220656175
    ],
    "11": [
        12674.928877160904,
        1405.6607847822474
    ],
    "12": [
        5225.4933971058235,
        5765.1061456853695
    ],
    "13": [
        14590.226967416158,
        12654.479015815548
    ],
    "14": [
        11665.074912623355,
        21649.455746299343
    ],
    "15": [
        16653.99025390625,
        3157.023738822937
    ],
    "16": [
        3840.5015015778717,
        23774.43822337963
    ],
    "17": [
        22062.02857142857,
        1379.915824508667
    ],
    "18": [
        23346.992838541668,
        17945.789518229165
    ],
    "19": [
        6171.516276041667,
        1037.6952581008275
    ]
}