{
    "0": [
        16412.24169921875,
        18433.6728515625
    ],
    "1": [
        817.7203369140625,
        10330.3076171875
    ],
    "2": [
        1803.516357421875,
        594.0061902999878
    ],
    "3": [
        7397.7939453125,
        597.6200561523438
    ],
    "4": [
        500.54022216796875,
        3087.683837890625
    ],
    "5": [
        1792.216064453125,
        6555.36865234375
    ],
    "6": [
        6203.219482421875,
        6601.55078125
    ],
    "7": [
        20557.4921875,
        588.5550842285156
    ],
    "8": [
        24110.70703125,
        14828.900390625
    ],
    "9": [
        685.2003173828125,
        4075.994384765625
    ],
    "10": [
        26287.298828125,
        7940.111328125
    ],
    "11": [
        4165.73779296875,
        13361.0400390625
    ],
    "12": [
        2544.634806315104,
        2921.80908203125
    ],
    "13": [
        3305.10009765625,
        8415.943359375
    ],
    "14": [
        12024.9140625,
        13327.540364583334
    ],
    "15": [
        2139.123046875,
        9702.251953125
    ],
    "16": [
        11283.10009765625,
        5414.261474609375
    ],
    "17": [
        14245.923828125,
        1735.7408447265625
    ],
    "18": [
        4599.580078125,
        3406.619384765625
    ],
    "19": [
        8172.63232421875,
        17700.23046875
    ],
    "20": [
        9255.668334960938,
        1916.8211364746094
    ],
    "21": [
        18133.837890625,
        14457.04150390625
    ],
    "22": [
        8872.91455078125,
        6611.40771484375
    ],
    "23": [
        14483.6171875,
        23050.41796875
    ],
    "24": [
        19024.771484375,
        4745.389322916667
    ],
    "25": [
        5089.973876953125,
        1352.2179565429688
    ],
    "26": [
        13463.9970703125,
        8952.8349609375
    ],
    "27": [
        3595.792724609375,
        19747.072265625
    ],
    "28": [
        654.2181091308594,
        1181.2968139648438
    ],
    "29": [
        4762.31494140625,
        1936.7413330078125
    ],
    "30": [
        173.37676239013672,
        8419.37744140625
    ],
    "31": [
        277.5219807624817,
        2505.239013671875
    ],
    "32": [
        1742.735107421875,
        13244.35400390625
    ],
    "33": [
        3907.13037109375,
        14581.15234375
    ],
    "34": [
        23900.177734375,
        5316.384765625
    ],
    "35": [
        6150.4853515625,
        4339.09375
    ],
    "36": [
        4514.029296875,
        3381.302001953125
    ],
    "37": [
        532.4244232177734,
        6432.21826171875
    ],
    "38": [
        20065.38671875,
        8354.401529947916
    ],
    "39": [
        8330.58984375,
        5734.63134765625
    ],
    "40": [
        12797.091796875,
        2611.230224609375
    ],
    "41": [
        10715.18359375,
        19232.439453125
    ],
    "42": [
        10162.8359375,
        7931.34130859375
    ],
    "43": [
        11.58634090423584,
        9360.4755859375
    ],
    "44": [
        3848.259765625,
        728.0377197265625
    ],
    "45": [
        718.0714721679688,
        13884.375
    ],
    "46": [
        5018.97900390625,
        19402.96484375
    ],
    "47": [
        1132.8438186645508,
        25273.681640625
    ],
    "48": [
        16306.6884765625,
        24584.705078125
    ],
    "49": [
        3927.88916015625,
        13194.970703125
    ],
    "50": [
        12322.150390625,
        389.3857930501302
    ],
    "51": [
        714.0751342773438,
        8597.37109375
    ],
    "52": [
        9060.958984375,
        9357.83203125
    ],
    "53": [
        3398.240966796875,
        9150.28125
    ],
    "54": [
        4934.203369140625,
        579.503288269043
    ],
    "55": [
        16857.751302083332,
        839.9219258626302
    ],
    "56": [
        1505.1519165039063,
        1994.554931640625
    ],
    "57": [
        3385.569091796875,
        4780.769368489583
    ],
    "58": [
        3438.189697265625,
        21996.0
    ],
    "59": [
        6286.91845703125,
        9407.0908203125
    ]
}