{
    "0": [
        18964.740234375,
        732.5615234375
    ],
    "1": [
        173.37676239013672,
        8419.37744140625
    ],
    "2": [
        7397.7939453125,
        597.6200561523438
    ],
    "3": [
        3927.88916015625,
        13194.970703125
    ],
    "4": [
        3065.6197509765625,
        5040.3974609375
    ],
    "5": [
        2155.4602661132813,
        2845.9676513671875
    ],
    "6": [
        12399.5263671875,
        12489.54833984375
    ],
    "7": [
        362.8307375907898,
        8978.92333984375
    ],
    "8": [
        4307.3858642578125,
        19575.0185546875
    ],
    "9": [
        1505.1519165039063,
        1994.554931640625
    ],
    "10": [
        2234.299560546875,
        1178.6820068359375
    ],
    "11": [
        656.0218505859375,
        3740.4990234375
    ],
    "12": [
        1167.9857788085938,
        530.5122938156128
    ],
    "13": [
        14483.6171875,
        23050.41796875
    ],
    "14": [
        1885.5504150390625,
        13679.0126953125
    ],
    "15": [
        5751.06787109375,
        9299.623046875
    ],
    "16": [
        13463.9970703125,
        8952.8349609375
    ],
    "17": [
        2228.3857421875,
        9568.4150390625
    ],
    "18": [
        17181.12890625,
        1688.544189453125
    ],
    "19": [
        1599.9197998046875,
        12809.6953125
    ],
    "20": [
        20050.4296875,
        3642.69189453125
    ],
    "21": [
        4165.73779296875,
        13361.0400390625
    ],
    "22": [
        718.0714721679688,
        13884.375
    ],
    "23": [
        8330.58984375,
        5734.63134765625
    ],
    "24": [
        6150.4853515625,
        4339.09375
    ],
    "25": [
        13003.720703125,
        247.64288330078125
    ],
    "26": [
        18375.236328125,
        5547.708984375
    ],
    "27": [
        18648.6484375,
        5045.76708984375
    ],
    "28": [
        500.54022216796875,
        3087.683837890625
    ],
    "29": [
        8172.63232421875,
        17700.23046875
    ],
    "30": [
        4556.8046875,
        3393.960693359375
    ],
    "31": [
        16829.669921875,
        534.53515625
    ],
    "32": [
        4974.82275390625,
        156.35214233398438
    ],
    "33": [
        22182.31640625,
        9138.525390625
    ],
    "34": [
        24110.70703125,
        14828.900390625
    ],
    "35": [
        18862.51953125,
        7095.57470703125
    ],
    "36": [
        9926.8955078125,
        2645.872802734375
    ],
    "37": [
        3322.98388671875,
        3073.491943359375
    ],
    "38": [
        16306.6884765625,
        24584.705078125
    ],
    "39": [
        12290.755859375,
        5418.97607421875
    ],
    "40": [
        2049.8603515625,
        9836.0888671875
    ],
    "41": [
        6822.4072265625,
        5857.330078125
    ],
    "42": [
        18616.134765625,
        13414.2275390625
    ],
    "43": [
        26287.298828125,
        7940.111328125
    ],
    "44": [
        5046.47119140625,
        639.62158203125
    ],
    "45": [
        817.7203369140625,
        10330.3076171875
    ],
    "46": [
        345.19781494140625,
        1310.8994140625
    ],
    "47": [
        16562.455078125,
        296.6864318847656
    ],
    "48": [
        4025.4677734375,
        4261.51318359375
    ],
    "49": [
        201.94454956054688,
        6803.20068359375
    ],
    "50": [
        4762.31494140625,
        1936.7413330078125
    ],
    "51": [
        277.5219807624817,
        2505.239013671875
    ],
    "52": [
        9060.958984375,
        9357.83203125
    ],
    "53": [
        6822.76904296875,
        9514.55859375
    ],
    "54": [
        10275.4443359375,
        5409.546875
    ],
    "55": [
        9185.66796875,
        6662.00341796875
    ],
    "56": [
        23900.177734375,
        5316.384765625
    ],
    "57": [
        19151.32421875,
        8829.1044921875
    ],
    "58": [
        1132.8438186645508,
        25273.681640625
    ],
    "59": [
        11981.365234375,
        460.2572479248047
    ],
    "60": [
        10162.8359375,
        7931.34130859375
    ],
    "61": [
        12797.091796875,
        2611.230224609375
    ],
    "62": [
        14245.923828125,
        1735.7408447265625
    ],
    "63": [
        3438.189697265625,
        21996.0
    ],
    "64": [
        5089.973876953125,
        1352.2179565429688
    ],
    "65": [
        3351.6705322265625,
        8783.1123046875
    ],
    "66": [
        22150.244140625,
        444.54864501953125
    ],
    "67": [
        3907.13037109375,
        14581.15234375
    ],
    "68": [
        8560.1611328125,
        6560.81201171875
    ],
    "69": [
        4258.654052734375,
        805.227783203125
    ],
    "70": [
        16648.0859375,
        19998.70703125
    ],
    "71": [
        10169.884765625,
        1895.2313232421875
    ],
    "72": [
        1792.216064453125,
        6555.36865234375
    ],
    "73": [
        794.255859375,
        3742.838134765625
    ],
    "74": [
        16913.96923828125,
        16184.2470703125
    ],
    "75": [
        605.3232421875,
        4744.64599609375
    ],
    "76": [
        10995.4365234375,
        17117.98193359375
    ],
    "77": [
        5584.03173828125,
        7345.771484375
    ],
    "78": [
        8462.946533203125,
        1563.0902099609375
    ],
    "79": [
        862.904296875,
        6061.23583984375
    ]
}