{
    "0": [
        17384.49853515625,
        813.0818252563477
    ],
    "1": [
        16176.3974609375,
        16868.638671875
    ],
    "2": [
        605.3232421875,
        4744.64599609375
    ],
    "3": [
        414.65333890914917,
        9845.3916015625
    ],
    "4": [
        5667.5498046875,
        8322.697265625
    ],
    "5": [
        1856.0013427734375,
        2829.87158203125
    ],
    "6": [
        22182.31640625,
        9138.525390625
    ],
    "7": [
        16648.0859375,
        19998.70703125
    ],
    "8": [
        12401.7392578125,
        328.6387634277344
    ],
    "9": [
        3322.98388671875,
        3073.491943359375
    ],
    "10": [
        277.5219807624817,
        2505.239013671875
    ],
    "11": [
        1132.8438186645508,
        25273.681640625
    ],
    "12": [
        4000.25244140625,
        13712.3876953125
    ],
    "13": [
        3814.1214599609375,
        4879.05615234375
    ],
    "14": [
        3351.6705322265625,
        8783.1123046875
    ],
    "15": [
        11283.10009765625,
        5414.261474609375
    ],
    "16": [
        3595.792724609375,
        19747.072265625
    ],
    "17": [
        13762.979817708334,
        2027.5706380208333
    ],
    "18": [
        2528.46435546875,
        4584.19580078125
    ],
    "19": [
        9547.02880859375,
        1615.8330078125
    ],
    "20": [
        893.7231241861979,
        790.6413338979086
    ],
    "21": [
        10162.8359375,
        7931.34130859375
    ],
    "22": [
        11275.689453125,
        15003.5244140625
    ],
    "23": [
        13003.720703125,
        247.64288330078125
    ],
    "24": [
        13463.9970703125,
        8952.8349609375
    ],
    "25": [
        15395.15283203125,
        23817.5615234375
    ],
    "26": [
        4556.8046875,
        3393.960693359375
    ],
    "27": [
        3438.189697265625,
        21996.0
    ],
    "28": [
        5018.97900390625,
        19402.96484375
    ],
    "29": [
        2454.919189453125,
        2862.063720703125
    ],
    "30": [
        4835.596923828125,
        1734.4149780273438
    ],
    "31": [
        24110.70703125,
        14828.900390625
    ],
    "32": [
        2234.299560546875,
        1178.6820068359375
    ],
    "33": [
        21100.3369140625,
        2043.6202697753906
    ],
    "34": [
        12399.5263671875,
        12489.54833984375
    ],
    "35": [
        201.94454956054688,
        6803.20068359375
    ],
    "36": [
        11560.9912109375,
        591.875732421875
    ],
    "37": [
        18133.837890625,
        14457.04150390625
    ],
    "38": [
        7941.864013671875,
        9436.1953125
    ],
    "39": [
        9443.907958984375,
        18466.3349609375
    ],
    "40": [
        4669.04833984375,
        882.4178466796875
    ],
    "41": [
        1327.5601806640625,
        6308.30224609375
    ],
    "42": [
        19151.32421875,
        8829.1044921875
    ],
    "43": [
        6486.4462890625,
        5098.2119140625
    ],
    "44": [
        1505.1519165039063,
        1994.554931640625
    ],
    "45": [
        650.2726440429688,
        3523.6736653645835
    ],
    "46": [
        18375.236328125,
        5547.708984375
    ],
    "47": [
        9926.8955078125,
        2645.872802734375
    ],
    "48": [
        353.60955301920575,
        8478.708658854166
    ],
    "49": [
        3848.259765625,
        728.0377197265625
    ],
    "50": [
        7699.757080078125,
        1193.6828918457031
    ],
    "51": [
        1401.1805623372395,
        13457.6943359375
    ],
    "52": [
        5022.58837890625,
        478.5317687988281
    ],
    "53": [
        18862.51953125,
        7095.57470703125
    ],
    "54": [
        8692.1396484375,
        6319.14892578125
    ],
    "55": [
        18648.6484375,
        5045.76708984375
    ],
    "56": [
        5271.06884765625,
        1172.3472900390625
    ],
    "57": [
        23900.177734375,
        5316.384765625
    ],
    "58": [
        26287.298828125,
        7940.111328125
    ],
    "59": [
        2139.123046875,
        9702.251953125
    ]
}