{
    "0": [
        6758.034776475694,
        23927.01193576389
    ],
    "1": [
        5843.02197265625,
        6390.328909737723
    ],
    "2": [
        6401.993570963542,
        9704.935953776041
    ],
    "3": [
        24335.262137276786,
        1086.0194887433734
    ],
    "4": [
        15760.2099609375,
        6807.7740478515625
    ],
    "5": [
        324.77604574627344,
        2323.4996676974824
    ],
    "6": [
        25120.271875,
        18551.79755859375
    ],
    "7": [
        7657.322581571691,
        17248.209214154413
    ],
    "8": [
        7537.545758928572,
        12091.11265345982
    ],
    "9": [
        16308.196244673296,
        1065.6131403662941
    ],
    "10": [
        1325.200698852539,
        1659.228988647461
    ],
    "11": [
        10739.139709472656,
        5881.4583740234375
    ],
    "12": [
        3297.8821437669835,
        8481.616295855978
    ],
    "13": [
        11803.316528320313,
        836.3370399475098
    ],
    "14": [
        15944.3896484375,
        17023.987994025734
    ],
    "15": [
        5111.4553786057695,
        1332.487537090595
    ],
    "16": [
        19867.533088235294,
        818.0054362801944
    ],
    "17": [
        7051.988557942708,
        713.6004631678263
    ],
    "18": [
        10551.662217881945,
        19824.66796875
    ],
    "19": [
        24659.051147460938,
        6880.878356933594
    ],
    "20": [
        4765.682489809783,
        4117.686141304348
    ],
    "21": [
        10696.66552734375,
        205.7190625667572
    ],
    "22": [
        7303.877352627841,
        14489.528142755682
    ],
    "23": [
        4177.208725873162,
        14640.388327205883
    ],
    "24": [
        19610.655736019737,
        6362.005615234375
    ],
    "25": [
        15923.956612723214,
        24474.168526785714
    ],
    "26": [
        1048.8778089523316,
        9896.1586328125
    ],
    "27": [
        1045.3267612457275,
        13455.352132161459
    ],
    "28": [
        3531.1389431423613,
        10853.035373263889
    ],
    "29": [
        6297.774547230114,
        2789.1356090198865
    ],
    "30": [
        2620.447431291853,
        4755.740129743303
    ],
    "31": [
        10377.800321691177,
        11903.760512408087
    ],
    "32": [
        12936.85205078125,
        5291.785888671875
    ],
    "33": [
        1400.9593725585937,
        3597.519501953125
    ],
    "34": [
        553.4259577212126,
        5344.461531929348
    ],
    "35": [
        11727.08363560268,
        2652.6579938616073
    ],
    "36": [
        22569.770616319445,
        11199.710069444445
    ],
    "37": [
        16926.62674386161,
        3668.1767054966517
    ],
    "38": [
        17661.49267578125,
        12014.722265625
    ],
    "39": [
        1348.1461396393952,
        7245.6532298900465
    ],
    "40": [
        3919.508682914402,
        19643.853515625
    ],
    "41": [
        3474.7583740234377,
        6021.584545898438
    ],
    "42": [
        4078.6282958984375,
        766.954195022583
    ],
    "43": [
        13042.68388671875,
        691.4932647705078
    ],
    "44": [
        920.5383928547735,
        18331.62198539402
    ],
    "45": [
        10705.793795072115,
        14962.60028545673
    ],
    "46": [
        9093.788671875,
        2282.187048339844
    ],
    "47": [
        7818.461780894886,
        19939.149325284092
    ],
    "48": [
        13560.340152138158,
        10837.825246710527
    ],
    "49": [
        2291.013951982771,
        24789.154157366072
    ],
    "50": [
        9528.26743861607,
        9194.661446707589
    ],
    "51": [
        8427.78598022461,
        4359.536605834961
    ],
    "52": [
        14267.713588169643,
        2268.2049386160716
    ],
    "53": [
        2334.8496942934785,
        534.0728174292523
    ],
    "54": [
        8408.64208984375,
        7535.738134765625
    ],
    "55": [
        298.16798054088247,
        408.73228107799184
    ],
    "56": [
        3214.0337495349704,
        2910.939162481399
    ],
    "57": [
        889.9252583821615,
        764.8144331614177
    ],
    "58": [
        8824.789481026786,
        577.8210991450718
    ],
    "59": [
        10433.82137784091,
        22610.645419034092
    ]
}