{
    "0": [
        15347.64152129709,
        888.1025253866361
    ],
    "1": [
        6657.074544270833,
        26421.656575520832
    ],
    "2": [
        22019.604248046875,
        7712.620215782752
    ],
    "3": [
        11147.383479420732,
        3522.1202104770073
    ],
    "4": [
        25015.021897007042,
        16167.375907790492
    ],
    "5": [
        4332.6776447060665,
        2433.8665281696085
    ],
    "6": [
        7570.104876175667,
        21523.102965716018
    ],
    "7": [
        984.3159908463199,
        14317.097946473394
    ],
    "8": [
        17183.657510080644,
        13423.220199092742
    ],
    "9": [
        8631.276784977443,
        2770.872157137159
    ],
    "10": [
        12719.494004360466,
        27245.72315588663
    ],
    "11": [
        14070.986018613388,
        3449.2452339214055
    ],
    "12": [
        19081.43384514233,
        9852.945684754022
    ],
    "13": [
        20255.59619140625,
        25923.58477783203
    ],
    "14": [
        6548.623940268716,
        15318.158331902472
    ],
    "15": [
        22727.297868399786,
        4492.270796150997
    ],
    "16": [
        12733.040260693706,
        15637.451968362146
    ],
    "17": [
        1545.4828266403892,
        26325.04387428977
    ],
    "18": [
        12609.44484230324,
        9215.753879123264
    ],
    "19": [
        3841.8220617549937,
        23500.993415753866
    ],
    "20": [
        615.8756918003482,
        555.0605918079294
    ],
    "21": [
        9041.20633877841,
        797.7644377723607
    ],
    "22": [
        21622.64406061747,
        12154.07505412274
    ],
    "23": [
        9268.21237232646,
        5337.062685106622
    ],
    "24": [
        992.5327567611649,
        12012.93385830372
    ],
    "25": [
        19554.662929389313,
        3738.6835676586356
    ],
    "26": [
        17727.49037450953,
        1030.6330899614925
    ],
    "27": [
        2208.778225789028,
        700.3221145988302
    ],
    "28": [
        3031.0625771388945,
        6600.864539329703
    ],
    "29": [
        3532.8659786798257,
        13983.42484789823
    ],
    "30": [
        4624.673413801659,
        4677.134590670807
    ],
    "31": [
        16185.65030445772,
        17429.009478400734
    ],
    "32": [
        6952.115053530092,
        5085.819253552598
    ],
    "33": [
        2456.667162426098,
        2419.5505559148014
    ],
    "34": [
        23228.076921875,
        1215.5792252578735
    ],
    "35": [
        7669.4125448690875,
        7717.295023050394
    ],
    "36": [
        3791.582486208435,
        566.5254928947824
    ],
    "37": [
        3160.285473122414,
        8964.149259241616
    ],
    "38": [
        10312.888479250287,
        8145.289248405246
    ],
    "39": [
        12147.964017427885,
        19415.24852263622
    ],
    "40": [
        13979.378095206568,
        12170.016742253707
    ],
    "41": [
        12963.84880354021,
        989.4405612378687
    ],
    "42": [
        17955.833307371548,
        6721.44085805694
    ],
    "43": [
        726.5155760756135,
        5865.2773156738285
    ],
    "44": [
        12205.131485755997,
        5778.665270872791
    ],
    "45": [
        3462.9215399050245,
        11262.05890490962
    ],
    "46": [
        5979.9316055689105,
        12563.97530048077
    ],
    "47": [
        20150.747425426136,
        20782.872188683712
    ],
    "48": [
        1000.1800491126808,
        19104.11215160473
    ],
    "49": [
        16718.73342468918,
        3505.7063368930612
    ],
    "50": [
        715.1085423428916,
        3807.4860713941634
    ],
    "51": [
        6269.244182942708,
        2807.9135754394533
    ],
    "52": [
        1119.1652623042464,
        16585.49001566569
    ],
    "53": [
        919.6825127168296,
        9902.250880934718
    ],
    "54": [
        10824.543511284723,
        11787.862721582602
    ],
    "55": [
        26163.88753043831,
        6545.925470525568
    ],
    "56": [
        5725.890655359456,
        9631.03057703206
    ],
    "57": [
        8131.649625651042,
        10774.457297092014
    ],
    "58": [
        3614.496392463235,
        17043.835931755515
    ],
    "59": [
        25600.770770733172,
        11089.34893329327
    ],
    "60": [
        26290.41632080078,
        23017.002807617188
    ],
    "61": [
        5317.091258704144,
        7006.519291355299
    ],
    "62": [
        10853.30441942402,
        23020.63489966299
    ],
    "63": [
        6065.145031738281,
        18373.38282877604
    ],
    "64": [
        26638.40712890625,
        1593.6205045700074
    ],
    "65": [
        20344.127326333597,
        988.5104726742787
    ],
    "66": [
        1097.738136305019,
        22559.56515715843
    ],
    "67": [
        2528.0197440803827,
        4437.270677442674
    ],
    "68": [
        15889.87640224359,
        9883.24220836672
    ],
    "69": [
        15705.007586050724,
        22736.285694067028
    ],
    "70": [
        667.1891002401936,
        2035.6973294404995
    ],
    "71": [
        14867.43592728016,
        6489.307503633721
    ],
    "72": [
        898.2699063251545,
        7837.49069729099
    ],
    "73": [
        9408.127499754324,
        14295.121548250787
    ],
    "74": [
        10873.720461856617,
        954.1377708659453
    ],
    "75": [
        9133.078469016335,
        18019.101333155777
    ],
    "76": [
        5471.021937882511,
        751.6136091653954
    ],
    "77": [
        7168.921262112853,
        833.726781230652
    ],
    "78": [
        20194.46350599315,
        16001.049510380994
    ],
    "79": [
        3620.5561093189676,
        20173.67702996926
    ]
}