{
    "0": [
        8954.778731183307,
        15265.483332936357
    ],
    "1": [
        24679.50433550824,
        14431.586656507556
    ],
    "2": [
        8942.816321252894,
        8034.9372594762735
    ],
    "3": [
        10933.096227047217,
        4780.890788057424
    ],
    "4": [
        1106.4374682335144,
        2726.9105276554187
    ],
    "5": [
        8666.098096360005,
        11649.63739314742
    ],
    "6": [
        6454.123638446515,
        945.2548080040858
    ],
    "7": [
        1560.7845108598735,
        17945.886226147675
    ],
    "8": [
        23191.447063577587,
        21839.041924838362
    ],
    "9": [
        4639.2218667054785,
        9772.589468149039
    ],
    "10": [
        24220.879693556202,
        6870.0607474866765
    ],
    "11": [
        4662.441570081209,
        13891.988157038104
    ],
    "12": [
        13606.119352409638,
        14493.4558782003
    ],
    "13": [
        13304.36894347858,
        9534.68778884243
    ],
    "14": [
        2137.363431561972,
        21610.581559480677
    ],
    "15": [
        706.5845181882568,
        5084.256840500876
    ],
    "16": [
        5399.525270652116,
        6516.795564526955
    ],
    "17": [
        20494.975449036214,
        1506.6124556454542
    ],
    "18": [
        16463.0701171875,
        1568.5928970521495
    ],
    "19": [
        18511.250311489763,
        17176.57290544181
    ],
    "20": [
        1500.6257680353322,
        11852.572286476869
    ],
    "21": [
        2147.7175248361405,
        26096.159841229837
    ],
    "22": [
        7667.895557117773,
        4072.351311202158
    ],
    "23": [
        14618.158534537613,
        5338.239476544824
    ],
    "24": [
        3489.45366688498,
        885.1183810388733
    ],
    "25": [
        9483.480429909447,
        1246.6544657593424
    ],
    "26": [
        1185.205473952553,
        9374.837010390094
    ],
    "27": [
        15398.362187924593,
        23367.279424252716
    ],
    "28": [
        25178.38900756836,
        1736.7064764685929
    ],
    "29": [
        1163.8778500049011,
        14626.702258831521
    ],
    "30": [
        3032.3983530513574,
        4767.692499679815
    ],
    "31": [
        6377.379193149717,
        18891.188912429378
    ],
    "32": [
        12845.23752589779,
        1357.2118300074371
    ],
    "33": [
        1658.3093115397078,
        7315.998960115724
    ],
    "34": [
        11045.811407574152,
        19718.316025556145
    ],
    "35": [
        18706.791835455246,
        11135.403284143518
    ],
    "36": [
        933.0828533375562,
        742.4279501891051
    ],
    "37": [
        18810.588704427082,
        6231.826919555664
    ],
    "38": [
        4759.697588290387,
        3014.674860725626
    ],
    "39": [
        8012.873868815104,
        24455.68165690104
    ]
}