{
    "0": [
        2044.5174614008326,
        457.48875825944606
    ],
    "1": [
        17324.896066913167,
        1104.5602754563777
    ],
    "2": [
        8853.781140026746,
        6984.581072283221
    ],
    "3": [
        4899.024882923473,
        11549.545765269886
    ],
    "4": [
        2571.3829469842426,
        7634.517185017214
    ],
    "5": [
        2441.8466563831676,
        24132.972372159093
    ],
    "6": [
        540.9219614221145,
        6254.427223382994
    ],
    "7": [
        11055.526033727134,
        8597.383628286967
    ],
    "8": [
        18352.437395833334,
        14117.981861979166
    ],
    "9": [
        2515.8025520621954,
        20337.205864448053
    ],
    "10": [
        4446.2002551960495,
        9079.873203493515
    ],
    "11": [
        484.99179097855534,
        3597.1859465422453
    ],
    "12": [
        12333.659955929486,
        26473.06415264423
    ],
    "13": [
        2823.084720970219,
        1589.7817205445378
    ],
    "14": [
        19990.452392578125,
        4168.997375488281
    ],
    "15": [
        6955.315146625906,
        15316.58060178895
    ],
    "16": [
        1926.9132270812988,
        3058.7096614837646
    ],
    "17": [
        4467.911227416992,
        1741.1015167236328
    ],
    "18": [
        954.1875092583102,
        10899.68151087194
    ],
    "19": [
        4897.609340122768,
        4620.26502212213
    ],
    "20": [
        16429.614497346698,
        3680.373551278744
    ],
    "21": [
        6829.277900163517,
        3959.732790924782
    ],
    "22": [
        3067.849365234375,
        428.9718611071429
    ],
    "23": [
        2877.717788538982,
        14923.742378785439
    ],
    "24": [
        6782.269843969452,
        10095.558286516854
    ],
    "25": [
        26164.841922883064,
        5646.989080613659
    ],
    "26": [
        4405.147741168478,
        6689.129971976902
    ],
    "27": [
        7262.9045569378395,
        12635.192053753397
    ],
    "28": [
        6571.305473513719,
        25555.160394435974
    ],
    "29": [
        713.7803474047354,
        14496.196890694755
    ],
    "30": [
        1132.5588620412263,
        588.3470580080431
    ],
    "31": [
        931.4840318313753,
        16700.772687815657
    ],
    "32": [
        10220.739084551411,
        2355.159957393523
    ],
    "33": [
        22693.444842761077,
        6949.077432753164
    ],
    "34": [
        26147.20166015625,
        1253.1496104374528
    ],
    "35": [
        8080.930755208334,
        5293.676842447917
    ],
    "36": [
        2735.6175991626496,
        12362.107453041888
    ],
    "37": [
        9401.449462890625,
        4074.5721687437995
    ],
    "38": [
        2605.8269801089637,
        9206.16974712171
    ],
    "39": [
        21671.775078125,
        17720.48275390625
    ],
    "40": [
        6240.984375,
        6034.551639041385
    ],
    "41": [
        21613.969292534723,
        11296.84812644676
    ],
    "42": [
        299.30404738823574,
        362.66466201782225
    ],
    "43": [
        9067.224418976022,
        611.5046669927033
    ],
    "44": [
        1940.230933034522,
        4457.697518112313
    ],
    "45": [
        14106.429021661932,
        13452.916873816288
    ],
    "46": [
        8733.772088434278,
        8865.769576554447
    ],
    "47": [
        7565.02112146326,
        20257.857131545607
    ],
    "48": [
        5844.688761160714,
        585.6158455167498
    ],
    "49": [
        1517.7163753509521,
        1770.5119228363037
    ],
    "50": [
        18990.25214367378,
        9339.407351610138
    ],
    "51": [
        761.5354339329165,
        7712.647231372434
    ],
    "52": [
        765.9398321597303,
        12671.883901127048
    ],
    "53": [
        18247.671215160473,
        6352.69395982897
    ],
    "54": [
        4291.55227266688,
        485.0232032878058
    ],
    "55": [
        13943.1466085143,
        5417.569931806144
    ],
    "56": [
        875.2200940572299,
        22139.811924078527
    ],
    "57": [
        2842.3758066538217,
        17772.504830025337
    ],
    "58": [
        25868.259915865383,
        18484.33672626202
    ],
    "59": [
        4628.160551264045,
        13865.987129125702
    ],
    "60": [
        3344.7679641593218,
        4927.970206497062
    ],
    "61": [
        25299.833600725447,
        13517.201293945313
    ],
    "62": [
        11919.450121330492,
        15614.310532078598
    ],
    "63": [
        11918.285948057432,
        11596.014503272803
    ],
    "64": [
        487.0002246042093,
        2379.7142122395835
    ],
    "65": [
        17786.230726709906,
        19206.7578125
    ],
    "66": [
        8323.04129732572,
        2332.6207763671873
    ],
    "67": [
        5441.851286003389,
        17869.104327466113
    ],
    "68": [
        9475.879638671875,
        11463.455766157671
    ],
    "69": [
        11245.100421875,
        5590.242228515625
    ],
    "70": [
        14874.35137404057,
        17102.025304961622
    ],
    "71": [
        8458.057457557092,
        23322.195087139422
    ],
    "72": [
        597.9522158223756,
        4957.604847603104
    ],
    "73": [
        12982.914561878551,
        904.0000809268518
    ],
    "74": [
        12540.747710356842,
        3130.1311777475717
    ],
    "75": [
        652.6513577684378,
        18906.180814302883
    ],
    "76": [
        8637.772150917659,
        17570.134610615078
    ],
    "77": [
        3107.8917941623263,
        10529.008170572917
    ],
    "78": [
        782.4033644623952,
        9126.194121896404
    ],
    "79": [
        10922.246114237325,
        733.2252233711989
    ],
    "80": [
        15958.73086762764,
        11131.98760728433
    ],
    "81": [
        816.5465886098034,
        26073.83660082547
    ],
    "82": [
        6049.128489925987,
        8038.627847450658
    ],
    "83": [
        6410.133553488213,
        2215.2438258120887
    ],
    "84": [
        415.99675682529073,
        1351.3871414935002
    ],
    "85": [
        4718.813623046875,
        21731.233353365384
    ],
    "86": [
        9648.431128231095,
        14498.055398823302
    ],
    "87": [
        13383.418567288307,
        8827.664703040995
    ],
    "88": [
        3428.817258834839,
        3173.484609603882
    ],
    "89": [
        15076.602147267964,
        1309.4699845599557
    ],
    "90": [
        22635.221044921876,
        1452.611407874028
    ],
    "91": [
        7387.989779085727,
        698.7012385226585
    ],
    "92": [
        19584.195610119048,
        943.5548590478443
    ],
    "93": [
        11179.362070862677,
        19950.108852332745
    ],
    "94": [
        21881.5724609375,
        24087.834326171876
    ],
    "95": [
        5076.345784505208,
        3029.2733047217653
    ],
    "96": [
        3693.3448171307964,
        27943.391381048386
    ],
    "97": [
        15982.704899485518,
        7386.262093892911
    ],
    "98": [
        2370.4915186777835,
        6156.20794216124
    ],
    "99": [
        15007.250799005682,
        22471.360973011364
    ]
}