{
    "0": [
        5982.153636605399,
        10144.66595589774
    ],
    "1": [
        1636.0001648110708,
        11847.39466305222
    ],
    "2": [
        18862.241571682604,
        22570.429439715484
    ],
    "3": [
        5875.010536199579,
        5436.560502485795
    ],
    "4": [
        14301.2256530091,
        14166.205909812843
    ],
    "5": [
        22575.708587034384,
        15502.634471816798
    ],
    "6": [
        18140.192130667263,
        2176.74238037089
    ],
    "7": [
        10316.648159541035,
        22145.3748295185
    ],
    "8": [
        1590.2053777489004,
        6528.243163846159
    ],
    "9": [
        8675.742955081514,
        1812.754607701867
    ],
    "10": [
        7662.094191094407,
        15266.033547794117
    ],
    "11": [
        13235.457191932624,
        2106.5553119478495
    ],
    "12": [
        2691.4504595343496,
        23600.246641175178
    ],
    "13": [
        23095.653300014434,
        8176.344700626082
    ],
    "14": [
        4438.182904480184,
        1515.6642806633363
    ],
    "15": [
        10816.502613348024,
        7781.885525173611
    ],
    "16": [
        1162.6544757653544,
        1798.3441023503447
    ],
    "17": [
        23929.06349871837,
        2133.2674496203244
    ],
    "18": [
        2073.5555908103274,
        17456.35056006277
    ],
    "19": [
        16489.941803732527,
        7712.24125665434
    ]
}