{
    "0": [
        176.5271324157715,
        236.22048797607422
    ],
    "1": [
        15944.3896484375,
        17023.987994025734
    ],
    "2": [
        5968.093200683594,
        16590.48681640625
    ],
    "3": [
        15923.956612723214,
        24474.168526785714
    ],
    "4": [
        3621.293310546875,
        5941.401009114584
    ],
    "5": [
        24983.811257102272,
        18171.080788352272
    ],
    "6": [
        409.91220207214354,
        3637.38828125
    ],
    "7": [
        358.944149017334,
        6298.725646972656
    ],
    "8": [
        4554.759507921007,
        4467.287584092882
    ],
    "9": [
        7407.438415527344,
        24137.141357421875
    ],
    "10": [
        17040.54679987981,
        3622.6754619891826
    ],
    "11": [
        12746.16650390625,
        252.29638163248697
    ],
    "12": [
        11563.767700195313,
        6027.8974609375
    ],
    "13": [
        332.24235916137695,
        1258.2469299316406
    ],
    "14": [
        5159.110276442308,
        2754.892540564904
    ],
    "15": [
        1681.573579676011,
        3644.732493681066
    ],
    "16": [
        786.1544672012329,
        19805.72890625
    ],
    "17": [
        25070.430575284092,
        1345.4546869451349
    ],
    "18": [
        8178.49453125,
        19127.27294921875
    ],
    "19": [
        721.7536961482122,
        8162.1281174879805
    ],
    "20": [
        13813.411743164063,
        2090.0167541503906
    ],
    "21": [
        2539.5868483323316,
        4753.026630108173
    ],
    "22": [
        4075.43212890625,
        13945.408203125
    ],
    "23": [
        3619.8703391335225,
        2487.4540571732955
    ],
    "24": [
        4461.074069552951,
        9165.658393012152
    ],
    "25": [
        7232.704462466033,
        12266.085215692934
    ],
    "26": [
        503.6132311820984,
        10076.841796875
    ],
    "27": [
        2084.3849609375,
        9485.89375
    ],
    "28": [
        3112.3052978515625,
        879.1021995544434
    ],
    "29": [
        3944.7836181640623,
        22107.8052734375
    ],
    "30": [
        12172.25439453125,
        2843.5602213541665
    ],
    "31": [
        9081.960266113281,
        3409.696090698242
    ],
    "32": [
        1927.6152648925781,
        6680.274932861328
    ],
    "33": [
        1281.8883590698242,
        481.4127814769745
    ],
    "34": [
        19140.726725260418,
        11905.782307942709
    ],
    "35": [
        11671.209542410714,
        1796.7829066685267
    ],
    "36": [
        20083.668118990383,
        5703.23379281851
    ],
    "37": [
        8650.68810453869,
        8779.384068080357
    ],
    "38": [
        14672.365931919643,
        4133.465471540178
    ],
    "39": [
        2901.850652521307,
        3267.337158203125
    ],
    "40": [
        17089.2857421875,
        777.4180654525757
    ],
    "41": [
        19425.13506610577,
        841.1639798971323
    ],
    "42": [
        5775.5828043619795,
        6652.4231363932295
    ],
    "43": [
        2266.5729631696427,
        1117.0497000558037
    ],
    "44": [
        17765.160866477272,
        7709.406649502841
    ],
    "45": [
        13221.84765625,
        915.4366073608398
    ],
    "46": [
        9216.414184570313,
        1609.9657745361328
    ],
    "47": [
        13594.907421875,
        9091.67294921875
    ],
    "48": [
        4674.91845703125,
        1276.5997401646205
    ],
    "49": [
        3719.2681803385417,
        19376.299348958335
    ],
    "50": [
        8226.593807444853,
        337.7430404214298
    ],
    "51": [
        1090.842514038086,
        13706.478407118055
    ],
    "52": [
        11244.481689453125,
        3704.4707641601563
    ],
    "53": [
        1178.953362358941,
        11732.229600694445
    ],
    "54": [
        3748.1995849609375,
        437.92715682983396
    ],
    "55": [
        9935.45445421007,
        15202.236273871527
    ],
    "56": [
        7222.708798363095,
        1331.529750279018
    ],
    "57": [
        1230.8427810668945,
        17135.13671875
    ],
    "58": [
        388.33917117118835,
        2277.0847676595054
    ],
    "59": [
        1208.6166616586538,
        1513.4153864933894
    ],
    "60": [
        2043.1254638671876,
        171.01760215759276
    ],
    "61": [
        2104.429400357333,
        25327.12127130682
    ],
    "62": [
        13429.340148925781,
        12212.9560546875
    ],
    "63": [
        3004.6424357096353,
        11102.630289713541
    ],
    "64": [
        9873.279188368055,
        11434.386447482639
    ],
    "65": [
        11298.884765625,
        531.6931800842285
    ],
    "66": [
        5554.713829627404,
        604.6575742868276
    ],
    "67": [
        6728.275948660715,
        4418.470511300223
    ],
    "68": [
        484.4504674275716,
        502.20299530029297
    ],
    "69": [
        12901.192578125,
        5349.3716796875
    ],
    "70": [
        6542.142020089285,
        366.7205083029611
    ],
    "71": [
        9685.680989583334,
        76.51715278625488
    ],
    "72": [
        10661.04727711397,
        21553.66440716912
    ],
    "73": [
        22030.718505859375,
        948.6669960021973
    ],
    "74": [
        2719.766422526042,
        7986.017805989583
    ],
    "75": [
        1577.1503173828125,
        2491.25810546875
    ],
    "76": [
        639.3533935546875,
        5113.002593994141
    ],
    "77": [
        24351.060752467107,
        7685.9685701069075
    ],
    "78": [
        9416.1984375,
        5905.43623046875
    ],
    "79": [
        15430.019592285156,
        1400.761312007904
    ]
}