{
    "0": [
        19632.670763739225,
        13152.260498046875
    ],
    "1": [
        13827.546626072304,
        22514.253504136028
    ],
    "2": [
        6310.2829719859465,
        543.9335501567851
    ],
    "3": [
        4762.554473876953,
        14784.199558803013
    ],
    "4": [
        26253.31476253094,
        6586.923559812036
    ],
    "5": [
        10830.573950982864,
        16460.367408014114
    ],
    "6": [
        2493.787819701062,
        7712.98271745178
    ],
    "7": [
        7969.395170969203,
        667.1632457249407
    ],
    "8": [
        21326.30297746781,
        1116.0741745085163
    ],
    "9": [
        26599.529670266544,
        11453.171889361212
    ],
    "10": [
        6266.488056529652,
        26408.45927290483
    ],
    "11": [
        8420.404319873755,
        2388.735329890597
    ],
    "12": [
        21707.166625976563,
        21166.05810546875
    ],
    "13": [
        3899.333900314605,
        4466.061122871444
    ],
    "14": [
        7138.355638671875,
        3882.2165029296875
    ],
    "15": [
        781.1397663349528,
        15348.90441511351
    ],
    "16": [
        3365.4518764673735,
        17355.04054505343
    ],
    "17": [
        3736.4412700946514,
        20230.02778195112
    ],
    "18": [
        4613.705322265625,
        10260.664331408514
    ],
    "19": [
        905.6151217246345,
        19334.189579643218
    ],
    "20": [
        10370.917909147594,
        5623.451327758216
    ],
    "21": [
        6273.038217149642,
        7403.292310538271
    ],
    "22": [
        2246.101329935008,
        1954.0238181804789
    ],
    "23": [
        759.4865146698321,
        8682.280899586398
    ],
    "24": [
        4039.1353113974296,
        6413.470911038306
    ],
    "25": [
        9898.045088465073,
        650.3024404490695
    ],
    "26": [
        4876.213281838291,
        22947.40534403238
    ],
    "27": [
        627.3010587365369,
        5546.844922709669
    ],
    "28": [
        2995.556969719964,
        12167.577514648438
    ],
    "29": [
        13351.604845412234,
        14560.402537677304
    ],
    "30": [
        10662.74294958382,
        10566.590555636682
    ],
    "31": [
        2501.646068028041,
        9914.494189453126
    ],
    "32": [
        14344.790999720073,
        3139.402509161238
    ],
    "33": [
        10374.836999869247,
        2462.4888226497123
    ],
    "34": [
        17702.253214975422,
        19916.170141327246
    ],
    "35": [
        5418.434210641043,
        12219.232251848493
    ],
    "36": [
        5258.47394226463,
        3133.533228005573
    ],
    "37": [
        16588.387327332428,
        15690.82374462183
    ],
    "38": [
        3328.208777794471,
        655.2349433793471
    ],
    "39": [
        16074.619339554398,
        8541.520043643905
    ],
    "40": [
        601.7960016014964,
        4108.898587958757
    ],
    "41": [
        18620.920163928953,
        885.6511975436384
    ],
    "42": [
        8336.88007746516,
        16777.8062249261
    ],
    "43": [
        6510.79850769043,
        2069.57267036438
    ],
    "44": [
        19109.144743835033,
        9571.741018282313
    ],
    "45": [
        18000.464927455356,
        24785.44213169643
    ],
    "46": [
        856.5243335864843,
        11866.254437232652
    ],
    "47": [
        2193.8894332682294,
        3661.1293515625
    ],
    "48": [
        22734.355551509532,
        9495.97655008607
    ],
    "49": [
        12003.265251608456,
        26579.215561810663
    ],
    "50": [
        15977.597732843138,
        11968.7450342116
    ],
    "51": [
        1892.0052185058594,
        518.4019182019176
    ],
    "52": [
        13378.397416992188,
        8776.392199707032
    ],
    "53": [
        9226.388063557943,
        4182.435394287109
    ],
    "54": [
        7227.817687690549,
        14249.830416349085
    ],
    "55": [
        581.1209733914442,
        1654.6066542763747
    ],
    "56": [
        11114.331764914772,
        19936.424992108587
    ],
    "57": [
        4848.016035677386,
        858.9269816084417
    ],
    "58": [
        2261.5742403700824,
        5517.942275044704
    ],
    "59": [
        9884.996134820385,
        13413.500086704147
    ],
    "60": [
        12956.237605605014,
        11732.10302166606
    ],
    "61": [
        1605.11168703768,
        24485.518513997395
    ],
    "62": [
        927.7468393477343,
        13470.63766882945
    ],
    "63": [
        17051.78804916318,
        3472.936521394482
    ],
    "64": [
        13937.006330217633,
        18317.118024553572
    ],
    "65": [
        529.5645653186536,
        454.0591008563671
    ],
    "66": [
        1258.2122555518972,
        27329.82549838362
    ],
    "67": [
        9117.739278859106,
        23035.070363011855
    ],
    "68": [
        6603.407098067434,
        9539.339965236244
    ],
    "69": [
        10962.412068895725,
        7911.469324299708
    ],
    "70": [
        8699.175665990477,
        8394.685622317596
    ],
    "71": [
        1083.8583239441487,
        21776.02522543532
    ],
    "72": [
        2730.08389313688,
        14663.95161988563
    ],
    "73": [
        12014.87692401338,
        898.4347990896644
    ],
    "74": [
        20880.61711189516,
        6358.5585685483875
    ],
    "75": [
        705.2200809821519,
        2864.7262067064416
    ],
    "76": [
        4378.391772980385,
        8417.615410987368
    ],
    "77": [
        3816.035421745715,
        2400.609331712655
    ],
    "78": [
        23276.66035034938,
        4261.199796498932
    ],
    "79": [
        16357.683647803275,
        1076.4782732606375
    ],
    "80": [
        23364.099853515625,
        14395.774322509766
    ],
    "81": [
        8071.972767919703,
        11137.02630149944
    ],
    "82": [
        26112.61298643868,
        18571.123231132075
    ],
    "83": [
        14179.496533805941,
        760.5452745549472
    ],
    "84": [
        5796.691353120952,
        17595.820519956284
    ],
    "85": [
        15078.450827752977,
        5808.980461774554
    ],
    "86": [
        24203.39585248162,
        25158.846909466913
    ],
    "87": [
        12653.982008879406,
        5934.011813394824
    ],
    "88": [
        24292.012195405507,
        1239.3582101607074
    ],
    "89": [
        926.2563879789259,
        17185.803259879485
    ],
    "90": [
        666.977189029526,
        7113.429730398095
    ],
    "91": [
        7475.515477846747,
        19968.576573202055
    ],
    "92": [
        17884.763337361877,
        6224.710120101001
    ],
    "93": [
        8093.125998849196,
        5975.423982105809
    ],
    "94": [
        658.9667755000658,
        10320.578411822553
    ],
    "95": [
        27356.170985243054,
        1724.6700384245978
    ],
    "96": [
        19696.309587053573,
        3557.0629701450894
    ],
    "97": [
        20840.016941236412,
        16865.26712168818
    ],
    "98": [
        5941.355681416049,
        5410.61238975392
    ],
    "99": [
        12061.861118861607,
        3646.8971082899307
    ]
}