{
    "0": [
        3005.7265625,
        1277.4336948278474
    ],
    "1": [
        17989.090755208334,
        902.4054606119792
    ],
    "2": [
        11870.550397600446,
        1329.28122988769
    ],
    "3": [
        14842.142159598214,
        1221.7090346926734
    ],
    "4": [
        3892.0025654141864,
        4306.97257874504
    ],
    "5": [
        25558.595477764422,
        1748.2592489535991
    ],
    "6": [
        20806.09208622685,
        2534.8196074874313
    ],
    "7": [
        14869.17054966518,
        24466.373883928572
    ],
    "8": [
        913.089886841909,
        9413.652316111438
    ],
    "9": [
        20902.26513671875,
        23682.255859375
    ],
    "10": [
        22747.67138671875,
        6413.851379394531
    ],
    "11": [
        11482.26890345982,
        19196.259905133928
    ],
    "12": [
        1736.4448861016167,
        25974.948567708332
    ],
    "13": [
        10759.0060546875,
        9420.662555803572
    ],
    "14": [
        13557.348061166158,
        5489.211723513719
    ],
    "15": [
        17159.917860243055,
        5019.7422779224535
    ],
    "16": [
        7446.178391676683,
        23756.22881610577
    ],
    "17": [
        7091.613705842391,
        7299.42527173913
    ],
    "18": [
        3264.8283034104566,
        11090.193509615385
    ],
    "19": [
        4131.09641251474,
        7774.809763782429
    ],
    "20": [
        2430.468264166514,
        21772.328645833335
    ],
    "21": [
        980.667810633631,
        3291.5395314433786
    ],
    "22": [
        17251.701822916668,
        17395.491789641204
    ],
    "23": [
        7006.569256218112,
        11237.855648118622
    ],
    "24": [
        25807.883544921875,
        10172.853637695313
    ],
    "25": [
        5422.172433035715,
        1245.5609845495844
    ],
    "26": [
        15021.464130108174,
        9549.07480093149
    ],
    "27": [
        24130.2314453125,
        16571.46494140625
    ],
    "28": [
        10095.653198242188,
        4751.83864847819
    ],
    "29": [
        6373.110403878348,
        18374.337332589286
    ],
    "30": [
        13603.374229029605,
        14350.14704975329
    ],
    "31": [
        1156.966931886311,
        6154.562073526503
    ],
    "32": [
        8897.237155490451,
        15101.749674479166
    ],
    "33": [
        7284.387791053921,
        3238.876761642157
    ],
    "34": [
        19511.86831825658,
        11354.756733141447
    ],
    "35": [
        911.4214721880461,
        866.3536217259733
    ],
    "36": [
        8739.847142269737,
        984.3659679764196
    ],
    "37": [
        4275.671650654561,
        14656.45288745777
    ],
    "38": [
        1833.4010324245546,
        17796.84813262195
    ],
    "39": [
        1090.6067341566086,
        13516.614937160326
    ]
}