{
    "0": [
        24871.756928943454,
        14797.415341331845
    ],
    "1": [
        16812.13968479887,
        1217.1902539019889
    ],
    "2": [
        23893.67024075255,
        7535.4297472895405
    ],
    "3": [
        10597.756243848426,
        14791.031088521162
    ],
    "4": [
        1953.7144289502671,
        22080.998507165605
    ],
    "5": [
        11277.88825222766,
        983.2094454190817
    ],
    "6": [
        26730.82432021104,
        3019.706090667031
    ],
    "7": [
        18642.923933440565,
        17098.801058900124
    ],
    "8": [
        5838.308048359831,
        9179.683233963815
    ],
    "9": [
        11682.771347045898,
        25591.85678100586
    ],
    "10": [
        14744.181367518539,
        14104.755114539195
    ],
    "11": [
        11375.589426491477,
        18865.914506392044
    ],
    "12": [
        19544.5654296875,
        11366.331287202382
    ],
    "13": [
        13972.369243838923,
        1274.8935967790403
    ],
    "14": [
        1237.7690137074078,
        11754.44520344226
    ],
    "15": [
        7697.388098958333,
        11867.334212239582
    ],
    "16": [
        4262.158344711256,
        840.2850139055132
    ],
    "17": [
        14038.993340163934,
        10175.54577036373
    ],
    "18": [
        9088.190536415643,
        8284.229975132343
    ],
    "19": [
        3158.395957832906,
        7291.2057947566855
    ],
    "20": [
        3304.305918817935,
        3086.7453799040422
    ],
    "21": [
        10746.443772536059,
        11100.385223858173
    ],
    "22": [
        765.7521634697914,
        6334.18440246582
    ],
    "23": [
        931.1508714793677,
        13847.374541133284
    ],
    "24": [
        1287.982727006934,
        25996.689767420976
    ],
    "25": [
        959.4275649601568,
        3525.2763288694646
    ],
    "26": [
        2399.400823952087,
        524.7161125107446
    ],
    "27": [
        2000.633955197218,
        1968.89223692359
    ],
    "28": [
        905.1020564879141,
        7921.840694304436
    ],
    "29": [
        8675.24148300565,
        852.1333318574842
    ],
    "30": [
        4353.916888357579,
        12409.806315104166
    ],
    "31": [
        17403.837343472962,
        7769.421140846631
    ],
    "32": [
        7167.3310250255545,
        3743.294597875292
    ],
    "33": [
        979.8581350718936,
        16506.782070583766
    ],
    "34": [
        9474.893575032553,
        2915.679484685262
    ],
    "35": [
        5236.70008807316,
        2566.31385190019
    ],
    "36": [
        12290.674397786459,
        3785.0328252883182
    ],
    "37": [
        15732.436343544408,
        4272.917498136821
    ],
    "38": [
        9581.116413522273,
        5491.603884433178
    ],
    "39": [
        5313.123883415671,
        25877.288459329044
    ],
    "40": [
        7286.1402265625,
        15624.964359375
    ],
    "41": [
        7809.416540075232,
        21959.26788556134
    ],
    "42": [
        12918.729231770832,
        6829.346232836174
    ],
    "43": [
        23102.92020290018,
        1546.2399814814971
    ],
    "44": [
        960.4713168697259,
        9614.471649484536
    ],
    "45": [
        6155.220111553485,
        6461.494901216947
    ],
    "46": [
        19635.921369645977,
        1168.1498983123086
    ],
    "47": [
        515.3265651188372,
        2062.5993742179044
    ],
    "48": [
        6454.44662109375,
        808.6347950016368
    ],
    "49": [
        3591.4940185546875,
        15054.630186138731
    ],
    "50": [
        16008.736068532437,
        22037.354380933546
    ],
    "51": [
        4749.518850226152,
        4778.675342760588
    ],
    "52": [
        23087.18205180921,
        22044.011067708332
    ],
    "53": [
        1791.0563037672707,
        18975.62254723837
    ],
    "54": [
        2721.844150684498,
        5085.239041928892
    ],
    "55": [
        5896.1926847268605,
        18792.438200739503
    ],
    "56": [
        656.6159248285824,
        4908.714005533854
    ],
    "57": [
        633.5586337622266,
        568.4268027200897
    ],
    "58": [
        19790.441242247136,
        5076.650921770634
    ],
    "59": [
        3347.524807400174,
        9776.909357244318
    ]
}