{
    "0": [
        1017.0137728209635,
        3282.743308650637
    ],
    "1": [
        16804.684271918402,
        897.9321435292562
    ],
    "2": [
        25361.525996767243,
        1920.6250839891104
    ],
    "3": [
        979.2468578632062,
        11488.53821113782
    ],
    "4": [
        16154.297674005682,
        4396.30048532197
    ],
    "5": [
        24130.2314453125,
        16571.46494140625
    ],
    "6": [
        3875.3182334899902,
        4285.289699554443
    ],
    "7": [
        6540.217051630435,
        19397.921365489132
    ],
    "8": [
        2018.8393414519553,
        17706.69270076308
    ],
    "9": [
        3863.369063214558,
        11117.890982278963
    ],
    "10": [
        3801.1251280249617,
        1175.744343059819
    ],
    "11": [
        24846.475060096152,
        9153.391751802885
    ],
    "12": [
        11436.993903882576,
        10333.76035748106
    ],
    "13": [
        20104.746537642044,
        1308.4330326427114
    ],
    "14": [
        5308.1613362630205,
        7701.785660807292
    ],
    "15": [
        1287.075591420426,
        8770.93620749081
    ],
    "16": [
        20973.84484375,
        5067.836416015625
    ],
    "17": [
        1749.258615157543,
        14302.325170272436
    ],
    "18": [
        11077.225131722384,
        3841.3371014262357
    ],
    "19": [
        8666.303013392857,
        6868.810797991071
    ],
    "20": [
        13160.717217807112,
        1066.9679169490419
    ],
    "21": [
        7330.833561197916,
        11109.328407118055
    ],
    "22": [
        2201.0088778857526,
        21777.111328125
    ],
    "23": [
        5356.775244140625,
        15116.785714285714
    ],
    "24": [
        20902.26513671875,
        23682.255859375
    ],
    "25": [
        7528.048238118489,
        23957.464192708332
    ],
    "26": [
        1333.6985486658607,
        6144.571074695122
    ],
    "27": [
        7587.685491597877,
        3718.3140707915686
    ],
    "28": [
        6313.603007548564,
        1317.134737156533
    ],
    "29": [
        19567.609483506945,
        11530.825358072916
    ],
    "30": [
        9366.459974500867,
        15200.0576171875
    ],
    "31": [
        1162.7564281976524,
        927.4948858470976
    ],
    "32": [
        18351.475126378675,
        17784.262637867647
    ],
    "33": [
        14939.095928485576,
        24695.615234375
    ],
    "34": [
        14789.135579427084,
        15647.017374674479
    ],
    "35": [
        15774.688561480978,
        9040.895210597826
    ],
    "36": [
        1736.4448861016167,
        25974.948567708332
    ],
    "37": [
        9571.94808846933,
        1093.4128975603317
    ],
    "38": [
        11581.111177884615,
        19680.6171875
    ],
    "39": [
        13157.816583806818,
        6344.090568773674
    ]
}