{
    "0": [
        8966.037118313787,
        14927.944764999285
    ],
    "1": [
        1547.410516476954,
        20727.864203034333
    ],
    "2": [
        19372.145625711844,
        5931.341730695651
    ],
    "3": [
        15277.403949652778,
        14457.503776041667
    ],
    "4": [
        946.4617463108787,
        3452.250274608742
    ],
    "5": [
        21514.73393941097,
        1793.6213293144529
    ],
    "6": [
        1310.1377000078596,
        12808.957906335956
    ],
    "7": [
        11621.531502164025,
        11721.984615702024
    ],
    "8": [
        17673.634983723958,
        1669.7311605438094
    ],
    "9": [
        783.176873422913,
        940.6906535930392
    ],
    "10": [
        3818.2890080675916,
        7038.523432346636
    ],
    "11": [
        2961.1000536598704,
        1074.7287608110798
    ],
    "12": [
        24051.546280570652,
        15789.024409344807
    ],
    "13": [
        1961.256561072892,
        25506.48843998454
    ],
    "14": [
        10204.277694347293,
        4275.0358098939405
    ],
    "15": [
        14066.672254774305,
        24462.10134548611
    ],
    "16": [
        8010.466489357012,
        1243.5101712549244
    ],
    "17": [
        1390.2943108051686,
        16686.377263218306
    ],
    "18": [
        4305.696616786301,
        10468.266578236962
    ],
    "19": [
        5388.508269137898,
        1258.9360841832395
    ],
    "20": [
        5908.636460215596,
        18531.65368569303
    ],
    "21": [
        11095.908005440284,
        7657.233801714322
    ],
    "22": [
        24889.774900300734,
        8177.38154174294
    ],
    "23": [
        3546.57832042198,
        3886.595619372723
    ],
    "24": [
        17872.384673059834,
        18674.765388958825
    ],
    "25": [
        25555.922003406144,
        2151.9597108999337
    ],
    "26": [
        7062.172016703999,
        23872.198262674825
    ],
    "27": [
        4756.399567051184,
        14339.555162039751
    ],
    "28": [
        6620.1236550132935,
        4242.6409351982
    ],
    "29": [
        14198.244274059216,
        1310.5283764786907
    ],
    "30": [
        1104.7804401780916,
        9404.309632741153
    ],
    "31": [
        15242.888484453913,
        8962.124286073627
    ],
    "32": [
        19755.293502026452,
        11312.886712084044
    ],
    "33": [
        7840.5810379520535,
        10650.712670110886
    ],
    "34": [
        7176.8171832617545,
        7280.1783665800185
    ],
    "35": [
        10981.670508644798,
        1113.6225961250339
    ],
    "36": [
        11467.157622466217,
        19393.87678816512
    ],
    "37": [
        1010.9324013211648,
        6324.349017309274
    ],
    "38": [
        22250.624943112864,
        23631.467422633494
    ],
    "39": [
        14436.839431350296,
        4844.064038250897
    ]
}