{
    "0": [
        1053.6023742841637,
        18358.926290760868
    ],
    "1": [
        741.717630036672,
        2105.957625325521
    ],
    "2": [
        17589.669482421876,
        1513.2878162384034
    ],
    "3": [
        3959.087579900568,
        20048.767223011364
    ],
    "4": [
        6268.837972005208,
        10108.20068359375
    ],
    "5": [
        3188.5814503636852,
        5813.986664870689
    ],
    "6": [
        6660.029710036058,
        16471.11065204327
    ],
    "7": [
        10302.714717741936,
        1362.2350527240385
    ],
    "8": [
        4125.505911690848,
        14033.964634486607
    ],
    "9": [
        8918.138997395834,
        12544.118815104166
    ],
    "10": [
        2912.249990609976,
        3313.366689828726
    ],
    "11": [
        4365.251916503907,
        1870.6919921875
    ],
    "12": [
        5837.384528882576,
        6289.97314453125
    ],
    "13": [
        14697.223810369318,
        24273.258700284092
    ],
    "14": [
        23953.444475446428,
        8403.987699962798
    ],
    "15": [
        8970.182798032407,
        4844.739520037616
    ],
    "16": [
        17806.98403033088,
        14635.012005974264
    ],
    "17": [
        2925.7556592155906,
        24789.292394301472
    ],
    "18": [
        2955.2812771267363,
        10070.472113715277
    ],
    "19": [
        1234.2242624034052,
        7748.847337805707
    ],
    "20": [
        5498.6685791015625,
        805.8576022386551
    ],
    "21": [
        18837.40693721065,
        6183.757016782408
    ],
    "22": [
        8992.472876764114,
        20950.423828125
    ],
    "23": [
        11823.854166666666,
        16614.112444196428
    ],
    "24": [
        13779.993381076389,
        10986.64894386574
    ],
    "25": [
        7934.5012613932295,
        928.6292423407236
    ],
    "26": [
        13399.418212890625,
        1653.9885229110719
    ],
    "27": [
        631.7370274241378,
        598.6287459861942
    ],
    "28": [
        5173.6074782151445,
        3745.231989933894
    ],
    "29": [
        662.2348059874314,
        10002.849834735576
    ],
    "30": [
        1772.5817023383247,
        12120.636555989584
    ],
    "31": [
        708.0862609863282,
        14202.9958984375
    ],
    "32": [
        9389.77592136549,
        8809.109205163044
    ],
    "33": [
        567.3701667785645,
        5689.931864420573
    ],
    "34": [
        12719.570234375,
        5321.70845703125
    ],
    "35": [
        1301.9321156205801,
        3979.934292497306
    ],
    "36": [
        23834.4638671875,
        1353.292706298828
    ],
    "37": [
        24983.811257102272,
        18171.080788352272
    ],
    "38": [
        3405.7107421875,
        8341.30654296875
    ],
    "39": [
        2753.5291933001895,
        573.131802298806
    ]
}