{
    "0": [
        17146.59910140499,
        1013.7166674906208
    ],
    "1": [
        3667.1744817212025,
        17597.091455297086
    ],
    "2": [
        7823.256102699102,
        2899.216380447847
    ],
    "3": [
        26494.360085227272,
        12273.22987689394
    ],
    "4": [
        559.7139048367826,
        7130.175707224854
    ],
    "5": [
        4537.301462680479,
        23269.252509394777
    ],
    "6": [
        836.2227124101763,
        13588.397867292366
    ],
    "7": [
        6477.456514104833,
        17384.05429783713
    ],
    "8": [
        392.7153045333121,
        466.7180026745008
    ],
    "9": [
        769.6340577350142,
        10278.396527233543
    ],
    "10": [
        2057.5020805027175,
        3568.6816583163495
    ],
    "11": [
        13601.200023854963,
        789.3600363476586
    ],
    "12": [
        1335.0678173768606,
        24301.041251108156
    ],
    "13": [
        2723.0636519275436,
        631.27121358924
    ],
    "14": [
        17699.193712599736,
        6059.86463181516
    ],
    "15": [
        26870.686011904763,
        6501.155828566778
    ],
    "16": [
        11241.287951817329,
        10951.632846030043
    ],
    "17": [
        1159.335564576444,
        27326.069149925595
    ],
    "18": [
        8237.821763904816,
        23656.940994122706
    ],
    "19": [
        5794.297660932149,
        26783.255029965752
    ],
    "20": [
        6045.78692579639,
        6450.635687303174
    ],
    "21": [
        6293.5986249874795,
        2236.2683547582383
    ],
    "22": [
        1142.8624996162596,
        21567.140513392857
    ],
    "23": [
        3200.149557273481,
        2394.790849909436
    ],
    "24": [
        11629.970444860537,
        3494.904338237668
    ],
    "25": [
        655.2451986805113,
        5595.393490878018
    ],
    "26": [
        863.9542516676614,
        11879.643454892792
    ],
    "27": [
        2598.0189707323852,
        8859.115466628627
    ],
    "28": [
        18179.372056294855,
        3211.3963564640026
    ],
    "29": [
        4140.674631681373,
        14827.314628765738
    ],
    "30": [
        582.1133450195726,
        4147.523879167288
    ],
    "31": [
        6866.944534150681,
        14476.704638188428
    ],
    "32": [
        8202.155343191964,
        10733.060648678813
    ],
    "33": [
        4031.1825826322115,
        6360.682228064904
    ],
    "34": [
        733.6028890268369,
        8641.263458806818
    ],
    "35": [
        13069.378192253833,
        5332.139225797833
    ],
    "36": [
        2243.5409530920483,
        5261.285873693922
    ],
    "37": [
        20778.595066470996,
        4335.32395167904
    ],
    "38": [
        8073.011144860999,
        20018.83024299919
    ],
    "39": [
        12016.05359235491,
        18302.375425502232
    ],
    "40": [
        12424.953639674832,
        26585.824377111487
    ],
    "41": [
        15113.804838423295,
        21562.049289772727
    ],
    "42": [
        1845.3211545992624,
        1894.996676527304
    ],
    "43": [
        15215.235528227073,
        6946.916302704931
    ],
    "44": [
        20226.450050403226,
        7656.139661038306
    ],
    "45": [
        8451.456527071221,
        6814.2170807594475
    ],
    "46": [
        12180.761036206317,
        7418.843883883568
    ],
    "47": [
        24277.26329049556,
        1439.6781676042185
    ],
    "48": [
        14541.247528872284,
        15863.344573709239
    ],
    "49": [
        19359.38351004464,
        851.3945072769206
    ],
    "50": [
        8647.864721831327,
        797.1407384909458
    ],
    "51": [
        20312.371419270832,
        11554.750868055555
    ],
    "52": [
        5621.6659339551825,
        4291.879303304326
    ],
    "53": [
        3098.9532659959423,
        10603.249659338662
    ],
    "54": [
        6958.906927435248,
        8576.76807520411
    ],
    "55": [
        457.3121478402883,
        1676.3514802054074
    ],
    "56": [
        4355.768671579072,
        20323.676882102274
    ],
    "57": [
        11592.365822208738,
        22139.433517900485
    ],
    "58": [
        3977.5727997492495,
        803.9720912299822
    ],
    "59": [
        15668.567446071609,
        3925.510125411184
    ],
    "60": [
        10294.796323029892,
        660.4708174950835
    ],
    "61": [
        21634.624526222153,
        1231.224513232118
    ],
    "62": [
        13789.64059217437,
        2924.316703732274
    ],
    "63": [
        9211.326631657344,
        4419.537585306724
    ],
    "64": [
        2317.3249367877934,
        7186.06897050408
    ],
    "65": [
        9306.875113392329,
        13269.876457901362
    ],
    "66": [
        20385.80496002907,
        19861.646416242733
    ],
    "67": [
        17136.946693764075,
        17666.99196755349
    ],
    "68": [
        5483.080656190963,
        660.6339196714406
    ],
    "69": [
        2916.696942787031,
        12541.529346955129
    ],
    "70": [
        4570.7354790691425,
        8422.770231053897
    ],
    "71": [
        27244.281335851647,
        1545.322382067586
    ],
    "72": [
        10639.942835365853,
        5735.9090463033535
    ],
    "73": [
        1369.5746565647275,
        15222.926333220108
    ],
    "74": [
        14676.537741268383,
        12067.647799862132
    ],
    "75": [
        5548.126494565217,
        10264.66402004076
    ],
    "76": [
        9469.313314765162,
        16267.535150471524
    ],
    "77": [
        882.2359853787668,
        16886.924400592674
    ],
    "78": [
        26045.249373525945,
        18741.648234817218
    ],
    "79": [
        23940.70257994186,
        24578.506041061046
    ],
    "80": [
        17403.19362062102,
        9666.161807698049
    ],
    "81": [
        23581.80644660596,
        5204.897934667322
    ],
    "82": [
        5479.253829152961,
        12358.096409847862
    ],
    "83": [
        9797.117461089494,
        2458.9317441710236
    ],
    "84": [
        4647.599411581927,
        2565.829712240454
    ],
    "85": [
        12168.426335515203,
        13898.876755173142
    ],
    "86": [
        15265.352394844409,
        972.2949681734736
    ],
    "87": [
        13801.920802382172,
        9352.32781015198
    ],
    "88": [
        7262.342655505164,
        4969.903644109177
    ],
    "89": [
        22471.07771156478,
        15186.260335880474
    ],
    "90": [
        3738.3002226624308,
        4417.455173154421
    ],
    "91": [
        965.1713434984719,
        19142.22061820652
    ],
    "92": [
        18354.85174560547,
        24636.079528808594
    ],
    "93": [
        11872.325877568494,
        949.6491631743027
    ],
    "94": [
        7129.232175716684,
        690.1620652215869
    ],
    "95": [
        23471.27190154733,
        9622.398285800971
    ],
    "96": [
        1463.832056332941,
        494.9959005735236
    ],
    "97": [
        17738.305019664116,
        14110.779110863095
    ],
    "98": [
        9942.516555059523,
        8596.499520173837
    ],
    "99": [
        658.3362615502183,
        2893.6221250045105
    ]
}