{
    "0": [
        11706.67463196216,
        22871.23376381803
    ],
    "1": [
        17700.027232216966,
        7595.993915613587
    ],
    "2": [
        24225.562550155777,
        3196.060700500142
    ],
    "3": [
        14410.171192852036,
        14128.920513332772
    ],
    "4": [
        1507.0747352223036,
        4705.014208401062
    ],
    "5": [
        20612.276698115656,
        21140.22968360673
    ],
    "6": [
        7775.720014478563,
        11294.172256565009
    ],
    "7": [
        18457.301565820937,
        1983.0605144622666
    ],
    "8": [
        2153.0006161974025,
        13183.04270856097
    ],
    "9": [
        13517.450315459724,
        1962.5068756654043
    ],
    "10": [
        4813.602843673966,
        1656.308543945983
    ],
    "11": [
        6021.699196321934,
        6212.603551920801
    ],
    "12": [
        23070.479733455883,
        12679.455334329044
    ],
    "13": [
        1778.1952229702529,
        8766.93997375207
    ],
    "14": [
        8863.966180819218,
        1906.4240315719464
    ],
    "15": [
        1665.0808156711882,
        18290.434892291214
    ],
    "16": [
        11625.565589878015,
        7101.710602556195
    ],
    "17": [
        3008.890063385845,
        23977.41898159346
    ],
    "18": [
        1320.6136791486604,
        1247.8797032825719
    ],
    "19": [
        7356.231900369266,
        17067.411092468483
    ]
}