{
    "0": [
        7990.206298828125,
        340.37027804056805
    ],
    "1": [
        2926.0274832589284,
        2954.3548758370534
    ],
    "2": [
        522.6042505900065,
        15290.73046875
    ],
    "3": [
        9427.140269886364,
        15457.158647017046
    ],
    "4": [
        13032.788411458334,
        574.2996181911892
    ],
    "5": [
        764.6623460054398,
        9210.340393066406
    ],
    "6": [
        6293.618617466518,
        10394.826241629464
    ],
    "7": [
        3665.9864971454326,
        557.7267849261945
    ],
    "8": [
        6841.86044921875,
        14753.651953125
    ],
    "9": [
        365.6159762775197,
        1884.1604147518383
    ],
    "10": [
        3942.0861430921054,
        8816.009431537828
    ],
    "11": [
        18976.607572115383,
        11755.68817608173
    ],
    "12": [
        23923.6021484375,
        815.7323471069336
    ],
    "13": [
        7945.445095486111,
        1637.8592529296875
    ],
    "14": [
        10297.3681640625,
        21127.10903033088
    ],
    "15": [
        8451.87730189732,
        6204.400390625
    ],
    "16": [
        14037.938654119318,
        12162.902166193182
    ],
    "17": [
        13594.907421875,
        9091.67294921875
    ],
    "18": [
        4206.29052734375,
        1991.2445350060095
    ],
    "19": [
        11563.767700195313,
        6027.8974609375
    ],
    "20": [
        8079.208767361111,
        8592.467881944445
    ],
    "21": [
        17600.328776041668,
        6934.753960503473
    ],
    "22": [
        2110.8286414513223,
        556.3746274067805
    ],
    "23": [
        4479.88623046875,
        3265.0389404296875
    ],
    "24": [
        14818.25146484375,
        24760.048095703125
    ],
    "25": [
        4909.734274471507,
        17038.48696001838
    ],
    "26": [
        15151.806098090277,
        918.6691852145725
    ],
    "27": [
        11826.91982421875,
        2233.406689453125
    ],
    "28": [
        5454.579150390625,
        4828.538012695312
    ],
    "29": [
        9323.555454799107,
        1590.9861886160713
    ],
    "30": [
        7133.282145182292,
        3763.2250162760415
    ],
    "31": [
        1307.2986857096355,
        1653.6431477864583
    ],
    "32": [
        2576.2351845189146,
        10603.377415707237
    ],
    "33": [
        16162.655192057291,
        3982.6109212239585
    ],
    "34": [
        17089.2857421875,
        777.4180654525757
    ],
    "35": [
        9647.412375710228,
        10898.619318181818
    ],
    "36": [
        9810.106119791666,
        8662.162868923611
    ],
    "37": [
        402.7161645889282,
        3493.0569051106772
    ],
    "38": [
        2231.54140403054,
        4866.545587713068
    ],
    "39": [
        11229.261610243055,
        12080.874565972223
    ],
    "40": [
        8943.999389648438,
        240.18969559669495
    ],
    "41": [
        18263.553515625,
        2725.8490966796876
    ],
    "42": [
        18833.703962053572,
        19017.464983258928
    ],
    "43": [
        2291.013951982771,
        24789.154157366072
    ],
    "44": [
        13584.791381835938,
        5536.3421630859375
    ],
    "45": [
        26238.078125,
        1846.508155822754
    ],
    "46": [
        13996.46493252841,
        2286.5792125355115
    ],
    "47": [
        4164.413472493489,
        13461.6611328125
    ],
    "48": [
        24351.060752467107,
        7685.9685701069075
    ],
    "49": [
        9948.282769097223,
        5770.310329861111
    ],
    "50": [
        19972.92365056818,
        6784.947798295455
    ],
    "51": [
        5475.652180989583,
        6955.523014322916
    ],
    "52": [
        3929.6835588727677,
        4463.046142578125
    ],
    "53": [
        20916.396484375,
        3404.680419921875
    ],
    "54": [
        6591.382768110795,
        5729.970791903409
    ],
    "55": [
        3543.296085133272,
        6012.540642233456
    ],
    "56": [
        19843.9638671875,
        546.3641887392316
    ],
    "57": [
        4832.698703342014,
        896.4781182607015
    ],
    "58": [
        422.4788010695885,
        481.67949913287987
    ],
    "59": [
        11561.1220703125,
        3490.2991943359375
    ],
    "60": [
        1316.7365240799754,
        12887.305561266447
    ],
    "61": [
        5930.217640269886,
        478.54379966042256
    ],
    "62": [
        951.0107249153984,
        18843.917100694445
    ],
    "63": [
        7162.374131944444,
        24062.797743055555
    ],
    "64": [
        9081.960266113281,
        3409.696090698242
    ],
    "65": [
        6932.96337890625,
        893.2366796731949
    ],
    "66": [
        10480.680338541666,
        247.55811913808188
    ],
    "67": [
        14918.630777994791,
        16675.344563802082
    ],
    "68": [
        1674.8243536698192,
        3557.6777086759867
    ],
    "69": [
        8139.829938616072,
        12590.190499441964
    ],
    "70": [
        2016.730693359375,
        7243.721484375
    ],
    "71": [
        5915.016927083333,
        2235.190619574653
    ],
    "72": [
        8039.991339432566,
        18908.051809210527
    ],
    "73": [
        577.0787634277344,
        5595.65916015625
    ],
    "74": [
        3792.5217013888887,
        20374.297200520832
    ],
    "75": [
        11769.466145833334,
        14709.699055989584
    ],
    "76": [
        25216.9486328125,
        17730.8544921875
    ],
    "77": [
        12293.7841796875,
        4745.794189453125
    ],
    "78": [
        15936.654622395834,
        2031.3101603190105
    ],
    "79": [
        11642.195421006945,
        579.3386238945855
    ]
}