{
    "0": [
        6004.358189174107,
        2391.9593680245534
    ],
    "1": [
        568.9700355529785,
        5073.839782714844
    ],
    "2": [
        4512.187218299279,
        16968.016150841348
    ],
    "3": [
        16451.822265625,
        17567.413997395834
    ],
    "4": [
        24092.532063802082,
        5847.024515787761
    ],
    "5": [
        4129.993804931641,
        8865.855560302734
    ],
    "6": [
        13073.26690204327,
        5302.264610877404
    ],
    "7": [
        8554.677205403646,
        12368.122639973959
    ],
    "8": [
        562.5928013013756,
        864.2303818412449
    ],
    "9": [
        10551.662217881945,
        19824.66796875
    ],
    "10": [
        24564.837890625,
        21679.8640625
    ],
    "11": [
        7133.282145182292,
        3763.2250162760415
    ],
    "12": [
        3776.0194498697915,
        1448.1636962890625
    ],
    "13": [
        10593.24375,
        22553.491796875
    ],
    "14": [
        6813.8583984375,
        9974.5712890625
    ],
    "15": [
        13161.10888671875,
        2383.2829793294272
    ],
    "16": [
        9337.967950994318,
        1473.095947265625
    ],
    "17": [
        12782.73193359375,
        598.5725708007813
    ],
    "18": [
        3078.0302734375,
        19886.918359375
    ],
    "19": [
        5836.7724609375,
        1221.1098371233259
    ],
    "20": [
        705.6270922342936,
        10753.7005859375
    ],
    "21": [
        8501.563609730114,
        7880.512517755682
    ],
    "22": [
        8397.89738384046,
        275.0096577092221
    ],
    "23": [
        1951.9102376302083,
        556.9146138032278
    ],
    "24": [
        7221.221714564732,
        1005.7872009277344
    ],
    "25": [
        4414.729827880859,
        13611.711181640625
    ],
    "26": [
        13735.092712402344,
        12676.264770507813
    ],
    "27": [
        13594.907421875,
        9091.67294921875
    ],
    "28": [
        3405.0404459635415,
        6024.223111979167
    ],
    "29": [
        5170.011881510417,
        19511.111979166668
    ],
    "30": [
        6542.142020089285,
        366.7205083029611
    ],
    "31": [
        2485.5614275251114,
        11165.433663504464
    ],
    "32": [
        6535.566162109375,
        26298.98046875
    ],
    "33": [
        3174.100760323661,
        2168.937813895089
    ],
    "34": [
        687.7545893742488,
        13779.655423677885
    ],
    "35": [
        6991.792860243056,
        13274.194444444445
    ],
    "36": [
        4849.741048177083,
        11170.24951171875
    ],
    "37": [
        19757.89181857639,
        821.7058788935343
    ],
    "38": [
        6353.9332932692305,
        6804.241248497596
    ],
    "39": [
        2597.415481567383,
        13766.76318359375
    ],
    "40": [
        907.4406516335227,
        16895.751242897728
    ],
    "41": [
        6075.605243389423,
        4919.139516977163
    ],
    "42": [
        10483.047642299107,
        2743.533848353795
    ],
    "43": [
        2108.159236027644,
        4772.439378004808
    ],
    "44": [
        10557.041927083334,
        15388.417317708334
    ],
    "45": [
        18352.05841619318,
        11636.45205965909
    ],
    "46": [
        2921.0440470377603,
        3340.4632364908853
    ],
    "47": [
        24602.623779296875,
        14538.192749023438
    ],
    "48": [
        3792.7381998697915,
        22227.085069444445
    ],
    "49": [
        10821.165559895833,
        5916.18818359375
    ],
    "50": [
        4780.917308134191,
        967.7395881204044
    ],
    "51": [
        10963.846110026041,
        390.43517033259076
    ],
    "52": [
        9709.18798828125,
        9217.912638346354
    ],
    "53": [
        7758.739637586806,
        22018.748697916668
    ],
    "54": [
        1879.1178482055664,
        25198.56796875
    ],
    "55": [
        19996.94050480769,
        5385.110764723558
    ],
    "56": [
        24697.346788194445,
        9328.692599826389
    ],
    "57": [
        10570.569580078125,
        11617.034830729166
    ],
    "58": [
        8054.494733537947,
        18522.169921875
    ],
    "59": [
        765.3939712842306,
        19372.197102864582
    ],
    "60": [
        431.64620231446764,
        2833.4036865234375
    ],
    "61": [
        15995.1672265625,
        1172.0699297332765
    ],
    "62": [
        7143.19453125,
        15862.4541015625
    ],
    "63": [
        1680.6693908691407,
        3295.3516235351563
    ],
    "64": [
        4185.34228515625,
        3219.7574637276784
    ],
    "65": [
        2348.7004917689733,
        9037.248256138393
    ],
    "66": [
        4686.825537109375,
        2391.8844360351563
    ],
    "67": [
        24467.909705528848,
        871.4809300349309
    ],
    "68": [
        15719.210123697916,
        25012.321614583332
    ],
    "69": [
        16521.201888020834,
        3730.5529947916666
    ],
    "70": [
        8824.458984375,
        4526.395958533654
    ],
    "71": [
        18050.1328125,
        7527.192826704545
    ],
    "72": [
        3452.8319373497598,
        480.96096977820764
    ],
    "73": [
        8254.092329545454,
        2006.302001953125
    ],
    "74": [
        4192.307633463542,
        4467.383268229167
    ],
    "75": [
        4934.758544921875,
        6438.302978515625
    ],
    "76": [
        2088.8138137090773,
        7058.886183965774
    ],
    "77": [
        679.2793807249802,
        8321.969463641826
    ],
    "78": [
        458.6540252685547,
        6414.1673828125
    ],
    "79": [
        5503.03271484375,
        172.782013575236
    ]
}