{
    "0": [
        12384.684814453125,
        12233.864013671875
    ],
    "1": [
        2317.9444091796877,
        2419.2688232421874
    ],
    "2": [
        4952.4574788411455,
        4457.076253255208
    ],
    "3": [
        2324.9175148010254,
        23072.60888671875
    ],
    "4": [
        1063.0186026436943,
        5175.99773297991
    ],
    "5": [
        4809.357014973958,
        703.0663604736328
    ],
    "6": [
        16275.212646484375,
        927.2778091430664
    ],
    "7": [
        608.8010280927023,
        2049.6050821940103
    ],
    "8": [
        4972.241943359375,
        8745.235546875
    ],
    "9": [
        4835.596923828125,
        1734.4149780273438
    ],
    "10": [
        20557.4921875,
        588.5550842285156
    ],
    "11": [
        7968.931640625,
        18778.544921875
    ],
    "12": [
        881.1973472322736,
        9218.77329799107
    ],
    "13": [
        17713.31026785714,
        18320.778878348214
    ],
    "14": [
        1372.733154296875,
        9.330373764038086
    ],
    "15": [
        20932.243896484375,
        6569.483581542969
    ],
    "16": [
        2700.7165018717446,
        13585.041015625
    ],
    "17": [
        9695.20200892857,
        6725.020438058035
    ],
    "18": [
        12745.5587890625,
        1212.3047668457032
    ],
    "19": [
        8884.09345703125,
        1652.9809204101562
    ]
}