{
    "0": [
        15791.02401455966,
        1250.458853634921
    ],
    "1": [
        870.3900922261752,
        9248.179743840145
    ],
    "2": [
        18753.40738075658,
        1023.4651609721936
    ],
    "3": [
        9590.819591703868,
        22247.724795386905
    ],
    "4": [
        6542.142020089285,
        366.7205083029611
    ],
    "5": [
        545.8836453755697,
        5508.2436116536455
    ],
    "6": [
        4641.006396484375,
        1252.8130798339844
    ],
    "7": [
        8409.271728515625,
        18982.551669034092
    ],
    "8": [
        3476.06589869449,
        20479.21525493421
    ],
    "9": [
        1907.5993365119484,
        347.65925788879395
    ],
    "10": [
        5468.890174278846,
        7298.473670372596
    ],
    "11": [
        440.5041211446126,
        500.67998962402345
    ],
    "12": [
        4272.4727125901445,
        13523.899864783654
    ],
    "13": [
        8445.204210069445,
        283.12626870473224
    ],
    "14": [
        9211.008707682291,
        8366.821560329861
    ],
    "15": [
        5514.412565104167,
        677.8613527933757
    ],
    "16": [
        10690.43812779018,
        5312.387660435268
    ],
    "17": [
        2809.036036441201,
        5271.054224917763
    ],
    "18": [
        2925.7556592155906,
        24789.292394301472
    ],
    "19": [
        3368.590386284722,
        659.7356291876899
    ],
    "20": [
        1967.781824182581,
        7175.899703414352
    ],
    "21": [
        7055.336647727273,
        6306.337713068182
    ],
    "22": [
        4182.193583170573,
        6498.382405598958
    ],
    "23": [
        13035.933631310096,
        1823.4805462176982
    ],
    "24": [
        15841.43896484375,
        4222.023956298828
    ],
    "25": [
        9530.14248046875,
        2933.4743896484374
    ],
    "26": [
        21270.926649305555,
        1903.5393931070964
    ],
    "27": [
        10213.124368106617,
        11255.39315257353
    ],
    "28": [
        15487.508544921875,
        24389.560302734375
    ],
    "29": [
        7155.87890625,
        15348.306559244791
    ],
    "30": [
        8114.352233886719,
        12596.242370605469
    ],
    "31": [
        2215.2420620388457,
        11267.972981770834
    ],
    "32": [
        1946.8139603226273,
        3504.3462275752313
    ],
    "33": [
        7289.550893930288,
        859.2789553128756
    ],
    "34": [
        9216.414184570313,
        1609.9657745361328
    ],
    "35": [
        24772.16075721154,
        1161.4467268723708
    ],
    "36": [
        13594.907421875,
        9091.67294921875
    ],
    "37": [
        19115.73962983631,
        6592.6526111421135
    ],
    "38": [
        1662.1149256089154,
        1608.26267377068
    ],
    "39": [
        402.7161645889282,
        3493.0569051106772
    ],
    "40": [
        10557.041927083334,
        15388.417317708334
    ],
    "41": [
        7233.351806640625,
        1770.1186401367188
    ],
    "42": [
        11218.634971217105,
        683.2554127542596
    ],
    "43": [
        870.876818429856,
        18104.346214657737
    ],
    "44": [
        4084.485809326172,
        4327.036285400391
    ],
    "45": [
        4073.207852450284,
        2740.4057950106535
    ],
    "46": [
        13735.092712402344,
        12676.264770507813
    ],
    "47": [
        18976.607572115383,
        11755.68817608173
    ],
    "48": [
        6414.84033203125,
        10241.532104492188
    ],
    "49": [
        8533.424053485576,
        4445.417442908654
    ],
    "50": [
        12576.86781529018,
        5676.239467075893
    ],
    "51": [
        16401.778459821428,
        17304.71142578125
    ],
    "52": [
        4705.218948364258,
        17211.040100097656
    ],
    "53": [
        5729.6982421875,
        4998.9319411057695
    ],
    "54": [
        24983.811257102272,
        18171.080788352272
    ],
    "55": [
        24351.060752467107,
        7685.9685701069075
    ],
    "56": [
        422.78592606594685,
        1863.4987600226152
    ],
    "57": [
        990.1180761428107,
        13644.0009765625
    ],
    "58": [
        6358.419976128473,
        3197.98583984375
    ],
    "59": [
        3573.581188964844,
        9073.676049804688
    ]
}