{
    "0": [
        25638.643057193396,
        6788.981657208137
    ],
    "1": [
        12703.610243055555,
        19754.99060329861
    ],
    "2": [
        13988.906905973801,
        11288.494707820391
    ],
    "3": [
        6776.541702460451,
        902.3186428861005
    ],
    "4": [
        23182.463187302215,
        1621.6211019890218
    ],
    "5": [
        20594.810674649532,
        15602.749771831192
    ],
    "6": [
        14114.903280987835,
        1014.6628274773591
    ],
    "7": [
        3569.741794630029,
        7482.154331952676
    ],
    "8": [
        7867.441803520248,
        3685.2834320971247
    ],
    "9": [
        9794.429646809896,
        22470.553173828124
    ],
    "10": [
        4069.0778081529193,
        13675.467669352469
    ],
    "11": [
        1473.3048490631966,
        26037.6539030998
    ],
    "12": [
        6345.817883424084,
        26220.47011126894
    ],
    "13": [
        12210.141809950313,
        6036.198411757976
    ],
    "14": [
        21569.10758272059,
        5552.71552734375
    ],
    "15": [
        12264.145142315423,
        15604.632104349415
    ],
    "16": [
        1165.0483975682848,
        11100.139034148186
    ],
    "17": [
        4538.7702126368295,
        813.5907625942132
    ],
    "18": [
        16115.609549669716,
        16593.83262671494
    ],
    "19": [
        14918.960431690704,
        7364.963581730769
    ],
    "20": [
        995.3994573275248,
        13414.966396484375
    ],
    "21": [
        17878.60437950721,
        3742.063484778771
    ],
    "22": [
        22112.35251266892,
        26182.720386402027
    ],
    "23": [
        11555.86659488515,
        926.3225967374623
    ],
    "24": [
        10988.064302143297,
        3520.586116589998
    ],
    "25": [
        1134.336890908668,
        8847.442801192434
    ],
    "26": [
        10744.967006138393,
        9063.43045828683
    ],
    "27": [
        26600.41056547619,
        1710.1436074029832
    ],
    "28": [
        18483.9030577957,
        21199.849609375
    ],
    "29": [
        7129.1357579385085,
        8527.987137726814
    ],
    "30": [
        754.0451927189656,
        2431.529585767355
    ],
    "31": [
        17060.098354262795,
        1033.908438436137
    ],
    "32": [
        871.1709871467623,
        4439.847189441922
    ],
    "33": [
        9084.430367050656,
        6012.1619134404855
    ],
    "34": [
        1657.8169891460736,
        22479.395546875
    ],
    "35": [
        14679.721711317055,
        3841.603508706035
    ],
    "36": [
        13653.043166257023,
        25402.668034585673
    ],
    "37": [
        4509.7595063606195,
        17725.76012859513
    ],
    "38": [
        5444.7888095137005,
        21304.882118999096
    ],
    "39": [
        3290.7482030997003,
        5006.358172006558
    ],
    "40": [
        5782.173186464337,
        5934.377513170929
    ],
    "41": [
        1266.7127417032837,
        19020.568535476435
    ],
    "42": [
        2816.12747824729,
        2709.5691976461326
    ],
    "43": [
        25646.029766613923,
        13828.046603045887
    ],
    "44": [
        17698.237666856374,
        11652.451055463576
    ],
    "45": [
        919.6591272533689,
        6635.267340113428
    ],
    "46": [
        7380.28060521835,
        15117.483728131678
    ],
    "47": [
        1447.952287774909,
        15996.68657115228
    ],
    "48": [
        4044.972780186831,
        10217.536114893923
    ],
    "49": [
        7030.891057312253,
        11688.397673233696
    ],
    "50": [
        672.8889269136558,
        673.6064729099659
    ],
    "51": [
        25037.62786989796,
        20290.51729910714
    ],
    "52": [
        8997.761748046874,
        1185.7911112529703
    ],
    "53": [
        22034.72548828125,
        10480.97117919922
    ],
    "54": [
        20118.891382929105,
        1216.6076214562602
    ],
    "55": [
        5291.706495436947,
        3056.938076863247
    ],
    "56": [
        10429.907159058179,
        12581.138055335541
    ],
    "57": [
        18201.11702563881,
        7444.208984375
    ],
    "58": [
        2500.517813733829,
        754.6526089418533
    ],
    "59": [
        8607.082587184676,
        18447.55208725527
    ]
}