{
    "0": [
        6831.28525390625,
        4061.1455322265624
    ],
    "1": [
        2017.7748209635417,
        3052.8636067708335
    ],
    "2": [
        889.6389499902725,
        18609.654541015625
    ],
    "3": [
        10048.140576171874,
        10908.441650390625
    ],
    "4": [
        13532.710751488095,
        10780.259579613095
    ],
    "5": [
        12903.0703125,
        811.0706507364908
    ],
    "6": [
        3637.6673095703127,
        2830.1986328125
    ],
    "7": [
        9672.82001953125,
        19073.7744140625
    ],
    "8": [
        2647.5786481584823,
        3239.2746930803573
    ],
    "9": [
        9209.59013671875,
        22267.436588541666
    ],
    "10": [
        11044.674397786459,
        6099.45263671875
    ],
    "11": [
        4569.559521484375,
        3805.8553955078123
    ],
    "12": [
        4632.3769938151045,
        19997.051432291668
    ],
    "13": [
        4177.439721679688,
        16929.44814453125
    ],
    "14": [
        3636.895751953125,
        4359.348724365234
    ],
    "15": [
        13924.702758789063,
        25445.607421875
    ],
    "16": [
        9858.159553079044,
        15130.48259420956
    ],
    "17": [
        793.999685990183,
        7480.171669407895
    ],
    "18": [
        16573.85373263889,
        4271.444444444444
    ],
    "19": [
        11368.92196377841,
        483.97817785089666
    ],
    "20": [
        1283.0686296735491,
        1641.1749616350446
    ],
    "21": [
        1649.9549734933037,
        3742.408360072545
    ],
    "22": [
        1227.6114937918526,
        463.39214297703336
    ],
    "23": [
        14544.455788352272,
        15080.034801136364
    ],
    "24": [
        4529.429443359375,
        629.1316940784454
    ],
    "25": [
        19507.463704427082,
        773.9547750155131
    ],
    "26": [
        3273.343276977539,
        5991.4796142578125
    ],
    "27": [
        21779.298076923078,
        5428.82666015625
    ],
    "28": [
        9081.960266113281,
        3409.696090698242
    ],
    "29": [
        4674.376236979167,
        1557.2574055989583
    ],
    "30": [
        7290.717746310764,
        665.4129771126641
    ],
    "31": [
        409.91220207214354,
        3637.38828125
    ],
    "32": [
        3401.9879069010417,
        11056.9943359375
    ],
    "33": [
        8549.664588341346,
        370.42026255680963
    ],
    "34": [
        13715.112723214286,
        19145.19893973214
    ],
    "35": [
        7784.302842881944,
        19837.278428819445
    ],
    "36": [
        24544.92890625,
        8202.719694010417
    ],
    "37": [
        2657.022206624349,
        20996.606770833332
    ],
    "38": [
        3073.8373209635415,
        475.731299718221
    ],
    "39": [
        9296.845772879464,
        1640.9890311104912
    ],
    "40": [
        7983.340265447443,
        9232.119784268465
    ],
    "41": [
        2462.3035095214846,
        7564.538720703125
    ],
    "42": [
        633.8430189652877,
        5371.82148881392
    ],
    "43": [
        5473.2218017578125,
        2478.417765299479
    ],
    "44": [
        5391.96404157366,
        6940.546944754465
    ],
    "45": [
        389.60563590309835,
        1239.4694102894175
    ],
    "46": [
        2981.215512084961,
        25070.936458333334
    ],
    "47": [
        6693.530866350447,
        16778.933175223214
    ],
    "48": [
        11727.08363560268,
        2652.6579938616073
    ],
    "49": [
        7577.982396175987,
        12846.219418174342
    ],
    "50": [
        388.33917117118835,
        2277.0847676595054
    ],
    "51": [
        17627.856534090908,
        1472.949165170843
    ],
    "52": [
        6645.613902698864,
        6110.940474076705
    ],
    "53": [
        1980.394496372768,
        13402.268973214286
    ],
    "54": [
        18976.607572115383,
        11755.68817608173
    ],
    "55": [
        484.4504674275716,
        502.20299530029297
    ],
    "56": [
        21947.84347098214,
        530.616459437779
    ],
    "57": [
        3170.7011369977677,
        1675.0064522879463
    ],
    "58": [
        7668.085693359375,
        1696.8848876953125
    ],
    "59": [
        2316.087512207031,
        4856.937890625
    ],
    "60": [
        9200.133626302084,
        5865.7253824869795
    ],
    "61": [
        25538.647786458332,
        17543.599175347223
    ],
    "62": [
        4924.6618245442705,
        5237.2001546223955
    ],
    "63": [
        25070.430575284092,
        1345.4546869451349
    ],
    "64": [
        176.5271324157715,
        236.22048797607422
    ],
    "65": [
        14149.933416193182,
        2451.6630859375
    ],
    "66": [
        1368.5419108072917,
        2836.8971354166665
    ],
    "67": [
        16073.416870117188,
        2534.448776245117
    ],
    "68": [
        566.2263488769531,
        15001.024088541666
    ],
    "69": [
        9813.841796875,
        43.91875534057617
    ],
    "70": [
        6041.630929129465,
        575.86217716762
    ],
    "71": [
        4127.527898615057,
        13767.882191051136
    ],
    "72": [
        1081.2717163085938,
        12076.42607421875
    ],
    "73": [
        13165.65122767857,
        5481.964111328125
    ],
    "74": [
        4303.439263237848,
        8928.957546657986
    ],
    "75": [
        19010.917534722223,
        18898.15158420139
    ],
    "76": [
        1266.358180294866,
        9748.646059782608
    ],
    "77": [
        15513.1025390625,
        859.0347002469576
    ],
    "78": [
        18231.564453125,
        7018.92236328125
    ],
    "79": [
        2021.9927408854167,
        496.5689511617025
    ]
}