{
    "0": [
        3332.18525390625,
        11020.851302083332
    ],
    "1": [
        1269.1525909423829,
        13550.885091145834
    ],
    "2": [
        2789.488983154297,
        9022.963256835938
    ],
    "3": [
        2628.5416056315103,
        7259.413275824652
    ],
    "4": [
        24661.048502604168,
        907.0586204528809
    ],
    "5": [
        2039.6954833984375,
        3326.254638671875
    ],
    "6": [
        12691.282470703125,
        898.2441787719727
    ],
    "7": [
        17748.997178819445,
        1739.006130642361
    ],
    "8": [
        4584.888984375,
        4908.79443359375
    ],
    "9": [
        13444.71142578125,
        9422.812418619791
    ],
    "10": [
        10815.61872944079,
        958.7795858885113
    ],
    "11": [
        4226.734828404018,
        14243.30970982143
    ],
    "12": [
        5716.346148947011,
        714.4344497348951
    ],
    "13": [
        16147.865931919643,
        990.6263655253819
    ],
    "14": [
        15923.956612723214,
        24474.168526785714
    ],
    "15": [
        2824.402065979807,
        20331.66642680921
    ],
    "16": [
        1087.814673790565,
        3796.7020733173076
    ],
    "17": [
        2291.013951982771,
        24789.154157366072
    ],
    "18": [
        21239.538529829544,
        13434.183416193182
    ],
    "19": [
        1063.2031733194988,
        11179.5005859375
    ],
    "20": [
        11131.16787997159,
        5921.901012073864
    ],
    "21": [
        18013.8671875,
        6808.0403395432695
    ],
    "22": [
        20644.684151785714,
        3463.241385323661
    ],
    "23": [
        1227.879846909467,
        1722.9672348920037
    ],
    "24": [
        5169.159350585937,
        2701.2827575683596
    ],
    "25": [
        8798.130703125,
        812.7545182037353
    ],
    "26": [
        455.90781348092213,
        1135.4724600655693
    ],
    "27": [
        617.0353465360754,
        5067.297593060662
    ],
    "28": [
        7389.151077835648,
        1006.251283786915
    ],
    "29": [
        14415.77109375,
        1905.6581624348958
    ],
    "30": [
        5713.9263916015625,
        6784.365380859375
    ],
    "31": [
        7348.908721923828,
        5302.322189331055
    ],
    "32": [
        19997.715885416666,
        539.576485824585
    ],
    "33": [
        380.35962295532227,
        349.167085127397
    ],
    "34": [
        12581.6640625,
        3872.9190979003906
    ],
    "35": [
        6966.191064453125,
        23852.52890625
    ],
    "36": [
        681.2686366505093,
        8808.719346788195
    ],
    "37": [
        24763.279871323528,
        7228.362362132353
    ],
    "38": [
        10301.888982599432,
        21182.565163352272
    ],
    "39": [
        20858.427734375,
        7514.319580078125
    ],
    "40": [
        4175.165066189236,
        955.0036120944553
    ],
    "41": [
        5115.633117675781,
        9131.083770751953
    ],
    "42": [
        2186.1476614815847,
        538.42947775977
    ],
    "43": [
        15440.361393229166,
        17078.394401041667
    ],
    "44": [
        6307.296421595982,
        18826.69494047619
    ],
    "45": [
        16050.93134014423,
        4093.79541015625
    ],
    "46": [
        2776.2550048828125,
        5122.134114583333
    ],
    "47": [
        7947.381487165178,
        12075.225341796875
    ],
    "48": [
        1547.398193359375,
        6665.712158203125
    ],
    "49": [
        7971.219950358073,
        16139.646565755209
    ],
    "50": [
        192.81790466308593,
        15039.5943359375
    ],
    "51": [
        381.7006259494358,
        6408.038140190973
    ],
    "52": [
        287.7561774253845,
        2621.354230608259
    ],
    "53": [
        9089.932744565218,
        8978.093325407608
    ],
    "54": [
        1239.3367443084717,
        17779.6828125
    ],
    "55": [
        8968.081240699405,
        3376.4331984747023
    ],
    "56": [
        15944.024332682291,
        11683.637125651041
    ],
    "57": [
        25232.445746527777,
        18965.452799479168
    ],
    "58": [
        11487.991566051136,
        13281.7978515625
    ],
    "59": [
        3381.152027803309,
        2908.6452349494484
    ]
}