{
    "0": [
        24819.17223914195,
        1246.5837423558962
    ],
    "1": [
        3481.7089297166513,
        4728.220746851679
    ],
    "2": [
        10031.411887428978,
        2702.7686952533145
    ],
    "3": [
        16930.135519975673,
        922.9778993286773
    ],
    "4": [
        4542.531574041193,
        1831.1641912286932
    ],
    "5": [
        702.8740134239197,
        7328.589533266814
    ],
    "6": [
        15807.662841796875,
        8573.332487686821
    ],
    "7": [
        16330.472631526898,
        20578.087025316454
    ],
    "8": [
        18873.890930706522,
        11637.224014945652
    ],
    "9": [
        14822.400795541158,
        16173.841653963415
    ],
    "10": [
        1227.7173013762226,
        19162.198480561023
    ],
    "11": [
        12725.231675633844,
        9486.261110701651
    ],
    "12": [
        8335.580129912405,
        2244.0174486564865
    ],
    "13": [
        2559.107610388647,
        7644.493389660799
    ],
    "14": [
        5956.655895602318,
        617.9904594882842
    ],
    "15": [
        24624.981954823368,
        18235.569548233696
    ],
    "16": [
        5083.965158881871,
        3807.4486508200353
    ],
    "17": [
        896.2140858367432,
        11610.998166106468
    ],
    "18": [
        14517.344852570564,
        12465.356833837366
    ],
    "19": [
        18372.764453125,
        7112.066755022322
    ],
    "20": [
        9776.724718408677,
        9022.281287924758
    ],
    "21": [
        4591.051739191605,
        18949.12721795551
    ],
    "22": [
        1995.0459014703029,
        3583.3528605395963
    ],
    "23": [
        19757.509043236303,
        16647.944897795376
    ],
    "24": [
        11036.172102548544,
        15250.34584534284
    ],
    "25": [
        4316.112641433189,
        6433.355649750808
    ],
    "26": [
        12153.510879088784,
        2167.4172500182535
    ],
    "27": [
        15084.210695519912,
        5100.888455821349
    ],
    "28": [
        26093.150192481884,
        5557.562786599864
    ],
    "29": [
        10772.543405330882,
        19894.829411764706
    ],
    "30": [
        6026.312754755435,
        26261.633406929348
    ],
    "31": [
        4336.9287744537605,
        9040.138048621697
    ],
    "32": [
        12161.564507885514,
        4106.473190165012
    ],
    "33": [
        445.0186846536487,
        586.0568863420344
    ],
    "34": [
        2726.435289277805,
        1451.8899358313854
    ],
    "35": [
        8364.852511498237,
        7386.40566327495
    ],
    "36": [
        631.1624440718623,
        5367.958443947209
    ],
    "37": [
        2739.073640688004,
        10063.518970514113
    ],
    "38": [
        7106.815778459822,
        21924.312883649553
    ],
    "39": [
        7018.24111566311,
        3932.481264688135
    ],
    "40": [
        1630.5895238866144,
        529.0251370776783
    ],
    "41": [
        12987.61226222826,
        6467.672108525815
    ],
    "42": [
        24777.937586167278,
        13232.287209903492
    ],
    "43": [
        6263.746142578125,
        2315.4392606295073
    ],
    "44": [
        1811.3070232457128,
        22160.203838900863
    ],
    "45": [
        2316.025022730334,
        5634.106593480604
    ],
    "46": [
        17748.535648704594,
        3516.4634832398506
    ],
    "47": [
        455.37296088624237,
        2127.2853608972887
    ],
    "48": [
        5143.140362700155,
        11830.812669486053
    ],
    "49": [
        13794.111887171648,
        723.511897277141
    ],
    "50": [
        7641.140696894172,
        648.9944470001876
    ],
    "51": [
        9578.03683110719,
        658.702223371434
    ],
    "52": [
        6408.828389830508,
        5649.055134401483
    ],
    "53": [
        3515.8426031068316,
        2909.2121033187987
    ],
    "54": [
        21168.779933286518,
        4514.630941669593
    ],
    "55": [
        2907.645489291487,
        368.6613494001586
    ],
    "56": [
        7829.927961253156,
        10995.464409722223
    ],
    "57": [
        20381.59175832648,
        1034.3769397625797
    ],
    "58": [
        7846.301053560697,
        17530.716374323918
    ],
    "59": [
        7834.36091265762,
        13919.765153851426
    ],
    "60": [
        685.1758577559901,
        16530.281811739493
    ],
    "61": [
        4950.648058302859,
        14727.492779670878
    ],
    "62": [
        12697.364583333334,
        24917.377122961956
    ],
    "63": [
        1384.3282530648369,
        25975.55305631868
    ],
    "64": [
        4306.409483766842,
        521.4730374134944
    ],
    "65": [
        10555.156146709736,
        11998.868126502404
    ],
    "66": [
        6403.625267767137,
        9266.127793178763
    ],
    "67": [
        805.3953287776228,
        9265.651776218914
    ],
    "68": [
        22418.589771412036,
        8112.339560426311
    ],
    "69": [
        3018.0478312174478,
        12637.440964471727
    ],
    "70": [
        916.3291518166661,
        13886.57592163086
    ],
    "71": [
        14674.244972229004,
        2296.241371154785
    ],
    "72": [
        10569.999757946047,
        6122.47414196047
    ],
    "73": [
        2792.4379009281824,
        16075.982654816513
    ],
    "74": [
        5773.642172138343,
        7285.73734857795
    ],
    "75": [
        504.12254236612097,
        3702.985546586076
    ],
    "76": [
        8983.367226705064,
        4561.721317931683
    ],
    "77": [
        21839.93382626488,
        23921.36779203869
    ],
    "78": [
        11638.406119279036,
        642.400821456759
    ],
    "79": [
        1579.7811424811155,
        2016.8571817764384
    ]
}