{
    "0": [
        20491.251171875,
        13211.164778645832
    ],
    "1": [
        12821.363671875,
        948.7214205423991
    ],
    "2": [
        2544.1194508870444,
        3321.4211222330728
    ],
    "3": [
        2981.215512084961,
        25070.936458333334
    ],
    "4": [
        20013.857954545456,
        1368.590485052629
    ],
    "5": [
        24260.172183388157,
        7447.1261564555925
    ],
    "6": [
        430.3507926247337,
        568.9717471960819
    ],
    "7": [
        5854.956918569712,
        6692.2802734375
    ],
    "8": [
        3088.2933192099295,
        8163.0755260836695
    ],
    "9": [
        1645.753254594474,
        10917.311456088362
    ],
    "10": [
        735.2322825113932,
        5710.601692708334
    ],
    "11": [
        5332.150860126202,
        4585.498516376202
    ],
    "12": [
        7173.21376953125,
        839.0786397722032
    ],
    "13": [
        16321.500200320514,
        2213.8334901760786
    ],
    "14": [
        1585.278388528263,
        1637.4457864200367
    ],
    "15": [
        18601.168898809523,
        7197.496303013393
    ],
    "16": [
        918.5369482040405,
        3671.120361328125
    ],
    "17": [
        4491.762727436267,
        891.9506927289461
    ],
    "18": [
        1984.2530641909,
        13856.5810546875
    ],
    "19": [
        7964.221510667067,
        16452.333270733172
    ],
    "20": [
        12156.132579985118,
        3150.57332938058
    ],
    "21": [
        2989.4466710244455,
        5475.806089339718
    ],
    "22": [
        5382.8104440789475,
        17971.86441200658
    ],
    "23": [
        9580.3628874748,
        21596.55802671371
    ],
    "24": [
        4687.010791015625,
        2632.5334228515626
    ],
    "25": [
        12887.2494921875,
        6967.800546875
    ],
    "26": [
        15964.0841796875,
        21165.242057291667
    ],
    "27": [
        3088.711415195465,
        20839.6083984375
    ],
    "28": [
        25232.445746527777,
        18965.452799479168
    ],
    "29": [
        5170.044934082031,
        10782.36708984375
    ],
    "30": [
        9027.022243923611,
        4994.5335376880785
    ],
    "31": [
        846.6960730325608,
        8453.865001860118
    ],
    "32": [
        2190.712099609375,
        452.3899799346924
    ],
    "33": [
        9342.836724175348,
        1353.4022558000352
    ],
    "34": [
        13521.9529296875,
        13265.50732421875
    ],
    "35": [
        24617.78097098214,
        1355.2734429495674
    ],
    "36": [
        403.05138806735766,
        2089.3419763901657
    ],
    "37": [
        8957.93513734879,
        12620.809822328629
    ],
    "38": [
        1074.0867478743844,
        17744.029891304348
    ],
    "39": [
        8818.283239293982,
        9147.510959201389
    ]
}