{
    "0": [
        4626.891708746189,
        1446.5669931086097
    ],
    "1": [
        8412.81853515625,
        1329.5679019419351
    ],
    "2": [
        10854.67632630814,
        5489.610056322675
    ],
    "3": [
        1987.545161176235,
        8474.247392370346
    ],
    "4": [
        23576.561789772728,
        10715.35733309659
    ],
    "5": [
        6325.350795200893,
        16646.797014508928
    ],
    "6": [
        8469.659855143229,
        10685.606518554687
    ],
    "7": [
        14582.224474676725,
        10883.076070851293
    ],
    "8": [
        1122.920364684247,
        2165.9532121293087
    ],
    "9": [
        21163.644661458333,
        18990.049609375
    ],
    "10": [
        19051.5068359375,
        6277.8050853587965
    ],
    "11": [
        17092.109497070313,
        1714.0674980481465
    ],
    "12": [
        2593.551219318224,
        21762.5703125
    ],
    "13": [
        13958.79599609375,
        24828.8154296875
    ],
    "14": [
        4745.8832792394305,
        5541.905485983456
    ],
    "15": [
        9120.574103860294,
        20625.898724724266
    ],
    "16": [
        1879.9913132279007,
        14088.870750144675
    ],
    "17": [
        12646.616231715425,
        1541.977165871478
    ],
    "18": [
        23846.840970552883,
        2217.554955115685
    ],
    "19": [
        12252.076135706018,
        15452.576171875
    ]
}