{
    "0": [
        23143.75180785124,
        22163.27747288223
    ],
    "1": [
        2884.403814536117,
        1094.5445022698086
    ],
    "2": [
        1497.0171100276334,
        17990.426689521417
    ],
    "3": [
        767.9877912703233,
        904.3964175764021
    ],
    "4": [
        4361.86613045158,
        7176.389266874618
    ],
    "5": [
        12714.010198376225,
        19440.19227175245
    ],
    "6": [
        12095.973350899174,
        1077.6115625156547
    ],
    "7": [
        14695.701629498468,
        1707.9278628767722
    ],
    "8": [
        1021.581314957228,
        3312.0300067819016
    ],
    "9": [
        13848.211138556986,
        13260.208872096424
    ],
    "10": [
        9671.966346471703,
        1495.9946837771595
    ],
    "11": [
        18389.49197761194,
        10385.731837395057
    ],
    "12": [
        23393.69957784473,
        14825.542075392377
    ],
    "13": [
        7574.660378354179,
        4733.241275017165
    ],
    "14": [
        5123.275045378312,
        1264.7907341786054
    ],
    "15": [
        4038.6604349262957,
        3923.686848604121
    ],
    "16": [
        20353.126490542763,
        5728.165894839638
    ],
    "17": [
        12680.531688046554,
        8964.636099858539
    ],
    "18": [
        8459.905024471962,
        24276.955464118084
    ],
    "19": [
        1463.1611023829978,
        11437.003919577775
    ],
    "20": [
        5042.891571412603,
        10848.10700860081
    ],
    "21": [
        17759.630530155067,
        16768.97968823982
    ],
    "22": [
        15643.885068696121,
        24162.670483117818
    ],
    "23": [
        25565.630878971573,
        2401.484930048021
    ],
    "24": [
        6227.442206021013,
        19353.39126000616
    ],
    "25": [
        1207.2435707599232,
        5816.175452715085
    ],
    "26": [
        15777.583865887966,
        5811.3746927936945
    ],
    "27": [
        2223.5851699141786,
        25886.198066711426
    ],
    "28": [
        17902.294315613977,
        1693.4333660573661
    ],
    "29": [
        24840.051996527778,
        8694.095598958333
    ],
    "30": [
        9290.553273346464,
        11948.618461996823
    ],
    "31": [
        8346.493063698003,
        8298.421296709319
    ],
    "32": [
        1241.894799070672,
        14436.901865528427
    ],
    "33": [
        1226.6235362576656,
        8518.159647156763
    ],
    "34": [
        21592.834842891483,
        1415.278169134202
    ],
    "35": [
        1846.554514806411,
        21663.246626838234
    ],
    "36": [
        9222.460103785737,
        15903.155263048537
    ],
    "37": [
        5009.071653471662,
        14829.408269790705
    ],
    "38": [
        11613.479691485969,
        4928.026024465311
    ],
    "39": [
        7321.353443309173,
        1303.459774315868
    ]
}