{
    "0": [
        8257.690598566729,
        19590.186016799813
    ],
    "1": [
        655.1273766712369,
        7164.383556425883
    ],
    "2": [
        7578.416815575133,
        5936.960542719415
    ],
    "3": [
        24022.481230945123,
        24679.748475609755
    ],
    "4": [
        773.6216103626779,
        8727.876378166606
    ],
    "5": [
        550.4429238262435,
        4184.681016442811
    ],
    "6": [
        11608.839893148102,
        673.1404792678031
    ],
    "7": [
        21890.8259765625,
        3085.176751239483
    ],
    "8": [
        13331.649034288195,
        25592.09956597222
    ],
    "9": [
        3073.8764285289258,
        12617.215291778673
    ],
    "10": [
        1375.5445693067836,
        21540.832508484164
    ],
    "11": [
        5517.329597981771,
        14386.924339657739
    ],
    "12": [
        11130.101593431844,
        2536.0897310697114
    ],
    "13": [
        2114.300435601013,
        2181.39198807511
    ],
    "14": [
        2725.273809983325,
        674.871720387766
    ],
    "15": [
        8192.061585669424,
        677.5016210484349
    ],
    "16": [
        11170.51488530585,
        8832.071237117687
    ],
    "17": [
        16819.72947265625,
        1048.0787716827392
    ],
    "18": [
        12331.935865911355,
        6264.815859608441
    ],
    "19": [
        20194.71995785362,
        7846.76129792866
    ],
    "20": [
        22535.275594682837,
        15169.791226970616
    ],
    "21": [
        26870.686011904763,
        6501.155828566778
    ],
    "22": [
        1077.1727202155373,
        24189.429184422348
    ],
    "23": [
        953.1740350974341,
        13459.781196489726
    ],
    "24": [
        14947.501794537928,
        2776.58151427701
    ],
    "25": [
        18877.108695278082,
        1112.86843804444
    ],
    "26": [
        5374.43448982658,
        679.8778812033789
    ],
    "27": [
        878.4010973641676,
        11881.57083722015
    ],
    "28": [
        11020.19243964947,
        11535.517448950066
    ],
    "29": [
        8469.9317399021,
        4123.211082363524
    ],
    "30": [
        14820.313003305288,
        16754.812289663463
    ],
    "31": [
        23388.59630681818,
        9716.429927201705
    ],
    "32": [
        4456.506583604237,
        24078.52691117869
    ],
    "33": [
        6151.454792194539,
        7984.673946896115
    ],
    "34": [
        12486.262505073051,
        13928.346939681413
    ],
    "35": [
        3112.5339217748397,
        18590.452674278848
    ],
    "36": [
        24245.126964285715,
        1321.1240340805905
    ],
    "37": [
        11046.507298177083,
        17227.751725260416
    ],
    "38": [
        21186.63947610294,
        861.5244113238738
    ],
    "39": [
        5273.9395759262725,
        21128.149186002993
    ],
    "40": [
        3963.96875,
        4656.16153374725
    ],
    "41": [
        8534.564183974848,
        8023.659391673018
    ],
    "42": [
        18056.595901489258,
        15417.486755371094
    ],
    "43": [
        27275.94588307584,
        1572.9685834284578
    ],
    "44": [
        19930.069021451272,
        11976.984466035487
    ],
    "45": [
        16672.466574928978,
        20093.302401455967
    ],
    "46": [
        2181.7755102104206,
        4171.1353247256675
    ],
    "47": [
        14705.0619609375,
        648.9649416646957
    ],
    "48": [
        5592.267227534434,
        17650.443512107522
    ],
    "49": [
        8843.1591443048,
        10474.46627321105
    ],
    "50": [
        669.7905219761542,
        5598.231497377072
    ],
    "51": [
        975.5014407329323,
        16951.5122635266
    ],
    "52": [
        7912.484377743153,
        16290.16980666257
    ],
    "53": [
        3534.810208992616,
        15402.011211926425
    ],
    "54": [
        732.0545814148451,
        19206.280927237818
    ],
    "55": [
        6227.7664478443285,
        4177.430729166666
    ],
    "56": [
        6742.050957387985,
        10113.918566281392
    ],
    "57": [
        15157.7802734375,
        5110.0081979851975
    ],
    "58": [
        19995.224717881945,
        4715.59588849103
    ],
    "59": [
        663.065065994703,
        10309.873632131968
    ],
    "60": [
        1028.7391425380783,
        15129.990143806705
    ],
    "61": [
        3980.8369256096917,
        6803.338034140097
    ],
    "62": [
        12875.159682151192,
        3935.9244298657936
    ],
    "63": [
        1697.827870644412,
        27271.983028671115
    ],
    "64": [
        10331.64507081193,
        4290.059497850671
    ],
    "65": [
        23575.909698275864,
        5328.318399784483
    ],
    "66": [
        3961.764324663023,
        848.721742020912
    ],
    "67": [
        17404.624746417474,
        6535.516466678177
    ],
    "68": [
        26535.313762019232,
        12272.710997596154
    ],
    "69": [
        3619.229971244293,
        2697.952203476759
    ],
    "70": [
        14493.538446736453,
        7847.639429552802
    ],
    "71": [
        5189.842485541802,
        2505.3665435394682
    ],
    "72": [
        26045.249373525945,
        18741.648234817218
    ],
    "73": [
        9562.523717661374,
        13890.78419569672
    ],
    "74": [
        5093.37030257229,
        11756.375299857365
    ],
    "75": [
        1479.1339829008457,
        559.7240650424008
    ],
    "76": [
        20599.888452148436,
        19644.82451171875
    ],
    "77": [
        7447.592979029605,
        12964.797988623903
    ],
    "78": [
        2642.6215869800462,
        10375.923805030616
    ],
    "79": [
        12898.557058086832,
        20790.430567151718
    ],
    "80": [
        6748.51741731381,
        715.3384857684553
    ],
    "81": [
        7981.30569536258,
        26592.9146885016
    ],
    "82": [
        17549.68340287642,
        3587.3614790482957
    ],
    "83": [
        17345.97070950776,
        9780.962392769608
    ],
    "84": [
        5645.36847324445,
        5902.7745686534745
    ],
    "85": [
        9912.883849229858,
        6255.4653042617
    ],
    "86": [
        18305.918348524305,
        24273.00425889757
    ],
    "87": [
        540.9037691200289,
        1714.7373751508512
    ],
    "88": [
        9908.03566935911,
        674.7846811997689
    ],
    "89": [
        721.5252231839839,
        2965.6285735182623
    ],
    "90": [
        13752.144089865818,
        10510.270976783193
    ],
    "91": [
        9259.442740885417,
        22694.383268229165
    ],
    "92": [
        2551.9930323745266,
        8063.179764441288
    ],
    "93": [
        7131.325018442822,
        2488.843718632087
    ],
    "94": [
        392.0667672109219,
        476.20533949377074
    ],
    "95": [
        15587.33611446099,
        12985.389504247063
    ],
    "96": [
        9075.446215252543,
        2307.185619738675
    ],
    "97": [
        4447.806422610124,
        9244.328379050392
    ],
    "98": [
        13145.24466245229,
        1210.1738832488315
    ],
    "99": [
        2307.97627908123,
        6008.725522784404
    ]
}