{
    "0": [
        16324.894635881696,
        3626.644223167783
    ],
    "1": [
        4977.173531954406,
        549.2960844225571
    ],
    "2": [
        23046.586981411638,
        7747.766980401401
    ],
    "3": [
        19215.32660845588,
        9137.042319623162
    ],
    "4": [
        12661.94000771605,
        6614.669861593364
    ],
    "5": [
        708.5892558135386,
        7743.912616879921
    ],
    "6": [
        6441.710698784722,
        9025.919829644097
    ],
    "7": [
        11542.749240451389,
        1867.6483440634645
    ],
    "8": [
        785.5955010175705,
        14876.652351262019
    ],
    "9": [
        8529.56583357446,
        5813.895501784336
    ],
    "10": [
        7473.128484552557,
        692.4360518527753
    ],
    "11": [
        14632.676205283717,
        16226.255628083882
    ],
    "12": [
        21933.411987304688,
        12192.531534830729
    ],
    "13": [
        1268.9438443507963,
        23660.844110285194
    ],
    "14": [
        3538.701925298219,
        17762.526146673386
    ],
    "15": [
        3787.1666245734555,
        20919.592403017243
    ],
    "16": [
        13560.21634891055,
        784.8384813999911
    ],
    "17": [
        4470.530571039576,
        1880.8401912494298
    ],
    "18": [
        7869.189898947011,
        13753.305765964675
    ],
    "19": [
        14345.096826171875,
        20822.8568359375
    ],
    "20": [
        8398.51570209704,
        2033.3804456208882
    ],
    "21": [
        922.9012159617631,
        10897.989715362763
    ],
    "22": [
        14164.642865953947,
        2429.925841642681
    ],
    "23": [
        2934.3848179408483,
        11386.827486195958
    ],
    "24": [
        26880.730040015245,
        1440.1702574055369
    ],
    "25": [
        14288.635512408087,
        12432.772495404412
    ],
    "26": [
        3799.8382649739583,
        515.3602978317825
    ],
    "27": [
        11867.479425603693,
        4303.888336181641
    ],
    "28": [
        1487.1430541992188,
        1965.3405843098958
    ],
    "29": [
        19255.09162808642,
        730.0709607571731
    ],
    "30": [
        21481.326723345588,
        1310.8745013826033
    ],
    "31": [
        26448.49498314951,
        5746.340059168198
    ],
    "32": [
        23098.17938232422,
        23709.696533203125
    ],
    "33": [
        8922.6480390625,
        556.5470330181122
    ],
    "34": [
        3553.125212081755,
        7258.436967329545
    ],
    "35": [
        478.8179410210971,
        3166.4045359644397
    ],
    "36": [
        10764.994306144068,
        22481.745233050846
    ],
    "37": [
        19662.06648137019,
        15669.470966045674
    ],
    "38": [
        3167.882549176897,
        5140.2515869140625
    ],
    "39": [
        1724.755884970388,
        4882.375224451865
    ],
    "40": [
        12425.404793432202,
        2914.1079432600636
    ],
    "41": [
        6951.015814208984,
        2559.3498291015626
    ],
    "42": [
        8810.015517816311,
        7995.909497268801
    ],
    "43": [
        12054.897960069444,
        558.4672589990828
    ],
    "44": [
        5313.582192332474,
        7511.137378181379
    ],
    "45": [
        23221.63315716912,
        3982.60808727788
    ],
    "46": [
        20398.520823317307,
        5440.882391826923
    ],
    "47": [
        980.3995849944297,
        17443.80816747272
    ],
    "48": [
        25926.331640625,
        13146.047417534723
    ],
    "49": [
        1178.5256232211464,
        20290.442108689695
    ],
    "50": [
        15590.490440802845,
        1046.8966771024998
    ],
    "51": [
        17396.97577293883,
        952.4704578582276
    ],
    "52": [
        18748.03736636513,
        3367.4980789987662
    ],
    "53": [
        786.7777373675642,
        9119.607886584052
    ],
    "54": [
        7286.533702895221,
        20001.83046875
    ],
    "55": [
        9806.14385431463,
        4259.12905328924
    ],
    "56": [
        3393.7540163133967,
        3359.0400230532787
    ],
    "57": [
        2613.910956598097,
        9118.16371204007
    ],
    "58": [
        10933.479762917697,
        15149.739451191213
    ],
    "59": [
        2393.0264571507773,
        27077.8037109375
    ],
    "60": [
        4824.541596809319,
        12791.407390763274
    ],
    "61": [
        2135.566229248047,
        6938.916852678572
    ],
    "62": [
        23969.92878844246,
        859.0073035936507
    ],
    "63": [
        8891.191712845204,
        10293.213004178779
    ],
    "64": [
        6170.747270372179,
        643.3556394908163
    ],
    "65": [
        6589.289025648585,
        6181.717778043927
    ],
    "66": [
        6674.526627974076,
        11202.410666725853
    ],
    "67": [
        6670.641592764639,
        4273.577210022522
    ],
    "68": [
        17789.358269942433,
        12491.130011307565
    ],
    "69": [
        4303.989602113382,
        9656.419913528312
    ],
    "70": [
        10354.009765625,
        600.0722385600761
    ],
    "71": [
        10562.693348019622,
        6217.2458098655525
    ],
    "72": [
        3200.001480594758,
        1904.6203219506049
    ],
    "73": [
        9173.528145926339,
        26513.624488467263
    ],
    "74": [
        2608.555272344333,
        324.66714555291986
    ],
    "75": [
        915.7870167345783,
        12811.418670853758
    ],
    "76": [
        14993.250785495924,
        8981.776069972826
    ],
    "77": [
        2353.8585319519043,
        1244.5183925628662
    ],
    "78": [
        4810.7307151938385,
        5536.865340322818
    ],
    "79": [
        4960.973911253874,
        3629.1038909155477
    ],
    "80": [
        10636.152954101563,
        12066.099182128906
    ],
    "81": [
        5704.136733697385,
        2253.0457265425703
    ],
    "82": [
        1413.2701733831823,
        560.0626905091416
    ],
    "83": [
        9870.318064563678,
        2339.291958790905
    ],
    "84": [
        437.83226501763755,
        4569.798653218284
    ],
    "85": [
        8342.520884638247,
        3675.8698120117188
    ],
    "86": [
        16476.26417335304,
        25411.14870143581
    ],
    "87": [
        514.7635748761974,
        6095.818215566139
    ],
    "88": [
        10033.909521484375,
        18465.22275390625
    ],
    "89": [
        11901.289948640046,
        9328.324214228878
    ],
    "90": [
        1928.05681450933,
        3324.8822609880845
    ],
    "91": [
        427.85615783858015,
        1885.8531648566925
    ],
    "92": [
        17351.83955368193,
        6612.261211130879
    ],
    "93": [
        18457.896344866072,
        19366.07306780134
    ],
    "94": [
        386.8285755507221,
        526.3413228106393
    ],
    "95": [
        6065.20301282728,
        23589.53146114865
    ],
    "96": [
        6572.457297585227,
        16691.942609690657
    ],
    "97": [
        3350.281753540039,
        14656.128273010254
    ],
    "98": [
        14432.662677375638,
        5311.7700793207905
    ],
    "99": [
        24357.418646364797,
        17978.205915178572
    ]
}