{
    "0": [
        12434.485960144928,
        19000.465901692707
    ],
    "1": [
        3729.519539178419,
        3780.768418264015
    ],
    "2": [
        11061.169273591984,
        1166.9772257636496
    ],
    "3": [
        9030.87816483347,
        15530.291637541119
    ],
    "4": [
        7706.6130698915085,
        8064.874209778048
    ],
    "5": [
        15653.194885084833,
        8357.179580646209
    ],
    "6": [
        19481.933277209053,
        11210.144793911639
    ],
    "7": [
        4975.9099344282,
        14791.410737450444
    ],
    "8": [
        22807.282514728482,
        22498.391793673156
    ],
    "9": [
        19456.55061926096,
        5818.5859739475345
    ],
    "10": [
        1809.0981313210946,
        21531.766795970776
    ],
    "11": [
        14241.863188018306,
        1195.3068697224928
    ],
    "12": [
        1418.2590297558504,
        11422.369097083996
    ],
    "13": [
        6241.3361136595795,
        19312.7121907158
    ],
    "14": [
        8174.163410008352,
        1360.532109046832
    ],
    "15": [
        8450.504400414156,
        24257.627133534137
    ],
    "16": [
        2268.1370041884456,
        25781.628920771374
    ],
    "17": [
        977.3062373202368,
        3240.9275953280217
    ],
    "18": [
        1168.8772782265607,
        8492.288451058525
    ],
    "19": [
        9101.970349576957,
        11611.001537782027
    ],
    "20": [
        5582.013298152044,
        1272.5207798249446
    ],
    "21": [
        23956.972018294597,
        15208.597499214824
    ],
    "22": [
        17660.263468267374,
        16915.85860958615
    ],
    "23": [
        3041.354745274646,
        1047.6057649322752
    ],
    "24": [
        4025.0971816705196,
        7107.451249103156
    ],
    "25": [
        15232.286212423573,
        23983.762387483017
    ],
    "26": [
        21642.157172177664,
        1787.456631699753
    ],
    "27": [
        11659.472791556853,
        8380.723506330007
    ],
    "28": [
        809.6661605048428,
        888.2486433270501
    ],
    "29": [
        13691.99671688988,
        12946.342371186756
    ],
    "30": [
        14366.779448894882,
        4592.859524128199
    ],
    "31": [
        1485.6890558616194,
        17898.867649085096
    ],
    "32": [
        25649.746362658516,
        2125.469302761382
    ],
    "33": [
        24842.51611328125,
        8134.234558105469
    ],
    "34": [
        1126.160439953335,
        5744.259243507629
    ],
    "35": [
        6756.256313334093,
        4672.982361649329
    ],
    "36": [
        1249.1066835781512,
        14387.335006322615
    ],
    "37": [
        17728.696456657384,
        1677.0864598539108
    ],
    "38": [
        10329.366482821379,
        4580.647200497714
    ],
    "39": [
        4893.645934066885,
        10778.818500738553
    ]
}