{
    "0": [
        2035.035810990767,
        3389.3285910866475
    ],
    "1": [
        825.5562709461559,
        18821.03107244318
    ],
    "2": [
        18352.05841619318,
        11636.45205965909
    ],
    "3": [
        1634.9025573730469,
        6479.273986816406
    ],
    "4": [
        1222.0341430664062,
        368.55278434753416
    ],
    "5": [
        3483.789620535714,
        10624.847377232143
    ],
    "6": [
        2482.6383231026784,
        11438.21595982143
    ],
    "7": [
        114.10522842407227,
        3377.7096354166665
    ],
    "8": [
        6268.82490234375,
        25732.794140625
    ],
    "9": [
        804.9306983947754,
        7856.017272949219
    ],
    "10": [
        4004.2480224609376,
        8585.492529296875
    ],
    "11": [
        10535.080078125,
        12027.79375
    ],
    "12": [
        18017.737723214286,
        18299.1240234375
    ],
    "13": [
        4983.848449707031,
        9714.900146484375
    ],
    "14": [
        6325.522251674107,
        6732.025983537947
    ],
    "15": [
        24496.709087171053,
        7325.1993215460525
    ],
    "16": [
        2102.790771484375,
        9401.6767578125
    ],
    "17": [
        5277.697544642857,
        18720.541015625
    ],
    "18": [
        411.33739217122394,
        2876.8279622395835
    ],
    "19": [
        11769.466145833334,
        14709.699055989584
    ],
    "20": [
        11070.18779296875,
        5185.1380615234375
    ],
    "21": [
        7742.079806857639,
        9002.582248263889
    ],
    "22": [
        588.6704925537109,
        8651.90546875
    ],
    "23": [
        1319.8803304036458,
        3528.3279622395835
    ],
    "24": [
        15266.81626674107,
        15672.769252232143
    ],
    "25": [
        13255.7451171875,
        18636.560546875
    ],
    "26": [
        2977.232000177557,
        2836.924072265625
    ],
    "27": [
        13818.210626775568,
        1251.20706280795
    ],
    "28": [
        3444.309716796875,
        5726.19375
    ],
    "29": [
        12737.689697265625,
        5606.798258463542
    ],
    "30": [
        183.95609331130981,
        9979.680501302084
    ],
    "31": [
        4177.439721679688,
        16929.44814453125
    ],
    "32": [
        2316.087512207031,
        4856.937890625
    ],
    "33": [
        542.7110188802084,
        3858.845011393229
    ],
    "34": [
        859.597713470459,
        1671.5201873779297
    ],
    "35": [
        16721.192427201706,
        1360.8707520745018
    ],
    "36": [
        4340.86103515625,
        1453.4174438476562
    ],
    "37": [
        1022.1086001925999,
        16917.697157118055
    ],
    "38": [
        9598.537109375,
        10809.41962890625
    ],
    "39": [
        6757.421830610795,
        15673.10946377841
    ],
    "40": [
        6254.193359375,
        310.15270389210093
    ],
    "41": [
        9740.728590745191,
        8298.974984975961
    ],
    "42": [
        4040.051286969866,
        4517.951851981027
    ],
    "43": [
        10208.899489182691,
        21224.37394831731
    ],
    "44": [
        1423.4290924072266,
        1913.0625457763672
    ],
    "45": [
        2725.3269486860795,
        639.078593860973
    ],
    "46": [
        14818.25146484375,
        24760.048095703125
    ],
    "47": [
        7781.431501116072,
        12735.04331752232
    ],
    "48": [
        24467.909705528848,
        871.4809300349309
    ],
    "49": [
        9427.140269886364,
        15457.158647017046
    ],
    "50": [
        24462.13107638889,
        14152.695746527777
    ],
    "51": [
        3757.021329012784,
        603.651194485751
    ],
    "52": [
        241.67965698242188,
        65.05857849121094
    ],
    "53": [
        521.150341796875,
        324.0226135253906
    ],
    "54": [
        1202.476806640625,
        10317.04736328125
    ],
    "55": [
        16055.27783203125,
        7362.985595703125
    ],
    "56": [
        4748.209045410156,
        3322.0128784179688
    ],
    "57": [
        447.052866155451,
        14151.966441761364
    ],
    "58": [
        24564.837890625,
        21679.8640625
    ],
    "59": [
        467.0771322250366,
        1103.9926071166992
    ],
    "60": [
        393.61255137125653,
        5173.596516927083
    ],
    "61": [
        1434.7906314849854,
        21119.709375
    ],
    "62": [
        583.4358062744141,
        661.5647786458334
    ],
    "63": [
        7848.095865885417,
        22268.8671875
    ],
    "64": [
        13314.028198242188,
        9356.457885742188
    ],
    "65": [
        1882.4955291748047,
        582.9567124843597
    ],
    "66": [
        1488.84423828125,
        3942.998006184896
    ],
    "67": [
        172.63411930629186,
        459.0321829659598
    ],
    "68": [
        4898.622708834135,
        739.052447098952
    ],
    "69": [
        1927.5101143973213,
        7450.821219308035
    ],
    "70": [
        2483.089992947049,
        13728.800238715277
    ],
    "71": [
        9111.181818181818,
        5920.005459872159
    ],
    "72": [
        181.1332322359085,
        2025.9917297363281
    ],
    "73": [
        13767.947716346154,
        12255.07684795673
    ],
    "74": [
        11052.161852384868,
        624.4094397896215
    ],
    "75": [
        5978.6015625,
        2312.0404052734375
    ],
    "76": [
        4322.455993652344,
        2235.1161041259766
    ],
    "77": [
        8610.1142578125,
        554.3199320220947
    ],
    "78": [
        4574.724636501736,
        13508.317816840277
    ],
    "79": [
        372.783700125558,
        6378.483328683035
    ],
    "80": [
        20644.684151785714,
        3463.241385323661
    ],
    "81": [
        5843.183675130208,
        1132.5268656412761
    ],
    "82": [
        2136.0175183614097,
        24822.629557291668
    ],
    "83": [
        15678.012580422794,
        3911.486687155331
    ],
    "84": [
        3767.8527018229165,
        3311.906697591146
    ],
    "85": [
        19750.179036458332,
        619.7848720550537
    ],
    "86": [
        3690.364414760045,
        20600.26046316964
    ],
    "87": [
        8983.21097995924,
        3128.4283075747285
    ],
    "88": [
        7434.026971726191,
        1186.266355242048
    ],
    "89": [
        1117.1813083224827,
        12136.995008680555
    ],
    "90": [
        2790.182861328125,
        8185.99609375
    ],
    "91": [
        8224.399017333984,
        18632.709716796875
    ],
    "92": [
        11800.0458984375,
        2490.783621651786
    ],
    "93": [
        1153.6741943359375,
        5093.06103515625
    ],
    "94": [
        19450.643798828125,
        6808.397766113281
    ],
    "95": [
        6275.946746826172,
        4607.544219970703
    ],
    "96": [
        3025.2430284288193,
        6718.419162326389
    ],
    "97": [
        828.6951700846354,
        2547.0550944010415
    ],
    "98": [
        6657.669738769531,
        10782.664184570313
    ],
    "99": [
        4934.758544921875,
        6438.302978515625
    ]
}