{
    "0": [
        18511.9423828125,
        5296.738037109375
    ],
    "1": [
        817.7203369140625,
        10330.3076171875
    ],
    "2": [
        5018.97900390625,
        19402.96484375
    ],
    "3": [
        725.1388549804688,
        3741.6685791015625
    ],
    "4": [
        22150.244140625,
        444.54864501953125
    ],
    "5": [
        19138.695068359375,
        15152.905517578125
    ],
    "6": [
        7397.7939453125,
        597.6200561523438
    ],
    "7": [
        8872.91455078125,
        6611.40771484375
    ],
    "8": [
        12702.72998046875,
        288.1408233642578
    ],
    "9": [
        23900.177734375,
        5316.384765625
    ],
    "10": [
        3351.6705322265625,
        8783.1123046875
    ],
    "11": [
        20050.4296875,
        3642.69189453125
    ],
    "12": [
        4145.531087239583,
        3287.1377766927085
    ],
    "13": [
        20065.38671875,
        8354.401529947916
    ],
    "14": [
        201.94454956054688,
        6803.20068359375
    ],
    "15": [
        2528.46435546875,
        4584.19580078125
    ],
    "16": [
        1742.735107421875,
        13244.35400390625
    ],
    "17": [
        3927.88916015625,
        13194.970703125
    ],
    "18": [
        1792.216064453125,
        6555.36865234375
    ],
    "19": [
        2454.919189453125,
        2862.063720703125
    ],
    "20": [
        4974.82275390625,
        156.35214233398438
    ],
    "21": [
        3907.13037109375,
        14581.15234375
    ],
    "22": [
        12024.9140625,
        13327.540364583334
    ],
    "23": [
        2139.123046875,
        9702.251953125
    ],
    "24": [
        1748.2011311848958,
        1722.5972900390625
    ],
    "25": [
        718.0714721679688,
        13884.375
    ],
    "26": [
        11560.9912109375,
        591.875732421875
    ],
    "27": [
        9443.907958984375,
        18466.3349609375
    ],
    "28": [
        654.2181091308594,
        1181.2968139648438
    ],
    "29": [
        26287.298828125,
        7940.111328125
    ],
    "30": [
        8330.58984375,
        5734.63134765625
    ],
    "31": [
        4669.04833984375,
        882.4178466796875
    ],
    "32": [
        268.10374999046326,
        8699.150390625
    ],
    "33": [
        1856.0013427734375,
        2829.87158203125
    ],
    "34": [
        3595.792724609375,
        19747.072265625
    ],
    "35": [
        4762.31494140625,
        1936.7413330078125
    ],
    "36": [
        10219.14013671875,
        6670.444091796875
    ],
    "37": [
        16696.0625,
        415.6107940673828
    ],
    "38": [
        12290.755859375,
        5418.97607421875
    ],
    "39": [
        5089.973876953125,
        1352.2179565429688
    ],
    "40": [
        3438.189697265625,
        21996.0
    ],
    "41": [
        3848.259765625,
        728.0377197265625
    ],
    "42": [
        1132.8438186645508,
        25273.681640625
    ],
    "43": [
        13463.9970703125,
        8952.8349609375
    ],
    "44": [
        14527.5966796875,
        1189.345458984375
    ],
    "45": [
        1372.733154296875,
        9.330373764038086
    ],
    "46": [
        351.86139456431073,
        2699.3872884114585
    ],
    "47": [
        6286.91845703125,
        9407.0908203125
    ],
    "48": [
        9255.668334960938,
        1916.8211364746094
    ],
    "49": [
        605.3232421875,
        4744.64599609375
    ],
    "50": [
        17181.12890625,
        1688.544189453125
    ],
    "51": [
        6185.641438802083,
        5847.3984375
    ],
    "52": [
        3814.1214599609375,
        4879.05615234375
    ],
    "53": [
        5046.47119140625,
        639.62158203125
    ],
    "54": [
        15812.797200520834,
        22544.610026041668
    ],
    "55": [
        18964.740234375,
        732.5615234375
    ],
    "56": [
        4165.73779296875,
        13361.0400390625
    ],
    "57": [
        862.904296875,
        6061.23583984375
    ],
    "58": [
        13380.67138671875,
        2446.6832275390625
    ],
    "59": [
        9060.958984375,
        9357.83203125
    ]
}