{
    "0": [
        26048.48572716346,
        26310.06415264423
    ],
    "1": [
        12242.9033203125,
        19258.095271915583
    ],
    "2": [
        7046.354185874417,
        9089.471424932066
    ],
    "3": [
        12809.803255948153,
        12741.390613902699
    ],
    "4": [
        2528.984253449136,
        5789.062971658909
    ],
    "5": [
        10163.951798255997,
        4933.459452927715
    ],
    "6": [
        26754.252476283484,
        5523.250732421875
    ],
    "7": [
        7550.8459571632175,
        11460.275001319678
    ],
    "8": [
        2233.2176231499293,
        605.9614638999179
    ],
    "9": [
        2937.3215758308534,
        12207.4710958168
    ],
    "10": [
        7395.804437355917,
        2469.7806281418098
    ],
    "11": [
        7385.455731791834,
        22809.499936995966
    ],
    "12": [
        18296.237585086634,
        10675.12837445854
    ],
    "13": [
        629.4217455991557,
        3427.692412384463
    ],
    "14": [
        20221.46231515067,
        6920.028533935547
    ],
    "15": [
        16166.360107421875,
        13972.293090820313
    ],
    "16": [
        6957.296235183189,
        660.8968988315812
    ],
    "17": [
        19630.136397688355,
        13973.001926369863
    ],
    "18": [
        657.6088511008005,
        5032.024541301914
    ],
    "19": [
        9342.331239311256,
        2752.794304235658
    ],
    "20": [
        8302.347416111681,
        14192.091012423156
    ],
    "21": [
        16266.242973823051,
        694.8053175412215
    ],
    "22": [
        694.0852768261212,
        6750.9915088982625
    ],
    "23": [
        10572.213340088912,
        846.9632769468938
    ],
    "24": [
        6164.529755261479,
        17507.49810666454
    ],
    "25": [
        20313.371030745966,
        25695.826801915322
    ],
    "26": [
        10282.88946207061,
        12021.70671069895
    ],
    "27": [
        18852.695240693934,
        3182.161420036765
    ],
    "28": [
        14283.137100219727,
        936.2647040486336
    ],
    "29": [
        15043.499064469537,
        10913.715270483193
    ],
    "30": [
        23835.26868366745,
        1226.2199624349487
    ],
    "31": [
        6023.375612654776,
        4535.754820625737
    ],
    "32": [
        6127.754150390625,
        20049.169140625
    ],
    "33": [
        14052.03708767361,
        26495.225607638888
    ],
    "34": [
        26932.07591488487,
        1345.03114976381
    ],
    "35": [
        5534.052213420655,
        2574.9423138359666
    ],
    "36": [
        3244.3645073613034,
        14559.736414655854
    ],
    "37": [
        3437.657783374452,
        19460.628923382676
    ],
    "38": [
        13626.844766422193,
        16084.039889588648
    ],
    "39": [
        9652.127788156702,
        9469.707837975544
    ],
    "40": [
        2467.2408265809754,
        7698.034824130771
    ],
    "41": [
        22195.233448949355,
        4077.653465534079
    ],
    "42": [
        2255.892768219227,
        3920.5130680462785
    ],
    "43": [
        4432.005680708452,
        6343.018268377131
    ],
    "44": [
        16001.94890426377,
        22092.3918498411
    ],
    "45": [
        17143.5888671875,
        7747.594499554551
    ],
    "46": [
        703.0548684715379,
        8573.984295351285
    ],
    "47": [
        634.7537981806687,
        499.76773617761046
    ],
    "48": [
        20875.623689516127,
        1033.0039944064233
    ],
    "49": [
        3730.6962253736415,
        583.5909153787986
    ],
    "50": [
        14955.510362803507,
        5598.649575651978
    ],
    "51": [
        21787.75710720486,
        10031.547200520834
    ],
    "52": [
        12375.313202103758,
        5367.730605979371
    ],
    "53": [
        885.1901456906988,
        10408.011892193534
    ],
    "54": [
        21560.80257686492,
        16707.2007780998
    ],
    "55": [
        16285.310002367425,
        2943.474033055161
    ],
    "56": [
        4534.403840188419,
        8403.532717715992
    ],
    "57": [
        11001.34477729302,
        7653.235703505479
    ],
    "58": [
        1114.5536342252765,
        24165.146381578947
    ],
    "59": [
        19831.084836647726,
        20863.904509943182
    ],
    "60": [
        1084.9437274533277,
        16350.75805800454
    ],
    "61": [
        8996.7021484375,
        26303.89237882653
    ],
    "62": [
        5923.741807311546,
        15108.374753995706
    ],
    "63": [
        26158.559641768294,
        15550.834413109756
    ],
    "64": [
        23771.60780767747,
        6812.917721595293
    ],
    "65": [
        2042.899747522866,
        2120.2420520317264
    ],
    "66": [
        948.7131491090045,
        18613.439646026236
    ],
    "67": [
        26217.688690929877,
        10360.634765625
    ],
    "68": [
        16735.46728515625,
        17612.575583433492
    ],
    "69": [
        4113.115729990947,
        4418.205088603138
    ],
    "70": [
        5429.089281299446,
        12927.259722359573
    ],
    "71": [
        746.2326952991663,
        12236.356942635995
    ],
    "72": [
        11417.057964124178,
        22918.889828330593
    ],
    "73": [
        5311.710774739583,
        724.8351073361631
    ],
    "74": [
        4984.063685825893,
        10540.403332443711
    ],
    "75": [
        3626.1688510403774,
        22932.727529393564
    ],
    "76": [
        12456.422418962446,
        919.4300382053643
    ],
    "77": [
        5134.4082438151045,
        26482.448828125
    ],
    "78": [
        1498.9472796174346,
        27084.73072489754
    ],
    "79": [
        18223.85409564394,
        870.6242231455716
    ],
    "80": [
        23167.361203457447,
        12716.771422041224
    ],
    "81": [
        12247.858854166667,
        9931.277701822917
    ],
    "82": [
        8827.980083500574,
        17189.821862456996
    ],
    "83": [
        3780.920893666022,
        2383.7382450662917
    ],
    "84": [
        10982.298145395465,
        15085.296295976217
    ],
    "85": [
        3608.205248119213,
        16997.357472511572
    ],
    "86": [
        13974.836491141732,
        7836.162916769193
    ],
    "87": [
        17689.625966061827,
        5324.922155892978
    ],
    "88": [
        8827.828399458742,
        7059.519311044731
    ],
    "89": [
        25478.05224609375,
        20574.440490722656
    ],
    "90": [
        8093.713640910823,
        4851.361835461128
    ],
    "91": [
        8740.313459979363,
        799.5270753210445
    ],
    "92": [
        945.64467164512,
        14256.756648839077
    ],
    "93": [
        540.1752693099581,
        1838.4749651051532
    ],
    "94": [
        9153.056958830759,
        20149.792661516854
    ],
    "95": [
        13901.821437669836,
        3332.7801619819975
    ],
    "96": [
        11544.123076467804,
        3092.0896218039775
    ],
    "97": [
        1087.2324257027096,
        21303.540891835386
    ],
    "98": [
        6535.485453982469,
        6859.460106230945
    ],
    "99": [
        2759.3523130458516,
        9738.17775996179
    ]
}