{
    "0": [
        26878.868293486445,
        1577.3426767372223
    ],
    "1": [
        13232.254978724888,
        7720.722621372768
    ],
    "2": [
        12048.145699474298,
        12956.280985324182
    ],
    "3": [
        4557.0511081739405,
        9220.057395496588
    ],
    "4": [
        5958.198663449755,
        19407.049996170343
    ],
    "5": [
        883.8108013903523,
        10893.142412361623
    ],
    "6": [
        26642.599438048244,
        6148.269496984649
    ],
    "7": [
        7608.327308654785,
        12702.111206054688
    ],
    "8": [
        8373.144277861624,
        665.4379347849524
    ],
    "9": [
        5357.9788652584875,
        13865.008361062886
    ],
    "10": [
        3757.5206338205644,
        4847.5090219524045
    ],
    "11": [
        901.7994878438353,
        16999.073829323235
    ],
    "12": [
        6487.445248152859,
        2265.543274398922
    ],
    "13": [
        9661.880271541262,
        4576.520692695692
    ],
    "14": [
        26247.37244591346,
        15590.131084735576
    ],
    "15": [
        26048.48572716346,
        26310.06415264423
    ],
    "16": [
        16384.999245876737,
        3007.36655069987
    ],
    "17": [
        3830.931396484375,
        23863.10457658179
    ],
    "18": [
        5214.194642342177,
        11315.900416841443
    ],
    "19": [
        724.3413860623954,
        8846.292070632684
    ],
    "20": [
        15819.816380550987,
        14206.511384662828
    ],
    "21": [
        11367.4404296875,
        23386.049268265844
    ],
    "22": [
        928.082072393535,
        19330.245170697774
    ],
    "23": [
        2209.7301951739805,
        4030.6788901471077
    ],
    "24": [
        822.8383819895092,
        12856.1377969457
    ],
    "25": [
        14520.282763671876,
        11159.89345703125
    ],
    "26": [
        5400.708336537278,
        16693.045106422243
    ],
    "27": [
        551.2034331372305,
        523.2619883002353
    ],
    "28": [
        13016.937371504935,
        27294.53880550987
    ],
    "29": [
        21340.77779858733,
        10846.231057363013
    ],
    "30": [
        25232.791908482144,
        20709.447154017857
    ],
    "31": [
        3198.1976215563323,
        20937.53521792763
    ],
    "32": [
        3018.0863340599103,
        15066.263720433357
    ],
    "33": [
        12003.476607572115,
        9761.367127403846
    ],
    "34": [
        9506.379520089286,
        21031.75775669643
    ],
    "35": [
        973.3777691616732,
        25451.518133425245
    ],
    "36": [
        7605.395345052083,
        15606.432739257813
    ],
    "37": [
        9314.490515814887,
        8686.486979166666
    ],
    "38": [
        10579.189377105165,
        7126.739974153256
    ],
    "39": [
        8167.869470617274,
        6172.274596497253
    ],
    "40": [
        4426.478553989956,
        6804.298551432292
    ],
    "41": [
        19334.02731173156,
        20817.89328253074
    ],
    "42": [
        7810.068910951967,
        26155.085503472223
    ],
    "43": [
        16695.52297363281,
        17715.572509765625
    ],
    "44": [
        23235.9013671875,
        7617.129278885691
    ],
    "45": [
        12410.900727227394,
        922.6676194738834
    ],
    "46": [
        17598.040924357476,
        5705.646520882009
    ],
    "47": [
        706.6393646917926,
        6979.322739775925
    ],
    "48": [
        18231.52911412646,
        904.6493479884856
    ],
    "49": [
        2653.4453487585088,
        10006.649839495669
    ],
    "50": [
        3376.256209198416,
        625.1671931593386
    ],
    "51": [
        10924.92834619729,
        16279.717173381025
    ],
    "52": [
        7261.770064690209,
        10039.001778134032
    ],
    "53": [
        6933.70798658288,
        22284.268710371376
    ],
    "54": [
        16262.058662610176,
        709.6139642489262
    ],
    "55": [
        21497.63955078125,
        16754.17137044271
    ],
    "56": [
        14748.646805695564,
        5673.481479964717
    ],
    "57": [
        20688.531015625,
        6058.738579101562
    ],
    "58": [
        1947.2218355008258,
        588.3169437971542
    ],
    "59": [
        11191.848958333334,
        2841.1696864060364
    ],
    "60": [
        13810.909837239584,
        3339.265929361979
    ],
    "61": [
        921.4647140086023,
        14800.174644595287
    ],
    "62": [
        19561.219168526786,
        14074.89130859375
    ],
    "63": [
        20902.863534902597,
        1048.2727093882374
    ],
    "64": [
        3119.5439343326307,
        12416.635458002645
    ],
    "65": [
        13554.053318189539,
        16069.017291525135
    ],
    "66": [
        16115.676819397522,
        8108.824042792793
    ],
    "67": [
        545.741388658118,
        1881.2074335271661
    ],
    "68": [
        26042.88988095238,
        10435.232352120536
    ],
    "69": [
        5773.381364576888,
        5170.290052357286
    ],
    "70": [
        6592.183941543311,
        590.819890977207
    ],
    "71": [
        19078.167283698695,
        3253.3730951565417
    ],
    "72": [
        18975.0451262718,
        8325.878599654796
    ],
    "73": [
        15557.064277023566,
        22926.91390240779
    ],
    "74": [
        629.6954531911965,
        3494.5276710594094
    ],
    "75": [
        9842.896513671874,
        13934.0531640625
    ],
    "76": [
        4954.844599363183,
        820.6424280597048
    ],
    "77": [
        6512.720416172986,
        7564.16886200385
    ],
    "78": [
        12408.907792685688,
        19464.133265398552
    ],
    "79": [
        8782.011850585937,
        18268.7593359375
    ],
    "80": [
        3212.4859035716336,
        18050.121007582722
    ],
    "81": [
        641.8147153358611,
        5207.267444816468
    ],
    "82": [
        17601.41860247673,
        11109.626423287898
    ],
    "83": [
        23840.52666766827,
        1159.3198971840052
    ],
    "84": [
        1086.0486429652997,
        22311.709849330357
    ],
    "85": [
        20211.69012451172,
        25759.372192382813
    ],
    "86": [
        22918.965636602723,
        4088.4341207069924
    ],
    "87": [
        7463.0865219195275,
        4091.6724771292097
    ],
    "88": [
        3744.562324655015,
        2394.4180551640356
    ],
    "89": [
        11955.924908344972,
        5100.8640450419
    ],
    "90": [
        14273.4785709971,
        937.6248071218274
    ],
    "91": [
        23596.979345703126,
        13111.569360351563
    ],
    "92": [
        10003.637786865234,
        11124.91032409668
    ],
    "93": [
        10395.500238185976,
        771.7093455306883
    ],
    "94": [
        8774.475935570988,
        2317.5629696944125
    ],
    "95": [
        2063.971199669471,
        2157.7281561748796
    ],
    "96": [
        2598.187474242044,
        8079.78555493836
    ],
    "97": [
        3785.7605545609085,
        27425.07685908565
    ],
    "98": [
        5061.177317473848,
        3363.0614810232387
    ],
    "99": [
        2453.912850363213,
        6177.2886577405425
    ]
}