{
    "0": [
        2518.148152669271,
        9835.878662109375
    ],
    "1": [
        4117.330647786458,
        17221.925889756945
    ],
    "2": [
        2490.8341430664063,
        3273.946533203125
    ],
    "3": [
        11766.758188100961,
        5616.257249098558
    ],
    "4": [
        800.1100158691406,
        1744.0100620814733
    ],
    "5": [
        4271.457499186198,
        13677.322916666666
    ],
    "6": [
        14220.551595052084,
        7357.364176432292
    ],
    "7": [
        3601.994140625,
        6009.931701660156
    ],
    "8": [
        445.38162994384766,
        2805.1210327148438
    ],
    "9": [
        5958.0815022786455,
        5231.127034505208
    ],
    "10": [
        1662.7820638020833,
        24662.931640625
    ],
    "11": [
        639.3533935546875,
        5113.002593994141
    ],
    "12": [
        2530.4912109375,
        875.579756303267
    ],
    "13": [
        5943.26845703125,
        3785.947705078125
    ],
    "14": [
        6652.772391183035,
        9468.55454799107
    ],
    "15": [
        6614.1201171875,
        23671.642020089286
    ],
    "16": [
        19339.82763671875,
        716.8839437166849
    ],
    "17": [
        1803.0391496930804,
        266.4479600361415
    ],
    "18": [
        1609.338604266827,
        3742.9149076021636
    ],
    "19": [
        3834.9853312174478,
        19648.145182291668
    ],
    "20": [
        10036.7939453125,
        5879.260314941406
    ],
    "21": [
        885.3153825239701,
        7829.969193892045
    ],
    "22": [
        3464.2967122395835,
        4357.3900960286455
    ],
    "23": [
        3380.83935546875,
        26414.54736328125
    ],
    "24": [
        16111.112154447115,
        20127.488731971152
    ],
    "25": [
        20395.1796875,
        3661.057098388672
    ],
    "26": [
        446.9764234754774,
        6317.681749131944
    ],
    "27": [
        22804.532552083332,
        247.78484598795572
    ],
    "28": [
        114.10522842407227,
        3377.7096354166665
    ],
    "29": [
        1405.1795479910713,
        1225.147984095982
    ],
    "30": [
        12372.925083705357,
        741.0185274396624
    ],
    "31": [
        711.338196849823,
        9224.64599609375
    ],
    "32": [
        21570.2302734375,
        7068.182861328125
    ],
    "33": [
        9998.6845703125,
        583.4286310022527
    ],
    "34": [
        4726.329427083333,
        633.4196869532267
    ],
    "35": [
        10184.618815104166,
        2306.976552327474
    ],
    "36": [
        176.5271324157715,
        236.22048797607422
    ],
    "37": [
        16790.402803308825,
        1137.284699720495
    ],
    "38": [
        24966.9228515625,
        1058.5897552490235
    ],
    "39": [
        4175.194684709822,
        21750.868582589286
    ],
    "40": [
        6112.406598772322,
        2028.6884591238838
    ],
    "41": [
        1442.433544921875,
        1977.8044189453126
    ],
    "42": [
        13159.083333333334,
        14487.53955078125
    ],
    "43": [
        24719.134521484375,
        5557.444091796875
    ],
    "44": [
        24675.0685546875,
        18573.61875
    ],
    "45": [
        21391.584635416668,
        231.38858540852866
    ],
    "46": [
        6397.454279119318,
        6562.459872159091
    ],
    "47": [
        25107.6287109375,
        10159.53974609375
    ],
    "48": [
        10220.283081054688,
        11139.573974609375
    ],
    "49": [
        8244.526611328125,
        12798.264953613281
    ],
    "50": [
        18124.31482872596,
        7337.797250600962
    ],
    "51": [
        13113.244466145834,
        27834.260416666668
    ],
    "52": [
        11987.25,
        2960.6677517361113
    ],
    "53": [
        1868.7818145751953,
        13333.139038085938
    ],
    "54": [
        690.4135487874349,
        336.11263783772785
    ],
    "55": [
        13720.43666294643,
        10549.479701450893
    ],
    "56": [
        542.7110188802084,
        3858.845011393229
    ],
    "57": [
        9617.406380208333,
        20117.534244791666
    ],
    "58": [
        4640.2822265625,
        11095.0380859375
    ],
    "59": [
        3776.0194498697915,
        1448.1636962890625
    ],
    "60": [
        13961.209092881945,
        4666.432454427083
    ],
    "61": [
        5973.614583333333,
        504.19088617960614
    ],
    "62": [
        4022.8348388671875,
        9207.51806640625
    ],
    "63": [
        447.052866155451,
        14151.966441761364
    ],
    "64": [
        3630.9710205078127,
        428.7550559997559
    ],
    "65": [
        266.2940721511841,
        1237.6299514770508
    ],
    "66": [
        975.7344049453735,
        19847.2578125
    ],
    "67": [
        191.25550079345703,
        25663.37109375
    ],
    "68": [
        3745.9051513671875,
        3182.8995361328125
    ],
    "69": [
        9154.81558227539,
        8559.670654296875
    ],
    "70": [
        7834.793231670673,
        18394.027794471152
    ],
    "71": [
        6991.648376464844,
        11077.32470703125
    ],
    "72": [
        7453.335856119792,
        3851.4939778645835
    ],
    "73": [
        9308.498494466146,
        15426.2412109375
    ],
    "74": [
        4551.869210379465,
        2168.707502092634
    ],
    "75": [
        1490.4067687988281,
        2835.1407470703125
    ],
    "76": [
        2746.5668194110576,
        8073.6516676682695
    ],
    "77": [
        2318.5305786132813,
        23244.6328125
    ],
    "78": [
        5095.023507254465,
        7368.196219308035
    ],
    "79": [
        8312.553973858174,
        1819.1743915264424
    ],
    "80": [
        6329.509728064904,
        15894.354266826924
    ],
    "81": [
        16665.178955078125,
        3762.2786458333335
    ],
    "82": [
        972.3046646118164,
        17418.04541015625
    ],
    "83": [
        2316.087512207031,
        4856.937890625
    ],
    "84": [
        14571.315321180555,
        1741.596748775906
    ],
    "85": [
        2030.3639875139509,
        6654.191441127232
    ],
    "86": [
        4863.67578125,
        3062.5984235491073
    ],
    "87": [
        2094.2460604580965,
        11640.959339488636
    ],
    "88": [
        3276.4963727678573,
        2380.733084542411
    ],
    "89": [
        8420.000219726562,
        395.51585359573363
    ],
    "90": [
        663.9566917419434,
        10829.88857421875
    ],
    "91": [
        8955.500390625,
        3678.3423828125
    ],
    "92": [
        7085.2801513671875,
        837.1510330438614
    ],
    "93": [
        8706.94642857143,
        5935.3515625
    ],
    "94": [
        18848.4443359375,
        12783.65248325893
    ],
    "95": [
        272.1063255582537,
        2192.192313058036
    ],
    "96": [
        4997.880554199219,
        1332.8731231689453
    ],
    "97": [
        4425.970436789773,
        4441.70849609375
    ],
    "98": [
        530.4214782714844,
        655.26533203125
    ],
    "99": [
        10433.82137784091,
        22610.645419034092
    ]
}