{
    "0": [
        391.0644107680829,
        575.2715618883977
    ],
    "1": [
        20599.522910814605,
        9453.81389352177
    ],
    "2": [
        3472.181703101932,
        15238.47054933563
    ],
    "3": [
        3048.738037109375,
        12470.14129487345
    ],
    "4": [
        19912.510810718202,
        5013.4631754557295
    ],
    "5": [
        6178.028609004334,
        586.3525423272682
    ],
    "6": [
        22592.169496597784,
        1492.549702204043
    ],
    "7": [
        8131.584058489118,
        8305.08327811105
    ],
    "8": [
        9847.21664533944,
        3276.463484139278
    ],
    "9": [
        9674.491375309406,
        6366.212030089728
    ],
    "10": [
        5015.685629567793,
        3771.3152938350554
    ],
    "11": [
        26187.341485507248,
        1445.6555864983711
    ],
    "12": [
        14678.119868381767,
        1297.7293778528833
    ],
    "13": [
        2632.155246510225,
        8153.774385340073
    ],
    "14": [
        2666.8059203092716,
        1588.9983061483083
    ],
    "15": [
        10647.488307643582,
        868.038745119765
    ],
    "16": [
        8631.251598011364,
        2315.413429953835
    ],
    "17": [
        3786.1723909851507,
        539.1329117227108
    ],
    "18": [
        1466.3568676302891,
        523.1276417607846
    ],
    "19": [
        18387.57542660362,
        19246.11497738487
    ],
    "20": [
        5742.588081287202,
        2333.9487560453867
    ],
    "21": [
        5236.325323696794,
        12672.881398168103
    ],
    "22": [
        12036.26941697141,
        6645.268985829455
    ],
    "23": [
        6807.488218060662,
        6985.879538143382
    ],
    "24": [
        7668.72935207201,
        502.7840731828109
    ],
    "25": [
        1392.616229752849,
        1684.7353267813087
    ],
    "26": [
        3367.312517578125,
        3212.40748828125
    ],
    "27": [
        1887.4036721905459,
        26269.97936893204
    ],
    "28": [
        17375.785189075632,
        7980.009978991597
    ],
    "29": [
        2439.950496065444,
        6380.448044044384
    ],
    "30": [
        9979.00674609375,
        19793.095140625
    ],
    "31": [
        4983.493086610992,
        679.0740521685831
    ],
    "32": [
        1988.1359275676587,
        19385.400043402777
    ],
    "33": [
        14665.742783808075,
        6329.0441872925885
    ],
    "34": [
        912.5318801351773,
        11726.031102990592
    ],
    "35": [
        437.7448134334112,
        2183.833331672513
    ],
    "36": [
        6070.107312432651,
        5542.011950262661
    ],
    "37": [
        13733.77987132353,
        24001.37107077206
    ],
    "38": [
        10529.171839488636,
        11924.657768110796
    ],
    "39": [
        16773.38289892146,
        3745.729025511615
    ],
    "40": [
        13227.324155454282,
        9510.543570059317
    ],
    "41": [
        14724.12646484375,
        12253.346031775842
    ],
    "42": [
        723.9400567484425,
        7427.730734353537
    ],
    "43": [
        10074.567563264267,
        9083.323051120924
    ],
    "44": [
        18751.206696428573,
        13546.651246279762
    ],
    "45": [
        14653.532426313921,
        16942.185946377842
    ],
    "46": [
        7830.92276809562,
        13897.12181991186
    ],
    "47": [
        11938.489805024246,
        2341.298586089036
    ],
    "48": [
        11032.355281929347,
        15239.638213315216
    ],
    "49": [
        13968.818191682449,
        3734.8029686513573
    ],
    "50": [
        1851.6196916486833,
        3087.5012292395104
    ],
    "51": [
        21881.5724609375,
        24087.834326171876
    ],
    "52": [
        3796.4217650435353,
        5164.741773765506
    ],
    "53": [
        7189.971435546875,
        24993.131198182396
    ],
    "54": [
        9122.177855554288,
        601.7459594542092
    ],
    "55": [
        485.2927372335703,
        3792.827398190553
    ],
    "56": [
        16945.089863816353,
        987.3969683124594
    ],
    "57": [
        5169.113448379824,
        9456.987789691695
    ],
    "58": [
        19488.293256419573,
        1195.720543258874
    ],
    "59": [
        12774.305441810346,
        706.0603584453977
    ],
    "60": [
        4310.081821518456,
        1996.473409972735
    ],
    "61": [
        7520.766891767394,
        10880.374548570166
    ],
    "62": [
        5824.123001503734,
        20488.593456167036
    ],
    "63": [
        11540.754544005102,
        4488.247825155453
    ],
    "64": [
        2583.0880403645833,
        391.60072983582813
    ],
    "65": [
        24720.587248883927,
        13223.593973214285
    ],
    "66": [
        2181.6153555795654,
        4617.6434473348845
    ],
    "67": [
        6536.58837890625,
        17081.355115874474
    ],
    "68": [
        827.0246165763436,
        14248.263632360911
    ],
    "69": [
        24785.51136037844,
        6292.349217406107
    ],
    "70": [
        1702.8620334797436,
        22280.058498806422
    ],
    "71": [
        603.2460518859211,
        5485.867895887306
    ],
    "72": [
        803.1410755362916,
        9337.95850128823
    ],
    "73": [
        2968.001461810947,
        10099.102975786103
    ],
    "74": [
        4636.591571371064,
        7177.3304881321565
    ],
    "75": [
        8569.338167757602,
        4746.345208245355
    ],
    "76": [
        24279.17292668269,
        18169.93272986779
    ],
    "77": [
        6889.549154990961,
        3811.9373022662708
    ],
    "78": [
        7138.254055304276,
        1812.7523861533716
    ],
    "79": [
        1097.3561890180538,
        17187.432300289736
    ]
}