{
    "0": [
        17773.645712481288,
        22060.174716972306
    ],
    "1": [
        1963.7458590792007,
        13415.268216583509
    ],
    "2": [
        11324.424287241089,
        7479.165637418714
    ],
    "3": [
        14988.322946367472,
        13920.439535099224
    ],
    "4": [
        5965.101912861262,
        9988.178417301395
    ],
    "5": [
        6068.905523522419,
        5495.796130689538
    ],
    "6": [
        1596.3123735625172,
        4773.872394290581
    ],
    "7": [
        4921.686871127425,
        1452.0496484245377
    ],
    "8": [
        2615.9428952043017,
        24689.36912512401
    ],
    "9": [
        1294.8762659527313,
        1234.4806952105027
    ],
    "10": [
        24189.640395606126,
        3290.47648691411
    ],
    "11": [
        9120.799844231404,
        21314.816323723593
    ],
    "12": [
        18303.686449841487,
        7931.239116281703
    ],
    "13": [
        8882.202414658026,
        14161.772233829943
    ],
    "14": [
        23342.12361745084,
        14942.348089668189
    ],
    "15": [
        2456.6893091589077,
        18641.68320672523
    ],
    "16": [
        13354.239858025332,
        2076.862647447871
    ],
    "17": [
        18144.886364276594,
        1844.3078927959386
    ],
    "18": [
        9031.71889833055,
        1845.0051981588385
    ],
    "19": [
        1687.5319825841368,
        8759.201133234037
    ]
}