{
    "0": [
        15616.461588541666,
        23901.68771701389
    ],
    "1": [
        4000.7191569010415,
        13975.960828993055
    ],
    "2": [
        447.052866155451,
        14151.966441761364
    ],
    "3": [
        4937.465268342391,
        858.9450360173764
    ],
    "4": [
        6673.73916015625,
        727.7185892486573
    ],
    "5": [
        1841.541446685791,
        16803.213216145832
    ],
    "6": [
        3537.320614085478,
        3055.116900275735
    ],
    "7": [
        2804.2235717773438,
        11066.389485677084
    ],
    "8": [
        823.9486934661866,
        19133.851041666665
    ],
    "9": [
        15953.170166015625,
        4480.635467529297
    ],
    "10": [
        8268.27162388393,
        1770.8613019670759
    ],
    "11": [
        10100.536903782895,
        11337.456003289473
    ],
    "12": [
        2890.2313065962358,
        5154.885409268466
    ],
    "13": [
        4451.221226283482,
        6325.463309151785
    ],
    "14": [
        19311.527734375,
        6883.36982421875
    ],
    "15": [
        9364.82407924107,
        5828.249232700893
    ],
    "16": [
        2177.4410400390625,
        9324.0703125
    ],
    "17": [
        5136.783121744792,
        12160.988118489584
    ],
    "18": [
        1538.0811767578125,
        12773.95933314732
    ],
    "19": [
        426.68014367421466,
        3347.555460611979
    ],
    "20": [
        1831.2486317952473,
        3532.5184529622397
    ],
    "21": [
        19186.522561961207,
        1353.4389953613281
    ],
    "22": [
        8748.468912760416,
        436.6283987539786
    ],
    "23": [
        8975.979596819196,
        15370.458426339286
    ],
    "24": [
        7569.277944711538,
        9437.967548076924
    ],
    "25": [
        574.7220778031783,
        5287.689364346591
    ],
    "26": [
        9740.728590745191,
        8298.974984975961
    ],
    "27": [
        10129.005249023438,
        19336.097778320313
    ],
    "28": [
        668.5635420855353,
        7856.985409007353
    ],
    "29": [
        1853.338623046875,
        267.06615308125816
    ],
    "30": [
        24983.811257102272,
        18171.080788352272
    ],
    "31": [
        8239.313302176339,
        3831.216971261161
    ],
    "32": [
        2450.6071333451705,
        1089.3419300426137
    ],
    "33": [
        6564.444759114584,
        5922.259244791667
    ],
    "34": [
        598.6834757328033,
        10245.019368489584
    ],
    "35": [
        24453.278515625,
        1294.5584564208984
    ],
    "36": [
        14387.713402157739,
        10280.074451264882
    ],
    "37": [
        5760.777180989583,
        2562.1075642903647
    ],
    "38": [
        3588.468197471217,
        20685.419921875
    ],
    "39": [
        4775.22119140625,
        4405.427168996711
    ],
    "40": [
        15135.690227640087,
        1578.7217993900695
    ],
    "41": [
        354.24732834100723,
        1840.045425415039
    ],
    "42": [
        2159.873635996943,
        7064.973802649457
    ],
    "43": [
        13401.422665550595,
        14960.651460193452
    ],
    "44": [
        7778.232192095588,
        12932.393612132353
    ],
    "45": [
        422.4788010695885,
        481.67949913287987
    ],
    "46": [
        5427.324973366477,
        7447.880282315341
    ],
    "47": [
        3709.017822265625,
        8829.527907151441
    ],
    "48": [
        6168.199267578125,
        17635.929453125
    ],
    "49": [
        12257.384296875,
        823.5989883422851
    ],
    "50": [
        4249.717854817708,
        1952.7546793619792
    ],
    "51": [
        10463.734228515625,
        2368.500036621094
    ],
    "52": [
        2981.215512084961,
        25070.936458333334
    ],
    "53": [
        24351.060752467107,
        7685.9685701069075
    ],
    "54": [
        9086.928993626645,
        22504.624074835527
    ],
    "55": [
        12222.828125,
        5213.323532831101
    ],
    "56": [
        5434.531005859375,
        10129.526489257813
    ],
    "57": [
        19212.67061941964,
        14372.86342075893
    ],
    "58": [
        1307.2986857096355,
        1653.6431477864583
    ],
    "59": [
        3555.9285794771636,
        556.8243214533879
    ]
}