{
    "0": [
        25366.950927734375,
        2131.7684440612793
    ],
    "1": [
        1317.0780232747395,
        4530.989501953125
    ],
    "2": [
        1835.458101160386,
        3419.4881950827207
    ],
    "3": [
        15797.217529296875,
        4675.7083740234375
    ],
    "4": [
        14193.64697265625,
        11207.812662760416
    ],
    "5": [
        5908.1915283203125,
        2720.193878173828
    ],
    "6": [
        11793.190348307291,
        5353.6413981119795
    ],
    "7": [
        8018.064340444712,
        18405.71003605769
    ],
    "8": [
        2561.8868865966797,
        21743.98779296875
    ],
    "9": [
        9902.223074776786,
        20774.31370907738
    ],
    "10": [
        336.4106953938802,
        4590.682291666667
    ],
    "11": [
        18115.893717447918,
        7419.7215576171875
    ],
    "12": [
        4128.70771928267,
        10563.74129971591
    ],
    "13": [
        15885.816685267857,
        1935.7532958984375
    ],
    "14": [
        1866.9785919189453,
        352.1554080247879
    ],
    "15": [
        7396.96630859375,
        15637.28604403409
    ],
    "16": [
        15077.605251736111,
        24369.514973958332
    ],
    "17": [
        8312.29917689732,
        8427.894949776786
    ],
    "18": [
        362.41411113739014,
        2318.8109241832385
    ],
    "19": [
        24785.346235795456,
        13446.621537642046
    ],
    "20": [
        2104.429400357333,
        25327.12127130682
    ],
    "21": [
        1594.213279724121,
        1582.6350936889648
    ],
    "22": [
        19956.929443359375,
        766.1511236429214
    ],
    "23": [
        23703.07421875,
        452.2464490618025
    ],
    "24": [
        2200.2742553710937,
        9627.43583984375
    ],
    "25": [
        2563.2340426974824,
        7359.100667317708
    ],
    "26": [
        9498.34521484375,
        148.29084157943726
    ],
    "27": [
        14377.720703125,
        3597.5716552734375
    ],
    "28": [
        11996.7607421875,
        3079.4523315429688
    ],
    "29": [
        24564.837890625,
        21679.8640625
    ],
    "30": [
        3568.4420525045957,
        5560.78067555147
    ],
    "31": [
        6017.29052734375,
        993.512949625651
    ],
    "32": [
        8382.993815104166,
        3745.2170681423613
    ],
    "33": [
        14807.09130859375,
        1194.1868286132813
    ],
    "34": [
        758.652774810791,
        5579.690124511719
    ],
    "35": [
        703.8036600748698,
        3753.0965169270835
    ],
    "36": [
        12442.593098958334,
        1636.1396077473958
    ],
    "37": [
        13910.79296875,
        2139.1282784598216
    ],
    "38": [
        4330.770406087239,
        2263.007598876953
    ],
    "39": [
        13047.657836914063,
        465.21969985961914
    ],
    "40": [
        7170.975661057692,
        1023.0956467848557
    ],
    "41": [
        2874.0726725260415,
        16772.604654947918
    ],
    "42": [
        6325.522251674107,
        6732.025983537947
    ],
    "43": [
        4780.917308134191,
        967.7395881204044
    ],
    "44": [
        1593.8593614366318,
        6565.620008680556
    ],
    "45": [
        3891.1163504464284,
        20257.357979910714
    ],
    "46": [
        9590.1123046875,
        3164.8795166015625
    ],
    "47": [
        3126.561366489955,
        2913.021327427455
    ],
    "48": [
        269.1615041097005,
        5136.571207682292
    ],
    "49": [
        3496.4572310014205,
        8696.121892755682
    ],
    "50": [
        3809.8719618055557,
        1050.1836819118923
    ],
    "51": [
        16934.933159722223,
        3236.0328233506943
    ],
    "52": [
        9306.206380208334,
        10215.849609375
    ],
    "53": [
        10036.7939453125,
        5879.260314941406
    ],
    "54": [
        8131.961263020833,
        334.2938580830892
    ],
    "55": [
        21073.028076171875,
        5492.430908203125
    ],
    "56": [
        5503.03271484375,
        172.782013575236
    ],
    "57": [
        506.13146781921387,
        14134.764526367188
    ],
    "58": [
        13506.719168526786,
        5705.507045200893
    ],
    "59": [
        13648.145073784723,
        8957.145399305555
    ],
    "60": [
        259.4559631347656,
        6649.9638671875
    ],
    "61": [
        3871.7134602864585,
        13814.025390625
    ],
    "62": [
        8290.004359654018,
        12563.886300223214
    ],
    "63": [
        10570.569580078125,
        11617.034830729166
    ],
    "64": [
        6274.653678385416,
        4680.642122395833
    ],
    "65": [
        6557.335530598958,
        296.7891200383504
    ],
    "66": [
        5233.062368539663,
        17527.364032451922
    ],
    "67": [
        792.771490243765,
        8287.970064603365
    ],
    "68": [
        10668.89536830357,
        15354.960379464286
    ],
    "69": [
        6196.711242675781,
        13127.47119140625
    ],
    "70": [
        13428.67001065341,
        13261.43465909091
    ],
    "71": [
        567.5759974888393,
        16652.936941964286
    ],
    "72": [
        814.5354375105637,
        18894.171875
    ],
    "73": [
        9258.453200120191,
        1567.5827167217549
    ],
    "74": [
        18352.05841619318,
        11636.45205965909
    ],
    "75": [
        10834.9984375,
        2118.2154296875
    ],
    "76": [
        405.24246127788837,
        417.8216987022987
    ],
    "77": [
        8706.94642857143,
        5935.3515625
    ],
    "78": [
        17601.512276785714,
        1071.5631133488246
    ],
    "79": [
        503.6132311820984,
        10076.841796875
    ],
    "80": [
        4934.758544921875,
        6438.302978515625
    ],
    "81": [
        7038.4294921875,
        10082.730859375
    ],
    "82": [
        3073.8373209635415,
        475.731299718221
    ],
    "83": [
        7406.32880859375,
        23994.608984375
    ],
    "84": [
        24145.56953125,
        7316.639420572917
    ],
    "85": [
        210.7139768600464,
        3305.2031860351563
    ],
    "86": [
        5041.418666294643,
        8744.951939174107
    ],
    "87": [
        10057.526041666666,
        8451.765679253473
    ],
    "88": [
        532.7620691571917,
        1399.9565604073662
    ],
    "89": [
        11368.92196377841,
        483.97817785089666
    ],
    "90": [
        2390.27695534446,
        4792.20263671875
    ],
    "91": [
        4275.884065755208,
        3975.2623697916665
    ],
    "92": [
        5607.697265625,
        1913.0220947265625
    ],
    "93": [
        16136.64453125,
        516.814321245466
    ],
    "94": [
        317.9294967651367,
        13486.69140625
    ],
    "95": [
        8068.9996337890625,
        1869.1483001708984
    ],
    "96": [
        1740.6279744466146,
        11627.309635416666
    ],
    "97": [
        18757.07421875,
        4712.2471923828125
    ],
    "98": [
        1868.7818145751953,
        13333.139038085938
    ],
    "99": [
        16401.778459821428,
        17304.71142578125
    ]
}