{
    "0": [
        8884.09345703125,
        1652.9809204101562
    ],
    "1": [
        593.4000309705734,
        8068.339294433594
    ],
    "2": [
        3848.259765625,
        728.0377197265625
    ],
    "3": [
        1803.516357421875,
        594.0061902999878
    ],
    "4": [
        18595.319091796875,
        2241.6304893493652
    ],
    "5": [
        8682.18798828125,
        8934.577311197916
    ],
    "6": [
        22415.723958333332,
        8858.100179036459
    ],
    "7": [
        3346.531005859375,
        9254.0703125
    ],
    "8": [
        5042.682373046875,
        4869.747000558035
    ],
    "9": [
        9728.523828125,
        5957.1939453125
    ],
    "10": [
        14301.069173177084,
        12974.923177083334
    ],
    "11": [
        2863.7298126220703,
        22338.680078125
    ],
    "12": [
        2700.7165018717446,
        13585.041015625
    ],
    "13": [
        438.6552788416545,
        1594.3571370442708
    ],
    "14": [
        13750.434163411459,
        20239.189778645832
    ],
    "15": [
        13042.565104166666,
        1208.4782155354817
    ],
    "16": [
        4934.203369140625,
        579.503288269043
    ],
    "17": [
        4980.754231770833,
        1547.05908203125
    ],
    "18": [
        1014.589599609375,
        2416.698486328125
    ],
    "19": [
        1745.4242466517858,
        3653.9437430245534
    ]
}