{
    "0": [
        2231.54140403054,
        4866.545587713068
    ],
    "1": [
        7968.52099609375,
        297.609675679888
    ],
    "2": [
        176.5271324157715,
        236.22048797607422
    ],
    "3": [
        2586.993054670446,
        20754.33237591912
    ],
    "4": [
        4822.081512451172,
        1044.0461616516113
    ],
    "5": [
        1375.0522831508092,
        24705.734933035714
    ],
    "6": [
        13594.907421875,
        9091.67294921875
    ],
    "7": [
        6020.83828125,
        1665.2045532226562
    ],
    "8": [
        10216.380913628473,
        21241.279730902777
    ],
    "9": [
        1167.4137244591345,
        1881.8817044771636
    ],
    "10": [
        24123.1220703125,
        2040.3966064453125
    ],
    "11": [
        1055.8809837613787,
        9874.834635416666
    ],
    "12": [
        2288.906768798828,
        389.89886260032654
    ],
    "13": [
        13410.087439903846,
        1927.2082003079927
    ],
    "14": [
        6414.84033203125,
        10241.532104492188
    ],
    "15": [
        19097.114908854168,
        702.818369547526
    ],
    "16": [
        1745.5719459170386,
        3539.5780436197915
    ],
    "17": [
        3524.67177734375,
        8967.530004882812
    ],
    "18": [
        15208.454279119318,
        1489.73974609375
    ],
    "19": [
        5785.550048828125,
        247.50430641174316
    ],
    "20": [
        13604.26743861607,
        12580.404575892857
    ],
    "21": [
        14568.500244140625,
        4299.7071533203125
    ],
    "22": [
        20163.706597222223,
        12590.420030381945
    ],
    "23": [
        9548.793412642046,
        309.36029572920364
    ],
    "24": [
        6194.101283482143,
        4481.911900111607
    ],
    "25": [
        19450.643798828125,
        6808.397766113281
    ],
    "26": [
        10388.220772879464,
        15260.7529296875
    ],
    "27": [
        6177.912730823864,
        22169.859375
    ],
    "28": [
        318.5730576515198,
        2347.8146484375
    ],
    "29": [
        7161.370322779605,
        1092.1515342310856
    ],
    "30": [
        8224.399017333984,
        18632.709716796875
    ],
    "31": [
        7652.981608072917,
        12731.451822916666
    ],
    "32": [
        15778.327734375,
        17231.262174479165
    ],
    "33": [
        6576.7926839192705,
        6316.3598225911455
    ],
    "34": [
        3520.1426130022323,
        321.8125468662807
    ],
    "35": [
        2807.0152762276784,
        11147.00767299107
    ],
    "36": [
        5146.421685112848,
        6980.2041015625
    ],
    "37": [
        409.91220207214354,
        3637.38828125
    ],
    "38": [
        17648.350341796875,
        1236.6830928325653
    ],
    "39": [
        25177.873046875,
        813.1380424499512
    ],
    "40": [
        9511.733849158654,
        2460.7478778545674
    ],
    "41": [
        4844.953092447917,
        2660.604500325521
    ],
    "42": [
        4075.43212890625,
        13945.408203125
    ],
    "43": [
        24696.662353515625,
        16342.39599609375
    ],
    "44": [
        20644.684151785714,
        3463.241385323661
    ],
    "45": [
        8568.8427734375,
        3780.2719948508525
    ],
    "46": [
        15077.605251736111,
        24369.514973958332
    ],
    "47": [
        171.2970085144043,
        1373.2772115071614
    ],
    "48": [
        3478.568862915039,
        6003.678741455078
    ],
    "49": [
        3230.381634880515,
        2829.5878619025734
    ],
    "50": [
        3380.83935546875,
        26414.54736328125
    ],
    "51": [
        981.2226224626813,
        17694.986328125
    ],
    "52": [
        16756.83447265625,
        3353.9866943359375
    ],
    "53": [
        12155.631727430555,
        5597.505289713542
    ],
    "54": [
        24240.122896634617,
        8699.91045673077
    ],
    "55": [
        1080.6596294900646,
        13361.231275475544
    ],
    "56": [
        632.2037607828776,
        7716.356705729167
    ],
    "57": [
        9416.1984375,
        5905.43623046875
    ],
    "58": [
        12087.103190104166,
        472.20971891615125
    ],
    "59": [
        11591.10546875,
        2727.5521138509116
    ],
    "60": [
        581.2356160481771,
        394.33204952875775
    ],
    "61": [
        22098.05859375,
        239.5867156982422
    ],
    "62": [
        25749.541666666668,
        23047.573567708332
    ],
    "63": [
        549.8929397583008,
        5351.526293945312
    ],
    "64": [
        24807.723493303572,
        5306.952985491072
    ],
    "65": [
        19811.61015625,
        547.6045337677002
    ],
    "66": [
        4683.778913225447,
        18237.27762276786
    ],
    "67": [
        16619.9107421875,
        6616.18291015625
    ],
    "68": [
        3903.3785511363635,
        1112.9838312322443
    ],
    "69": [
        10235.65234375,
        11732.390441894531
    ],
    "70": [
        6747.467708333334,
        15704.261328125
    ],
    "71": [
        8765.802368164063,
        1390.3485666910808
    ],
    "72": [
        4092.420844184028,
        4366.796088324652
    ],
    "73": [
        9202.139184570313,
        8880.430859375
    ],
    "74": [
        2107.4812289151278,
        7066.20478959517
    ],
    "75": [
        706.1637200249565,
        917.0853271484375
    ],
    "76": [
        7261.5732421875,
        26194.422526041668
    ],
    "77": [
        16136.64453125,
        516.814321245466
    ],
    "78": [
        1737.221707857572,
        1003.3853055513822
    ],
    "79": [
        16732.466471354168,
        11196.247395833334
    ]
}