{
    "0": [
        2107.7672413793102,
        650.2355155698184
    ],
    "1": [
        1910.6666493733724,
        26380.480729166666
    ],
    "2": [
        6823.248805454799,
        1201.4734330177307
    ],
    "3": [
        14983.013232421876,
        16313.907763671876
    ],
    "4": [
        14599.239541330646,
        4881.745613344254
    ],
    "5": [
        6262.6700228987065,
        6189.2384664601295
    ],
    "6": [
        6999.946812220982,
        18812.598074776786
    ],
    "7": [
        24602.29659598214,
        17082.854631696428
    ],
    "8": [
        940.0063967023577,
        3904.0772312709264
    ],
    "9": [
        3498.9822610994665,
        7436.762885861281
    ],
    "10": [
        7452.4758864182695,
        15419.840707632211
    ],
    "11": [
        914.5908426062057,
        7407.803235505757
    ],
    "12": [
        3708.686767578125,
        4806.0362392327725
    ],
    "13": [
        22961.992553710938,
        5600.180999755859
    ],
    "14": [
        4372.092404923349,
        753.7010989638994
    ],
    "15": [
        14832.532822027439,
        1166.3244012972204
    ],
    "16": [
        18254.974202473957,
        4601.591807047526
    ],
    "17": [
        14345.969360351563,
        25746.54443359375
    ],
    "18": [
        805.658279117416,
        2174.424373851103
    ],
    "19": [
        1549.6523686016308,
        20373.890739889706
    ],
    "20": [
        25538.80615234375,
        12569.983154296875
    ],
    "21": [
        3977.2667497907364,
        14022.213483537946
    ],
    "22": [
        6806.849079241071,
        11436.0642578125
    ],
    "23": [
        8112.548828125,
        25965.608154296875
    ],
    "24": [
        2979.517580616231,
        2724.5473732461733
    ],
    "25": [
        19960.87081473214,
        10072.615199497768
    ],
    "26": [
        1109.9442984717232,
        12049.782121930804
    ],
    "27": [
        21683.0015625,
        23759.5234375
    ],
    "28": [
        9901.524373372396,
        10216.972086588541
    ],
    "29": [
        18447.5546875,
        24359.24169921875
    ],
    "30": [
        9137.183913658406,
        6600.075750942888
    ],
    "31": [
        17694.198974609375,
        12253.074584960938
    ],
    "32": [
        12479.87699558424,
        7374.749256963315
    ],
    "33": [
        20230.070556640625,
        15398.349609375
    ],
    "34": [
        18411.42743389423,
        18681.357421875
    ],
    "35": [
        8397.80365280878,
        3690.583827427455
    ],
    "36": [
        25474.100911458332,
        9030.196126302084
    ],
    "37": [
        5195.4656760475855,
        22012.566051136364
    ],
    "38": [
        10220.585862379809,
        17691.11335637019
    ],
    "39": [
        494.202663095986,
        543.208161417304
    ],
    "40": [
        11580.001349954044,
        3813.046480066636
    ],
    "41": [
        13488.164672851563,
        21110.162841796875
    ],
    "42": [
        3641.333053588867,
        10780.723419189453
    ],
    "43": [
        920.0163437892229,
        9682.179462139424
    ],
    "44": [
        6269.918279474432,
        8686.249792850378
    ],
    "45": [
        21701.907778532608,
        1830.1157681009045
    ],
    "46": [
        12040.848388671875,
        860.0149864912033
    ],
    "47": [
        17989.090755208334,
        902.4054606119792
    ],
    "48": [
        10423.585316051136,
        13760.374289772728
    ],
    "49": [
        1107.4923567338424,
        5634.388671875
    ],
    "50": [
        13597.694641113281,
        11353.9873046875
    ],
    "51": [
        3860.6033653846152,
        17226.31648137019
    ],
    "52": [
        8797.044655539772,
        22681.282670454544
    ],
    "53": [
        5463.4832956414475,
        2875.960728695518
    ],
    "54": [
        1345.9446134978327,
        14388.943258351293
    ],
    "55": [
        9409.724564985796,
        1152.1845256306908
    ],
    "56": [
        1040.295502055775,
        17684.827503551136
    ],
    "57": [
        26124.325,
        1653.8742886543273
    ],
    "58": [
        15677.72248391544,
        8390.648810891544
    ],
    "59": [
        1171.142238443548,
        23282.444779829544
    ]
}