{
    "0": [
        23043.31859447338,
        4238.387618453415
    ],
    "1": [
        18619.45748077877,
        10822.509447854663
    ],
    "2": [
        10886.647677951389,
        11802.850945723685
    ],
    "3": [
        2534.9732208251953,
        4427.373025994551
    ],
    "4": [
        6687.638157552084,
        26237.201770833333
    ],
    "5": [
        6607.943901909723,
        15314.576691566155
    ],
    "6": [
        23213.656496192227,
        1133.1965687615532
    ],
    "7": [
        881.088226254194,
        7745.0347645943275
    ],
    "8": [
        12565.809242769797,
        9151.30645562403
    ],
    "9": [
        5315.268434216362,
        7000.975084862855
    ],
    "10": [
        16066.695582613032,
        17794.74681058843
    ],
    "11": [
        13708.364759582182,
        3309.0197133438364
    ],
    "12": [
        18045.85321044922,
        6831.009860229492
    ],
    "13": [
        1002.2453557323743,
        11535.104816570149
    ],
    "14": [
        7159.038544535999,
        801.8879355945849
    ],
    "15": [
        1937.5363826889923,
        27152.051885190216
    ],
    "16": [
        16388.396312671703,
        14172.68831559066
    ],
    "17": [
        7673.168309461806,
        7737.632582465278
    ],
    "18": [
        15014.132677283655,
        22846.439993990385
    ],
    "19": [
        3169.5555921052633,
        8965.671061197916
    ],
    "20": [
        19410.930127640844,
        20685.13006161972
    ],
    "21": [
        662.243075905315,
        1999.3125470728655
    ],
    "22": [
        1246.410620457035,
        15778.946330442266
    ],
    "23": [
        942.8513068591847,
        13563.14026802127
    ],
    "24": [
        9445.223553959628,
        14272.741295855978
    ],
    "25": [
        8106.081283990849,
        10814.494329463052
    ],
    "26": [
        25237.38625529661,
        18020.847623146186
    ],
    "27": [
        2212.154056532118,
        697.3250126906236
    ],
    "28": [
        9187.474594705605,
        5355.377853197089
    ],
    "29": [
        10869.576640932579,
        956.0561698027483
    ],
    "30": [
        17735.91849754367,
        1034.7860978284778
    ],
    "31": [
        12434.002379261363,
        26734.401704545453
    ],
    "32": [
        15296.817072292626,
        856.77019164749
    ],
    "33": [
        26631.48957069175,
        1669.2313757961235
    ],
    "34": [
        10950.413933126336,
        3563.8177886702056
    ],
    "35": [
        8570.3304816352,
        2735.236051771376
    ],
    "36": [
        5452.755169348802,
        729.652089258154
    ],
    "37": [
        5743.420591663939,
        9611.321145901506
    ],
    "38": [
        14719.850264115767,
        6051.921325683594
    ],
    "39": [
        3768.073890186916,
        23238.090135806076
    ],
    "40": [
        19660.420336174244,
        25733.169862689392
    ],
    "41": [
        5963.625449934555,
        12587.70888723004
    ],
    "42": [
        4332.6776447060665,
        2433.8665281696085
    ],
    "43": [
        6903.088413783482,
        5043.2604408869665
    ],
    "44": [
        3502.376220703125,
        11274.889605772149
    ],
    "45": [
        10320.796549479166,
        22638.539103190105
    ],
    "46": [
        935.8970043995593,
        9649.967879795791
    ],
    "47": [
        14206.234700520834,
        11788.22084263393
    ],
    "48": [
        1087.6000548378895,
        24186.902641684323
    ],
    "49": [
        621.3371337650038,
        544.2886300147663
    ],
    "50": [
        718.8377643967286,
        5802.114192708334
    ],
    "51": [
        10300.107663775803,
        8170.546877239823
    ],
    "52": [
        20479.489297672193,
        15340.402841996174
    ],
    "53": [
        9045.431768465909,
        798.7513731416789
    ],
    "54": [
        15741.810637145483,
        9000.476500951943
    ],
    "55": [
        11631.437958140432,
        19441.66852334105
    ],
    "56": [
        6245.73563502779,
        2756.316795809957
    ],
    "57": [
        22293.91322858146,
        10644.625438904495
    ],
    "58": [
        8432.787209535256,
        17956.380821814902
    ],
    "59": [
        26093.67489996189,
        7012.455024533156
    ],
    "60": [
        2451.5923599735384,
        2419.5732720487863
    ],
    "61": [
        3939.035041467467,
        19560.90232917444
    ],
    "62": [
        1045.6008700421712,
        18319.69977814017
    ],
    "63": [
        12921.571875702562,
        971.5251601891551
    ],
    "64": [
        4603.658921043471,
        4682.028690955033
    ],
    "65": [
        1165.8518470289646,
        21227.53226461039
    ],
    "66": [
        25495.399770585318,
        12896.93178013393
    ],
    "67": [
        12020.995439299739,
        5762.194264357003
    ],
    "68": [
        21515.186460722478,
        6903.534856113819
    ],
    "69": [
        7115.287732045585,
        21046.945204988533
    ],
    "70": [
        3781.786562637544,
        569.3744617275788
    ],
    "71": [
        19283.877902178698,
        3704.776901889855
    ],
    "72": [
        715.9381248664856,
        3774.028987630208
    ],
    "73": [
        25295.879657451922,
        24570.573692908652
    ],
    "74": [
        3594.971965807056,
        14015.881190787613
    ],
    "75": [
        12611.803845635775,
        15682.192746497845
    ],
    "76": [
        16435.88701801915,
        3412.2168415028564
    ],
    "77": [
        4238.9292101300625,
        17007.406359113127
    ],
    "78": [
        3012.6139783460612,
        6595.281793232516
    ],
    "79": [
        20389.576482882167,
        1038.6662744352013
    ]
}