{
    "0": [
        7669.4125448690875,
        7717.295023050394
    ],
    "1": [
        6952.115053530092,
        5085.819253552598
    ],
    "2": [
        2528.0197440803827,
        4437.270677442674
    ],
    "3": [
        23224.707852802578,
        1228.6021657444182
    ],
    "4": [
        1106.6068893813099,
        16569.083483443977
    ],
    "5": [
        6500.942159361758,
        15261.742507503532
    ],
    "6": [
        18019.787367334906,
        6808.154683814859
    ],
    "7": [
        11147.383479420732,
        3522.1202104770073
    ],
    "8": [
        2456.667162426098,
        2419.5505559148014
    ],
    "9": [
        25313.479919433594,
        15445.567428588867
    ],
    "10": [
        12269.584758890087,
        5760.617726293103
    ],
    "11": [
        17329.542916165865,
        10178.358826622596
    ],
    "12": [
        8631.276784977443,
        2770.872157137159
    ],
    "13": [
        3515.8629535590276,
        13974.439583333333
    ],
    "14": [
        14186.363619290865,
        11853.854109074518
    ],
    "15": [
        20727.011082338482,
        12135.681805214186
    ],
    "16": [
        15348.238009239441,
        880.0271605552604
    ],
    "17": [
        2208.778225789028,
        700.3221145988302
    ],
    "18": [
        16855.641124131944,
        13872.712434895833
    ],
    "19": [
        988.5598380208498,
        14307.659001771255
    ],
    "20": [
        20382.50657634494,
        1045.6602496316161
    ],
    "21": [
        12719.494004360466,
        27245.72315588663
    ],
    "22": [
        898.2699063251545,
        7837.49069729099
    ],
    "23": [
        9268.21237232646,
        5337.062685106622
    ],
    "24": [
        3578.5379105071106,
        17029.140864754867
    ],
    "25": [
        12897.219002964985,
        9140.376450136484
    ],
    "26": [
        3161.625251447651,
        8951.768663003411
    ],
    "27": [
        10770.284912109375,
        23046.781575520832
    ],
    "28": [
        15020.803646548764,
        6651.207481971154
    ],
    "29": [
        19346.031082589285,
        3804.7946358816966
    ],
    "30": [
        5961.341250922736,
        18410.647330216536
    ],
    "31": [
        20418.951531661183,
        16157.519813939145
    ],
    "32": [
        992.5327567611649,
        12012.93385830372
    ],
    "33": [
        5471.021937882511,
        751.6136091653954
    ],
    "34": [
        8926.631761390745,
        17727.01768249046
    ],
    "35": [
        14052.367854817709,
        3446.8572475857204
    ],
    "36": [
        3553.0044452214647,
        20185.81440346928
    ],
    "37": [
        6269.244182942708,
        2807.9135754394533
    ],
    "38": [
        25034.674290707237,
        20568.17788856908
    ],
    "39": [
        667.1891002401936,
        2035.6973294404995
    ],
    "40": [
        726.5155760756135,
        5865.2773156738285
    ],
    "41": [
        916.1652728807004,
        9899.744695754278
    ],
    "42": [
        7168.921262112853,
        833.726781230652
    ],
    "43": [
        615.8756918003482,
        555.0605918079294
    ],
    "44": [
        10320.246615475171,
        8118.678784514127
    ],
    "45": [
        26106.916944550307,
        6657.963718321265
    ],
    "46": [
        9041.20633877841,
        797.7644377723607
    ],
    "47": [
        10903.1548478963,
        11547.271124301677
    ],
    "48": [
        26638.40712890625,
        1593.6205045700074
    ],
    "49": [
        1545.4828266403892,
        26325.04387428977
    ],
    "50": [
        5717.996617635091,
        9631.764938354492
    ],
    "51": [
        12688.130482219827,
        15649.606984105603
    ],
    "52": [
        16571.107015444366,
        3481.965476681042
    ],
    "53": [
        21310.63704144022,
        7875.914775815218
    ],
    "54": [
        990.9313911977022,
        19106.61335555367
    ],
    "55": [
        3449.1590125815383,
        11230.867405567355
    ],
    "56": [
        15301.880318509615,
        22954.664423076923
    ],
    "57": [
        26048.48572716346,
        26310.06415264423
    ],
    "58": [
        17754.317975573143,
        1048.5689289455331
    ],
    "59": [
        20211.69012451172,
        25759.372192382813
    ],
    "60": [
        715.1085423428916,
        3807.4860713941634
    ],
    "61": [
        3841.8220617549937,
        23500.993415753866
    ],
    "62": [
        4624.673413801659,
        4677.134590670807
    ],
    "63": [
        7540.9434494462985,
        21502.768621055824
    ],
    "64": [
        12963.84880354021,
        989.4405612378687
    ],
    "65": [
        19242.25437266791,
        20748.025711287315
    ],
    "66": [
        22746.355420325413,
        4580.441864265883
    ],
    "67": [
        9516.051827984656,
        14123.093866953594
    ],
    "68": [
        10873.720461856617,
        954.1377708659453
    ],
    "69": [
        1097.738136305019,
        22559.56515715843
    ],
    "70": [
        6657.074544270833,
        26421.656575520832
    ],
    "71": [
        24591.312934027777,
        10855.19329155816
    ],
    "72": [
        3791.582486208435,
        566.5254928947824
    ],
    "73": [
        3031.0625771388945,
        6600.864539329703
    ],
    "74": [
        5317.091258704144,
        7006.519291355299
    ],
    "75": [
        15992.75241151148,
        17638.0746871014
    ],
    "76": [
        5956.9945357804445,
        12590.93006503705
    ],
    "77": [
        8068.196417270426,
        10755.341900532472
    ],
    "78": [
        4332.6776447060665,
        2433.8665281696085
    ],
    "79": [
        11554.339016544118,
        19506.154756433825
    ]
}