{
    "0": [
        1171.142238443548,
        23282.444779829544
    ],
    "1": [
        1068.3160935943981,
        6789.494592054835
    ],
    "2": [
        1910.6666493733724,
        26380.480729166666
    ],
    "3": [
        906.0105168277568,
        9485.282115589489
    ],
    "4": [
        9242.540563512732,
        6609.172037760417
    ],
    "5": [
        1449.8845326304436,
        20450.664794921875
    ],
    "6": [
        20230.070556640625,
        15398.349609375
    ],
    "7": [
        2034.4656118539663,
        749.3115782297574
    ],
    "8": [
        8397.80365280878,
        3690.583827427455
    ],
    "9": [
        5209.374569163603,
        21541.516199448528
    ],
    "10": [
        14624.768132390203,
        1161.9226859840187
    ],
    "11": [
        6190.044211647727,
        8378.785925662878
    ],
    "12": [
        14418.825699344758,
        4946.962496849798
    ],
    "13": [
        19960.87081473214,
        10072.615199497768
    ],
    "14": [
        9409.724564985796,
        1152.1845256306908
    ],
    "15": [
        24602.29659598214,
        17082.854631696428
    ],
    "16": [
        1080.337539264134,
        12004.918247767857
    ],
    "17": [
        25401.205636160714,
        8620.81333705357
    ],
    "18": [
        3559.0852584838867,
        10819.874542236328
    ],
    "19": [
        12012.778820503048,
        893.7876892787655
    ],
    "20": [
        1009.5544853210449,
        4577.348326602225
    ],
    "21": [
        27395.957741477272,
        2055.4850222847676
    ],
    "22": [
        786.4254059388604,
        2681.8329132509903
    ],
    "23": [
        21018.983258928572,
        24073.248883928572
    ],
    "24": [
        12432.09228515625,
        7431.602206143466
    ],
    "25": [
        7375.281796875,
        15408.796953125
    ],
    "26": [
        458.5589371094337,
        783.1528915206974
    ],
    "27": [
        17694.198974609375,
        12253.074584960938
    ],
    "28": [
        6415.959001813616,
        6080.169032505581
    ],
    "29": [
        14983.013232421876,
        16313.907763671876
    ],
    "30": [
        7693.712890625,
        18709.958834134617
    ],
    "31": [
        10558.5498046875,
        17840.51171875
    ],
    "32": [
        9018.83358487216,
        22831.082919034092
    ],
    "33": [
        3027.39712329621,
        2721.383030668218
    ],
    "34": [
        19643.414248511905,
        1068.4402429489862
    ],
    "35": [
        18339.851422991072,
        18905.061104910714
    ],
    "36": [
        13412.843153211805,
        11499.092610677084
    ],
    "37": [
        14912.268676757813,
        26030.79833984375
    ],
    "38": [
        9901.524373372396,
        10216.972086588541
    ],
    "39": [
        1040.295502055775,
        17684.827503551136
    ],
    "40": [
        8927.556966145834,
        27226.088541666668
    ],
    "41": [
        4350.646154333044,
        763.1130288441976
    ],
    "42": [
        3971.994620768229,
        17432.964388020835
    ],
    "43": [
        6823.248805454799,
        1201.4734330177307
    ],
    "44": [
        5463.4832956414475,
        2875.960728695518
    ],
    "45": [
        23738.06907894737,
        1500.7632454320003
    ],
    "46": [
        17121.6895703125,
        1168.7184457397461
    ],
    "47": [
        22628.525065104168,
        5202.671088324652
    ],
    "48": [
        3461.6666564941406,
        7428.430224609375
    ],
    "49": [
        6713.883142089844,
        11277.651733398438
    ],
    "50": [
        3708.686767578125,
        4806.0362392327725
    ],
    "51": [
        11486.432365171371,
        3913.0168220766127
    ],
    "52": [
        6141.891870117188,
        24246.9474609375
    ],
    "53": [
        10202.637961647728,
        14039.607555042614
    ],
    "54": [
        1345.9446134978327,
        14388.943258351293
    ],
    "55": [
        18179.8533203125,
        4588.662294921875
    ],
    "56": [
        3977.2667497907364,
        14022.213483537946
    ],
    "57": [
        25538.80615234375,
        12569.983154296875
    ],
    "58": [
        15677.72248391544,
        8390.648810891544
    ],
    "59": [
        13448.655924479166,
        21390.65603298611
    ]
}