{
    "0": [
        23384.440332998143,
        1211.731547483197
    ],
    "1": [
        12929.331248066213,
        25675.896871132427
    ],
    "2": [
        10773.437406994048,
        12490.485802914916
    ],
    "3": [
        3906.6596880626284,
        11249.735888069059
    ],
    "4": [
        1195.8960962289757,
        13421.807422253512
    ],
    "5": [
        5759.936478960396,
        5855.542658377166
    ],
    "6": [
        16274.48671002095,
        17007.728111906425
    ],
    "7": [
        1115.7584032046643,
        22237.246876648205
    ],
    "8": [
        653.8831668224713,
        658.3883254604056
    ],
    "9": [
        22739.248475191886,
        4925.873090777481
    ],
    "10": [
        12880.222768025225,
        20966.366187405874
    ],
    "11": [
        8020.166044179459,
        15516.808262518274
    ],
    "12": [
        9596.701010832372,
        9150.286764099605
    ],
    "13": [
        12896.515738799966,
        3589.4645671896174
    ],
    "14": [
        10481.476805627593,
        1007.7959656062462
    ],
    "15": [
        15440.363652547201,
        5135.953116734822
    ],
    "16": [
        21127.89329853996,
        17851.16518314549
    ],
    "17": [
        2407.803730323356,
        783.515753600201
    ],
    "18": [
        8409.401344789278,
        20541.14691442087
    ],
    "19": [
        4844.692001836669,
        3189.499760226456
    ],
    "20": [
        844.6199741915922,
        4372.25086158213
    ],
    "21": [
        17077.277329282406,
        8936.953539134838
    ],
    "22": [
        1089.8652603163553,
        19097.52185288915
    ],
    "23": [
        3418.171625464002,
        8023.365576081952
    ],
    "24": [
        1808.5215813863279,
        26153.503759765626
    ],
    "25": [
        14873.507257330908,
        1224.2927398414918
    ],
    "26": [
        13297.780372643849,
        9147.077814980159
    ],
    "27": [
        12644.409328699761,
        949.2488047979183
    ],
    "28": [
        25961.87388599537,
        8677.303703703703
    ],
    "29": [
        4520.109808073571,
        14437.245173622015
    ],
    "30": [
        883.072138854085,
        6691.695341738398
    ],
    "31": [
        7172.596467537715,
        25420.803367456898
    ],
    "32": [
        3109.0230603210143,
        5364.125991592788
    ],
    "33": [
        1079.4465042612667,
        11064.313883928571
    ],
    "34": [
        749.3255203297006,
        2418.380444838406
    ],
    "35": [
        8283.637505476052,
        930.6625533830339
    ],
    "36": [
        26602.122094131097,
        2217.048800067204
    ],
    "37": [
        9878.95866454012,
        3671.927049395299
    ],
    "38": [
        6157.259091295684,
        926.6069689905662
    ],
    "39": [
        18224.453819274902,
        23055.65899658203
    ],
    "40": [
        1022.6834611240938,
        8860.23220744461
    ],
    "41": [
        1271.9173057068429,
        16113.84205996718
    ],
    "42": [
        17435.605100835757,
        1580.3691127034813
    ],
    "43": [
        11861.213010736965,
        6322.615119485294
    ],
    "44": [
        8521.540614954021,
        6134.125809518914
    ],
    "45": [
        18863.365278477824,
        5197.438174143145
    ],
    "46": [
        7229.604943456177,
        11768.329315096575
    ],
    "47": [
        2709.864258980637,
        2841.822502951493
    ],
    "48": [
        21172.35447205219,
        9126.099153813628
    ],
    "49": [
        11636.550027252906,
        16789.127380087208
    ],
    "50": [
        24959.440634450606,
        14659.471963205646
    ],
    "51": [
        4156.150926250452,
        936.3495460997098
    ],
    "52": [
        20280.729705810547,
        1307.8194550022483
    ],
    "53": [
        14713.351517253861,
        12920.565731328426
    ],
    "54": [
        6219.937172943691,
        8852.859252929688
    ],
    "55": [
        19539.70988663383,
        13376.146197775135
    ],
    "56": [
        24699.530215992647,
        22772.86945657169
    ],
    "57": [
        7292.802719518572,
        3239.512591812722
    ],
    "58": [
        4406.619961825284,
        21817.22969395661
    ],
    "59": [
        4867.7991908482145,
        17858.648191964287
    ]
}