{
    "0": [
        3017.4479489793966,
        568.1359567700648
    ],
    "1": [
        15980.362524575745,
        4085.7768587024007
    ],
    "2": [
        1758.1703201271373,
        19005.889769785503
    ],
    "3": [
        14796.195335210756,
        23870.880995639534
    ],
    "4": [
        465.18799195435935,
        578.5933848322513
    ],
    "5": [
        7637.785465162628,
        24847.684171715562
    ],
    "6": [
        5338.005735617079,
        2655.2651018415177
    ],
    "7": [
        9595.19482421875,
        833.0067965004404
    ],
    "8": [
        4314.032134773195,
        1037.9605726359428
    ],
    "9": [
        4072.817003973599,
        12538.10232579023
    ],
    "10": [
        614.7412025870964,
        2080.964191451496
    ],
    "11": [
        906.4373199016125,
        7380.586711711711
    ],
    "12": [
        641.9484125448505,
        5430.480262433979
    ],
    "13": [
        3439.5654472095543,
        9731.240140924043
    ],
    "14": [
        17378.646708170574,
        7915.409254286024
    ],
    "15": [
        21935.419477982956,
        1595.9033012010834
    ],
    "16": [
        20080.258370535714,
        5310.367112238604
    ],
    "17": [
        1736.3140540081522,
        661.3143274514572
    ],
    "18": [
        13387.837114726028,
        6315.86893661708
    ],
    "19": [
        9414.47251953125,
        3256.2079443359376
    ],
    "20": [
        3260.210214217079,
        7477.236725016711
    ],
    "21": [
        5973.172326255184,
        650.1803818969365
    ],
    "22": [
        1151.1267711926014,
        13923.506747631316
    ],
    "23": [
        3380.9184341430664,
        3443.863722483317
    ],
    "24": [
        841.3694243130625,
        3765.9411671122566
    ],
    "25": [
        10351.424542327426,
        12193.63236065765
    ],
    "26": [
        2097.526597224244,
        26332.213750716743
    ],
    "27": [
        14686.611592800818,
        12466.663578782127
    ],
    "28": [
        921.7741324412737,
        16499.00335122527
    ],
    "29": [
        5045.565524239071,
        5138.27835418172
    ],
    "30": [
        7183.866421953518,
        4026.835200170776
    ],
    "31": [
        7491.7597908266125,
        13355.829019657258
    ],
    "32": [
        7689.377508825837,
        1145.2038197657055
    ],
    "33": [
        4144.620235819212,
        15823.144269916373
    ],
    "34": [
        7698.042348392674,
        17104.384077228482
    ],
    "35": [
        12062.867815734475,
        3920.709328037918
    ],
    "36": [
        13790.8763671875,
        1419.5789631548382
    ],
    "37": [
        6218.718767233456,
        9855.952016314339
    ],
    "38": [
        18535.127585565475,
        12959.07576264881
    ],
    "39": [
        9684.021291151405,
        6099.694915608289
    ],
    "40": [
        9139.157967122395,
        8887.71875
    ],
    "41": [
        12111.062775822997,
        15769.282375656012
    ],
    "42": [
        25592.067843031607,
        1260.6064618264122
    ],
    "43": [
        2735.0943506088615,
        5371.081471904343
    ],
    "44": [
        6252.632374639096,
        6928.4790622877035
    ],
    "45": [
        11741.785349527994,
        1078.8661297733586
    ],
    "46": [
        21825.7442284059,
        10042.520529757725
    ],
    "47": [
        17595.381400923296,
        18245.422416548296
    ],
    "48": [
        16066.944342079403,
        1053.6487804748726
    ],
    "49": [
        949.1527810946659,
        9338.904545536747
    ],
    "50": [
        1139.0501323268527,
        11632.192912946428
    ],
    "51": [
        13005.85461146231,
        9390.567557997376
    ],
    "52": [
        2175.239930497839,
        2376.924759885098
    ],
    "53": [
        25310.676879882813,
        6139.293665568034
    ],
    "54": [
        5791.373921190571,
        20406.387636885684
    ],
    "55": [
        10387.08427647182,
        20280.129098074776
    ],
    "56": [
        22905.766314338234,
        22528.570695465685
    ],
    "57": [
        1744.8296224255312,
        22243.356355365955
    ],
    "58": [
        18664.738068181818,
        1227.347489047773
    ],
    "59": [
        24700.3829002809,
        15438.73395804073
    ]
}