{
    "0": [
        8468.848804408482,
        7156.022864118304
    ],
    "1": [
        2737.9993348807143,
        2744.803781325595
    ],
    "2": [
        14143.141464719347,
        21637.74166500796
    ],
    "3": [
        17867.62427718996,
        8912.537459245817
    ],
    "4": [
        9228.600767797354,
        21151.76126036352
    ],
    "5": [
        17017.481873022152,
        1266.6671482557738
    ],
    "6": [
        7386.243080046495,
        3130.636242329833
    ],
    "7": [
        16074.014970216715,
        13369.109060704022
    ],
    "8": [
        1298.8214020742496,
        17479.86895356514
    ],
    "9": [
        14083.06436561227,
        1019.1673727904706
    ],
    "10": [
        12178.638495691044,
        4162.574323831145
    ],
    "11": [
        11380.985193399834,
        1051.7577859686369
    ],
    "12": [
        4029.8671354900926,
        12793.719308035714
    ],
    "13": [
        21421.275857676632,
        5349.490588201993
    ],
    "14": [
        4307.73870857891,
        912.8260861800193
    ],
    "15": [
        3159.484638029103,
        10102.615245651703
    ],
    "16": [
        836.416536282402,
        4133.853049359122
    ],
    "17": [
        9109.26263247738,
        10333.504484856736
    ],
    "18": [
        25356.760809075342,
        20251.874331121577
    ],
    "19": [
        6099.613345302103,
        5785.681203399774
    ],
    "20": [
        1149.0483155426784,
        14943.287651648889
    ],
    "21": [
        11416.897270051346,
        7339.273792990882
    ],
    "22": [
        4961.669409220997,
        3073.928951773345
    ],
    "23": [
        11818.758138020834,
        26261.07595486111
    ],
    "24": [
        7764.357071659483,
        16921.059280711208
    ],
    "25": [
        13051.385357666015,
        10513.779800415039
    ],
    "26": [
        17799.37859143709,
        4760.9978404798
    ],
    "27": [
        12045.33572482639,
        17147.3761328125
    ],
    "28": [
        4927.297356975035,
        20055.785494983855
    ],
    "29": [
        937.5388352937442,
        6131.953289643595
    ],
    "30": [
        2448.222778474442,
        750.1583264653731
    ],
    "31": [
        1132.7448588281773,
        20016.466057342233
    ],
    "32": [
        3647.0671622375726,
        7440.187774304718
    ],
    "33": [
        21452.302631035054,
        15572.200365823413
    ],
    "34": [
        1528.2455541022618,
        26591.1576953125
    ],
    "35": [
        1587.6323855339213,
        22853.575556848406
    ],
    "36": [
        774.7452004116315,
        10304.739520733174
    ],
    "37": [
        25894.71078279703,
        12734.603109529702
    ],
    "38": [
        14719.452717599694,
        7107.440772682611
    ],
    "39": [
        1180.1149371848048,
        12569.230719754016
    ],
    "40": [
        9054.079191314027,
        1119.8985389163481
    ],
    "41": [
        6596.735001876365,
        847.8154244343093
    ],
    "42": [
        19733.822250246063,
        23640.896222933072
    ],
    "43": [
        26377.167234979283,
        2171.087218010623
    ],
    "44": [
        25506.02818871897,
        7220.45813594304
    ],
    "45": [
        6951.786289294325,
        13198.042742720698
    ],
    "46": [
        16873.799885110293,
        17562.308467371324
    ],
    "47": [
        5767.88995421759,
        24533.9149036974
    ],
    "48": [
        4478.670626179556,
        16086.651361701193
    ],
    "49": [
        22911.900281308303,
        1437.7564233168403
    ],
    "50": [
        14890.168850985441,
        3698.965273770419
    ],
    "51": [
        10696.270744643525,
        13440.640069470433
    ],
    "52": [
        1008.4726790652463,
        8108.867768940173
    ],
    "53": [
        665.8782247568428,
        633.9003469017676
    ],
    "54": [
        6029.504400900136,
        9410.329528277853
    ],
    "55": [
        756.3829817270606,
        2312.023432916634
    ],
    "56": [
        21283.51017342033,
        10301.207589285714
    ],
    "57": [
        9526.060072186161,
        4376.434466278272
    ],
    "58": [
        3214.6454196857458,
        5087.62398548818
    ],
    "59": [
        19788.27325721154,
        1371.8632813835145
    ]
}