{
    "0": [
        2526.8007228335136,
        4453.684851517378
    ],
    "1": [
        620.5369446934528,
        562.2601442781972
    ],
    "2": [
        26573.58661954365,
        6988.8598710317465
    ],
    "3": [
        7975.3538374467325,
        10814.002069646662
    ],
    "4": [
        25028.673258463543,
        24773.476643880207
    ],
    "5": [
        11498.890330854669,
        725.8054005266672
    ],
    "6": [
        19823.70141910601,
        15666.837247824367
    ],
    "7": [
        954.4137378406051,
        12045.996866592508
    ],
    "8": [
        9282.625394904757,
        5291.98387018333
    ],
    "9": [
        971.3107540047687,
        17547.828065557067
    ],
    "10": [
        3475.3084205665023,
        13568.130642895629
    ],
    "11": [
        965.614748559524,
        14527.216332729326
    ],
    "12": [
        14180.865579744665,
        7594.585088962462
    ],
    "13": [
        4364.633592414276,
        2397.218302532532
    ],
    "14": [
        11183.71667837997,
        3216.5100480722085
    ],
    "15": [
        16316.665851203763,
        3151.69484601702
    ],
    "16": [
        12472.628252377717,
        16613.120482336955
    ],
    "17": [
        17798.25097210331,
        1023.7762824868503
    ],
    "18": [
        8481.624818157328,
        17988.751495150864
    ],
    "19": [
        896.943693629769,
        9894.718552922628
    ],
    "20": [
        23264.616553368505,
        9586.762460683847
    ],
    "21": [
        9456.749612005471,
        905.191430981111
    ],
    "22": [
        10528.24853515625,
        11220.211489722842
    ],
    "23": [
        10311.458467371323,
        23446.73028492647
    ],
    "24": [
        14212.16752904123,
        4506.426226071662
    ],
    "25": [
        10724.025013130253,
        8136.649016051733
    ],
    "26": [
        3199.9501114810805,
        15978.367181617094
    ],
    "27": [
        20227.595318651576,
        7469.181406096211
    ],
    "28": [
        19178.030037275326,
        3840.9085382199755
    ],
    "29": [
        19450.116692341548,
        20705.31230743838
    ],
    "30": [
        22977.245176373108,
        4911.708068847656
    ],
    "31": [
        7804.154259153702,
        7770.046191825376
    ],
    "32": [
        689.6531692358247,
        2035.0796190459153
    ],
    "33": [
        2479.1185871957127,
        2452.7826872051887
    ],
    "34": [
        16102.528649154974,
        17612.338229432396
    ],
    "35": [
        7003.255237926136,
        21102.71086647727
    ],
    "36": [
        12719.494004360466,
        27245.72315588663
    ],
    "37": [
        17169.625738188977,
        10312.212683009351
    ],
    "38": [
        25994.652262369793,
        12774.13671875
    ],
    "39": [
        11150.136996299341,
        20294.453659539475
    ],
    "40": [
        4622.501551244166,
        4673.644558200588
    ],
    "41": [
        3990.7735527124296,
        18881.326939957864
    ],
    "42": [
        26289.08279079861,
        19043.892415364582
    ],
    "43": [
        6933.602815221568,
        5082.056007260182
    ],
    "44": [
        15799.57319612323,
        13639.296441995873
    ],
    "45": [
        13463.31557709316,
        10655.943476071148
    ],
    "46": [
        3053.876367987961,
        6605.722296042521
    ],
    "47": [
        6369.512191177962,
        26365.89658583604
    ],
    "48": [
        19660.420336174244,
        25733.169862689392
    ],
    "49": [
        898.2699063251545,
        7837.49069729099
    ],
    "50": [
        2262.593626361332,
        695.8168500458913
    ],
    "51": [
        23540.924682617188,
        15945.983439127604
    ],
    "52": [
        5368.709004030389,
        7020.49000885527
    ],
    "53": [
        20385.321496841756,
        11917.885129238697
    ],
    "54": [
        13425.94023061899,
        1324.8994082414188
    ],
    "55": [
        26664.43235612624,
        1677.0625221705673
    ],
    "56": [
        6266.36157307137,
        2765.2206330252166
    ],
    "57": [
        1141.1366407871246,
        23761.80628159467
    ],
    "58": [
        17126.73345441879,
        6663.853108205613
    ],
    "59": [
        15443.33341733871,
        719.5262021582614
    ],
    "60": [
        737.923844950329,
        5869.1281641591895
    ],
    "61": [
        713.5206648231352,
        3805.5322866418483
    ],
    "62": [
        11892.528274054277,
        5479.540190686677
    ],
    "63": [
        3893.6255133039735,
        571.697712648113
    ],
    "64": [
        12196.95480539133,
        13823.900496199325
    ],
    "65": [
        15036.15615985577,
        22818.996514423077
    ],
    "66": [
        3391.4206361676206,
        11088.536316522277
    ],
    "67": [
        3150.5835194501637,
        8929.11061421198
    ],
    "68": [
        8610.659209057801,
        2854.39513563572
    ],
    "69": [
        5684.1909729863555,
        723.0510236001351
    ],
    "70": [
        23265.09403327767,
        1302.492777970001
    ],
    "71": [
        9018.087107738304,
        14398.395344142808
    ],
    "72": [
        3779.0971746271307,
        22999.594087357953
    ],
    "73": [
        6080.559911842554,
        15963.67681117657
    ],
    "74": [
        7494.901486418968,
        857.3106391648221
    ],
    "75": [
        1699.3972753447456,
        26947.685256545607
    ],
    "76": [
        20434.221769555214,
        1089.5079187439994
    ],
    "77": [
        1141.094592417364,
        20612.853471486582
    ],
    "78": [
        5944.918331405492,
        12758.09143184921
    ],
    "79": [
        5691.176322937012,
        9632.181477864584
    ]
}