{
    "0": [
        441.30647914273584,
        2055.908150050951
    ],
    "1": [
        14057.795103092783,
        4886.966572869685
    ],
    "2": [
        4947.638919830322,
        8764.512660980225
    ],
    "3": [
        2548.4104740794114,
        5150.259720965129
    ],
    "4": [
        22684.015542935926,
        1580.5218683030425
    ],
    "5": [
        8867.78634856468,
        611.6949952799221
    ],
    "6": [
        23222.914966724536,
        21658.542390046296
    ],
    "7": [
        15472.901866650764,
        925.0352790956279
    ],
    "8": [
        2696.2344242066374,
        1575.8031346520713
    ],
    "9": [
        4165.862642728365,
        5261.283153044872
    ],
    "10": [
        8892.748028094951,
        10691.490994966947
    ],
    "11": [
        8014.222419621394,
        8159.005866887019
    ],
    "12": [
        669.5028630669354,
        4802.783313059667
    ],
    "13": [
        17509.46875,
        1164.454552448402
    ],
    "14": [
        2350.0359407726087,
        26988.25023129112
    ],
    "15": [
        1864.103132500706,
        3349.7935364504897
    ],
    "16": [
        7057.8759148257905,
        747.3636278448433
    ],
    "17": [
        19517.543883727478,
        4657.627027906813
    ],
    "18": [
        13692.798231336805,
        16020.380219184028
    ],
    "19": [
        14432.971424449574,
        12366.408325195313
    ],
    "20": [
        26147.20166015625,
        1253.1496104374528
    ],
    "21": [
        442.35036971629097,
        3397.3590904620055
    ],
    "22": [
        16496.46860865543,
        19810.720985814143
    ],
    "23": [
        3366.362639054008,
        3269.496619183084
    ],
    "24": [
        9597.922335265113,
        15864.821545210041
    ],
    "25": [
        12874.411758514221,
        803.0075688561993
    ],
    "26": [
        10777.51304813508,
        765.664390665485
    ],
    "27": [
        2315.0896442101434,
        20479.39765133648
    ],
    "28": [
        2089.21573311942,
        420.3227854013443
    ],
    "29": [
        866.1504955708981,
        9122.762677001952
    ],
    "30": [
        5217.550112043108,
        6817.200465611049
    ],
    "31": [
        9166.40913772583,
        4285.312261581421
    ],
    "32": [
        5740.7163640802555,
        17133.323100142046
    ],
    "33": [
        6115.235033981199,
        2313.1877927702617
    ],
    "34": [
        19042.733658854166,
        8772.575151909723
    ],
    "35": [
        1232.0142901910317,
        23405.78072212838
    ],
    "36": [
        1088.4852225513932,
        10959.784513295808
    ],
    "37": [
        863.687412370046,
        7701.576663411458
    ],
    "38": [
        25224.917020089284,
        15101.765638950892
    ],
    "39": [
        13701.967691076807,
        7231.203954489834
    ],
    "40": [
        5448.8623865076015,
        550.3495799058193
    ],
    "41": [
        794.4420147892357,
        14968.489172894022
    ],
    "42": [
        19750.489554268974,
        982.4528603511197
    ],
    "43": [
        1430.463053362617,
        17726.695269808744
    ],
    "44": [
        11914.08638702877,
        3101.0966118706597
    ],
    "45": [
        13256.850299337635,
        9761.218909222147
    ],
    "46": [
        9925.645214049797,
        2479.1521780122584
    ],
    "47": [
        26290.1763671875,
        5791.362353515625
    ],
    "48": [
        4432.309957097085,
        1825.8794912273963
    ],
    "49": [
        6255.487196702224,
        10513.255230243389
    ],
    "50": [
        5043.265682025547,
        3650.6959094862
    ],
    "51": [
        3700.91041937934,
        494.3724698437585
    ],
    "52": [
        7320.780122199944,
        19827.136684181416
    ],
    "53": [
        7093.662242542614,
        13411.485617897728
    ],
    "54": [
        732.7280389172275,
        6219.939905678354
    ],
    "55": [
        14151.898583528038,
        2325.9135582469335
    ],
    "56": [
        5934.013338694853,
        23413.246989889707
    ],
    "57": [
        10764.536610243056,
        8582.777978515625
    ],
    "58": [
        3060.6451345860273,
        9809.08022966056
    ],
    "59": [
        3989.648107096354,
        12253.824694010416
    ],
    "60": [
        1441.1048583984375,
        1674.701946183747
    ],
    "61": [
        11372.963528380102,
        20637.357979910714
    ],
    "62": [
        17745.17693219866,
        12353.967936197916
    ],
    "63": [
        6656.366625361082,
        5914.2160008534665
    ],
    "64": [
        3493.016864198627,
        14752.437366832386
    ],
    "65": [
        6961.093215721241,
        4040.1400641842165
    ],
    "66": [
        9324.445894491793,
        6418.087412208018
    ],
    "67": [
        2868.6130474543165,
        7329.232893604343
    ],
    "68": [
        8186.13888671875,
        2335.294318359375
    ],
    "69": [
        11403.618373325893,
        5528.410321916853
    ],
    "70": [
        518.9974215125543,
        542.7884642756109
    ],
    "71": [
        16567.38995481005,
        3756.4144334980087
    ],
    "72": [
        10808.509877232143,
        12533.844326636905
    ],
    "73": [
        1013.5246926818985,
        12794.137812970632
    ],
    "74": [
        16577.541548295456,
        7139.909968828914
    ],
    "75": [
        9886.327218191964,
        25780.547898065477
    ],
    "76": [
        22384.514707623108,
        11057.632191051136
    ],
    "77": [
        16955.965844131097,
        25166.075600228658
    ],
    "78": [
        22681.948704769737,
        6574.595018888775
    ],
    "79": [
        19526.010172526043,
        16201.847005208334
    ]
}