{
    "0": [
        8769.586940104167,
        11740.2751953125
    ],
    "1": [
        16476.9469884924,
        10361.110919024493
    ],
    "2": [
        2653.7687643502504,
        10018.995862655058
    ],
    "3": [
        3014.3621953125,
        4802.92137109375
    ],
    "4": [
        1903.945168566348,
        3311.5117970936335
    ],
    "5": [
        7065.3923903245195,
        1668.88430417239
    ],
    "6": [
        26096.653534679877,
        12991.88876714939
    ],
    "7": [
        1329.1337338886904,
        22772.561139396068
    ],
    "8": [
        17472.363322368423,
        6552.8719263980265
    ],
    "9": [
        6468.809493834714,
        12526.322653896837
    ],
    "10": [
        746.0226948782175,
        14023.377010569853
    ],
    "11": [
        2464.087701868128,
        1549.6919256139684
    ],
    "12": [
        3809.0782858227926,
        12374.75826202877
    ],
    "13": [
        1446.922845505576,
        1980.81298828125
    ],
    "14": [
        893.2502254927031,
        16124.200321320564
    ],
    "15": [
        18119.033326914614,
        13511.087065360916
    ],
    "16": [
        409.9801621599967,
        1900.392608453028
    ],
    "17": [
        1540.619174890351,
        4863.6956594366775
    ],
    "18": [
        4182.257255168876,
        6638.632018426452
    ],
    "19": [
        7812.751366148604,
        7773.191110164561
    ],
    "20": [
        22630.21818723517,
        1315.2177478681176
    ],
    "21": [
        26240.434788945895,
        1477.9961002549128
    ],
    "22": [
        4502.9724763569075,
        4781.824131373355
    ],
    "23": [
        19571.469604492188,
        8564.483197021484
    ],
    "24": [
        812.1843453834797,
        7647.190291621767
    ],
    "25": [
        3307.1969604492188,
        3130.1860751448007
    ],
    "26": [
        7603.975287828947,
        17469.814093338817
    ],
    "27": [
        16436.21511182598,
        893.6385336420894
    ],
    "28": [
        6584.256686068998,
        10052.594755569307
    ],
    "29": [
        3758.0697021484375,
        17716.94672751913
    ],
    "30": [
        4254.364057360197,
        10146.333470394737
    ],
    "31": [
        14785.753185835041,
        21250.738185194674
    ],
    "32": [
        5259.411171517721,
        14872.27178210747
    ],
    "33": [
        21012.803398840206,
        4867.107512483892
    ],
    "34": [
        21584.579236260775,
        10857.761499865303
    ],
    "35": [
        3764.365670711436,
        1708.070435868933
    ],
    "36": [
        1380.2613732187372,
        20193.508737664473
    ],
    "37": [
        6023.82056640625,
        6382.98001953125
    ],
    "38": [
        294.6520749050812,
        456.71346180665427
    ],
    "39": [
        14890.19257537412,
        16531.414475132042
    ],
    "40": [
        12428.262939453125,
        3828.7849837593412
    ],
    "41": [
        817.0353790495421,
        18061.21771978022
    ],
    "42": [
        12784.847809866573,
        6203.5892183110955
    ],
    "43": [
        8625.524385618932,
        2119.9708856378943
    ],
    "44": [
        24843.824381510418,
        18505.119927300348
    ],
    "45": [
        2953.355216190733,
        441.1068310203223
    ],
    "46": [
        4904.891184955562,
        1520.2317913650372
    ],
    "47": [
        22248.513332201088,
        15085.413913892664
    ],
    "48": [
        7462.962223157971,
        3511.07548424957
    ],
    "49": [
        12043.683738425925,
        1905.86885466399
    ],
    "50": [
        10957.017323052705,
        618.024669721945
    ],
    "51": [
        810.724827462009,
        10759.270656040737
    ],
    "52": [
        10773.287358302696,
        25721.62837009804
    ],
    "53": [
        11185.22683502907,
        15469.299009811046
    ],
    "54": [
        7687.793949450476,
        503.18231787115843
    ],
    "55": [
        19088.01927923387,
        18636.567493069557
    ],
    "56": [
        25094.87556703629,
        6315.0070538264445
    ],
    "57": [
        15040.932655863242,
        4874.358732015779
    ],
    "58": [
        9291.044724849233,
        4077.353639836897
    ],
    "59": [
        849.8146794740255,
        9088.472212357954
    ],
    "60": [
        13388.512178308823,
        628.6247819697155
    ],
    "61": [
        7852.88251953125,
        5474.079528808594
    ],
    "62": [
        468.6987261941247,
        3174.01249445922
    ],
    "63": [
        4966.1360505756575,
        395.18476193453137
    ],
    "64": [
        7379.199655633223,
        20181.787212171053
    ],
    "65": [
        10825.98681640625,
        20094.85285701308
    ],
    "66": [
        2406.6788750656515,
        6324.74014820772
    ],
    "67": [
        1057.6843472994292,
        738.9116970147842
    ],
    "68": [
        4015.260463579963,
        20938.821622242645
    ],
    "69": [
        1212.1662645597717,
        25814.631044130067
    ],
    "70": [
        4452.730565270712,
        27456.19367732558
    ],
    "71": [
        14603.940021571829,
        7905.191777926772
    ],
    "72": [
        6492.088567708333,
        23638.906484375
    ],
    "73": [
        10890.75924928161,
        5098.154810412177
    ],
    "74": [
        390.4493618681411,
        4523.582275390625
    ],
    "75": [
        10947.554901867377,
        12147.496855945123
    ],
    "76": [
        1950.1465955136428,
        392.38301504014146
    ],
    "77": [
        5903.701287382392,
        2486.755474787886
    ],
    "78": [
        4696.0649662724245,
        3003.081495496962
    ],
    "79": [
        1170.7301941839853,
        12282.18669921875
    ],
    "80": [
        23288.7189453125,
        23563.361588541666
    ],
    "81": [
        9194.99611497962,
        594.3244551765746
    ],
    "82": [
        9047.279940518465,
        9287.05555863814
    ],
    "83": [
        9646.039418658089,
        6689.383559283088
    ],
    "84": [
        12829.540144636825,
        9939.952676309122
    ],
    "85": [
        3917.1364393967847,
        481.9319113768064
    ],
    "86": [
        19319.416969823473,
        953.3851702413486
    ],
    "87": [
        14492.255418113426,
        2200.5980337637443
    ],
    "88": [
        2824.4954881855087,
        14738.207825903799
    ],
    "89": [
        6059.421486271238,
        4321.459422880006
    ],
    "90": [
        17682.019829644098,
        3341.767835828993
    ],
    "91": [
        11179.175591362848,
        8481.05946858724
    ],
    "92": [
        512.6664294568268,
        6081.783628721495
    ],
    "93": [
        2694.4343655493954,
        7979.827120873236
    ],
    "94": [
        6144.4050625887785,
        559.8783677202282
    ],
    "95": [
        8410.12558815696,
        14514.960460316051
    ],
    "96": [
        10152.114295372596,
        2397.5274517352764
    ],
    "97": [
        14122.193049733232,
        12912.566239519818
    ],
    "98": [
        4996.136344553154,
        8440.33847473715
    ],
    "99": [
        17230.35610064338,
        25252.577205882353
    ]
}