{
    "0": [
        12448.765416083645,
        6709.270345052083
    ],
    "1": [
        14798.430905832827,
        5443.817629323422
    ],
    "2": [
        8392.90484516847,
        691.5200169719132
    ],
    "3": [
        6604.699111300923,
        605.5270944153034
    ],
    "4": [
        11126.686181184288,
        8942.726135824329
    ],
    "5": [
        5381.100245775039,
        12097.986748986663
    ],
    "6": [
        14024.407765355603,
        14039.373450969828
    ],
    "7": [
        5467.61897048734,
        2679.25134623152
    ],
    "8": [
        754.3506696810946,
        10610.36579284668
    ],
    "9": [
        2707.4087044137423,
        5349.477612438098
    ],
    "10": [
        22251.004039417614,
        14810.835264263731
    ],
    "11": [
        14602.10602293424,
        814.9565875859348
    ],
    "12": [
        7421.10879054214,
        5930.02226118608
    ],
    "13": [
        863.6006276444565,
        16621.005915580037
    ],
    "14": [
        10585.516266410872,
        14726.311407867974
    ],
    "15": [
        20366.71622983871,
        19066.847488239247
    ],
    "16": [
        1918.986073528153,
        514.0757800485509
    ],
    "17": [
        9422.57445319551,
        4525.9243631190775
    ],
    "18": [
        7615.992702174831,
        26790.738386824323
    ],
    "19": [
        3830.0163466772997,
        2317.8793625959847
    ],
    "20": [
        4595.71431200432,
        9622.099109996449
    ],
    "21": [
        20389.54006442776,
        7247.533532873376
    ],
    "22": [
        18899.16015625,
        806.2680749846995
    ],
    "23": [
        5012.692138671875,
        745.8049828694748
    ],
    "24": [
        6799.011115960316,
        10118.825070001383
    ],
    "25": [
        4545.160024789663,
        24123.612325174825
    ],
    "26": [
        4581.3054275248705,
        6116.11272538657
    ],
    "27": [
        2790.069063000801,
        15269.518875200321
    ],
    "28": [
        12041.900361659164,
        4564.289082155389
    ],
    "29": [
        564.3144621700048,
        4172.613164937721
    ],
    "30": [
        7143.362460521941,
        14377.512529089096
    ],
    "31": [
        19016.139229910714,
        24858.078369140625
    ],
    "32": [
        24312.5244140625,
        23985.029509171196
    ],
    "33": [
        8619.123683620144,
        16663.98578045819
    ],
    "34": [
        26534.772562966416,
        12140.814249067163
    ],
    "35": [
        3376.4688073360558,
        665.8203177253405
    ],
    "36": [
        17486.913983982413,
        5943.485535588096
    ],
    "37": [
        6024.4669846754805,
        4753.966264204545
    ],
    "38": [
        18422.20494602959,
        3236.8220993263135
    ],
    "39": [
        3549.9544505804356,
        7625.194258568992
    ],
    "40": [
        2899.579825077957,
        11209.971298283263
    ],
    "41": [
        6036.24583366049,
        17601.5810546875
    ],
    "42": [
        641.4194938734438,
        8796.517586792714
    ],
    "43": [
        15817.631029211956,
        11365.916694972826
    ],
    "44": [
        10339.74393581402,
        679.6017826204967
    ],
    "45": [
        479.8294795948397,
        7170.39099767572
    ],
    "46": [
        8683.934397660567,
        12533.68566017783
    ],
    "47": [
        2247.175497532895,
        1975.458328022204
    ],
    "48": [
        9300.978811212883,
        2427.4363920131404
    ],
    "49": [
        27244.281335851647,
        1545.322382067586
    ],
    "50": [
        13224.944710286458,
        21220.9880859375
    ],
    "51": [
        24200.78776405377,
        1420.9431425180683
    ],
    "52": [
        822.0224106857503,
        14268.604848500845
    ],
    "53": [
        16809.32572083554,
        992.0737583516008
    ],
    "54": [
        12706.40319223873,
        17385.073442302768
    ],
    "55": [
        16292.315413274684,
        17404.710518973214
    ],
    "56": [
        9344.27683064089,
        23018.884931144068
    ],
    "57": [
        25660.758196721312,
        18079.531474129097
    ],
    "58": [
        583.0012303819806,
        1672.8652971473998
    ],
    "59": [
        6342.307789117518,
        20870.861300616198
    ],
    "60": [
        23617.518428465137,
        5218.274626647534
    ],
    "61": [
        938.1783123975215,
        19096.248110563858
    ],
    "62": [
        1986.2037951660157,
        7238.0306575520835
    ],
    "63": [
        3564.7597095723054,
        17798.652378627234
    ],
    "64": [
        3554.0950634765627,
        20897.531744791668
    ],
    "65": [
        4851.398470523853,
        14786.790751434179
    ],
    "66": [
        7662.589265117495,
        3512.446848471334
    ],
    "67": [
        700.9506589127926,
        2901.793414319823
    ],
    "68": [
        17774.54662407769,
        8842.251563178168
    ],
    "69": [
        21372.910502485796,
        1118.1331162842837
    ],
    "70": [
        19910.37258831522,
        11339.691066576086
    ],
    "71": [
        2151.0689927345793,
        3707.224624713678
    ],
    "72": [
        539.2974254079894,
        461.8681277605443
    ],
    "73": [
        12370.423263051744,
        840.5364422048235
    ],
    "74": [
        6021.862930836397,
        7818.806207873775
    ],
    "75": [
        978.0940053824979,
        21598.696703206806
    ],
    "76": [
        17784.489123358242,
        14318.276147814764
    ],
    "77": [
        2382.241468287226,
        9339.962351329292
    ],
    "78": [
        14604.11220703125,
        8109.644957139757
    ],
    "79": [
        8513.308672736674,
        7918.754236557905
    ],
    "80": [
        7077.585413240132,
        2044.4508574904057
    ],
    "81": [
        960.1006993001321,
        12433.931251180136
    ],
    "82": [
        20995.511357981686,
        4135.361457192974
    ],
    "83": [
        16027.029999230295,
        3330.0536399803727
    ],
    "84": [
        800.2898670968376,
        5596.8724053105225
    ],
    "85": [
        13360.963595233387,
        25932.575479628165
    ],
    "86": [
        1552.0723543143508,
        27201.756091429455
    ],
    "87": [
        11225.08553799716,
        2685.066170987216
    ],
    "88": [
        1170.6075305491686,
        24202.635208129883
    ],
    "89": [
        16890.022098214286,
        21624.266629464284
    ],
    "90": [
        4073.7599633789064,
        4057.658644205729
    ],
    "91": [
        10116.01015625,
        6397.629677734375
    ],
    "92": [
        23406.931658878504,
        9624.494889018692
    ],
    "93": [
        26832.31914538872,
        6430.107025890816
    ],
    "94": [
        8940.046499202388,
        10180.348106184554
    ],
    "95": [
        13788.478833747633,
        2980.636551365708
    ],
    "96": [
        13283.28090209961,
        10527.67211303711
    ],
    "97": [
        9518.803879816729,
        19416.813821663534
    ],
    "98": [
        3148.8774911600267,
        12962.43323737411
    ],
    "99": [
        11155.691979786707,
        11928.378735739087
    ]
}