{
    "0": [
        17324.711493389423,
        19263.426622596155
    ],
    "1": [
        1411.3603526332922,
        1829.1778510913514
    ],
    "2": [
        25485.97836303711,
        14055.842590332031
    ],
    "3": [
        954.4490541273548,
        13047.542647429436
    ],
    "4": [
        4801.556031414281,
        7388.2907418224295
    ],
    "5": [
        3388.629318359375,
        14832.087765625
    ],
    "6": [
        1578.8388002951478,
        17636.409372728926
    ],
    "7": [
        7016.612255859375,
        15470.191528320313
    ],
    "8": [
        7508.862249824439,
        12810.156908356741
    ],
    "9": [
        4021.1501105057564,
        20911.562294407893
    ],
    "10": [
        5522.389051072141,
        17797.06367395279
    ],
    "11": [
        12888.488602120537,
        21253.951785714286
    ],
    "12": [
        731.9578559890048,
        7770.067065988788
    ],
    "13": [
        3382.4047560385607,
        4440.648356866399
    ],
    "14": [
        12727.711619917169,
        12300.66099162274
    ],
    "15": [
        3706.5439323262967,
        1646.4263656291555
    ],
    "16": [
        19281.897216796875,
        894.8642191832715
    ],
    "17": [
        856.4678358216034,
        9148.542859529194
    ],
    "18": [
        14116.111163753094,
        2428.338319684019
    ],
    "19": [
        13583.03725678066,
        750.3016305824495
    ],
    "20": [
        10459.155728614936,
        780.0473547224271
    ],
    "21": [
        26880.730040015245,
        1440.1702574055369
    ],
    "22": [
        891.8901866628573,
        11029.543563451522
    ],
    "23": [
        1272.2585447216034,
        23580.27078125
    ],
    "24": [
        9769.948518684112,
        18154.336172816264
    ],
    "25": [
        7064.8185258345175,
        784.7537441470406
    ],
    "26": [
        8565.57499222207,
        2326.8030908635233
    ],
    "27": [
        1052.3298180274714,
        707.4749896666583
    ],
    "28": [
        2954.408359460663,
        430.5997245144426
    ],
    "29": [
        13860.211036253511,
        9144.679396725773
    ],
    "30": [
        22781.589756296642,
        7641.970331448228
    ],
    "31": [
        354.8565139599366,
        4232.366003055384
    ],
    "32": [
        6821.639924172794,
        7731.95467601103
    ],
    "33": [
        16527.473031092173,
        7240.730813999368
    ],
    "34": [
        4895.773335193452,
        1500.1854259672618
    ],
    "35": [
        290.8440861463547,
        450.7624185180664
    ],
    "36": [
        6581.376359610722,
        5742.364240975216
    ],
    "37": [
        26406.88671875,
        5805.110036399148
    ],
    "38": [
        8067.124903416896,
        535.2997052014529
    ],
    "39": [
        4839.777208116319,
        9372.135116185897
    ],
    "40": [
        3062.3148981267755,
        11963.374893465909
    ],
    "41": [
        4713.061599392361,
        5577.085460069445
    ],
    "42": [
        488.1568960008376,
        3011.84765625
    ],
    "43": [
        8130.845719962284,
        20589.31948186063
    ],
    "44": [
        22764.52292158019,
        18316.919442806604
    ],
    "45": [
        2442.559659423828,
        1431.2783996582032
    ],
    "46": [
        4910.048969343597,
        12756.348020067402
    ],
    "47": [
        18708.996730638588,
        15118.818515058876
    ],
    "48": [
        9808.658166956018,
        11465.815719039352
    ],
    "49": [
        2350.0359407726087,
        26988.25023129112
    ],
    "50": [
        721.6275831090302,
        15124.2554244354
    ],
    "51": [
        3923.3764261680076,
        465.22511176307603
    ],
    "52": [
        799.3001639172435,
        6463.67236328125
    ],
    "53": [
        12337.264841478924,
        4077.0285190316135
    ],
    "54": [
        9241.926060945085,
        6603.808399385619
    ],
    "55": [
        13647.049726113506,
        16046.230569773707
    ],
    "56": [
        10509.119178921568,
        26005.369829963234
    ],
    "57": [
        3061.1293354337176,
        6215.247814360119
    ],
    "58": [
        6674.749850526148,
        10452.714793925383
    ],
    "59": [
        7184.938869900174,
        2080.67239718967
    ],
    "60": [
        9162.684250710226,
        599.1254813085903
    ],
    "61": [
        11935.45030959109,
        2225.9382752763463
    ],
    "62": [
        2942.0491065979004,
        9806.647369384766
    ],
    "63": [
        12264.678488026495,
        6456.2071533203125
    ],
    "64": [
        2533.039393833705,
        7765.104197668651
    ],
    "65": [
        12024.075577883375,
        608.2947402983597
    ],
    "66": [
        22879.106515066964,
        4109.24702671596
    ],
    "67": [
        4960.017282039561,
        395.22765513049796
    ],
    "68": [
        1997.38921575263,
        2848.7503722540223
    ],
    "69": [
        5890.374238066621,
        2412.28765131353
    ],
    "70": [
        5399.512816124356,
        4006.86328125
    ],
    "71": [
        3266.0556740274233,
        3024.195534219547
    ],
    "72": [
        17505.055180344625,
        1165.6134686425466
    ],
    "73": [
        1674.8229264479417,
        3917.0192190317007
    ],
    "74": [
        6082.569621760671,
        577.4380353369364
    ],
    "75": [
        20992.21236359127,
        11574.823180183532
    ],
    "76": [
        16561.701298828124,
        3727.7201489257814
    ],
    "77": [
        4548.408427927754,
        2840.186093169864
    ],
    "78": [
        10038.061017400569,
        2695.5875188654118
    ],
    "79": [
        17087.24673622533,
        24975.45173725329
    ],
    "80": [
        23505.542846679688,
        23394.91424560547
    ],
    "81": [
        1194.2961682858675,
        20360.840845788043
    ],
    "82": [
        11233.979730373476,
        8883.935189596037
    ],
    "83": [
        2101.4930269048455,
        5088.8487699701545
    ],
    "84": [
        404.916215753869,
        1851.036103098016
    ],
    "85": [
        1947.8601793392684,
        374.0996345309324
    ],
    "86": [
        23983.163543701172,
        889.2640711888671
    ],
    "87": [
        7048.368869357639,
        3910.097742151331
    ],
    "88": [
        19439.420798043226,
        4741.920987423336
    ],
    "89": [
        15620.5501328125,
        1028.9585820999146
    ],
    "90": [
        21485.264067150296,
        1286.717536276295
    ],
    "91": [
        10515.740803142171,
        4927.244878412603
    ],
    "92": [
        8709.823857846468,
        8675.04292629076
    ],
    "93": [
        8760.855482835035,
        4314.337238018329
    ],
    "94": [
        633.169493314743,
        5309.948515625
    ],
    "95": [
        10097.869623872422,
        14749.212226159794
    ],
    "96": [
        18961.095594618055,
        8814.459369574653
    ],
    "97": [
        16156.800503700659,
        12108.536297286184
    ],
    "98": [
        14442.53165952621,
        5341.728641633064
    ],
    "99": [
        6385.3898833069625,
        23979.86424545095
    ]
}