{
    "0": [
        19417.084375,
        20799.063942307694
    ],
    "1": [
        7747.085816900414,
        12305.781891236822
    ],
    "2": [
        17641.358568094543,
        1009.0232895713741
    ],
    "3": [
        4806.265858345291,
        4946.292202281303
    ],
    "4": [
        2712.0250724909856,
        4505.709375
    ],
    "5": [
        16124.345598831918,
        16987.900324256676
    ],
    "6": [
        3025.450525779092,
        13936.197389718578
    ],
    "7": [
        5243.013702792372,
        7542.5549774836245
    ],
    "8": [
        7550.442033247514,
        22222.19120649858
    ],
    "9": [
        18033.731324749227,
        6708.408610026042
    ],
    "10": [
        3066.0438555184055,
        6698.0125628972455
    ],
    "11": [
        7307.204128317637,
        7016.985454123858
    ],
    "12": [
        25123.424256859755,
        20813.466653963416
    ],
    "13": [
        10145.66724207261,
        874.6531271990608
    ],
    "14": [
        7188.121076311384,
        15653.313627697173
    ],
    "15": [
        17338.68250363372,
        13286.423055959302
    ],
    "16": [
        9254.40372351444,
        18496.440799597538
    ],
    "17": [
        22855.23291015625,
        4713.648455810547
    ],
    "18": [
        10300.938731872957,
        14381.62371068219
    ],
    "19": [
        9331.694578140501,
        5239.15855092851
    ],
    "20": [
        10532.972173581178,
        11122.539326284124
    ],
    "21": [
        19618.586747685185,
        3656.7838017216436
    ],
    "22": [
        3892.7819101761797,
        23296.111965880104
    ],
    "23": [
        12256.708761989481,
        5746.102722772277
    ],
    "24": [
        3056.6861375378026,
        9065.602715823812
    ],
    "25": [
        5252.688491284548,
        13507.198654404836
    ],
    "26": [
        864.069688637467,
        19904.858326631434
    ],
    "27": [
        12604.58900810088,
        968.5767711697009
    ],
    "28": [
        26416.689697265625,
        6253.549743652344
    ],
    "29": [
        827.2764063599159,
        10032.25201006742
    ],
    "30": [
        690.7297857580726,
        2041.835526521272
    ],
    "31": [
        21537.105377906977,
        12115.16607240189
    ],
    "32": [
        6378.523848329742,
        2556.3291407091865
    ],
    "33": [
        8720.171434807055,
        2718.8837021336412
    ],
    "34": [
        14955.883064516129,
        21431.80263986895
    ],
    "35": [
        23194.944275841346,
        1274.5089136343736
    ],
    "36": [
        12659.831720525568,
        9169.037642045454
    ],
    "37": [
        623.5100187019298,
        561.5304933556339
    ],
    "38": [
        3834.8731061043823,
        16694.35715028661
    ],
    "39": [
        12611.657003111759,
        16924.379485566737
    ],
    "40": [
        5742.74498975146,
        707.1507901975086
    ],
    "41": [
        16728.444656291336,
        3491.255357530382
    ],
    "42": [
        11218.88925297004,
        3398.8853926225142
    ],
    "43": [
        11971.5908203125,
        26302.627644230768
    ],
    "44": [
        20337.33864874589,
        929.8652271816605
    ],
    "45": [
        23585.75994318182,
        26290.992098721592
    ],
    "46": [
        25321.482259114582,
        15587.009928385416
    ],
    "47": [
        15045.8229765625,
        957.3412675228119
    ],
    "48": [
        14092.719873865224,
        3588.247686801676
    ],
    "49": [
        17490.947312127977,
        25349.16141183036
    ],
    "50": [
        1478.6455174562882,
        26430.71809231505
    ],
    "51": [
        7785.4974260227655,
        790.503355328274
    ],
    "52": [
        13275.457084517046,
        13357.513529829546
    ],
    "53": [
        18434.303018162394,
        9891.694010416666
    ],
    "54": [
        21828.382757222877,
        7809.807377653302
    ],
    "55": [
        3955.025024103451,
        660.1021208928438
    ],
    "56": [
        26616.244180484693,
        1542.7267335774948
    ],
    "57": [
        1054.0715012227074,
        15028.62115581965
    ],
    "58": [
        2510.3055133072576,
        2440.0317538986005
    ],
    "59": [
        15038.568089606353,
        6775.15505222721
    ],
    "60": [
        2279.937516587049,
        689.496342803136
    ],
    "61": [
        907.1631902444119,
        7856.5961204061705
    ],
    "62": [
        14913.401503452034,
        10812.874810743702
    ],
    "63": [
        7736.8536792946925,
        9500.393830198149
    ],
    "64": [
        6027.094901203239,
        18748.114849452555
    ],
    "65": [
        744.4518050389092,
        3828.7216738366355
    ],
    "66": [
        11000.170760337753,
        21892.105449021463
    ],
    "67": [
        755.8707066548131,
        5859.561459283759
    ],
    "68": [
        1070.1376589767788,
        17467.94602997449
    ],
    "69": [
        25517.521610383064,
        10613.437956779233
    ],
    "70": [
        1185.8114655859108,
        22914.364752274527
    ],
    "71": [
        20365.522549715908,
        16118.293095576299
    ],
    "72": [
        762.7233392508591,
        12536.536136402803
    ],
    "73": [
        6976.498545911343,
        4687.328733738298
    ],
    "74": [
        6276.424834787029,
        26535.94493792808
    ],
    "75": [
        4487.842510912792,
        2662.931481051158
    ],
    "76": [
        5273.981234256352,
        10542.906414281542
    ],
    "77": [
        3325.8636106460813,
        19798.7757781498
    ],
    "78": [
        2740.63752499535,
        11391.190922619047
    ],
    "79": [
        10225.372919306024,
        7945.835763742258
    ]
}