{
    "0": [
        16978.943933823528,
        15374.563246783087
    ],
    "1": [
        2672.1927490234375,
        5962.789469401042
    ],
    "2": [
        17068.0294921875,
        3970.3618001302084
    ],
    "3": [
        409.91220207214354,
        3637.38828125
    ],
    "4": [
        480.4969957139757,
        6489.027994791667
    ],
    "5": [
        1801.6272311740452,
        3435.156995985243
    ],
    "6": [
        1980.394496372768,
        13402.268973214286
    ],
    "7": [
        418.5983639526367,
        397.7650720214844
    ],
    "8": [
        486.9267251150949,
        5204.345668247768
    ],
    "9": [
        24661.048502604168,
        907.0586204528809
    ],
    "10": [
        6676.58779296875,
        6213.29736328125
    ],
    "11": [
        9416.1984375,
        5905.43623046875
    ],
    "12": [
        4038.63828346946,
        890.3158316178756
    ],
    "13": [
        4851.342827690973,
        6267.188639322917
    ],
    "14": [
        13047.657836914063,
        465.21969985961914
    ],
    "15": [
        792.771490243765,
        8287.970064603365
    ],
    "16": [
        3507.0955810546875,
        6761.7813720703125
    ],
    "17": [
        2316.087512207031,
        4856.937890625
    ],
    "18": [
        20734.347819010418,
        5552.6232503255205
    ],
    "19": [
        1317.0780232747395,
        4530.989501953125
    ],
    "20": [
        4462.118760850694,
        3758.5923122829863
    ],
    "21": [
        6285.0411376953125,
        2081.577117919922
    ],
    "22": [
        2807.2430501302083,
        9074.564713541668
    ],
    "23": [
        6514.659150965073,
        18521.653607536766
    ],
    "24": [
        9263.888974144345,
        8959.9619140625
    ],
    "25": [
        18596.269112723214,
        8746.975551060268
    ],
    "26": [
        5965.845658735795,
        4608.429177024148
    ],
    "27": [
        439.42714339036206,
        1318.6830632136418
    ],
    "28": [
        12372.851841517857,
        1520.4744437081474
    ],
    "29": [
        11117.863708496094,
        19048.859741210938
    ],
    "30": [
        9447.289861505682,
        3138.688077059659
    ],
    "31": [
        992.5653618706597,
        12168.480794270834
    ],
    "32": [
        1363.3223429361979,
        1657.1363037109375
    ],
    "33": [
        8301.805930397728,
        1920.4272904829545
    ],
    "34": [
        3544.4640066964284,
        4343.693394252232
    ],
    "35": [
        700.8004931041172,
        18734.81808035714
    ],
    "36": [
        24697.346788194445,
        9328.692599826389
    ],
    "37": [
        7407.610270182292,
        16090.352918836805
    ],
    "38": [
        24564.837890625,
        21679.8640625
    ],
    "39": [
        7102.7287190755205,
        21790.42919921875
    ],
    "40": [
        3660.6371721540177,
        5725.38623046875
    ],
    "41": [
        362.41411113739014,
        2318.8109241832385
    ],
    "42": [
        24422.0142578125,
        5913.1171875
    ],
    "43": [
        2200.3163429542824,
        517.4790305384884
    ],
    "44": [
        4443.53837890625,
        4860.6166015625
    ],
    "45": [
        1855.0837905883789,
        24138.996875
    ],
    "46": [
        7887.047509765625,
        3878.535791015625
    ],
    "47": [
        17130.483956473214,
        1055.3768565314156
    ],
    "48": [
        655.7100718021393,
        10083.881429036459
    ],
    "49": [
        1857.8672429865057,
        6765.539994673295
    ],
    "50": [
        4330.858072916667,
        26093.325520833332
    ],
    "51": [
        4733.193736683239,
        10511.628728693182
    ],
    "52": [
        14399.76123046875,
        6411.8233642578125
    ],
    "53": [
        10856.3846484375,
        13279.645703125
    ],
    "54": [
        8829.036644345239,
        522.4892847878592
    ],
    "55": [
        7185.079772949219,
        669.0684278011322
    ],
    "56": [
        10440.535400390625,
        1939.208724975586
    ],
    "57": [
        14945.854073660714,
        1717.1943631853376
    ],
    "58": [
        13936.469932154605,
        10903.113024259868
    ],
    "59": [
        7038.4294921875,
        10082.730859375
    ],
    "60": [
        2395.5112182617186,
        7753.334521484375
    ],
    "61": [
        12591.1546875,
        2913.452294921875
    ],
    "62": [
        2635.5640869140625,
        10989.292073567709
    ],
    "63": [
        10341.246988932291,
        23033.216959635418
    ],
    "64": [
        20085.947954963234,
        747.2333307827221
    ],
    "65": [
        27422.943359375,
        15463.4462890625
    ],
    "66": [
        415.704326282848,
        14427.55166903409
    ],
    "67": [
        11143.479573567709,
        383.7940055529277
    ],
    "68": [
        3230.381634880515,
        2829.5878619025734
    ],
    "69": [
        4646.9736328125,
        8484.173400878906
    ],
    "70": [
        16014.472778320313,
        23914.73583984375
    ],
    "71": [
        5671.575629340277,
        7104.918782552083
    ],
    "72": [
        3157.033576965332,
        20419.233032226563
    ],
    "73": [
        5434.361545138889,
        629.9255390167236
    ],
    "74": [
        11878.671264648438,
        5404.632369995117
    ],
    "75": [
        23662.517252604168,
        14229.77490234375
    ],
    "76": [
        2510.015635172526,
        17007.295491536457
    ],
    "77": [
        4127.527898615057,
        13767.882191051136
    ],
    "78": [
        7807.8145751953125,
        12746.23759765625
    ],
    "79": [
        4864.23349609375,
        2231.336458333333
    ]
}