{
    "0": [
        4934.203369140625,
        579.503288269043
    ],
    "1": [
        3907.13037109375,
        14581.15234375
    ],
    "2": [
        2234.299560546875,
        1178.6820068359375
    ],
    "3": [
        11560.9912109375,
        591.875732421875
    ],
    "4": [
        4762.31494140625,
        1936.7413330078125
    ],
    "5": [
        7.529618263244629,
        2420.477783203125
    ],
    "6": [
        19983.258463541668,
        10460.619140625
    ],
    "7": [
        5089.973876953125,
        1352.2179565429688
    ],
    "8": [
        605.3232421875,
        4744.64599609375
    ],
    "9": [
        16306.6884765625,
        24584.705078125
    ],
    "10": [
        24110.70703125,
        14828.900390625
    ],
    "11": [
        91.86479187011719,
        8608.5234375
    ],
    "12": [
        3602.775146484375,
        5496.59912109375
    ],
    "13": [
        13463.9970703125,
        8952.8349609375
    ],
    "14": [
        718.0714721679688,
        13884.375
    ],
    "15": [
        10715.18359375,
        19232.439453125
    ],
    "16": [
        484.48193359375,
        8413.80126953125
    ],
    "17": [
        12797.091796875,
        2611.230224609375
    ],
    "18": [
        19349.5390625,
        4344.2294921875
    ],
    "19": [
        1742.735107421875,
        13244.35400390625
    ],
    "20": [
        2888.9515380859375,
        2967.77783203125
    ],
    "21": [
        12290.755859375,
        5418.97607421875
    ],
    "22": [
        10048.39013671875,
        2270.5520629882813
    ],
    "23": [
        11.58634090423584,
        9360.4755859375
    ],
    "24": [
        180.94691467285156,
        26015.1328125
    ],
    "25": [
        4017.65380859375,
        20382.012369791668
    ],
    "26": [
        17181.12890625,
        1688.544189453125
    ],
    "27": [
        10162.8359375,
        7931.34130859375
    ],
    "28": [
        25093.73828125,
        6628.248046875
    ],
    "29": [
        918.1500549316406,
        2213.4376220703125
    ],
    "30": [
        12024.9140625,
        13327.540364583334
    ],
    "31": [
        12401.7392578125,
        328.6387634277344
    ],
    "32": [
        20557.4921875,
        588.5550842285156
    ],
    "33": [
        1372.733154296875,
        9.330373764038086
    ],
    "34": [
        13003.720703125,
        247.64288330078125
    ],
    "35": [
        654.2181091308594,
        1181.2968139648438
    ],
    "36": [
        9060.958984375,
        9357.83203125
    ],
    "37": [
        4379.6923828125,
        3683.1448567708335
    ],
    "38": [
        7397.7939453125,
        597.6200561523438
    ],
    "39": [
        9303.01708984375,
        5572.089111328125
    ],
    "40": [
        14483.6171875,
        23050.41796875
    ],
    "41": [
        8172.63232421875,
        17700.23046875
    ],
    "42": [
        14527.5966796875,
        1189.345458984375
    ],
    "43": [
        650.2726440429688,
        3523.6736653645835
    ],
    "44": [
        952.354970296224,
        6473.268391927083
    ],
    "45": [
        6486.4462890625,
        5098.2119140625
    ],
    "46": [
        16825.341471354168,
        17455.733723958332
    ],
    "47": [
        1698.6554768880208,
        9911.603841145834
    ],
    "48": [
        8462.946533203125,
        1563.0902099609375
    ],
    "49": [
        3848.259765625,
        728.0377197265625
    ],
    "50": [
        2528.46435546875,
        4584.19580078125
    ],
    "51": [
        13964.2509765625,
        2282.13623046875
    ],
    "52": [
        4165.73779296875,
        13361.0400390625
    ],
    "53": [
        4972.241943359375,
        8745.235546875
    ],
    "54": [
        1788.7597045898438,
        2491.05322265625
    ],
    "55": [
        2084.74072265625,
        24532.23046875
    ],
    "56": [
        18618.8779296875,
        6321.641845703125
    ],
    "57": [
        3927.88916015625,
        13194.970703125
    ],
    "58": [
        8872.91455078125,
        6611.40771484375
    ],
    "59": [
        16696.0625,
        415.6107940673828
    ]
}