{
    "0": [
        24322.52802734375,
        6434.18070678711
    ],
    "1": [
        803.4883200349631,
        11045.357157841436
    ],
    "2": [
        13067.25980922154,
        7572.462568010603
    ],
    "3": [
        17524.218339399857,
        10993.161576704546
    ],
    "4": [
        14036.091939290365,
        26247.654215494793
    ],
    "5": [
        4128.43263060182,
        8000.087737701751
    ],
    "6": [
        16564.197141335226,
        21786.127805397726
    ],
    "7": [
        795.7983601637054,
        13254.601181297972
    ],
    "8": [
        778.1136049594058,
        20882.909659964138
    ],
    "9": [
        13716.278088756444,
        15972.903300177191
    ],
    "10": [
        12164.551525758045,
        13029.305838103342
    ],
    "11": [
        3157.0700133417695,
        14169.634793133802
    ],
    "12": [
        1939.8138819525034,
        620.2935403428912
    ],
    "13": [
        17980.185867059427,
        929.9893111426974
    ],
    "14": [
        14541.694567228618,
        11322.489754660088
    ],
    "15": [
        8042.877703857422,
        7016.513690185547
    ],
    "16": [
        10187.045777376034,
        11285.523518207645
    ],
    "17": [
        2710.510305912537,
        11957.868649454513
    ],
    "18": [
        3973.965299748192,
        5899.3934699444735
    ],
    "19": [
        14757.251996945111,
        5705.0439860026045
    ],
    "20": [
        5025.977165478188,
        12504.470093592701
    ],
    "21": [
        8915.386480158026,
        21983.17822265625
    ],
    "22": [
        16475.609893422068,
        14165.594485435957
    ],
    "23": [
        12389.673122829861,
        19523.043619791668
    ],
    "24": [
        6574.495246631187,
        626.1984225227528
    ],
    "25": [
        3786.542317437967,
        2473.0004221767285
    ],
    "26": [
        3332.6650431090297,
        645.4065394269827
    ],
    "27": [
        20502.503509963768,
        16194.733242753624
    ],
    "28": [
        16032.970774739584,
        735.0454897530874
    ],
    "29": [
        9635.861307779947,
        8995.129818386502
    ],
    "30": [
        5944.861596926295,
        6685.670654296875
    ],
    "31": [
        18673.301583195363,
        3384.8956589856684
    ],
    "32": [
        8382.037859748392,
        684.7615688230624
    ],
    "33": [
        21047.981665826614,
        6496.642341859879
    ],
    "34": [
        2235.7478093927557,
        7688.6715531782675
    ],
    "35": [
        6606.940874427747,
        8845.364584370023
    ],
    "36": [
        20670.120599585844,
        1044.8314497442132
    ],
    "37": [
        9845.699180074258,
        13929.30016243812
    ],
    "38": [
        16202.172787238023,
        3134.951304178752
    ],
    "39": [
        2724.5009557935928,
        4116.401550292969
    ],
    "40": [
        7430.372375190549,
        4831.3571312881095
    ],
    "41": [
        7423.544152664812,
        10801.338017711902
    ],
    "42": [
        11903.271166047998,
        5034.054792709772
    ],
    "43": [
        3269.498091182002,
        16572.2046875
    ],
    "44": [
        19711.700651041665,
        25942.64921875
    ],
    "45": [
        4877.865129743303,
        675.4668604226216
    ],
    "46": [
        582.076998369036,
        5112.451048962823
    ],
    "47": [
        13786.369962284483,
        3363.4030071390084
    ],
    "48": [
        23699.47194436332,
        1121.2551988886896
    ],
    "49": [
        19565.331937123494,
        9017.379012142319
    ],
    "50": [
        25466.408892463234,
        18061.39058670343
    ],
    "51": [
        16726.283372395832,
        17851.279388020834
    ],
    "52": [
        1063.3347010876178,
        15464.313278549827
    ],
    "53": [
        27301.482087053573,
        9075.676771763392
    ],
    "54": [
        12224.247546487602,
        9773.694892820247
    ],
    "55": [
        5797.456360479798,
        17536.55481573548
    ],
    "56": [
        5380.542251911569,
        27068.48408410904
    ],
    "57": [
        9021.181405874398,
        25993.91778094952
    ],
    "58": [
        12362.226239809783,
        932.7323298454285
    ],
    "59": [
        26621.166864809784,
        4109.022333559783
    ],
    "60": [
        5505.270721935835,
        2329.357948678439
    ],
    "61": [
        2515.1693798828123,
        22111.5404296875
    ],
    "62": [
        723.9220392631211,
        3531.127793639671
    ],
    "63": [
        11179.030096368475,
        2888.4180499066365
    ],
    "64": [
        928.8137648269613,
        18086.901393022486
    ],
    "65": [
        2559.950631109413,
        9687.00526022796
    ],
    "66": [
        9485.388109479632,
        4714.463915143694
    ],
    "67": [
        2113.313031200949,
        5783.490595569349
    ],
    "68": [
        551.7918019758868,
        1891.1746150371143
    ],
    "69": [
        10396.870834413901,
        763.8089523948574
    ],
    "70": [
        10496.362000608158,
        7092.497938692926
    ],
    "71": [
        1498.9472796174346,
        27084.73072489754
    ],
    "72": [
        549.2010159405022,
        523.8440683122951
    ],
    "73": [
        5475.183702674279,
        14722.374887319711
    ],
    "74": [
        7487.401403808593,
        13038.541650390625
    ],
    "75": [
        20380.077566964286,
        12857.697642299107
    ],
    "76": [
        23035.91556919643,
        10228.363936941963
    ],
    "77": [
        11990.438818359375,
        22960.936295572916
    ],
    "78": [
        1072.8746817877534,
        24220.644997133026
    ],
    "79": [
        600.7405526811276,
        6922.819944177119
    ],
    "80": [
        25088.43728298611,
        13693.40382667824
    ],
    "81": [
        7132.907499488264,
        2580.556196587575
    ],
    "82": [
        5215.041029444281,
        4241.367050228479
    ],
    "83": [
        26886.496764225747,
        1052.1469423094793
    ],
    "84": [
        3439.267377780594,
        19124.565511688932
    ],
    "85": [
        8856.694361636513,
        18672.347896107458
    ],
    "86": [
        4557.171727140185,
        23955.543518926057
    ],
    "87": [
        17772.190811820652,
        6406.760897871377
    ],
    "88": [
        15797.657035079657,
        8374.747807521446
    ],
    "89": [
        14157.306292948299,
        965.0625485525081
    ],
    "90": [
        25829.600632440477,
        25077.30636160714
    ],
    "91": [
        22171.632793351717,
        3876.5468247357535
    ],
    "92": [
        11007.58615325218,
        16278.689089752907
    ],
    "93": [
        8946.16593686996,
        2382.3307869203627
    ],
    "94": [
        4633.846136368768,
        10220.180810829119
    ],
    "95": [
        2066.4689994645637,
        2235.841790410217
    ],
    "96": [
        5975.454013256316,
        20586.944086602394
    ],
    "97": [
        697.0770177519789,
        8926.722225413603
    ],
    "98": [
        7677.546927459969,
        15823.809723657025
    ],
    "99": [
        20719.25405365566,
        21014.305387676886
    ]
}