{
    "0": [
        20960.33333617631,
        5289.853084914028
    ],
    "1": [
        27401.186315658244,
        1863.7077402053994
    ],
    "2": [
        21920.526207618463,
        9516.66228170956
    ],
    "3": [
        5692.424496041493,
        12247.012195599917
    ],
    "4": [
        3004.0542254823627,
        12119.971478456438
    ],
    "5": [
        5078.634418290915,
        21004.454705621778
    ],
    "6": [
        1124.6046483893144,
        24196.71647380169
    ],
    "7": [
        26605.711563974055,
        17255.500202682782
    ],
    "8": [
        8170.057075759992,
        7556.489634818771
    ],
    "9": [
        643.4318689363482,
        3644.6947710752097
    ],
    "10": [
        4206.45351034136,
        17689.144123134327
    ],
    "11": [
        1306.0131752177288,
        21500.336922628838
    ],
    "12": [
        5267.067641648969,
        770.4701307620817
    ],
    "13": [
        14537.485501391267,
        962.1540303785507
    ],
    "14": [
        12762.011281779662,
        3680.838799324682
    ],
    "15": [
        11606.788349971064,
        12138.447800925926
    ],
    "16": [
        21384.083287377453,
        1419.4625997468536
    ],
    "17": [
        12899.707879849138,
        18754.409846443967
    ],
    "18": [
        17887.841485984318,
        4701.299761711435
    ],
    "19": [
        17572.07549579327,
        17459.98478816106
    ],
    "20": [
        10375.001841258707,
        3022.2736238178454
    ],
    "21": [
        1697.827870644412,
        27271.983028671115
    ],
    "22": [
        9565.045321879414,
        5289.498884815281
    ],
    "23": [
        1969.0343092797507,
        581.271748415811
    ],
    "24": [
        884.2444378787822,
        12551.308566006746
    ],
    "25": [
        24712.407107469513,
        5282.799721322409
    ],
    "26": [
        3136.17280820021,
        9847.254938199627
    ],
    "27": [
        26331.98699831495,
        10011.57217945772
    ],
    "28": [
        6912.668517031912,
        15353.281432070975
    ],
    "29": [
        1076.3629287330523,
        14486.211678641183
    ],
    "30": [
        18796.605603027343,
        13178.634057617188
    ],
    "31": [
        24219.16413762019,
        1336.026646210679
    ],
    "32": [
        3027.5981964274524,
        6001.086774367062
    ],
    "33": [
        22635.658087384258,
        14700.464330150464
    ],
    "34": [
        15189.667799136512,
        11425.808675986842
    ],
    "35": [
        24240.451085069446,
        24417.67582465278
    ],
    "36": [
        21728.73924545095,
        19219.602699762658
    ],
    "37": [
        9073.06871894613,
        13441.435698058316
    ],
    "38": [
        2948.7014303385417,
        7862.19034765625
    ],
    "39": [
        5717.088367417279,
        9478.204315544577
    ],
    "40": [
        18249.267266167535,
        8657.547189218027
    ],
    "41": [
        10392.20371828797,
        16405.493547337028
    ],
    "42": [
        4049.8358496738347,
        14728.718466377888
    ],
    "43": [
        8765.963811910377,
        836.6562100157262
    ],
    "44": [
        15347.145588520145,
        6817.848971784608
    ],
    "45": [
        18910.721425709708,
        1304.9649965860249
    ],
    "46": [
        12481.816358268605,
        1010.6713918054724
    ],
    "47": [
        4125.1020276521385,
        2631.2316884251645
    ],
    "48": [
        4536.015489908854,
        24067.5339453125
    ],
    "49": [
        8100.444862734574,
        3028.973451726006
    ],
    "50": [
        5325.896569293478,
        7052.943215013587
    ],
    "51": [
        18601.53789940309,
        23579.45266415028
    ],
    "52": [
        8368.051710406553,
        10479.429813915858
    ],
    "53": [
        792.5886205368288,
        5359.674603507243
    ],
    "54": [
        13125.849609375,
        26090.649028577303
    ],
    "55": [
        13485.084016318633,
        9030.70218266282
    ],
    "56": [
        1123.5800564167992,
        16624.952790178573
    ],
    "57": [
        2383.216476613432,
        4175.690623449901
    ],
    "58": [
        14448.45913591056,
        21832.50814924569
    ],
    "59": [
        7557.778862847223,
        18681.079596920288
    ],
    "60": [
        542.1662808023603,
        554.6040953296726
    ],
    "61": [
        780.2548960676809,
        7033.836392946719
    ],
    "62": [
        9629.605935954361,
        22063.830738534172
    ],
    "63": [
        7053.892956570156,
        830.8937613815401
    ],
    "64": [
        12279.830821233165,
        6173.486737492109
    ],
    "65": [
        825.2277656943021,
        10569.708750435237
    ],
    "66": [
        6003.332254429056,
        2710.4966720426924
    ],
    "67": [
        15193.791284909676,
        3713.005188596605
    ],
    "68": [
        4541.515207926433,
        4695.589846462673
    ],
    "69": [
        3479.9675981469054,
        773.7423042192258
    ],
    "70": [
        16817.01356839818,
        1295.2693571002278
    ],
    "71": [
        10601.59831661891,
        778.1335687008833
    ],
    "72": [
        6815.5573387048435,
        5189.76154454224
    ],
    "73": [
        1061.398744754568,
        19096.818679452343
    ],
    "74": [
        814.2425866773099,
        8751.313240258487
    ],
    "75": [
        658.2947929182158,
        2026.2789970956198
    ],
    "76": [
        10697.847994148051,
        8740.634327471484
    ],
    "77": [
        14715.829064810148,
        14898.896174605175
    ],
    "78": [
        7929.578070136939,
        26202.554204705055
    ],
    "79": [
        2320.9990978534406,
        2255.567688223032
    ]
}