{
    "0": [
        18133.837890625,
        14457.04150390625
    ],
    "1": [
        1599.9197998046875,
        12809.6953125
    ],
    "2": [
        4000.25244140625,
        13712.3876953125
    ],
    "3": [
        4145.531087239583,
        3287.1377766927085
    ],
    "4": [
        11981.365234375,
        460.2572479248047
    ],
    "5": [
        5271.06884765625,
        1172.3472900390625
    ],
    "6": [
        963.2384033203125,
        1051.6942138671875
    ],
    "7": [
        19444.008984375,
        7131.3361328125
    ],
    "8": [
        6150.4853515625,
        4339.09375
    ],
    "9": [
        24110.70703125,
        14828.900390625
    ],
    "10": [
        6822.76904296875,
        9514.55859375
    ],
    "11": [
        2977.2422688802085,
        9044.8798828125
    ],
    "12": [
        13463.9970703125,
        8952.8349609375
    ],
    "13": [
        4017.65380859375,
        20382.012369791668
    ],
    "14": [
        14245.923828125,
        1735.7408447265625
    ],
    "15": [
        9443.907958984375,
        18466.3349609375
    ],
    "16": [
        5751.06787109375,
        9299.623046875
    ],
    "17": [
        9060.958984375,
        9357.83203125
    ],
    "18": [
        10162.8359375,
        7931.34130859375
    ],
    "19": [
        6822.4072265625,
        5857.330078125
    ],
    "20": [
        2528.46435546875,
        4584.19580078125
    ],
    "21": [
        7.529618263244629,
        2420.477783203125
    ],
    "22": [
        13003.720703125,
        247.64288330078125
    ],
    "23": [
        16857.751302083332,
        839.9219258626302
    ],
    "24": [
        1327.5601806640625,
        6308.30224609375
    ],
    "25": [
        4025.4677734375,
        4261.51318359375
    ],
    "26": [
        12290.755859375,
        5418.97607421875
    ],
    "27": [
        2155.4602661132813,
        2845.9676513671875
    ],
    "28": [
        2234.299560546875,
        1178.6820068359375
    ],
    "29": [
        10048.39013671875,
        2270.5520629882813
    ],
    "30": [
        500.54022216796875,
        3087.683837890625
    ],
    "31": [
        1885.5504150390625,
        13679.0126953125
    ],
    "32": [
        5584.03173828125,
        7345.771484375
    ],
    "33": [
        201.94454956054688,
        6803.20068359375
    ],
    "34": [
        3602.775146484375,
        5496.59912109375
    ],
    "35": [
        8107.895670572917,
        1241.266825358073
    ],
    "36": [
        22150.244140625,
        444.54864501953125
    ],
    "37": [
        8330.58984375,
        5734.63134765625
    ],
    "38": [
        4835.596923828125,
        1734.4149780273438
    ],
    "39": [
        1505.1519165039063,
        1994.554931640625
    ],
    "40": [
        12024.9140625,
        13327.540364583334
    ],
    "41": [
        605.3232421875,
        4744.64599609375
    ],
    "42": [
        51.725566387176514,
        8984.49951171875
    ],
    "43": [
        484.48193359375,
        8413.80126953125
    ],
    "44": [
        718.0714721679688,
        13884.375
    ],
    "45": [
        1433.7903442382813,
        10083.1982421875
    ],
    "46": [
        10275.4443359375,
        5409.546875
    ],
    "47": [
        25093.73828125,
        6628.248046875
    ],
    "48": [
        4258.654052734375,
        805.227783203125
    ],
    "49": [
        19507.5849609375,
        2187.626708984375
    ],
    "50": [
        547.5143432617188,
        2590.000244140625
    ],
    "51": [
        725.1388549804688,
        3741.6685791015625
    ],
    "52": [
        15812.797200520834,
        22544.610026041668
    ],
    "53": [
        16176.3974609375,
        16868.638671875
    ],
    "54": [
        5022.58837890625,
        478.5317687988281
    ],
    "55": [
        1132.8438186645508,
        25273.681640625
    ],
    "56": [
        345.19781494140625,
        1310.8994140625
    ],
    "57": [
        1372.733154296875,
        9.330373764038086
    ],
    "58": [
        12797.091796875,
        2611.230224609375
    ],
    "59": [
        8872.91455078125,
        6611.40771484375
    ]
}