{
    "0": [
        9565.087129480698,
        21399.21696920956
    ],
    "1": [
        22029.340213260137,
        1552.1093459773708
    ],
    "2": [
        5190.045083618164,
        1174.5203308820724
    ],
    "3": [
        14065.32757411859,
        13203.561498397436
    ],
    "4": [
        2700.8480826712944,
        3808.510138434333
    ],
    "5": [
        24526.782307942707,
        10216.164245605469
    ],
    "6": [
        7729.737054592226,
        16073.821979801829
    ],
    "7": [
        15422.71839779713,
        1941.6343115822215
    ],
    "8": [
        6060.26956913389,
        5838.031725653286
    ],
    "9": [
        1840.8597151593465,
        14021.678496570123
    ],
    "10": [
        19051.525824652777,
        7821.68603515625
    ],
    "11": [
        2455.5783047918544,
        9840.937955177436
    ],
    "12": [
        11914.167628088662,
        5837.996508221294
    ],
    "13": [
        1025.312038888102,
        1092.48232885029
    ],
    "14": [
        1436.311682629941,
        6454.491662779851
    ],
    "15": [
        18817.83383018092,
        21325.506527549343
    ],
    "16": [
        8475.330254916487,
        10584.25218042834
    ],
    "17": [
        2691.7706980478197,
        19172.70837983631
    ],
    "18": [
        3072.451545313785,
        24493.37263569079
    ],
    "19": [
        9469.35098805147,
        1418.8128621718463
    ]
}