{
    "0": [
        12377.075690509915,
        6060.358024964589
    ],
    "1": [
        15358.987546502976,
        7491.707018849206
    ],
    "2": [
        2817.827376962266,
        2774.7670896533127
    ],
    "3": [
        11843.794264131433,
        9209.716226734834
    ],
    "4": [
        24184.817759102636,
        1378.5875524162836
    ],
    "5": [
        8195.964412540585,
        13898.406132685674
    ],
    "6": [
        968.2034909598455,
        8210.12103210652
    ],
    "7": [
        3518.4057760799633,
        7405.192923751531
    ],
    "8": [
        25555.56138671875,
        14976.44107421875
    ],
    "9": [
        21187.293787339153,
        17716.436042336856
    ],
    "10": [
        19136.6501968626,
        8892.95730639261
    ],
    "11": [
        773.0958482420504,
        2328.724192952875
    ],
    "12": [
        5994.573619186047,
        8749.79125749455
    ],
    "13": [
        8484.102910965836,
        10239.49767244171
    ],
    "14": [
        17700.58128629279,
        1341.05810668365
    ],
    "15": [
        26861.033625422297,
        3294.5077909198967
    ],
    "16": [
        21734.08614381602,
        5212.402672136333
    ],
    "17": [
        17919.408075747284,
        23226.567269587864
    ],
    "18": [
        20367.77470703125,
        13104.207405598958
    ],
    "19": [
        3224.9326887459592,
        5097.012386769262
    ],
    "20": [
        4197.709451185727,
        932.4321598173033
    ],
    "21": [
        7606.631886116601,
        17094.33426229002
    ],
    "22": [
        1088.4921709833422,
        15138.269173670296
    ],
    "23": [
        1409.1821767755223,
        23133.8853489112
    ],
    "24": [
        10745.591107150365,
        3682.3102370463143
    ],
    "25": [
        6145.133930759804,
        5701.473793658089
    ],
    "26": [
        5573.038703592414,
        23351.46828258547
    ],
    "27": [
        654.8098777961433,
        636.9220334525202
    ],
    "28": [
        11657.019137121637,
        16664.987427305212
    ],
    "29": [
        11347.362320909468,
        12614.864822337002
    ],
    "30": [
        13352.895606631324,
        20938.65283203125
    ],
    "31": [
        5120.471100435307,
        3149.4301178137184
    ],
    "32": [
        4406.029197574279,
        14864.128767102493
    ],
    "33": [
        14453.55802312203,
        3646.1073656240724
    ],
    "34": [
        758.0475742920871,
        10509.20481727718
    ],
    "35": [
        1461.2377803151096,
        12752.243903459821
    ],
    "36": [
        1118.0472816157053,
        17616.065859139682
    ],
    "37": [
        7935.078822019185,
        3446.44188211732
    ],
    "38": [
        12621.325566780053,
        1125.1879694940942
    ],
    "39": [
        8838.244212870695,
        20992.336067044005
    ],
    "40": [
        2110.1944159321165,
        26711.007108889753
    ],
    "41": [
        24531.795809659092,
        23138.874763257576
    ],
    "42": [
        9072.384655367943,
        6551.757378822244
    ],
    "43": [
        11120.646166992188,
        26203.165299479166
    ],
    "44": [
        24806.28581814236,
        9113.332074652777
    ],
    "45": [
        5163.514506638652,
        11918.503331656408
    ],
    "46": [
        8261.384998668324,
        937.0330107306892
    ],
    "47": [
        4576.586774553572,
        18449.790928819446
    ],
    "48": [
        20737.983810096153,
        1367.3191134027334
    ],
    "49": [
        14949.91750858966,
        895.1043926801981
    ],
    "50": [
        915.4873408356482,
        6187.45778748063
    ],
    "51": [
        16250.737799597002,
        16333.661866339084
    ],
    "52": [
        15170.288392655686,
        11871.19021463222
    ],
    "53": [
        842.5660643843188,
        4160.0503282622885
    ],
    "54": [
        10393.670829870345,
        969.8064376790472
    ],
    "55": [
        17759.604607250756,
        4726.343646738104
    ],
    "56": [
        6233.5459408643765,
        1001.6443880356667
    ],
    "57": [
        2417.3626612492158,
        764.8721079889175
    ],
    "58": [
        1383.8556643757252,
        20275.899184107417
    ],
    "59": [
        3085.8847371513243,
        10134.654533685767
    ]
}