{
    "0": [
        15576.320835224325,
        6528.134248978864
    ],
    "1": [
        9789.220969218324,
        665.8791289912582
    ],
    "2": [
        18741.86935686384,
        1241.0417393787632
    ],
    "3": [
        616.953942116802,
        545.4278344867482
    ],
    "4": [
        1127.30742643286,
        21634.769954277075
    ],
    "5": [
        5628.508853265571,
        11933.132447556229
    ],
    "6": [
        17241.494005408655,
        3904.185102726863
    ],
    "7": [
        10642.01603125,
        9084.913328125
    ],
    "8": [
        11884.07322976304,
        961.0997153505417
    ],
    "9": [
        9018.534206565368,
        4693.581767697582
    ],
    "10": [
        1059.4909566942688,
        12728.637937579922
    ],
    "11": [
        8929.47405970982,
        21419.44916294643
    ],
    "12": [
        11788.20134285564,
        3632.9249263468014
    ],
    "13": [
        4966.672200520833,
        22780.883246527777
    ],
    "14": [
        23174.914349399718,
        4497.054937157927
    ],
    "15": [
        772.854749709675,
        8857.929382953447
    ],
    "16": [
        10450.573484276523,
        6419.852110277705
    ],
    "17": [
        22186.333306206598,
        8455.894154866537
    ],
    "18": [
        1132.2274632351628,
        16671.31509449773
    ],
    "19": [
        9632.737674278846,
        2621.285302358774
    ],
    "20": [
        4211.740010907573,
        16979.451313634072
    ],
    "21": [
        2969.5463638900164,
        6603.782126369724
    ],
    "22": [
        14115.226725692142,
        910.5643609727409
    ],
    "23": [
        1457.9922021238428,
        27270.101521381577
    ],
    "24": [
        2269.131958526525,
        689.0971457353733
    ],
    "25": [
        15810.746598868534,
        11049.935417789153
    ],
    "26": [
        3956.0205078125,
        14361.409420528928
    ],
    "27": [
        22246.76865234375,
        14817.545724051339
    ],
    "28": [
        973.830024652183,
        19085.260816786023
    ],
    "29": [
        7929.277874337206,
        10114.251924921029
    ],
    "30": [
        17527.156417753067,
        14520.719900306749
    ],
    "31": [
        5154.111150179938,
        6922.390867005284
    ],
    "32": [
        13511.349428238407,
        22035.957062752015
    ],
    "33": [
        2313.317252180695,
        4514.808236376733
    ],
    "34": [
        17819.90426320043,
        24288.590045797413
    ],
    "35": [
        7262.089983926436,
        2750.6276639363414
    ],
    "36": [
        5756.464649942799,
        782.786084326246
    ],
    "37": [
        5502.356740123821,
        9284.59274886989
    ],
    "38": [
        12528.640209960937,
        11654.56134765625
    ],
    "39": [
        27244.281335851647,
        1545.322382067586
    ],
    "40": [
        19934.71192956349,
        11340.817196800595
    ],
    "41": [
        26484.231153350516,
        6467.0631820836015
    ],
    "42": [
        7714.455081183129,
        787.3218829105443
    ],
    "43": [
        882.0614932057463,
        10683.657274631638
    ],
    "44": [
        20058.82733623798,
        19360.81689453125
    ],
    "45": [
        25733.198852539063,
        18043.733764648438
    ],
    "46": [
        7961.417076602224,
        7413.965654793432
    ],
    "47": [
        14475.613551682693,
        3426.7834359975964
    ],
    "48": [
        1622.2220680413657,
        24404.18012727649
    ],
    "49": [
        11852.752531828704,
        26259.8819685571
    ],
    "50": [
        15987.794305098685,
        18089.225013216634
    ],
    "51": [
        20036.786254882813,
        4948.558566753681
    ],
    "52": [
        2741.757264022565,
        2535.2783423354945
    ],
    "53": [
        13448.712159598213,
        14540.16453125
    ],
    "54": [
        853.4229647838345,
        7196.028068494496
    ],
    "55": [
        752.8410616595081,
        2027.1834728631948
    ],
    "56": [
        4213.366290380084,
        4689.691419813368
    ],
    "57": [
        4108.296815236409,
        19794.9673055013
    ],
    "58": [
        748.1145806545769,
        5467.403502506996
    ],
    "59": [
        13539.727318548386,
        8760.437716013825
    ],
    "60": [
        18260.307695129108,
        7933.490514047829
    ],
    "61": [
        3094.968513551477,
        11545.198672945206
    ],
    "62": [
        24218.05407858456,
        1290.1912332928357
    ],
    "63": [
        9671.098837337853,
        12225.342913472878
    ],
    "64": [
        16430.413056444002,
        1117.7166242431474
    ],
    "65": [
        3895.3936073684076,
        867.2702561390381
    ],
    "66": [
        3019.2088684817395,
        8838.363083584338
    ],
    "67": [
        9769.231061662946,
        15573.279813058036
    ],
    "68": [
        6578.529028629351,
        5078.542610265032
    ],
    "69": [
        4956.719082919034,
        2712.292208816066
    ],
    "70": [
        12757.903086230102,
        5948.926896798923
    ],
    "71": [
        679.690815019681,
        3640.60047345977
    ],
    "72": [
        1007.7234883128435,
        14635.209095348011
    ],
    "73": [
        11908.688520951704,
        18332.319583248784
    ],
    "74": [
        23872.972579656864,
        24221.290632659315
    ],
    "75": [
        21282.4779152792,
        1231.1075936888085
    ],
    "76": [
        7133.983157735475,
        18037.253809969192
    ],
    "77": [
        7009.348871362118,
        14480.684559130486
    ],
    "78": [
        26011.08447265625,
        11489.298095703125
    ],
    "79": [
        6757.9962715223,
        25984.3322967233
    ]
}