{
    "0": [
        1980.4848434146375,
        13238.987589637554
    ],
    "1": [
        17686.36351327921,
        7600.160922456348
    ],
    "2": [
        1825.028245580854,
        8976.08239248445
    ],
    "3": [
        2791.583467064972,
        23999.41252526124
    ],
    "4": [
        7030.286365898893,
        1744.871203678083
    ],
    "5": [
        2496.097443201414,
        18266.53939039041
    ],
    "6": [
        6284.066034271339,
        7023.925801160498
    ],
    "7": [
        14521.086348831483,
        14416.133863214094
    ],
    "8": [
        7642.506827554989,
        13756.986960166309
    ],
    "9": [
        1584.33676379879,
        4993.887739547038
    ],
    "10": [
        1058.1647041679325,
        1336.3935294154896
    ],
    "11": [
        3905.483001080255,
        1737.550984457946
    ],
    "12": [
        19963.79489414925,
        21588.216525778786
    ],
    "13": [
        19357.31053505221,
        1963.9494499202285
    ],
    "14": [
        11476.05480796834,
        8134.855701142826
    ],
    "15": [
        10499.90350499919,
        21890.99121937068
    ],
    "16": [
        24664.909468529928,
        3408.3567467676344
    ],
    "17": [
        23087.284125434027,
        12921.730584038629
    ],
    "18": [
        10458.607669132314,
        2295.3903220506427
    ],
    "19": [
        14579.688336478514,
        2165.1108623736177
    ]
}