{
    "0": [
        23288.552734375,
        3459.137040879991
    ],
    "1": [
        17450.0903515625,
        20044.9395703125
    ],
    "2": [
        2931.29769387612,
        18144.822979266828
    ],
    "3": [
        1963.4513726667924,
        13075.98592862216
    ],
    "4": [
        24820.090928819445,
        12284.708116319445
    ],
    "5": [
        8910.856656901042,
        4194.028735351562
    ],
    "6": [
        3175.1350663503013,
        23818.674967447918
    ],
    "7": [
        1655.121525593658,
        8337.650237581624
    ],
    "8": [
        9064.626398259943,
        20650.355912642044
    ],
    "9": [
        5323.400279017857,
        10130.491615513392
    ],
    "10": [
        10407.679925962935,
        7841.382744367733
    ],
    "11": [
        12925.279152792009,
        2108.95242659772
    ],
    "12": [
        4681.262237548828,
        1488.764799451828
    ],
    "13": [
        9617.030909946987,
        13663.327654157367
    ],
    "14": [
        16426.19310897436,
        10160.94183193109
    ],
    "15": [
        1526.88009423476,
        4361.179521609575
    ],
    "16": [
        8354.165138244629,
        958.9170455038548
    ],
    "17": [
        5111.968189239502,
        5702.220706939697
    ],
    "18": [
        1078.0986227078383,
        1011.4967876177155
    ],
    "19": [
        17617.098690257353,
        2160.5726381189684
    ]
}