{
    "0": [
        594.8531784674934,
        819.1561642820647
    ],
    "1": [
        27192.2416015625,
        2825.2525235732396
    ],
    "2": [
        3114.850633781908,
        4567.522548130581
    ],
    "3": [
        22839.795676300964,
        5058.064892158999
    ],
    "4": [
        1194.507873694102,
        15905.491437111066
    ],
    "5": [
        4994.221380843166,
        21409.587542142115
    ],
    "6": [
        6920.1309078568265,
        25647.990954676417
    ],
    "7": [
        12798.393389779849,
        7486.585521365848
    ],
    "8": [
        5318.8693007910815,
        2931.344617600409
    ],
    "9": [
        1732.613521622287,
        26244.446831597223
    ],
    "10": [
        12173.36574445452,
        1056.2340307086706
    ],
    "11": [
        20709.67775804924,
        1285.0161043947394
    ],
    "12": [
        24200.505952825955,
        1313.1746149063824
    ],
    "13": [
        5169.906473416472,
        6051.757913593427
    ],
    "14": [
        7792.801041935692,
        1366.443422279673
    ],
    "15": [
        18327.332256610578,
        24083.492123111264
    ],
    "16": [
        6007.111824197972,
        754.6087223921262
    ],
    "17": [
        9713.950749255042,
        6223.384598487164
    ],
    "18": [
        12667.719098990987,
        11503.07483713754
    ],
    "19": [
        2251.1295860803175,
        706.9591545810498
    ],
    "20": [
        2941.8733009765624,
        2485.8926857421875
    ],
    "21": [
        1457.255616897101,
        22531.503143877788
    ],
    "22": [
        7296.739707598547,
        4556.397055218328
    ],
    "23": [
        24476.436806955644,
        23037.5771484375
    ],
    "24": [
        14590.744755345395,
        1185.2929944163875
    ],
    "25": [
        20092.7572297127,
        8762.780111989667
    ],
    "26": [
        15374.41084543171,
        4216.19843111376
    ],
    "27": [
        25193.742275478602,
        15986.555470509573
    ],
    "28": [
        1093.290169995553,
        19225.572484295484
    ],
    "29": [
        2766.293979963257,
        7084.426725200024
    ],
    "30": [
        9149.709645280935,
        21033.145142834597
    ],
    "31": [
        17503.44382418119,
        1272.8755473288923
    ],
    "32": [
        4694.224901733399,
        14427.535771484376
    ],
    "33": [
        950.5036367165616,
        13033.519389639241
    ],
    "34": [
        7046.497451624919,
        8082.279686996617
    ],
    "35": [
        9903.718826928338,
        790.016057066114
    ],
    "36": [
        8820.648317522322,
        13426.476492745536
    ],
    "37": [
        16097.829831518307,
        15618.136047979799
    ],
    "38": [
        864.1130050287926,
        5016.250616119892
    ],
    "39": [
        13659.06461222788,
        20239.07385665379
    ],
    "40": [
        4098.969608358668,
        9112.524520114535
    ],
    "41": [
        9626.753010697797,
        3274.4463270707565
    ],
    "42": [
        716.2986472447714,
        7592.618514503589
    ],
    "43": [
        4198.231178034364,
        17647.725956137663
    ],
    "44": [
        3144.699539579504,
        11846.374866727941
    ],
    "45": [
        19246.479668409305,
        19060.847083529134
    ],
    "46": [
        9642.723843828517,
        9861.228185605763
    ],
    "47": [
        16194.487172154018,
        7743.301025390625
    ],
    "48": [
        16356.106188322368,
        11720.555776203648
    ],
    "49": [
        11690.798570527804,
        15959.545164093257
    ],
    "50": [
        7581.580663062607,
        17025.786959391
    ],
    "51": [
        1034.9957787287467,
        10069.643303435983
    ],
    "52": [
        18747.342443847658,
        4654.840988922119
    ],
    "53": [
        12391.627772484757,
        4164.210165777439
    ],
    "54": [
        833.9408997149067,
        2872.3989242245616
    ],
    "55": [
        6227.607395971486,
        11175.4659964564
    ],
    "56": [
        12773.040628519144,
        25412.584107545044
    ],
    "57": [
        4026.418709372018,
        870.5582862400827
    ],
    "58": [
        25441.946208200636,
        9440.302581981488
    ],
    "59": [
        20928.737552787163,
        13942.694172297297
    ]
}