{
    "0": [
        5852.167452566964,
        6165.726046316964
    ],
    "1": [
        12613.13421875,
        5642.014013671875
    ],
    "2": [
        18913.91473388672,
        12934.656982421875
    ],
    "3": [
        17674.557590060766,
        1498.2325511508518
    ],
    "4": [
        1108.6706538567175,
        19639.34540264423
    ],
    "5": [
        3341.8988172743057,
        5770.54248046875
    ],
    "6": [
        20489.4248046875,
        4764.680960518973
    ],
    "7": [
        1586.7506158582626,
        10225.47353830645
    ],
    "8": [
        4430.972520616319,
        3298.121432834201
    ],
    "9": [
        23891.098754882813,
        751.4636154174805
    ],
    "10": [
        8238.819458007813,
        19025.49443359375
    ],
    "11": [
        10661.04727711397,
        21553.66440716912
    ],
    "12": [
        10738.56870814732,
        15444.68178013393
    ],
    "13": [
        15964.0841796875,
        21165.242057291667
    ],
    "14": [
        14156.38818359375,
        1638.9408156871796
    ],
    "15": [
        13267.13592998798,
        11537.997032752404
    ],
    "16": [
        733.2462935107095,
        1868.2780500139509
    ],
    "17": [
        17663.424424913195,
        7052.322970920139
    ],
    "18": [
        4153.2695719401045,
        20256.087348090277
    ],
    "19": [
        24438.78310546875,
        7512.375341796875
    ],
    "20": [
        2146.5702171325684,
        3807.1837005615234
    ],
    "21": [
        871.7437102276346,
        495.1662064013274
    ],
    "22": [
        24983.811257102272,
        18171.080788352272
    ],
    "23": [
        1577.65014894547,
        7698.635600428427
    ],
    "24": [
        8846.085205078125,
        4716.262565104166
    ],
    "25": [
        640.4307940447771,
        5601.703287760417
    ],
    "26": [
        5515.802151150174,
        16656.79909939236
    ],
    "27": [
        4140.380310058594,
        9082.265360514322
    ],
    "28": [
        2291.013951982771,
        24789.154157366072
    ],
    "29": [
        1080.6596294900646,
        13361.231275475544
    ],
    "30": [
        8883.870695891204,
        8983.614420572916
    ],
    "31": [
        8141.044658203125,
        916.9498078155517
    ],
    "32": [
        581.871002960205,
        3444.1185384114583
    ],
    "33": [
        8301.105331420898,
        12230.517272949219
    ],
    "34": [
        11065.893451891447,
        1566.4247002350658
    ],
    "35": [
        7162.374131944444,
        24062.797743055555
    ],
    "36": [
        5520.515369233631,
        1035.6053402310326
    ],
    "37": [
        4246.2052001953125,
        12981.915310329861
    ],
    "38": [
        3206.9339168772976,
        911.2111015319824
    ],
    "39": [
        1199.5945393880208,
        17044.150260416667
    ]
}