{
    "0": [
        17290.03100387449,
        7353.716272865854
    ],
    "1": [
        1131.1158235337998,
        24392.887749565973
    ],
    "2": [
        10792.104544040376,
        14864.225076050885
    ],
    "3": [
        7678.388780381944,
        22880.061984592016
    ],
    "4": [
        636.9866550768767,
        504.80873843588745
    ],
    "5": [
        778.4733360989889,
        12601.062248263888
    ],
    "6": [
        686.8903020809383,
        6868.420903178095
    ],
    "7": [
        5783.275951312975,
        2456.1730738882784
    ],
    "8": [
        2582.153859680445,
        5533.2687418261285
    ],
    "9": [
        26568.026252297794,
        15417.321806066177
    ],
    "10": [
        15087.755647078804,
        5553.489537335824
    ],
    "11": [
        9657.17871572457,
        2672.0329715504367
    ],
    "12": [
        12590.831217447916,
        5445.438422309027
    ],
    "13": [
        20054.576920572916,
        16190.343473307292
    ],
    "14": [
        19937.05889892578,
        25649.477111816406
    ],
    "15": [
        23276.701793323864,
        15739.419278231535
    ],
    "16": [
        6279.6162109375,
        19908.141590337644
    ],
    "17": [
        7769.658850673954,
        2325.8134273152496
    ],
    "18": [
        20754.43115234375,
        873.7188108030118
    ],
    "19": [
        13604.426117271505,
        15930.49989499328
    ],
    "20": [
        11897.5063507272,
        3028.27406627727
    ],
    "21": [
        17865.14187034117,
        4651.522026411984
    ],
    "22": [
        19093.6607421875,
        9659.112744140624
    ],
    "23": [
        22570.094542572464,
        11270.61332370924
    ],
    "24": [
        2632.2404288232856,
        9478.965682038164
    ],
    "25": [
        25418.567749023438,
        20432.681213378906
    ],
    "26": [
        878.3955360573667,
        10637.746939855677
    ],
    "27": [
        17895.023314144735,
        793.443665993841
    ],
    "28": [
        5796.582639382103,
        17295.54364346591
    ],
    "29": [
        20049.95936129386,
        20819.244243421053
    ],
    "30": [
        6667.677273732312,
        26862.85697965802
    ],
    "31": [
        13136.48633609694,
        914.8101504851361
    ],
    "32": [
        943.3782126683938,
        18870.152356599505
    ],
    "33": [
        2843.572427671555,
        11907.763666164108
    ],
    "34": [
        2248.3881137129188,
        634.1411065829261
    ],
    "35": [
        3540.4832283620085,
        22257.779977176968
    ],
    "36": [
        1635.7817235503878,
        27297.00802176339
    ],
    "37": [
        2334.164689064026,
        3873.264410972595
    ],
    "38": [
        26838.806525735294,
        6149.826765471814
    ],
    "39": [
        15388.623812705591,
        733.2324322123277
    ],
    "40": [
        2069.1520004989957,
        2160.3950145565977
    ],
    "41": [
        4696.227097781584,
        10246.97152301972
    ],
    "42": [
        14353.436476089015,
        3122.5139123165245
    ],
    "43": [
        26880.346479668675,
        1534.5395619495805
    ],
    "44": [
        4608.328482988585,
        7941.246660459845
    ],
    "45": [
        7108.812819908405,
        9105.641960757903
    ],
    "46": [
        15746.825938167734,
        10910.726086738781
    ],
    "47": [
        23469.08503803454,
        7398.0099262438325
    ],
    "48": [
        13068.277595441366,
        12610.016239126933
    ],
    "49": [
        3754.856305171356,
        552.1852913682554
    ],
    "50": [
        25758.228255208334,
        26007.222786458333
    ],
    "51": [
        9236.684949448529,
        20114.642693014706
    ],
    "52": [
        3307.9227443385766,
        14040.701099292652
    ],
    "53": [
        16236.269333298142,
        14099.469884923987
    ],
    "54": [
        643.8105126137291,
        3491.749030108009
    ],
    "55": [
        19918.783751370614,
        3210.715087890625
    ],
    "56": [
        9881.213447627315,
        9487.745710358797
    ],
    "57": [
        8119.083704760951,
        14184.569686498397
    ],
    "58": [
        3851.316448125253,
        2297.6877713990443
    ],
    "59": [
        22988.75901144802,
        4150.8807675201115
    ],
    "60": [
        3088.1204386100494,
        16206.394692839478
    ],
    "61": [
        3472.600534632586,
        18941.5713598279
    ],
    "62": [
        2568.8059921586564,
        7353.418990638185
    ],
    "63": [
        5791.7502700343275,
        14962.370805220171
    ],
    "64": [
        23781.98489091981,
        1162.5204287205102
    ],
    "65": [
        16549.10183376736,
        17664.5068359375
    ],
    "66": [
        26175.487137957316,
        10732.043040205792
    ],
    "67": [
        20531.011950804455,
        6617.662665338799
    ],
    "68": [
        8876.380676663306,
        7095.362641759072
    ],
    "69": [
        8257.242807503633,
        4797.3126953125
    ],
    "70": [
        10807.367001488095,
        26077.287667410714
    ],
    "71": [
        4185.127998218201,
        24860.252432839912
    ],
    "72": [
        7046.61492496906,
        672.8437363869286
    ],
    "73": [
        892.0199252679043,
        16759.37899800755
    ],
    "74": [
        8748.410528667902,
        17194.450625662077
    ],
    "75": [
        11769.356965300325,
        22220.10128348214
    ],
    "76": [
        755.3007449729498,
        8698.656678259968
    ],
    "77": [
        10317.788975694444,
        12031.712572337963
    ],
    "78": [
        5406.947188214558,
        12704.359535775533
    ],
    "79": [
        4417.853968257397,
        4013.718177457826
    ],
    "80": [
        7535.111533717105,
        11417.973112407484
    ],
    "81": [
        4475.544295648823,
        5871.273595151345
    ],
    "82": [
        12440.517538427337,
        9985.752596227134
    ],
    "83": [
        662.8537747531752,
        5134.295736192148
    ],
    "84": [
        14626.456963117733,
        26033.289698401164
    ],
    "85": [
        12148.921107700893,
        18429.133705357144
    ],
    "86": [
        6637.501160588096,
        6833.779157015547
    ],
    "87": [
        1081.4624139226921,
        21510.00437721631
    ],
    "88": [
        14147.288888384206,
        7996.846429869186
    ],
    "89": [
        11064.484859959608,
        7622.18620788159
    ],
    "90": [
        11059.845302178608,
        804.7503541078024
    ],
    "91": [
        19420.26535373264,
        12917.203559027777
    ],
    "92": [
        15982.025372869319,
        21513.5421875
    ],
    "93": [
        980.6520301367849,
        14618.008115571121
    ],
    "94": [
        16864.730191454477,
        2682.8818336769386
    ],
    "95": [
        6291.3135951450895,
        4431.325439453125
    ],
    "96": [
        551.6387285064613,
        1864.34909955193
    ],
    "97": [
        10345.98869842233,
        4914.81293494956
    ],
    "98": [
        9021.362397954705,
        729.0299289322525
    ],
    "99": [
        5338.154835353388,
        702.9088401697878
    ]
}