{
    "0": [
        12135.17384048655,
        19391.873516613923
    ],
    "1": [
        8052.523909040178,
        10834.9149609375
    ],
    "2": [
        8110.927978515625,
        26367.365840517243
    ],
    "3": [
        17969.94200906636,
        6725.019323278357
    ],
    "4": [
        13406.800347222223,
        27216.883246527777
    ],
    "5": [
        20357.605941867238,
        1031.371714994774
    ],
    "6": [
        1034.8588929662899,
        19099.99557557398
    ],
    "7": [
        10869.576640932579,
        956.0561698027483
    ],
    "8": [
        6268.157924107143,
        2812.426746051573
    ],
    "9": [
        4635.768282010958,
        4678.685101397626
    ],
    "10": [
        8639.736396897008,
        2765.631798112896
    ],
    "11": [
        12629.368022531702,
        15691.673021399456
    ],
    "12": [
        9301.240877175633,
        5346.813652714596
    ],
    "13": [
        13971.350712835452,
        3548.8768055371647
    ],
    "14": [
        16495.630241437146,
        3437.4222763837392
    ],
    "15": [
        5924.060887935772,
        12666.260825612437
    ],
    "16": [
        3718.251285880939,
        14733.756778492647
    ],
    "17": [
        4332.6776447060665,
        2433.8665281696085
    ],
    "18": [
        26168.24777932363,
        6300.447319135274
    ],
    "19": [
        929.2899684446143,
        9681.887132657284
    ],
    "20": [
        12939.09531527039,
        985.2785091366328
    ],
    "21": [
        2208.778225789028,
        700.3221145988302
    ],
    "22": [
        10762.0810546875,
        11335.735633805996
    ],
    "23": [
        16080.512705277424,
        17414.578683035714
    ],
    "24": [
        6809.7088016264615,
        15473.385233918129
    ],
    "25": [
        5643.6264744178925,
        9677.036917892157
    ],
    "26": [
        25595.350911458332,
        10735.884212239584
    ],
    "27": [
        14926.488147321428,
        6581.291930803572
    ],
    "28": [
        25287.297805059523,
        21073.60877046131
    ],
    "29": [
        23228.076921875,
        1215.5792252578735
    ],
    "30": [
        21622.64406061747,
        12154.07505412274
    ],
    "31": [
        19295.652601453992,
        3774.235858493381
    ],
    "32": [
        1259.8947170654146,
        26226.34328589109
    ],
    "33": [
        15978.109934228098,
        10155.362997462607
    ],
    "34": [
        12779.953286723727,
        9158.244240147293
    ],
    "35": [
        5863.428020109954,
        18614.77103587963
    ],
    "36": [
        895.3048127947006,
        7781.847662777825
    ],
    "37": [
        15290.161939348493,
        901.2339308410883
    ],
    "38": [
        21794.44301470588,
        26316.48552389706
    ],
    "39": [
        5321.976354607328,
        7013.886914915393
    ],
    "40": [
        3362.1741607666017,
        11834.738916015625
    ],
    "41": [
        7552.748386757046,
        21535.671051623776
    ],
    "42": [
        3147.5301779932624,
        9102.599086684668
    ],
    "43": [
        22698.328125,
        4488.767782954847
    ],
    "44": [
        17197.25930417239,
        13655.903813959478
    ],
    "45": [
        2537.67087953629,
        4440.8641003024195
    ],
    "46": [
        17718.525744952985,
        1044.8207510192838
    ],
    "47": [
        744.9912429392634,
        5858.485436586599
    ],
    "48": [
        11006.184087065078,
        22879.435707957473
    ],
    "49": [
        715.1085423428916,
        3807.4860713941634
    ],
    "50": [
        19388.647358908584,
        20770.25093283582
    ],
    "51": [
        7002.182469521799,
        5085.238726215978
    ],
    "52": [
        4479.009917160561,
        25360.62603268678
    ],
    "53": [
        7690.147742069129,
        7769.613896357549
    ],
    "54": [
        3070.397972998681,
        6641.101453112317
    ],
    "55": [
        968.9264506623149,
        13819.387447357178
    ],
    "56": [
        7168.921262112853,
        833.726781230652
    ],
    "57": [
        9096.375522883858,
        18100.28345687746
    ],
    "58": [
        25295.241955773305,
        15627.109408103814
    ],
    "59": [
        12205.17216847474,
        5791.473253319301
    ],
    "60": [
        3791.582486208435,
        566.5254928947824
    ],
    "61": [
        2454.3390132770382,
        2418.6354648147953
    ],
    "62": [
        11151.568789859693,
        3526.7879892777423
    ],
    "63": [
        1152.3620143379385,
        22635.493124086257
    ],
    "64": [
        20365.522549715908,
        16118.293095576299
    ],
    "65": [
        26616.244180484693,
        1542.7267335774948
    ],
    "66": [
        5471.021937882511,
        751.6136091653954
    ],
    "67": [
        9546.23855154855,
        14156.565179734003
    ],
    "68": [
        9041.20633877841,
        797.7644377723607
    ],
    "69": [
        10335.828008186303,
        8050.302916604366
    ],
    "70": [
        615.8756918003482,
        555.0605918079294
    ],
    "71": [
        19080.491742728962,
        9835.363943572092
    ],
    "72": [
        944.2470504876213,
        11598.69327430858
    ],
    "73": [
        665.176633440444,
        2035.6009067701257
    ],
    "74": [
        1099.8438138411595,
        16227.653478899572
    ],
    "75": [
        21971.550587871287,
        7657.502170676052
    ],
    "76": [
        15744.792282104492,
        22996.649932861328
    ],
    "77": [
        3486.2926025390625,
        21372.397452866735
    ],
    "78": [
        13796.487470073085,
        12388.457692792339
    ],
    "79": [
        3568.601860981603,
        17708.57745715726
    ]
}