{
    "0": [
        503.6132311820984,
        10076.841796875
    ],
    "1": [
        617.0353465360754,
        5067.297593060662
    ],
    "2": [
        7159.758256392045,
        11156.711115056818
    ],
    "3": [
        3496.4572310014205,
        8696.121892755682
    ],
    "4": [
        13828.867495888158,
        1062.5453824495014
    ],
    "5": [
        12512.27211216518,
        5201.708060128348
    ],
    "6": [
        1316.5829518636067,
        1503.0148417154949
    ],
    "7": [
        6325.522251674107,
        6732.025983537947
    ],
    "8": [
        644.553874651591,
        3481.913370768229
    ],
    "9": [
        7872.18701171875,
        8772.739790482954
    ],
    "10": [
        370.29854106903076,
        1508.3258666992188
    ],
    "11": [
        6853.261343149038,
        871.7597381885236
    ],
    "12": [
        9339.98095703125,
        132.88706741333007
    ],
    "13": [
        2150.7628716362847,
        9548.939344618055
    ],
    "14": [
        4557.490862165178,
        10716.137974330357
    ],
    "15": [
        8706.94642857143,
        5935.3515625
    ],
    "16": [
        3264.154839409722,
        3004.281928168403
    ],
    "17": [
        24330.65078125,
        6309.930875651042
    ],
    "18": [
        2314.670446777344,
        7741.641650390625
    ],
    "19": [
        358.944149017334,
        6298.725646972656
    ],
    "20": [
        1868.7818145751953,
        13333.139038085938
    ],
    "21": [
        332.5704413021312,
        277.11894136316636
    ],
    "22": [
        4293.843519422743,
        4210.5749104817705
    ],
    "23": [
        10388.220772879464,
        15260.7529296875
    ],
    "24": [
        1641.1896606445312,
        6618.105517578125
    ],
    "25": [
        6275.946746826172,
        4607.544219970703
    ],
    "26": [
        4934.758544921875,
        6438.302978515625
    ],
    "27": [
        3073.8373209635415,
        475.731299718221
    ],
    "28": [
        4211.059399414063,
        989.3234832763671
    ],
    "29": [
        9520.9296875,
        10093.716959635416
    ],
    "30": [
        9877.294596354166,
        19348.8546875
    ],
    "31": [
        3231.8451171875,
        10304.4185546875
    ],
    "32": [
        5606.715413411458,
        570.0502033233643
    ],
    "33": [
        6781.3603515625,
        13381.30770596591
    ],
    "34": [
        420.92698923746747,
        14316.344645182291
    ],
    "35": [
        3188.7232421875,
        5586.759537760417
    ],
    "36": [
        2016.3025817871094,
        1938.738540649414
    ],
    "37": [
        6719.083082932692,
        15920.331129807691
    ],
    "38": [
        1866.9785919189453,
        352.1554080247879
    ],
    "39": [
        5026.997667100694,
        2236.860582139757
    ],
    "40": [
        13429.340148925781,
        12212.9560546875
    ],
    "41": [
        24366.079915364582,
        11910.1171875
    ],
    "42": [
        11464.257649739584,
        6216.3125
    ],
    "43": [
        24661.048502604168,
        907.0586204528809
    ],
    "44": [
        11503.74853515625,
        1048.595357131958
    ],
    "45": [
        19501.44222861842,
        5942.005910773027
    ],
    "46": [
        9258.20720358456,
        1670.9014820772059
    ],
    "47": [
        2482.6383231026784,
        11438.21595982143
    ],
    "48": [
        12969.436899038461,
        2992.2035381610576
    ],
    "49": [
        1941.4489237467449,
        3941.413055419922
    ],
    "50": [
        24811.280691964286,
        20179.574358258928
    ],
    "51": [
        7936.333869485294,
        498.3321986478918
    ],
    "52": [
        9903.74951171875,
        8575.204223632813
    ],
    "53": [
        16349.82958984375,
        22582.768229166668
    ],
    "54": [
        837.7048336832147,
        18165.20826480263
    ],
    "55": [
        581.6481640155499,
        793.029052734375
    ],
    "56": [
        19994.35036892361,
        797.2578367657131
    ],
    "57": [
        362.41411113739014,
        2318.8109241832385
    ],
    "58": [
        1879.1178482055664,
        25198.56796875
    ],
    "59": [
        678.6199111938477,
        7968.689306640625
    ],
    "60": [
        5041.418666294643,
        8744.951939174107
    ],
    "61": [
        13594.907421875,
        9091.67294921875
    ],
    "62": [
        6535.566162109375,
        26298.98046875
    ],
    "63": [
        13561.888916015625,
        25956.93310546875
    ],
    "64": [
        16074.628385416667,
        4489.1986328125
    ],
    "65": [
        3944.7836181640623,
        22107.8052734375
    ],
    "66": [
        3711.585652669271,
        14452.196858723959
    ],
    "67": [
        10036.7939453125,
        5879.260314941406
    ],
    "68": [
        3031.6644938151044,
        19693.912890625
    ],
    "69": [
        15900.408630371094,
        16838.06805419922
    ],
    "70": [
        7274.593098958333,
        1933.3971354166667
    ],
    "71": [
        8870.335477941177,
        3466.08784754136
    ],
    "72": [
        1020.8956756591797,
        8834.81396484375
    ],
    "73": [
        8913.549603630514,
        22099.835363051472
    ],
    "74": [
        1091.3689193725586,
        11792.7666015625
    ],
    "75": [
        16653.884935461956,
        1408.128781111344
    ],
    "76": [
        9611.26553883272,
        12132.75821461397
    ],
    "77": [
        6265.49080882353,
        18327.81135110294
    ],
    "78": [
        3077.8825073242188,
        6801.436096191406
    ],
    "79": [
        18385.686383928572,
        10984.984444754464
    ]
}