{
    "0": [
        16132.110091145832,
        17117.8708984375
    ],
    "1": [
        6008.684292662378,
        9534.135397518383
    ],
    "2": [
        2174.047696224674,
        689.7733590014689
    ],
    "3": [
        12676.927315848214,
        15598.006033761161
    ],
    "4": [
        1165.4564092305668,
        15698.755966454222
    ],
    "5": [
        14198.141135475853,
        11950.468446673769
    ],
    "6": [
        20401.54123813291,
        16072.897374406646
    ],
    "7": [
        793.7391085104509,
        13496.89706587358
    ],
    "8": [
        3121.7594384517765,
        13674.600144749365
    ],
    "9": [
        11397.040710449219,
        3345.599787030901
    ],
    "10": [
        25123.424256859755,
        20813.466653963416
    ],
    "11": [
        12708.846988726265,
        19760.948946795885
    ],
    "12": [
        12255.744942801339,
        5661.269892478475
    ],
    "13": [
        5196.582609592014,
        6957.3229383680555
    ],
    "14": [
        15813.898462755928,
        9236.923924939385
    ],
    "15": [
        21983.86517578125,
        7596.064619140625
    ],
    "16": [
        20328.248080941135,
        1149.0973871752274
    ],
    "17": [
        6610.801767643666,
        17038.48757996015
    ],
    "18": [
        7523.7985452954235,
        11809.46099086407
    ],
    "19": [
        3768.073890186916,
        23238.090135806076
    ],
    "20": [
        4864.808539313239,
        4650.752977525865
    ],
    "21": [
        26780.803841145833,
        1461.22151061164
    ],
    "22": [
        9466.326547475961,
        18310.078125
    ],
    "23": [
        4325.324634086795,
        2444.3993783346036
    ],
    "24": [
        1174.7670161611115,
        11463.959989659927
    ],
    "25": [
        3685.1641288097994,
        16617.615584008487
    ],
    "26": [
        12528.922578357515,
        9176.417782738095
    ],
    "27": [
        7053.545846584624,
        20985.794973727876
    ],
    "28": [
        21838.06436332615,
        12023.44760237069
    ],
    "29": [
        19198.674720982144,
        20799.014453125
    ],
    "30": [
        1937.5363826889923,
        27152.051885190216
    ],
    "31": [
        25348.877017161885,
        15547.183705814548
    ],
    "32": [
        886.4443171958924,
        7769.4201041666665
    ],
    "33": [
        7168.359250332447,
        795.8438800848726
    ],
    "34": [
        19014.33173643868,
        9957.853266877948
    ],
    "35": [
        18065.074236946817,
        6690.427382569876
    ],
    "36": [
        11000.185232204862,
        951.3735280213533
    ],
    "37": [
        8968.69451599121,
        14698.182232666015
    ],
    "38": [
        2442.8576469318564,
        2447.085143549423
    ],
    "39": [
        10327.186201325261,
        7427.8554968709095
    ],
    "40": [
        10371.940359213917,
        22666.061916076033
    ],
    "41": [
        5675.284714226974,
        14113.02466591283
    ],
    "42": [
        762.0028613525452,
        5837.383465153156
    ],
    "43": [
        596.0290949887675,
        563.3536938885379
    ],
    "44": [
        1162.3717753370352,
        21190.624357199365
    ],
    "45": [
        17727.468466938404,
        901.6553951369392
    ],
    "46": [
        17811.33196184962,
        3449.525093194797
    ],
    "47": [
        17299.43879850618,
        13212.476809323489
    ],
    "48": [
        7212.816850863821,
        5042.906220226753
    ],
    "49": [
        21618.973326725747,
        4405.886760654734
    ],
    "50": [
        9380.255666852678,
        9596.14494140625
    ],
    "51": [
        8600.894356369126,
        2593.739897599457
    ],
    "52": [
        4309.664896549791,
        11488.63767662231
    ],
    "53": [
        1087.6000548378895,
        24186.902641684323
    ],
    "54": [
        7488.981109904352,
        7422.399217837325
    ],
    "55": [
        666.4415210366573,
        2049.7590730086617
    ],
    "56": [
        906.992362657442,
        9652.824894067797
    ],
    "57": [
        25679.766719608517,
        5851.492265303056
    ],
    "58": [
        13110.90655048077,
        1013.6871253038064
    ],
    "59": [
        23334.96875,
        1385.650536281475
    ],
    "60": [
        22095.169596354168,
        26275.327962239582
    ],
    "61": [
        25820.04119001116,
        10388.148629324776
    ],
    "62": [
        15704.980799788136,
        23464.34997351695
    ],
    "63": [
        10889.577096737132,
        12240.923563878676
    ],
    "64": [
        9481.80842068829,
        4897.168545622363
    ],
    "65": [
        3042.604175724395,
        6713.89188583583
    ],
    "66": [
        1016.280658686161,
        18289.678291015625
    ],
    "67": [
        12343.71323939732,
        26689.872488839286
    ],
    "68": [
        5436.905561509034,
        719.5999220922633
    ],
    "69": [
        3742.148530570183,
        595.3075005048217
    ],
    "70": [
        3139.705399214238,
        9139.204870242884
    ],
    "71": [
        751.2744650059913,
        3832.572313067174
    ],
    "72": [
        3933.939449734158,
        19430.944254557293
    ],
    "73": [
        15449.13878854397,
        972.1449885895822
    ],
    "74": [
        9081.104393433989,
        743.7385834359497
    ],
    "75": [
        2737.775534215307,
        4528.847884065112
    ],
    "76": [
        14888.730923670419,
        6230.156777707686
    ],
    "77": [
        6269.107474307886,
        2737.7360905384858
    ],
    "78": [
        6648.791708456503,
        26237.508498733107
    ],
    "79": [
        14612.758028470553,
        3504.3239088792066
    ]
}