{
    "0": [
        18407.88673044536,
        12541.230860544536
    ],
    "1": [
        17520.78692654823,
        6857.869769370719
    ],
    "2": [
        6422.455266669245,
        3510.8686732931105
    ],
    "3": [
        26514.12997731855,
        3638.6893080126856
    ],
    "4": [
        13298.299604023972,
        10669.063244684647
    ],
    "5": [
        666.7786161593416,
        773.0859675602479
    ],
    "6": [
        10440.697106563684,
        1323.5817142472122
    ],
    "7": [
        13067.29315528441,
        5608.537582111716
    ],
    "8": [
        6851.530654097576,
        12576.833537946428
    ],
    "9": [
        21799.836612654322,
        21949.45317322531
    ],
    "10": [
        818.0497669610452,
        7191.864473117618
    ],
    "11": [
        22877.066516113282,
        1536.1242491021753
    ],
    "12": [
        4276.941064192012,
        1416.6252586012856
    ],
    "13": [
        9491.430730270127,
        4665.859744935116
    ],
    "14": [
        15802.22988881186,
        1844.8998358208978
    ],
    "15": [
        907.744299620749,
        4897.117493411145
    ],
    "16": [
        6094.835370832462,
        819.5344511382157
    ],
    "17": [
        8441.124329524253,
        20509.060216495647
    ],
    "18": [
        12085.71001953125,
        24919.1341796875
    ],
    "19": [
        9179.371438914332,
        8794.70326643319
    ],
    "20": [
        1235.038740121341,
        9511.592008196722
    ],
    "21": [
        5989.204610083388,
        16757.288197255504
    ],
    "22": [
        12853.179316971464,
        1484.0518638788697
    ],
    "23": [
        11008.699170879288,
        14727.486687155331
    ],
    "24": [
        19008.096578663793,
        1746.9276206226184
    ],
    "25": [
        3099.8585386094937,
        6970.104247118584
    ],
    "26": [
        3483.124491788903,
        4108.206680342338
    ],
    "27": [
        1666.7269913988048,
        12084.489390678145
    ],
    "28": [
        2905.4722242797448,
        25952.38032905629
    ],
    "29": [
        1459.2485048155806,
        17945.716056649544
    ],
    "30": [
        1698.2724901977247,
        14627.710941064097
    ],
    "31": [
        24581.662754095873,
        14742.383077973302
    ],
    "32": [
        1044.8375087971012,
        2697.8839094606165
    ],
    "33": [
        4591.512282151442,
        9804.44677734375
    ],
    "34": [
        2271.3714724446204,
        21545.59470016892
    ],
    "35": [
        6069.575836068192,
        6461.898152518006
    ],
    "36": [
        8382.458704709268,
        1144.9577929929314
    ],
    "37": [
        2525.3183119946093,
        745.9371309106883
    ],
    "38": [
        15799.709524054277,
        18484.925016704357
    ],
    "39": [
        22368.51173290308,
        7578.39304517663
    ]
}