{
    "0": [
        5560.13494001116,
        9201.087681361607
    ],
    "1": [
        14277.903238932291,
        7810.9517008463545
    ],
    "2": [
        9959.688313802084,
        14021.257731119791
    ],
    "3": [
        2930.1383056640625,
        7439.4671630859375
    ],
    "4": [
        7023.374674479167,
        13991.053059895834
    ],
    "5": [
        20510.01697716346,
        3584.0045635516826
    ],
    "6": [
        16099.028686523438,
        743.0597162246704
    ],
    "7": [
        12244.601453993055,
        13215.617947048611
    ],
    "8": [
        20138.43994140625,
        6114.8001708984375
    ],
    "9": [
        1763.7599579782197,
        2200.132039388021
    ],
    "10": [
        737.8061059316,
        4917.008843315973
    ],
    "11": [
        27357.8798828125,
        16605.748046875
    ],
    "12": [
        27184.292317708332,
        8837.3330078125
    ],
    "13": [
        14997.4404296875,
        2842.6881573016826
    ],
    "14": [
        16039.257595486111,
        14472.638780381945
    ],
    "15": [
        6232.177334872159,
        17363.5869140625
    ],
    "16": [
        6744.450160435268,
        7460.091448102678
    ],
    "17": [
        11041.363932291666,
        5072.290771484375
    ],
    "18": [
        2699.605314835258,
        14585.999702785326
    ],
    "19": [
        7080.321194556452,
        762.7757453918457
    ],
    "20": [
        8338.519461495536,
        26224.123604910714
    ],
    "21": [
        23284.104817708332,
        16940.7197265625
    ],
    "22": [
        9377.116516113281,
        6879.940338134766
    ],
    "23": [
        901.8991084098816,
        20754.695703125
    ],
    "24": [
        3400.9539184570313,
        407.5304692188899
    ],
    "25": [
        2082.049703663793,
        3914.595181169181
    ],
    "26": [
        1053.052622375163,
        8501.380015980114
    ],
    "27": [
        10814.533133370536,
        460.5195779459817
    ],
    "28": [
        23078.825055803572,
        7670.231096540178
    ],
    "29": [
        1884.114537217882,
        603.3515764342415
    ],
    "30": [
        6220.1783203125,
        21261.5439453125
    ],
    "31": [
        5175.094067382813,
        15618.676171875
    ],
    "32": [
        4451.243121603261,
        3991.702923318614
    ],
    "33": [
        27471.936848958332,
        777.3990138371786
    ],
    "34": [
        10659.373046875,
        21679.65234375
    ],
    "35": [
        6612.43900390625,
        11138.8975
    ],
    "36": [
        19404.5615234375,
        26052.6015625
    ],
    "37": [
        21697.71707589286,
        11174.937918526786
    ],
    "38": [
        4429.24140625,
        7486.846752929688
    ],
    "39": [
        15746.626139322916,
        17495.080891927082
    ],
    "40": [
        19032.425347222223,
        19118.176866319445
    ],
    "41": [
        5115.939340444712,
        5883.3347731370195
    ],
    "42": [
        13867.14932528409,
        10629.309215198864
    ],
    "43": [
        2624.3379128196025,
        9714.368341619318
    ],
    "44": [
        11187.259195963541,
        9744.160970052084
    ],
    "45": [
        2884.8277306189902,
        5385.644794170673
    ],
    "46": [
        12342.4212890625,
        3492.5460693359373
    ],
    "47": [
        18691.236328125,
        11938.30517578125
    ],
    "48": [
        8685.428039550781,
        18818.799072265625
    ],
    "49": [
        12410.271106350807,
        940.6063109367125
    ],
    "50": [
        1356.8749755859376,
        16661.6091796875
    ],
    "51": [
        458.31541066556366,
        511.9073695548483
    ],
    "52": [
        3190.7305541992187,
        17356.802490234375
    ],
    "53": [
        3871.9504597981772,
        19770.078938802082
    ],
    "54": [
        23594.847222222223,
        4910.374213324652
    ],
    "55": [
        7598.129638671875,
        2606.5751436673677
    ],
    "56": [
        17501.471261160714,
        3264.3785226004466
    ],
    "57": [
        960.4494066238403,
        23243.581640625
    ],
    "58": [
        16307.736206054688,
        9582.6923828125
    ],
    "59": [
        10278.984142485118,
        2606.9307861328125
    ],
    "60": [
        458.1438244791592,
        3355.433766084559
    ],
    "61": [
        3303.662163628472,
        2391.8702223036025
    ],
    "62": [
        3259.047216796875,
        26467.43515625
    ],
    "63": [
        8837.09275535301,
        4571.252278645833
    ],
    "64": [
        14849.024135044643,
        22618.424944196428
    ],
    "65": [
        9125.732161458332,
        11535.4138671875
    ],
    "66": [
        558.9649309158325,
        1945.7743377685547
    ],
    "67": [
        19948.035993303572,
        15415.852120535714
    ],
    "68": [
        4612.9552001953125,
        13380.134033203125
    ],
    "69": [
        13480.03724888393,
        15912.075892857143
    ],
    "70": [
        1012.146372421928,
        12547.592433763586
    ],
    "71": [
        4700.307461825284,
        687.1179148934104
    ],
    "72": [
        27704.67822265625,
        4019.7230224609375
    ],
    "73": [
        4667.422444661458,
        22929.972493489582
    ],
    "74": [
        26141.03515625,
        12886.382161458334
    ],
    "75": [
        4251.144193209135,
        10124.233623798076
    ],
    "76": [
        8014.428656684027,
        23074.594184027777
    ],
    "77": [
        18311.578741776317,
        612.7813206722861
    ],
    "78": [
        15534.115835336539,
        5156.14462515024
    ],
    "79": [
        9109.714675377156,
        939.4090510401232
    ],
    "80": [
        344.7030022577806,
        14333.579367897728
    ],
    "81": [
        543.3482859684871,
        18338.337139423078
    ],
    "82": [
        20817.321126302082,
        1151.086477279663
    ],
    "83": [
        19304.443684895832,
        9064.376057942709
    ],
    "84": [
        14427.039713541666,
        26381.937825520832
    ],
    "85": [
        3169.101004464286,
        11726.021530877977
    ],
    "86": [
        5567.05120171441,
        1913.4602983262803
    ],
    "87": [
        686.1452022075653,
        10219.799772135417
    ],
    "88": [
        17560.5951171875,
        6722.239990234375
    ],
    "89": [
        21794.404296875,
        22552.7421875
    ],
    "90": [
        11895.7908203125,
        7906.196875
    ],
    "91": [
        14424.45546875,
        767.277265548706
    ],
    "92": [
        964.8423888043659,
        6720.653403677591
    ],
    "93": [
        6573.510697798295,
        4194.342795632102
    ],
    "94": [
        24206.53369140625,
        1436.8655214309692
    ],
    "95": [
        8798.253032483553,
        16096.235505756578
    ],
    "96": [
        8410.942608173076,
        9305.021409254809
    ],
    "97": [
        1236.476365661621,
        26337.003515625
    ],
    "98": [
        12085.385044642857,
        18957.612444196428
    ],
    "99": [
        13368.771771599264,
        5554.91073069853
    ]
}