{
    "0": [
        1020.3036088699645,
        6510.445031368371
    ],
    "1": [
        19378.629296875,
        11783.11318359375
    ],
    "2": [
        11714.47935267857,
        19518.792550223214
    ],
    "3": [
        14708.406725761219,
        4885.9439540765225
    ],
    "4": [
        3624.321523030599,
        7217.138356526692
    ],
    "5": [
        6746.951749840561,
        7602.245695153061
    ],
    "6": [
        2183.6945014176545,
        21479.157769097223
    ],
    "7": [
        14903.118364383014,
        1129.7968258979993
    ],
    "8": [
        18004.38991970486,
        1280.908911810981
    ],
    "9": [
        25910.08203125,
        2041.5586545363717
    ],
    "10": [
        1783.768276658169,
        17442.61273619186
    ],
    "11": [
        7528.048238118489,
        23957.464192708332
    ],
    "12": [
        708.8942336021586,
        1126.8753662080842
    ],
    "13": [
        9510.663022248642,
        1203.2875456499016
    ],
    "14": [
        16954.625553385416,
        17231.68125
    ],
    "15": [
        995.9379791510733,
        3685.9423211348685
    ],
    "16": [
        21830.094773065477,
        1760.0311660766602
    ],
    "17": [
        20182.123119212964,
        5324.039071542245
    ],
    "18": [
        2556.9799402748667,
        1164.5926540479427
    ],
    "19": [
        10842.2841796875,
        9177.127915326288
    ],
    "20": [
        7624.472574869792,
        11338.458034939236
    ],
    "21": [
        7056.010263296274,
        1243.123157427861
    ],
    "22": [
        7338.85607421875,
        3942.282587890625
    ],
    "23": [
        20902.26513671875,
        23682.255859375
    ],
    "24": [
        6185.309964087702,
        18852.496156754034
    ],
    "25": [
        1195.2632468731506,
        13243.391750169836
    ],
    "26": [
        12800.180517578125,
        13346.80537109375
    ],
    "27": [
        12125.084329044117,
        1296.520024954104
    ],
    "28": [
        24130.2314453125,
        16571.46494140625
    ],
    "29": [
        24846.475060096152,
        9153.391751802885
    ],
    "30": [
        8838.521801097973,
        15234.510768581082
    ],
    "31": [
        10588.450270432691,
        4846.622281588041
    ],
    "32": [
        1877.665780930292,
        25647.251488095237
    ],
    "33": [
        4374.329596442145,
        14667.719357052365
    ],
    "34": [
        3789.467207845052,
        4166.083361816406
    ],
    "35": [
        4380.216166178386,
        10768.245524088541
    ],
    "36": [
        4799.066225652826,
        1282.3519526442437
    ],
    "37": [
        15307.070052083332,
        8799.214973958333
    ],
    "38": [
        1071.205773414265,
        9750.78604403409
    ],
    "39": [
        14939.095928485576,
        24695.615234375
    ]
}