{
    "0": [
        16411.628559027777,
        14195.656119791667
    ],
    "1": [
        25564.620833333334,
        11831.471451822918
    ],
    "2": [
        1049.9399771140854,
        14589.18268253369
    ],
    "3": [
        20361.123669433593,
        1024.712848943472
    ],
    "4": [
        14298.620437282985,
        5817.652558051215
    ],
    "5": [
        17879.110435748924,
        10750.058139143319
    ],
    "6": [
        6371.089264079211,
        15148.069623161764
    ],
    "7": [
        7739.226995729932,
        10049.396029603247
    ],
    "8": [
        21337.47233430632,
        11917.692114526099
    ],
    "9": [
        15625.985296801986,
        8463.833172094042
    ],
    "10": [
        17327.432796702666,
        6263.817303825827
    ],
    "11": [
        10619.987458697356,
        852.8016050468636
    ],
    "12": [
        2837.4896240234375,
        8864.363848809386
    ],
    "13": [
        1201.3607399737907,
        22871.23290116948
    ],
    "14": [
        788.9423681515568,
        12142.970920548349
    ],
    "15": [
        951.3792416804876,
        17213.78357371795
    ],
    "16": [
        22387.032270951706,
        4400.893663810961
    ],
    "17": [
        10035.647785017976,
        7935.630496404868
    ],
    "18": [
        12719.494004360466,
        27245.72315588663
    ],
    "19": [
        7285.0616050898825,
        2566.198367523908
    ],
    "20": [
        15849.386708733975,
        3186.7800174028444
    ],
    "21": [
        783.9081479861642,
        9858.39740919909
    ],
    "22": [
        5000.124154995143,
        2472.2447633100915
    ],
    "23": [
        11505.736480137088,
        5284.3313230118665
    ],
    "24": [
        23234.205217633928,
        1230.763529134175
    ],
    "25": [
        7244.997826834094,
        7255.103008483101
    ],
    "26": [
        5097.129154911748,
        9598.04864275897
    ],
    "27": [
        23147.364077919407,
        7895.25982344778
    ],
    "28": [
        12789.173511106577,
        949.3358665686935
    ],
    "29": [
        6207.7398720631145,
        676.2232115470806
    ],
    "30": [
        10072.794831332782,
        14443.219150972682
    ],
    "31": [
        15513.866516113281,
        22917.843505859375
    ],
    "32": [
        15065.806538063642,
        827.8001321396326
    ],
    "33": [
        2809.570836320708,
        2530.570224114913
    ],
    "34": [
        1579.386242127886,
        26460.826861213234
    ],
    "35": [
        26612.240569760103,
        1567.103324928669
    ],
    "36": [
        3348.633526141827,
        13971.387329101563
    ],
    "37": [
        3493.6642266635236,
        16960.705897539512
    ],
    "38": [
        20303.903409090908,
        25841.679214015152
    ],
    "39": [
        2774.151757642367,
        6630.692918730945
    ],
    "40": [
        4089.7993602263623,
        19918.35389957265
    ],
    "41": [
        636.4905982093695,
        563.7703908399802
    ],
    "42": [
        25801.884711371527,
        22921.295301649305
    ],
    "43": [
        684.0530652129373,
        3740.4321465070857
    ],
    "44": [
        2656.712439022154,
        11167.396997872653
    ],
    "45": [
        16095.44091796875,
        17742.301813299007
    ],
    "46": [
        792.3239556481634,
        7776.028474506579
    ],
    "47": [
        6173.052363954741,
        18071.606091729525
    ],
    "48": [
        9034.762078536185,
        17856.29591312265
    ],
    "49": [
        26425.010602678572,
        6455.672398158482
    ],
    "50": [
        17630.433597995925,
        973.0376302615456
    ],
    "51": [
        7586.970814732143,
        21481.241555059525
    ],
    "52": [
        3878.6129616019653,
        23432.181217783505
    ],
    "53": [
        18734.852968252388,
        3530.748127736863
    ],
    "54": [
        8439.731313156606,
        837.1599038630469
    ],
    "55": [
        10803.083139370143,
        11295.132787200453
    ],
    "56": [
        1118.9380146878302,
        19798.347057893785
    ],
    "57": [
        12854.285968338816,
        3249.5384303042765
    ],
    "58": [
        12520.101163276337,
        8506.844244423153
    ],
    "59": [
        11980.53927577227,
        19244.319436961207
    ],
    "60": [
        7706.867749023438,
        12760.759995814733
    ],
    "61": [
        9856.535724103009,
        3018.2685384114584
    ],
    "62": [
        5109.123796001233,
        12257.96630859375
    ],
    "63": [
        10829.869063273514,
        23014.97223081683
    ],
    "64": [
        12900.240760803223,
        15391.045249938965
    ],
    "65": [
        2303.3978983216366,
        4477.017749437236
    ],
    "66": [
        791.0058668021009,
        2020.8151974621046
    ],
    "67": [
        19982.202101934523,
        7515.617458767361
    ],
    "68": [
        20177.62024238782,
        15833.796436798879
    ],
    "69": [
        19493.364476445895,
        20646.064074160447
    ],
    "70": [
        8812.58888527199,
        5118.680758101852
    ],
    "71": [
        24915.879608154297,
        16652.856506347656
    ],
    "72": [
        4925.8975536112885,
        6889.429191246812
    ],
    "73": [
        6657.074544270833,
        26421.656575520832
    ],
    "74": [
        4282.450120192308,
        4660.008895767319
    ],
    "75": [
        6387.989031982422,
        4705.705040486654
    ],
    "76": [
        656.30075853565,
        5788.6588967212765
    ],
    "77": [
        2328.881136067708,
        706.0392550194015
    ],
    "78": [
        4088.2461618276743,
        624.5827478028548
    ],
    "79": [
        14124.719277871622,
        11427.734203441723
    ]
}