{
    "0": [
        18470.337968438744,
        1785.2077039038518
    ],
    "1": [
        14406.840075041118,
        18842.41626619038
    ],
    "2": [
        24621.39340049342,
        15032.585680509868
    ],
    "3": [
        3108.7774602547966,
        3673.8170525918977
    ],
    "4": [
        5622.933503853258,
        13106.975252846414
    ],
    "5": [
        903.7025477711065,
        2528.1263768325616
    ],
    "6": [
        15274.694508713943,
        1415.4985114556093
    ],
    "7": [
        874.2138789812841,
        4821.633058085244
    ],
    "8": [
        10958.378750160093,
        6295.400634765625
    ],
    "9": [
        956.6049080969582,
        7176.41884903169
    ],
    "10": [
        6832.578878070584,
        17343.63297768968
    ],
    "11": [
        9099.375981666486,
        3716.3950994936845
    ],
    "12": [
        1501.769848983987,
        14722.157035655546
    ],
    "13": [
        6892.893260891155,
        981.0712485340356
    ],
    "14": [
        1536.831710234437,
        11935.201045221844
    ],
    "15": [
        5893.815809461806,
        3653.182517981151
    ],
    "16": [
        3511.3326623455373,
        6434.592609081393
    ],
    "17": [
        4524.247381943923,
        1153.3294796356215
    ],
    "18": [
        21350.757476478495,
        21625.703040994624
    ],
    "19": [
        6812.4344272613525,
        6566.496561050415
    ],
    "20": [
        18054.914645980738,
        13609.027362175708
    ],
    "21": [
        13574.62540728673,
        10439.482752795468
    ],
    "22": [
        7722.461094447544,
        21576.564348493303
    ],
    "23": [
        2096.552495956421,
        21621.34157986111
    ],
    "24": [
        671.7448585581606,
        697.853991318213
    ],
    "25": [
        2527.553196732716,
        769.8329019706737
    ],
    "26": [
        8672.15522624303,
        9819.762960327602
    ],
    "27": [
        18182.171242559525,
        7330.389306640625
    ],
    "28": [
        12425.708446716995,
        25027.11611218399
    ],
    "29": [
        12316.466255580357,
        1625.3930630370548
    ],
    "30": [
        2691.2520469938004,
        26097.157338169643
    ],
    "31": [
        9513.536465259309,
        968.8099132837858
    ],
    "32": [
        22472.688602570564,
        1694.9653427998226
    ],
    "33": [
        10823.575576573203,
        14241.618016909246
    ],
    "34": [
        26460.640242429123,
        3467.4905486057714
    ],
    "35": [
        1267.9375006728524,
        9401.062716285654
    ],
    "36": [
        1628.9390418125145,
        18016.286868460902
    ],
    "37": [
        22688.425938070257,
        8145.4474830349
    ],
    "38": [
        4478.248356841937,
        9450.203589950404
    ],
    "39": [
        14542.763940972221,
        5254.3404329427085
    ]
}