{
    "0": [
        2479.6327853732637,
        1140.0198432074653
    ],
    "1": [
        24351.060752467107,
        7685.9685701069075
    ],
    "2": [
        3187.2979847301135,
        19821.247159090908
    ],
    "3": [
        6275.281901041667,
        3961.125732421875
    ],
    "4": [
        6314.893798828125,
        6883.1505126953125
    ],
    "5": [
        1281.8883590698242,
        481.4127814769745
    ],
    "6": [
        19797.893391927082,
        6366.5664469401045
    ],
    "7": [
        3859.710205078125,
        1046.3607604980468
    ],
    "8": [
        4486.9775797526045,
        10044.879231770834
    ],
    "9": [
        15473.541748046875,
        7545.9263916015625
    ],
    "10": [
        9001.316176470587,
        806.4253568088307
    ],
    "11": [
        7850.253515625,
        358.49247957865396
    ],
    "12": [
        4953.029405381944,
        6692.517469618056
    ],
    "13": [
        7086.103365384615,
        15461.948843149039
    ],
    "14": [
        336.4106953938802,
        4590.682291666667
    ],
    "15": [
        443.92052459716797,
        14257.85634765625
    ],
    "16": [
        638.1496839523315,
        18395.3955078125
    ],
    "17": [
        10220.283081054688,
        11139.573974609375
    ],
    "18": [
        2467.404983520508,
        3202.4889526367188
    ],
    "19": [
        1980.394496372768,
        13402.268973214286
    ],
    "20": [
        9856.4111328125,
        19242.388671875
    ],
    "21": [
        9364.82407924107,
        5828.249232700893
    ],
    "22": [
        372.783700125558,
        6378.483328683035
    ],
    "23": [
        4303.52783203125,
        21965.51611328125
    ],
    "24": [
        2431.3789672851563,
        7447.114955357143
    ],
    "25": [
        1410.735107421875,
        1163.6277669270833
    ],
    "26": [
        332.24235916137695,
        1258.2469299316406
    ],
    "27": [
        721.7536961482122,
        8162.1281174879805
    ],
    "28": [
        11731.780029296875,
        4913.675130208333
    ],
    "29": [
        11813.432842548076,
        2400.000544621394
    ],
    "30": [
        599.2639038085938,
        3763.410498046875
    ],
    "31": [
        6652.772391183035,
        9468.55454799107
    ],
    "32": [
        3273.411328125,
        3823.447900390625
    ],
    "33": [
        4512.187218299279,
        16968.016150841348
    ],
    "34": [
        4824.398895263672,
        788.5865013599396
    ],
    "35": [
        3184.7051866319443,
        8682.317925347223
    ],
    "36": [
        16766.02801983173,
        3656.912823016827
    ],
    "37": [
        13314.028198242188,
        9356.457885742188
    ],
    "38": [
        14267.535615808823,
        2063.0030517578125
    ],
    "39": [
        9093.99072265625,
        21948.577895220587
    ],
    "40": [
        4713.699381510417,
        1972.3496500651042
    ],
    "41": [
        3380.83935546875,
        26414.54736328125
    ],
    "42": [
        2043.1254638671876,
        171.01760215759276
    ],
    "43": [
        13660.87827845982,
        12346.72279575893
    ],
    "44": [
        17772.45583767361,
        17829.1513671875
    ],
    "45": [
        22098.05859375,
        239.5867156982422
    ],
    "46": [
        20644.684151785714,
        3463.241385323661
    ],
    "47": [
        25070.430575284092,
        1345.4546869451349
    ],
    "48": [
        983.1749725341797,
        5194.0731201171875
    ],
    "49": [
        5282.136935763889,
        5251.929578993056
    ],
    "50": [
        6806.066476004465,
        5140.048270089285
    ],
    "51": [
        10963.846110026041,
        390.43517033259076
    ],
    "52": [
        1101.644079208374,
        16827.442504882813
    ],
    "53": [
        6749.6142578125,
        18697.284993489582
    ],
    "54": [
        581.805884881453,
        10139.68368252841
    ],
    "55": [
        306.53232777118683,
        2241.9183044433594
    ],
    "56": [
        10221.185772235576,
        15225.021259014424
    ],
    "57": [
        2503.0431213378906,
        11300.177001953125
    ],
    "58": [
        7221.720947265625,
        25498.505859375
    ],
    "59": [
        1052.5538696289063,
        1764.3595703125
    ],
    "60": [
        4489.245884486607,
        8367.680594308036
    ],
    "61": [
        3509.0759521484374,
        2672.548828125
    ],
    "62": [
        4092.6483265269885,
        4560.788907137784
    ],
    "63": [
        17868.608258928572,
        8069.190499441965
    ],
    "64": [
        16379.892372532895,
        1104.6804752349854
    ],
    "65": [
        2084.3849609375,
        9485.89375
    ],
    "66": [
        3582.1986328125,
        10815.6162109375
    ],
    "67": [
        1690.3301879882813,
        6549.117626953125
    ],
    "68": [
        19140.726725260418,
        11905.782307942709
    ],
    "69": [
        2271.772607421875,
        23502.15234375
    ],
    "70": [
        6064.293178013393,
        2335.166085379464
    ],
    "71": [
        9461.25537109375,
        2425.579511369978
    ],
    "72": [
        268.1480451311384,
        5222.835588727678
    ],
    "73": [
        2316.087512207031,
        4856.937890625
    ],
    "74": [
        8314.680084228516,
        12658.324645996094
    ],
    "75": [
        8568.8427734375,
        3780.2719948508525
    ],
    "76": [
        6671.907409667969,
        11058.62939453125
    ],
    "77": [
        1577.1503173828125,
        2491.25810546875
    ],
    "78": [
        246.32840251922607,
        136.13934898376465
    ],
    "79": [
        24983.811257102272,
        18171.080788352272
    ],
    "80": [
        4686.42138671875,
        3352.8109537760415
    ],
    "81": [
        3283.0638122558594,
        367.0326910018921
    ],
    "82": [
        7340.470886230469,
        1309.7217178344727
    ],
    "83": [
        12782.73193359375,
        598.5725708007813
    ],
    "84": [
        262.72131029764813,
        3127.268798828125
    ],
    "85": [
        3572.855517578125,
        14250.366796875
    ],
    "86": [
        992.5653618706597,
        12168.480794270834
    ],
    "87": [
        3411.6500069754466,
        5951.81818498884
    ],
    "88": [
        14081.46328125,
        16591.59482421875
    ],
    "89": [
        1625.9618489583333,
        3708.7822102864584
    ],
    "90": [
        13746.455403645834,
        5460.778537326389
    ],
    "91": [
        835.9256544113159,
        20152.798828125
    ],
    "92": [
        14818.25146484375,
        24760.048095703125
    ],
    "93": [
        4770.458914620535,
        13268.005859375
    ],
    "94": [
        400.57497950962613,
        521.3947165352957
    ],
    "95": [
        9087.614225260417,
        8601.55927734375
    ],
    "96": [
        11052.6994140625,
        7047.10107421875
    ],
    "97": [
        821.5291175842285,
        25195.82666015625
    ],
    "98": [
        6094.473470052083,
        570.8243235270182
    ],
    "99": [
        19228.609375,
        729.7862098400409
    ]
}