{
    "0": [
        2150.929453531901,
        3910.805406358507
    ],
    "1": [
        19691.72216796875,
        13158.828206380209
    ],
    "2": [
        10929.545433407739,
        907.1487498510452
    ],
    "3": [
        8556.681204659599,
        643.416999067579
    ],
    "4": [
        9201.526276765046,
        21574.71383101852
    ],
    "5": [
        15077.605251736111,
        24369.514973958332
    ],
    "6": [
        408.7302394321987,
        625.2647957938058
    ],
    "7": [
        7226.515353732639,
        12306.323676215277
    ],
    "8": [
        1906.209459577288,
        675.7517281259809
    ],
    "9": [
        15678.012580422794,
        3911.486687155331
    ],
    "10": [
        704.2196932680466,
        2533.0528133616726
    ],
    "11": [
        7250.087790096507,
        17022.22785500919
    ],
    "12": [
        19996.182756696428,
        1222.5737280164446
    ],
    "13": [
        14309.627522786459,
        10544.179728190104
    ],
    "14": [
        3927.9603389616937,
        9390.667984501008
    ],
    "15": [
        9046.617919921875,
        3289.6673787434897
    ],
    "16": [
        5198.810581752232,
        903.0162158693586
    ],
    "17": [
        1925.1743141174315,
        13094.94970703125
    ],
    "18": [
        10747.37156394676,
        13158.01414207176
    ],
    "19": [
        3561.0295991443454,
        798.8740986415318
    ],
    "20": [
        1026.1507707103606,
        9336.910376764114
    ],
    "21": [
        7074.087289663462,
        950.1431788664597
    ],
    "22": [
        11581.990436422413,
        5545.752896012931
    ],
    "23": [
        24617.78097098214,
        1355.2734429495674
    ],
    "24": [
        2925.7556592155906,
        24789.292394301472
    ],
    "25": [
        24983.811257102272,
        18171.080788352272
    ],
    "26": [
        13047.293137122844,
        1652.1594585550242
    ],
    "27": [
        2416.7507553100586,
        6940.972961425781
    ],
    "28": [
        6290.0491588961695,
        6421.447690902218
    ],
    "29": [
        16443.869779146633,
        1291.028858404893
    ],
    "30": [
        594.1695872715542,
        5588.309186662947
    ],
    "31": [
        14754.87321920956,
        17374.758559283087
    ],
    "32": [
        6386.33349609375,
        3387.882633463542
    ],
    "33": [
        4122.201547475962,
        2665.361811711238
    ],
    "34": [
        18975.721726190477,
        6737.245419456845
    ],
    "35": [
        8848.693974247684,
        8971.61253978588
    ],
    "36": [
        3749.3290252685547,
        20104.5380859375
    ],
    "37": [
        24351.060752467107,
        7685.9685701069075
    ],
    "38": [
        1128.5876267242431,
        17796.4614453125
    ],
    "39": [
        4303.844421386719,
        4962.911359514509
    ]
}