{
    "0": [
        5586.550048828125,
        10152.668497721354
    ],
    "1": [
        2614.0708587646486,
        2403.3248596191406
    ],
    "2": [
        7330.633984375,
        25484.691015625
    ],
    "3": [
        15078.667209201389,
        820.9672230614556
    ],
    "4": [
        18198.384033203125,
        11207.340698242188
    ],
    "5": [
        7209.401123046875,
        763.5142117909023
    ],
    "6": [
        17693.659231085527,
        566.2655908684982
    ],
    "7": [
        15908.150756835938,
        14220.42626953125
    ],
    "8": [
        1856.5904426574707,
        26712.620279947918
    ],
    "9": [
        17426.5033203125,
        3331.9768880208335
    ],
    "10": [
        23179.56103515625,
        7963.195251464844
    ],
    "11": [
        19032.425347222223,
        19118.176866319445
    ],
    "12": [
        3871.9504597981772,
        19770.078938802082
    ],
    "13": [
        16485.28759765625,
        21582.5791015625
    ],
    "14": [
        1375.9627893992833,
        23661.618582589286
    ],
    "15": [
        2740.0790983501233,
        4315.471917403372
    ],
    "16": [
        971.8706377029418,
        6958.026379394531
    ],
    "17": [
        10516.807861328125,
        26838.73583984375
    ],
    "18": [
        6019.5299699113175,
        7505.202768686655
    ],
    "19": [
        7875.036177201705,
        5511.100452769886
    ],
    "20": [
        27395.957741477272,
        2055.4850222847676
    ],
    "21": [
        17630.929547991072,
        26438.295758928572
    ],
    "22": [
        12371.841947115385,
        11179.802584134615
    ],
    "23": [
        21198.60518973214,
        11140.75390625
    ],
    "24": [
        9175.2978515625,
        950.9790008068085
    ],
    "25": [
        8967.132307942707,
        3280.540779622396
    ],
    "26": [
        27087.65625,
        8115.4921875
    ],
    "27": [
        3269.0993290653937,
        11338.037037037036
    ],
    "28": [
        730.0810197254397,
        3573.4604307930426
    ],
    "29": [
        871.3558541757089,
        10450.87572337963
    ],
    "30": [
        27357.8798828125,
        16605.748046875
    ],
    "31": [
        12008.349975585938,
        19180.391845703125
    ],
    "32": [
        13988.080078125,
        23649.17801339286
    ],
    "33": [
        4104.149569424716,
        635.9408422816883
    ],
    "34": [
        16633.88299005682,
        6305.375133167614
    ],
    "35": [
        11055.5359375,
        1073.3564287376403
    ],
    "36": [
        905.4413804213206,
        20512.195475260418
    ],
    "37": [
        8323.160753038195,
        11052.652018229166
    ],
    "38": [
        20645.708333333332,
        4346.554248046875
    ],
    "39": [
        3752.7639604048295,
        14231.203435724432
    ],
    "40": [
        478.5094740516261,
        513.210739429844
    ],
    "41": [
        5670.4560546875,
        1327.5744171142578
    ],
    "42": [
        6280.015984786184,
        12854.582699424342
    ],
    "43": [
        18759.893663194445,
        7583.414876302083
    ],
    "44": [
        23995.3541015625,
        4480.855932617187
    ],
    "45": [
        1321.2085491299629,
        14791.9583984375
    ],
    "46": [
        13665.005729166667,
        5932.017236328125
    ],
    "47": [
        10240.248616536459,
        5442.8293050130205
    ],
    "48": [
        3123.2844970703127,
        8774.210864257813
    ],
    "49": [
        12128.74032315341,
        3497.5934614701705
    ],
    "50": [
        14959.290958180147,
        3157.9666389016543
    ],
    "51": [
        3407.059019027218,
        6919.226956275202
    ],
    "52": [
        970.707893371582,
        5293.881796347128
    ],
    "53": [
        6829.177482836174,
        2994.8202200224905
    ],
    "54": [
        21794.404296875,
        22552.7421875
    ],
    "55": [
        1038.5084981565121,
        12775.105360243055
    ],
    "56": [
        9222.197791466346,
        17515.496619591348
    ],
    "57": [
        22990.424665178572,
        16853.74051339286
    ],
    "58": [
        12711.7740234375,
        14364.5361328125
    ],
    "59": [
        2019.4885344328704,
        615.3182540911215
    ],
    "60": [
        792.3887127922928,
        8887.646123471468
    ],
    "61": [
        4544.607241030092,
        2628.031720196759
    ],
    "62": [
        709.580187018101,
        1984.9855276254507
    ],
    "63": [
        12692.471842447916,
        898.9142656326294
    ],
    "64": [
        3856.8175659179688,
        17094.647216796875
    ],
    "65": [
        26450.16748046875,
        12235.040283203125
    ],
    "66": [
        15521.330078125,
        17220.06201171875
    ],
    "67": [
        20107.286190257353,
        1148.8526063806871
    ],
    "68": [
        23756.831770833334,
        1182.8454559326171
    ],
    "69": [
        11466.203871783087,
        8900.237247242647
    ],
    "70": [
        8679.99015727796,
        8272.899028577303
    ],
    "71": [
        1040.295502055775,
        17684.827503551136
    ],
    "72": [
        9774.19198069853,
        14462.072150735294
    ],
    "73": [
        19636.807198660714,
        14998.789341517857
    ],
    "74": [
        8545.560997596154,
        22464.209435096152
    ],
    "75": [
        7061.308565027573,
        15545.035041360294
    ],
    "76": [
        4672.919359290082,
        4845.43943189538
    ],
    "77": [
        15085.539245605469,
        9352.8779296875
    ],
    "78": [
        5182.149830537684,
        22413.073299632353
    ],
    "79": [
        6921.8814453125,
        18676.1755859375
    ]
}