{
    "0": [
        2887.584065273669,
        12174.800928601146
    ],
    "1": [
        2081.6856554444485,
        718.8840240240097
    ],
    "2": [
        3192.527293584118,
        9727.39490047089
    ],
    "3": [
        21871.424574366156,
        4715.072976166347
    ],
    "4": [
        830.4772042040294,
        11104.120980357671
    ],
    "5": [
        21362.411935579978,
        1199.0252166834928
    ],
    "6": [
        3864.9387457669914,
        18173.81966640922
    ],
    "7": [
        1492.360320257644,
        27290.656656901043
    ],
    "8": [
        4349.561787810773,
        4653.203047441514
    ],
    "9": [
        16737.524793093606,
        6216.568662599886
    ],
    "10": [
        2549.93249018173,
        7670.5186191774765
    ],
    "11": [
        27274.92801339286,
        1552.5838620426891
    ],
    "12": [
        7294.94998828125,
        13885.175515625
    ],
    "13": [
        17123.365988725673,
        13781.127075926272
    ],
    "14": [
        15120.653128150201,
        3636.602368951613
    ],
    "15": [
        11906.916844418174,
        18340.43660053454
    ],
    "16": [
        9156.389533183295,
        811.223935425584
    ],
    "17": [
        4215.636449244115,
        2634.7085103617087
    ],
    "18": [
        12404.764462425595,
        26352.052873883928
    ],
    "19": [
        20038.300142728367,
        19318.602670522836
    ],
    "20": [
        13800.275983697204,
        11118.094057684075
    ],
    "21": [
        18336.693682553956,
        3637.966342843694
    ],
    "22": [
        14015.57669295126,
        7318.771451579991
    ],
    "23": [
        11393.293911753652,
        6257.683224602663
    ],
    "24": [
        26083.12990743172,
        6028.621167607668
    ],
    "25": [
        2395.365597759046,
        5011.842913754112
    ],
    "26": [
        16767.161394457547,
        1170.0333241156811
    ],
    "27": [
        7647.0623815412355,
        19608.092860114644
    ],
    "28": [
        12795.985625685307,
        4155.511343544408
    ],
    "29": [
        9680.752270143423,
        22383.33688491138
    ],
    "30": [
        4143.579639698292,
        14791.71335984422
    ],
    "31": [
        4130.7848113421915,
        6738.8322990607685
    ],
    "32": [
        11076.283718837782,
        801.046148988638
    ],
    "33": [
        10462.221160548328,
        12300.778516351069
    ],
    "34": [
        14710.905651255123,
        860.3188707812888
    ],
    "35": [
        13282.89687045785,
        14501.89882358285
    ],
    "36": [
        18390.830896326013,
        24294.36452174831
    ],
    "37": [
        694.5677164949477,
        3707.249016571045
    ],
    "38": [
        1167.8551877145742,
        16081.92384366711
    ],
    "39": [
        6413.514907836914,
        6589.153775024414
    ],
    "40": [
        6059.795018295095,
        2491.373631576345
    ],
    "41": [
        6627.848532196969,
        4558.792982806582
    ],
    "42": [
        8191.630969503652,
        2763.2671704499617
    ],
    "43": [
        1153.7032250050574,
        21259.45470797631
    ],
    "44": [
        16226.110470998201,
        17374.363618480216
    ],
    "45": [
        720.1829921972698,
        7152.000188905189
    ],
    "46": [
        7199.628974630744,
        761.536819661994
    ],
    "47": [
        934.6502215253694,
        13583.179320148218
    ],
    "48": [
        10596.509704589844,
        3077.3643074035645
    ],
    "49": [
        19931.8828125,
        11178.185473632813
    ],
    "50": [
        24238.283131917316,
        1632.0131503952823
    ],
    "51": [
        784.599386163919,
        9019.935485695552
    ],
    "52": [
        6521.025137183779,
        17000.884812127977
    ],
    "53": [
        688.5317970310351,
        5457.3055819322435
    ],
    "54": [
        9072.00064763052,
        4957.63182570406
    ],
    "55": [
        685.4504723570145,
        2050.2687764396833
    ],
    "56": [
        2419.8173727131575,
        2716.8818464759443
    ],
    "57": [
        21969.5045703125,
        14797.610852864584
    ],
    "58": [
        4715.1313069661455,
        21962.303296638256
    ],
    "59": [
        3521.612585308908,
        828.6492994587214
    ],
    "60": [
        14323.6444235409,
        21649.757410386028
    ],
    "61": [
        6514.539730355759,
        25677.70793517562
    ],
    "62": [
        16654.69953469669,
        9607.070751953124
    ],
    "63": [
        8175.267783799739,
        10407.913277481914
    ],
    "64": [
        5287.273913009306,
        715.3351112313914
    ],
    "65": [
        26337.59478997565,
        11724.187170251624
    ],
    "66": [
        9646.053372177781,
        15676.076424192584
    ],
    "67": [
        1777.60602533299,
        24228.565854279892
    ],
    "68": [
        5763.87081819947,
        9059.23765733507
    ],
    "69": [
        25600.52641091418,
        17858.89394822761
    ],
    "70": [
        5391.7077836017215,
        11801.256643282313
    ],
    "71": [
        12938.705787295386,
        1231.6028329375245
    ],
    "72": [
        23152.214309561965,
        8992.581785022703
    ],
    "73": [
        18883.52405569094,
        889.0689396597103
    ],
    "74": [
        24149.029456313776,
        24179.071109693876
    ],
    "75": [
        583.0893100595221,
        549.9835202925383
    ],
    "76": [
        11182.847173414266,
        9182.918544159504
    ],
    "77": [
        8716.69789647012,
        7587.051328338845
    ],
    "78": [
        19685.456452546296,
        7421.101001880787
    ],
    "79": [
        929.8628817833832,
        18745.75421036981
    ]
}