{
    "0": [
        4905.476959228516,
        6696.607991536458
    ],
    "1": [
        18976.607572115383,
        11755.68817608173
    ],
    "2": [
        4733.4263916015625,
        11718.440234375
    ],
    "3": [
        718.1727341871995,
        5779.425762469952
    ],
    "4": [
        6813.8583984375,
        9974.5712890625
    ],
    "5": [
        24983.811257102272,
        18171.080788352272
    ],
    "6": [
        4812.186604817708,
        3846.6211751302085
    ],
    "7": [
        5099.269694010417,
        918.6760865847269
    ],
    "8": [
        3900.392971462674,
        906.7685576544868
    ],
    "9": [
        9284.85804578993,
        9007.317762586805
    ],
    "10": [
        775.3601949691772,
        3873.7921142578125
    ],
    "11": [
        356.96743406098466,
        557.5478436700229
    ],
    "12": [
        20085.947954963234,
        747.2333307827221
    ],
    "13": [
        3212.346835588154,
        20558.041015625
    ],
    "14": [
        17211.822620738636,
        856.532281182029
    ],
    "15": [
        11971.560329861111,
        1752.2950439453125
    ],
    "16": [
        16168.533447265625,
        5997.9996337890625
    ],
    "17": [
        21207.069227430555,
        5677.505425347223
    ],
    "18": [
        18768.815569196428,
        4930.14582170759
    ],
    "19": [
        16321.64439174107,
        16291.030064174107
    ],
    "20": [
        7550.101027715774,
        13411.56482514881
    ],
    "21": [
        1319.6009369883045,
        10782.382105334053
    ],
    "22": [
        1855.0837905883789,
        24138.996875
    ],
    "23": [
        6446.670209099265,
        5179.416834214155
    ],
    "24": [
        12165.664279513889,
        453.4392687479655
    ],
    "25": [
        13823.574544270834,
        10273.826443142361
    ],
    "26": [
        10234.673159950658,
        15795.278268914473
    ],
    "27": [
        12714.096875,
        26301.847265625
    ],
    "28": [
        6408.194580078125,
        1189.9938186645509
    ],
    "29": [
        8716.804837740385,
        4180.529803936298
    ],
    "30": [
        8058.81787109375,
        6717.95576171875
    ],
    "31": [
        10807.16908482143,
        12045.567568824405
    ],
    "32": [
        1542.578778584798,
        7898.971240234375
    ],
    "33": [
        1470.797707005551,
        606.3095423045911
    ],
    "34": [
        751.4838686695805,
        2057.4216218171296
    ],
    "35": [
        2518.475155101103,
        646.4297117345474
    ],
    "36": [
        8283.4921875,
        1860.3764537464488
    ],
    "37": [
        24466.15310329861,
        7715.294514973958
    ],
    "38": [
        4455.286900111607,
        25718.285993303572
    ],
    "39": [
        16717.527669270832,
        3142.6870930989585
    ],
    "40": [
        737.2687245686849,
        13895.6443359375
    ],
    "41": [
        9571.779134114584,
        2515.1527099609375
    ],
    "42": [
        2860.3435013382523,
        5439.520091869213
    ],
    "43": [
        3754.6770306755516,
        2566.788330078125
    ],
    "44": [
        24772.16075721154,
        1161.4467268723708
    ],
    "45": [
        15338.566243489584,
        1139.9851144154866
    ],
    "46": [
        9270.139421735492,
        21168.561104910714
    ],
    "47": [
        3603.894482421875,
        9147.92041015625
    ],
    "48": [
        2295.7743152436756,
        3473.857886904762
    ],
    "49": [
        14235.198974609375,
        2451.3416137695313
    ],
    "50": [
        15411.005750868055,
        21439.913194444445
    ],
    "51": [
        9341.917154947916,
        553.6408356560601
    ],
    "52": [
        11801.1453125,
        3187.9244384765625
    ],
    "53": [
        18808.091796875,
        7812.324846540178
    ],
    "54": [
        7705.863118489583,
        521.8289439791724
    ],
    "55": [
        6030.211064091435,
        17711.855034722223
    ],
    "56": [
        1112.3329277038574,
        17840.570712002842
    ],
    "57": [
        10799.76708984375,
        6017.230364118303
    ],
    "58": [
        12936.85205078125,
        5291.785888671875
    ],
    "59": [
        3288.344050480769,
        13947.165790264424
    ]
}