{
    "0": [
        2929.097891119462,
        430.75606700589384
    ],
    "1": [
        11347.1515436747,
        20441.494564194276
    ],
    "2": [
        13391.408703315548,
        16016.374976181403
    ],
    "3": [
        19924.64697265625,
        4081.6216696034307
    ],
    "4": [
        4399.5467333714605,
        552.9977009724516
    ],
    "5": [
        9955.184387207031,
        2485.247663497925
    ],
    "6": [
        5968.893927680121,
        6140.221761067708
    ],
    "7": [
        458.5083218994173,
        3323.690835488809
    ],
    "8": [
        12626.751099658613,
        6172.86279296875
    ],
    "9": [
        22011.51696977459,
        18064.190365650615
    ],
    "10": [
        7496.565740804756,
        13649.034283393252
    ],
    "11": [
        26390.80386513158,
        5833.639558490954
    ],
    "12": [
        7160.358647772607,
        4282.323910544104
    ],
    "13": [
        1572.940424065841,
        1979.9411484567743
    ],
    "14": [
        15274.1142578125,
        9710.760198888644
    ],
    "15": [
        463.1355606647913,
        564.8617952432526
    ],
    "16": [
        3446.9479495777805,
        3282.4778101304
    ],
    "17": [
        10335.424016872374,
        12091.096663274684
    ],
    "18": [
        4524.709864450786,
        1988.4772247497192
    ],
    "19": [
        2675.2213592529297,
        12279.359279087612
    ],
    "20": [
        6180.620390050552,
        2430.193909588982
    ],
    "21": [
        9775.839315878378,
        15740.217166385135
    ],
    "22": [
        26034.67919921875,
        1247.6422302372316
    ],
    "23": [
        2578.4406224744075,
        9877.596248653017
    ],
    "24": [
        22801.341020331325,
        6334.867775790663
    ],
    "25": [
        15926.042938794095,
        1113.4445541475447
    ],
    "26": [
        12451.140433517157,
        9378.331394569546
    ],
    "27": [
        13676.226716984464,
        1187.9487334132868
    ],
    "28": [
        1691.2009157170903,
        538.6006577990834
    ],
    "29": [
        813.3050503244825,
        11611.655578224523
    ],
    "30": [
        15740.771037164135,
        6633.92023218458
    ],
    "31": [
        9284.291599079714,
        9366.04200460143
    ],
    "32": [
        918.4576853259665,
        16340.042728611681
    ],
    "33": [
        4808.189150557559,
        12700.87762920673
    ],
    "34": [
        2897.8104749576064,
        1657.1936820569888
    ],
    "35": [
        7702.971164772727,
        653.8747046788534
    ],
    "36": [
        2074.516491946052,
        26432.123046875
    ],
    "37": [
        3418.3903974609375,
        15130.1384609375
    ],
    "38": [
        9425.480435979447,
        4595.552309996329
    ],
    "39": [
        8144.933156419837,
        7195.169807235055
    ],
    "40": [
        14078.362191133721,
        12752.394394985466
    ],
    "41": [
        1548.649390979182,
        18748.660830543155
    ],
    "42": [
        18004.942336856617,
        14905.731341911765
    ],
    "43": [
        2397.4424807899877,
        5417.357405813117
    ],
    "44": [
        9627.033001443615,
        632.3645030143468
    ],
    "45": [
        789.6415166008857,
        9458.263917590726
    ],
    "46": [
        5992.019334059495,
        17046.1433199369
    ],
    "47": [
        732.1427364163585,
        7904.809037642045
    ],
    "48": [
        22296.24296278626,
        1325.1901283755558
    ],
    "49": [
        18670.114330888606,
        915.3737511505075
    ],
    "50": [
        644.8507979080595,
        4798.083674288344
    ],
    "51": [
        10245.749379475912,
        6847.936854044597
    ],
    "52": [
        16556.111762152777,
        20057.757137345678
    ],
    "53": [
        875.4754565323101,
        13901.17453661152
    ],
    "54": [
        6205.259971469056,
        8682.58153818168
    ],
    "55": [
        22263.803622159092,
        23833.896439985794
    ],
    "56": [
        1323.8393222211882,
        22360.913451216602
    ],
    "57": [
        18928.337105129078,
        7255.682808254076
    ],
    "58": [
        3817.179217714252,
        5173.598603219697
    ],
    "59": [
        1935.5933829859684,
        3549.670713725843
    ],
    "60": [
        4311.294127847546,
        20746.677515332944
    ],
    "61": [
        22533.176694808466,
        10935.966970136089
    ],
    "62": [
        18483.90447048611,
        10810.543120659722
    ],
    "63": [
        4453.365650981938,
        7298.180274333429
    ],
    "64": [
        6798.715341512439,
        10873.185954566141
    ],
    "65": [
        2528.031109816028,
        7499.269654107863
    ],
    "66": [
        6021.302562816723,
        641.3525969479535
    ],
    "67": [
        5212.482598407452,
        3903.1007211538463
    ],
    "68": [
        8222.426385454137,
        2335.4510779072057
    ],
    "69": [
        7130.474049886067,
        24659.091430664063
    ],
    "70": [
        454.4953547580375,
        1986.6147610134549
    ],
    "71": [
        16897.785184972425,
        3654.6396651922487
    ],
    "72": [
        11850.407330622438,
        3540.912983878714
    ],
    "73": [
        13384.330352247807,
        25235.035635964912
    ],
    "74": [
        11766.96541922433,
        957.9244976696514
    ],
    "75": [
        14235.154691083715,
        3866.6671332963015
    ],
    "76": [
        25540.90341796875,
        14817.199886067709
    ],
    "77": [
        4211.300384990986,
        9711.173099459134
    ],
    "78": [
        657.6643577070979,
        6256.299500304383
    ],
    "79": [
        7940.787677471454,
        19822.30528846154
    ]
}