{
    "0": [
        9020.29836415651,
        13038.869606619553
    ],
    "1": [
        6686.6441135879395,
        14897.795640173037
    ],
    "2": [
        1964.537284342448,
        717.7364014790172
    ],
    "3": [
        27356.170985243054,
        1724.6700384245978
    ],
    "4": [
        831.1049485998029,
        11021.682167180077
    ],
    "5": [
        831.5899072045186,
        8951.240437920815
    ],
    "6": [
        1579.5566600293153,
        26890.018002059107
    ],
    "7": [
        1331.8811363820053,
        20333.98737715327
    ],
    "8": [
        9549.323258513014,
        5332.955215407722
    ],
    "9": [
        24257.091865007267,
        1221.9419844927656
    ],
    "10": [
        26237.524165134804,
        6604.549998563879
    ],
    "11": [
        23992.73142538265,
        24212.686144770407
    ],
    "12": [
        7477.199875242973,
        18355.52643727572
    ],
    "13": [
        5501.26200727983,
        11864.16948432427
    ],
    "14": [
        14402.880764590993,
        802.1416324552367
    ],
    "15": [
        733.0129884775863,
        3740.3501506024095
    ],
    "16": [
        1171.5949031755958,
        15685.396514634684
    ],
    "17": [
        2936.4940475652247,
        12108.69098427855
    ],
    "18": [
        12112.858682383661,
        887.3096178290637
    ],
    "19": [
        4591.754680063533,
        4581.679365486934
    ],
    "20": [
        16272.30735001474,
        19272.22250884434
    ],
    "21": [
        20245.48359375,
        19130.18810546875
    ],
    "22": [
        6706.958534458706,
        769.2225890994072
    ],
    "23": [
        10152.491238201936,
        1005.3075702105682
    ],
    "24": [
        11095.360205853174,
        3374.9010207403276
    ],
    "25": [
        16632.332010762675,
        1177.4745598572952
    ],
    "26": [
        2731.121359548261,
        7428.142956149193
    ],
    "27": [
        7820.427258432987,
        7391.239987590253
    ],
    "28": [
        7969.402152683424,
        26186.415208899456
    ],
    "29": [
        917.355721589397,
        18029.632898667278
    ],
    "30": [
        749.2001072321601,
        5481.9936277694205
    ],
    "31": [
        8490.993150601113,
        3118.060321396754
    ],
    "32": [
        12485.903660824424,
        5751.050260844983
    ],
    "33": [
        4434.475879566089,
        24105.662650443413
    ],
    "34": [
        3394.097389025566,
        816.1593338113564
    ],
    "35": [
        9741.848282877605,
        15828.816531032986
    ],
    "36": [
        18909.33894127155,
        11417.578724407327
    ],
    "37": [
        23252.239829458842,
        4280.371574587938
    ],
    "38": [
        13189.05719521605,
        25876.206259645063
    ],
    "39": [
        3159.7477347332497,
        9694.789776345959
    ],
    "40": [
        4155.892190320397,
        17645.06912088222
    ],
    "41": [
        2613.904067869109,
        4988.327369751969
    ],
    "42": [
        13669.327307807074,
        3071.2251642015244
    ],
    "43": [
        6787.591526021787,
        5158.336439448155
    ],
    "44": [
        6274.15669884761,
        2677.209227645765
    ],
    "45": [
        2409.2437299848675,
        2677.2608215881896
    ],
    "46": [
        18053.06103734585,
        7908.722259932035
    ],
    "47": [
        4772.007489604334,
        6743.357256489416
    ],
    "48": [
        547.5406768182913,
        552.6956306596597
    ],
    "49": [
        22331.638700597425,
        9351.230005600873
    ],
    "50": [
        4229.848187308026,
        2655.0273862659424
    ],
    "51": [
        9115.692344008692,
        21851.50433309189
    ],
    "52": [
        13126.786232972756,
        21445.967381143164
    ],
    "53": [
        18830.572619131788,
        883.2350797309325
    ],
    "54": [
        14906.796151080534,
        11287.319428249379
    ],
    "55": [
        5044.87702844498,
        21013.01577044548
    ],
    "56": [
        665.2550749279108,
        2069.2379359550982
    ],
    "57": [
        8368.668201322866,
        841.9187594797843
    ],
    "58": [
        26233.150649472893,
        11588.538956607681
    ],
    "59": [
        21290.00832690329,
        1311.291165634438
    ],
    "60": [
        16904.941863029235,
        15020.996671286963
    ],
    "61": [
        1148.5418588361592,
        23139.132255909975
    ],
    "62": [
        15750.5906714684,
        4004.628306335676
    ],
    "63": [
        18176.429205399527,
        24132.017677017404
    ],
    "64": [
        4011.632420419857,
        14650.201618118792
    ],
    "65": [
        13453.667270574095,
        8669.23679873091
    ],
    "66": [
        22026.201393229167,
        14693.407389322916
    ],
    "67": [
        15423.28460257394,
        6694.722623552595
    ],
    "68": [
        12192.975553385417,
        17915.96616536458
    ],
    "69": [
        13064.694273270388,
        14173.487701579212
    ],
    "70": [
        927.4568296317103,
        13369.273762219058
    ],
    "71": [
        18400.934967621197,
        3699.9761689044676
    ],
    "72": [
        710.2457146314981,
        7170.039576657906
    ],
    "73": [
        8150.444713961693,
        10211.07564264113
    ],
    "74": [
        20666.57192095588,
        5895.4114383146725
    ],
    "75": [
        11251.479018930288,
        11124.299560546875
    ],
    "76": [
        25712.719401041668,
        17956.082253196022
    ],
    "77": [
        5651.140801364272,
        9051.065270813899
    ],
    "78": [
        5058.472155787097,
        789.4335844363096
    ],
    "79": [
        10488.007454784798,
        8104.5795665922615
    ]
}