{
    "0": [
        8905.759015823623,
        4571.448072530456
    ],
    "1": [
        7353.79451564101,
        18996.291235751793
    ],
    "2": [
        983.415253220955,
        9223.123206342576
    ],
    "3": [
        12125.7752141378,
        16007.835402155497
    ],
    "4": [
        8172.660329263042,
        9297.153087706078
    ],
    "5": [
        12116.689180261948,
        4317.111645268459
    ],
    "6": [
        24428.45396484375,
        15390.776279296875
    ],
    "7": [
        22423.094197363826,
        1704.9443649006955
    ],
    "8": [
        26428.614135742188,
        3138.410621176163
    ],
    "9": [
        18613.02619628906,
        1846.3435317575932
    ],
    "10": [
        9548.795200376157,
        24531.20256076389
    ],
    "11": [
        6998.539945002656,
        1002.2558447456901
    ],
    "12": [
        2498.9926426136863,
        697.4945455071639
    ],
    "13": [
        2395.338242398368,
        25827.907728407117
    ],
    "14": [
        4613.627212410825,
        1057.5741534159142
    ],
    "15": [
        3214.6620450583837,
        5065.264261662746
    ],
    "16": [
        18095.173100368233,
        13911.916923765924
    ],
    "17": [
        693.5489371728803,
        920.4404066725383
    ],
    "18": [
        2137.9113812669793,
        21242.379604388298
    ],
    "19": [
        13469.035794005102,
        11209.680106026786
    ],
    "20": [
        2882.3408355119163,
        7548.373863843628
    ],
    "21": [
        4239.813586956522,
        14376.76436820652
    ],
    "22": [
        4109.648743669839,
        10416.053882710708
    ],
    "23": [
        15573.66507188813,
        20746.245946034665
    ],
    "24": [
        18578.437442555147,
        7578.786609126072
    ],
    "25": [
        9532.207541035865,
        1310.8806504184101
    ],
    "26": [
        2891.560630852449,
        2855.3650772419383
    ],
    "27": [
        5932.69630859375,
        6786.874721235796
    ],
    "28": [
        21793.62109375,
        22325.032280815973
    ],
    "29": [
        759.8438022720317,
        3234.9676500956216
    ],
    "30": [
        752.9629742552694,
        5903.685241874105
    ],
    "31": [
        15521.106621924868,
        1721.04383020029
    ],
    "32": [
        8357.764802307642,
        13329.12464302127
    ],
    "33": [
        1427.4409924884487,
        17192.48071472627
    ],
    "34": [
        11162.495333002416,
        7854.327941557321
    ],
    "35": [
        5826.1024266191835,
        3570.7066654241426
    ],
    "36": [
        14949.059824842088,
        6104.532309674202
    ],
    "37": [
        12512.184826460041,
        1141.7542092135695
    ],
    "38": [
        1123.8040325063014,
        12836.031161481176
    ],
    "39": [
        23137.59456758721,
        8212.471058926842
    ]
}