{
    "0": [
        9697.9912109375,
        14230.362915039063
    ],
    "1": [
        8720.247680664063,
        15950.144653320313
    ],
    "2": [
        1317.0780232747395,
        4530.989501953125
    ],
    "3": [
        12002.925223214286,
        4915.7255859375
    ],
    "4": [
        1296.0724365234375,
        1746.0712646484376
    ],
    "5": [
        5320.66650390625,
        16956.982421875
    ],
    "6": [
        8627.36070033482,
        273.72680950164795
    ],
    "7": [
        3747.3900451660156,
        459.6581869125366
    ],
    "8": [
        10317.516276041666,
        1100.610394583808
    ],
    "9": [
        13594.907421875,
        9091.67294921875
    ],
    "10": [
        291.57790120442706,
        4954.608235677083
    ],
    "11": [
        10433.82137784091,
        22610.645419034092
    ],
    "12": [
        9054.611772017046,
        1537.756269975142
    ],
    "13": [
        3155.000244140625,
        3292.240763346354
    ],
    "14": [
        912.6297073364258,
        7762.6719970703125
    ],
    "15": [
        749.125112261091,
        14065.74525669643
    ],
    "16": [
        7352.650390625,
        13279.761901855469
    ],
    "17": [
        11460.06943359375,
        444.0149238586426
    ],
    "18": [
        715.1103210449219,
        1805.5572160993304
    ],
    "19": [
        6831.28525390625,
        4061.1455322265624
    ],
    "20": [
        21495.23604910714,
        11168.067103794643
    ],
    "21": [
        8366.176060267857,
        20425.056640625
    ],
    "22": [
        5337.761881510417,
        6888.132552083333
    ],
    "23": [
        3185.3420061383927,
        10994.299874441964
    ],
    "24": [
        17089.258138020832,
        16889.985677083332
    ],
    "25": [
        4146.421705979567,
        4963.500863882212
    ],
    "26": [
        581.805884881453,
        10139.68368252841
    ],
    "27": [
        13226.461313100961,
        12067.503756009615
    ],
    "28": [
        1297.3875803629558,
        17236.137044270832
    ],
    "29": [
        14235.198974609375,
        2451.3416137695313
    ],
    "30": [
        25250.802176339286,
        9107.28404017857
    ],
    "31": [
        557.879030863444,
        8543.779622395834
    ],
    "32": [
        14052.723266601563,
        16854.661865234375
    ],
    "33": [
        4785.487955729167,
        526.5038778516981
    ],
    "34": [
        3776.0194498697915,
        1448.1636962890625
    ],
    "35": [
        428.0331916809082,
        553.5769844055176
    ],
    "36": [
        2871.939383370536,
        503.7722909109933
    ],
    "37": [
        2084.3849609375,
        9485.89375
    ],
    "38": [
        5200.270926339285,
        1313.773681640625
    ],
    "39": [
        9688.004367404514,
        11283.968207465277
    ],
    "40": [
        16489.31407752404,
        1209.1083977039043
    ],
    "41": [
        18378.787760416668,
        1331.3692576090496
    ],
    "42": [
        24696.662353515625,
        16342.39599609375
    ],
    "43": [
        25749.541666666668,
        23047.573567708332
    ],
    "44": [
        2343.7362467447915,
        1119.2093912760417
    ],
    "45": [
        426.57504738701715,
        3559.7628038194443
    ],
    "46": [
        12855.819786658654,
        886.7849332369291
    ],
    "47": [
        4075.43212890625,
        13945.408203125
    ],
    "48": [
        16349.82958984375,
        22582.768229166668
    ],
    "49": [
        1432.8409470778245,
        12326.021033653846
    ],
    "50": [
        667.3298187255859,
        262.992862701416
    ],
    "51": [
        11813.396661931818,
        2850.044611150568
    ],
    "52": [
        1506.6258748372395,
        1098.6123962402344
    ],
    "53": [
        9391.45068359375,
        2882.3607177734375
    ],
    "54": [
        16754.629028320313,
        11653.635986328125
    ],
    "55": [
        6528.534928385417,
        10209.188346354167
    ],
    "56": [
        24661.048502604168,
        907.0586204528809
    ],
    "57": [
        2166.79514840933,
        24919.404447115383
    ],
    "58": [
        16409.21982421875,
        3937.290283203125
    ],
    "59": [
        10625.48667689732,
        6116.67497907366
    ],
    "60": [
        3402.04052734375,
        20376.54952566964
    ],
    "61": [
        1823.3819298377405,
        236.05149621229904
    ],
    "62": [
        11769.466145833334,
        14709.699055989584
    ],
    "63": [
        3377.617919921875,
        2369.7842145647323
    ],
    "64": [
        19996.94050480769,
        5385.110764723558
    ],
    "65": [
        4806.9933675130205,
        2517.436492919922
    ],
    "66": [
        24092.532063802082,
        5847.024515787761
    ],
    "67": [
        15038.746459960938,
        925.5541639328003
    ],
    "68": [
        3375.3031703404017,
        6068.939348493303
    ],
    "69": [
        4556.802164713542,
        1189.553934733073
    ],
    "70": [
        266.2940721511841,
        1237.6299514770508
    ],
    "71": [
        2162.460867745536,
        7024.090471540178
    ],
    "72": [
        9154.81558227539,
        8559.670654296875
    ],
    "73": [
        748.7262684215199,
        6400.912020596591
    ],
    "74": [
        790.2797357559205,
        19628.7189453125
    ],
    "75": [
        5865.306291852678,
        19548.210100446428
    ],
    "76": [
        8783.272298177084,
        4598.201802571614
    ],
    "77": [
        7775.369900173611,
        1635.848388671875
    ],
    "78": [
        4423.283225319602,
        8806.224564985796
    ],
    "79": [
        6050.737386067708,
        470.26641209920246
    ],
    "80": [
        13113.244466145834,
        27834.260416666668
    ],
    "81": [
        13746.455403645834,
        5460.778537326389
    ],
    "82": [
        1824.6486434936523,
        3512.337615966797
    ],
    "83": [
        4798.352388822115,
        4167.221397986779
    ],
    "84": [
        2950.0561319986978,
        8356.774495442709
    ],
    "85": [
        19454.59814453125,
        14962.285400390625
    ],
    "86": [
        6156.138075086806,
        23417.500434027777
    ],
    "87": [
        18050.1328125,
        7527.192826704545
    ],
    "88": [
        2316.087512207031,
        4856.937890625
    ],
    "89": [
        176.5271324157715,
        236.22048797607422
    ],
    "90": [
        6839.297328404018,
        6102.580950055803
    ],
    "91": [
        8150.361181640625,
        18068.891796875
    ],
    "92": [
        742.1199391682943,
        5434.23046875
    ],
    "93": [
        6183.550362723215,
        2137.509538922991
    ],
    "94": [
        1577.1503173828125,
        2491.25810546875
    ],
    "95": [
        296.6886173884074,
        2382.9453125
    ],
    "96": [
        10712.23291015625,
        19848.4521484375
    ],
    "97": [
        863.2699340820312,
        828.08720703125
    ],
    "98": [
        20521.157063802082,
        766.7158516248068
    ],
    "99": [
        7290.717746310764,
        665.4129771126641
    ]
}