{
    "0": [
        2827.211360280107,
        15698.914586509147
    ],
    "1": [
        16321.340557166915,
        15399.645817739522
    ],
    "2": [
        12812.556039205412,
        13684.925947980182
    ],
    "3": [
        12699.833499306127,
        941.0837142640039
    ],
    "4": [
        978.7771037701638,
        21756.134471606183
    ],
    "5": [
        11603.191705274952,
        3390.710228735162
    ],
    "6": [
        18224.77738683364,
        24488.867934283087
    ],
    "7": [
        712.6380834220207,
        2713.6462697765055
    ],
    "8": [
        5465.403266948429,
        2583.78489710073
    ],
    "9": [
        15909.886233578822,
        8302.423731712779
    ],
    "10": [
        23180.637958458083,
        4237.850271624719
    ],
    "11": [
        6100.752994274967,
        731.01477415158
    ],
    "12": [
        3265.372248507094,
        653.8402373548669
    ],
    "13": [
        2908.382945292705,
        9688.30304120038
    ],
    "14": [
        2779.9917464430314,
        11729.772749629334
    ],
    "15": [
        14655.04111359729,
        822.1599465890224
    ],
    "16": [
        1838.4579765382878,
        510.30135052090833
    ],
    "17": [
        7391.97407959676,
        2640.7599264258365
    ],
    "18": [
        1457.9922021238428,
        27270.101521381577
    ],
    "19": [
        16607.014862595945,
        3547.0464766652963
    ],
    "20": [
        9182.127199731693,
        669.0608860338577
    ],
    "21": [
        3529.5347883436416,
        20788.722669813367
    ],
    "22": [
        3840.0760525002465,
        4391.426442817183
    ],
    "23": [
        10905.45632721657,
        893.9714624327282
    ],
    "24": [
        611.695126714296,
        5017.2194840387
    ],
    "25": [
        2524.9513542868876,
        7636.731653386896
    ],
    "26": [
        774.1430633812514,
        15326.359317312763
    ],
    "27": [
        26599.529670266544,
        11453.171889361212
    ],
    "28": [
        10632.988042378596,
        16292.163205373201
    ],
    "29": [
        9286.035479012182,
        22914.03063757945
    ],
    "30": [
        4688.75207391709,
        775.7081222172183
    ],
    "31": [
        6978.025342668806,
        8630.608095441547
    ],
    "32": [
        7585.882294475729,
        16693.761396533948
    ],
    "33": [
        605.9741911218057,
        7521.754116881128
    ],
    "34": [
        9400.887674825175,
        2618.037280529529
    ],
    "35": [
        9594.155328300561,
        4626.05264019341
    ],
    "36": [
        19216.53630809295,
        3355.251811022636
    ],
    "37": [
        20840.661332325268,
        16841.79451234879
    ],
    "38": [
        15914.175376009778,
        11765.352598852041
    ],
    "39": [
        773.7236156013319,
        8896.871862142438
    ],
    "40": [
        5093.987822996742,
        15278.9047721006
    ],
    "41": [
        7569.863874579806,
        4774.163151106512
    ],
    "42": [
        17518.440728635203,
        19893.39010682398
    ],
    "43": [
        5079.187104724702,
        23274.359409877234
    ],
    "44": [
        22705.887093098958,
        9490.118412272135
    ],
    "45": [
        5258.517953725962,
        12177.968820701357
    ],
    "46": [
        841.8426820556987,
        6293.368674605813
    ],
    "47": [
        6660.480017553402,
        19668.063971024527
    ],
    "48": [
        12510.827488298459,
        5527.926063033453
    ],
    "49": [
        26244.357517616423,
        6567.674629959406
    ],
    "50": [
        509.6345898639865,
        444.7769028999249
    ],
    "51": [
        4653.332705849095,
        8274.412790398848
    ],
    "52": [
        21364.815259850544,
        1178.6607987072157
    ],
    "53": [
        2326.345116757927,
        5309.427659915689
    ],
    "54": [
        23303.527324021463,
        14382.601621685606
    ],
    "55": [
        586.2057914899253,
        1590.5037829391356
    ],
    "56": [
        8378.36203031994,
        6820.942234002976
    ],
    "57": [
        7110.696462124209,
        26748.13600178006
    ],
    "58": [
        10692.402776082357,
        6597.006884256999
    ],
    "59": [
        762.7096338568912,
        11950.802299468623
    ],
    "60": [
        2137.7831800672743,
        3570.4564771864148
    ],
    "61": [
        14068.341830318921,
        3172.9091796875
    ],
    "62": [
        5317.520238263574,
        10133.255983102375
    ],
    "63": [
        24203.39585248162,
        25158.846909466913
    ],
    "64": [
        9960.727219012606,
        19467.81343553046
    ],
    "65": [
        13415.136625339674,
        21777.097826086956
    ],
    "66": [
        12964.748488536432,
        8119.630373547425
    ],
    "67": [
        1039.4953042795357,
        13510.286543664037
    ],
    "68": [
        4041.0033728142143,
        6361.583646098648
    ],
    "69": [
        21719.116522606382,
        21023.55896775266
    ],
    "70": [
        5739.989915388344,
        4542.669404189952
    ],
    "71": [
        7603.461124879639,
        766.7736591518092
    ],
    "72": [
        13749.157172309027,
        17887.580411396328
    ],
    "73": [
        12955.839700520834,
        26170.902213541667
    ],
    "74": [
        27356.170985243054,
        1724.6700384245978
    ],
    "75": [
        8000.951735276442,
        10873.279169170673
    ],
    "76": [
        9852.003784722223,
        8790.816176215278
    ],
    "77": [
        19523.158637152777,
        12941.26332310268
    ],
    "78": [
        6141.580895208544,
        6448.870071903352
    ],
    "79": [
        7111.7458264802635,
        13871.877981085527
    ],
    "80": [
        3830.7450460509544,
        2456.481549456403
    ],
    "81": [
        3557.4962762262403,
        13649.996330339884
    ],
    "82": [
        20846.623484848486,
        6199.056904000947
    ],
    "83": [
        584.4892752396755,
        3866.2367412860576
    ],
    "84": [
        26112.61298643868,
        18571.123231132075
    ],
    "85": [
        13525.518135224413,
        10591.940036440856
    ],
    "86": [
        16755.31732080853,
        1103.8137438486492
    ],
    "87": [
        18823.471350943688,
        780.4470221974177
    ],
    "88": [
        2267.0271510783145,
        1925.596155297151
    ],
    "89": [
        939.4791200277757,
        19362.89922672194
    ],
    "90": [
        4208.766576382077,
        17841.95802970852
    ],
    "91": [
        10985.015170162671,
        11017.987920055652
    ],
    "92": [
        24292.012195405507,
        1239.3582101607074
    ],
    "93": [
        14990.838905672721,
        5774.0750533982455
    ],
    "94": [
        1037.5537223684585,
        17304.80587509931
    ],
    "95": [
        18952.85537047956,
        9253.88239792158
    ],
    "96": [
        17811.639508928572,
        6071.832299107143
    ],
    "97": [
        788.2269680117004,
        10415.246701165162
    ],
    "98": [
        1590.8144634847772,
        24421.13068546661
    ],
    "99": [
        9616.104259200507,
        13453.832745082487
    ]
}