{
    "0": [
        8975.629532251603,
        15078.061498397436
    ],
    "1": [
        14679.4867578125,
        15635.1440234375
    ],
    "2": [
        5443.029096554487,
        1250.9008273833838
    ],
    "3": [
        8672.23153409091,
        906.7345981684598
    ],
    "4": [
        14842.142159598214,
        1221.7090346926734
    ],
    "5": [
        7329.980698529412,
        3363.3774868834253
    ],
    "6": [
        7270.570323350695,
        11158.558810763889
    ],
    "7": [
        4404.0217813027875,
        14546.781038851352
    ],
    "8": [
        22747.67138671875,
        6413.851379394531
    ],
    "9": [
        18021.213294719826,
        836.3200178475215
    ],
    "10": [
        1012.0985095425085,
        9560.689106889204
    ],
    "11": [
        1001.19260813752,
        3645.578650649713
    ],
    "12": [
        21502.034630408652,
        2222.268019749568
    ],
    "13": [
        11481.718641493055,
        10141.968492296008
    ],
    "14": [
        8369.53751220703,
        7010.914147949219
    ],
    "15": [
        13538.646575218023,
        5528.76318359375
    ],
    "16": [
        3026.4702088155864,
        1300.9717488583224
    ],
    "17": [
        17565.912550403227,
        4676.20341639365
    ],
    "18": [
        11954.19844876803,
        1226.4957528297718
    ],
    "19": [
        906.8499236751247,
        1041.8188020965538
    ],
    "20": [
        10258.691650390625,
        4083.0726373845882
    ],
    "21": [
        5030.7860567686985,
        7732.838595030737
    ],
    "22": [
        19524.43791118421,
        11696.106291118422
    ],
    "23": [
        18326.732971191406,
        17978.83135986328
    ],
    "24": [
        1688.7123742354543,
        25847.448190789473
    ],
    "25": [
        3611.729742140997,
        11044.636625744048
    ],
    "26": [
        2380.7207544008893,
        21632.66171875
    ],
    "27": [
        1729.5951801481701,
        17442.249534970237
    ],
    "28": [
        5789.266784667969,
        18554.708844866072
    ],
    "29": [
        3892.0025654141864,
        4306.97257874504
    ],
    "30": [
        15591.240064538044,
        9095.399838654892
    ],
    "31": [
        1353.1024946555112,
        6508.341577774439
    ],
    "32": [
        25954.671963778408,
        1705.7155204252763
    ],
    "33": [
        25807.883544921875,
        10172.853637695313
    ],
    "34": [
        20902.26513671875,
        23682.255859375
    ],
    "35": [
        24130.2314453125,
        16571.46494140625
    ],
    "36": [
        1039.0185949291501,
        13326.038806733632
    ],
    "37": [
        10856.44091796875,
        19236.050170898438
    ],
    "38": [
        7487.1401953125,
        23856.143828125
    ],
    "39": [
        14869.17054966518,
        24466.373883928572
    ]
}