{
    "0": [
        23375.57502297794,
        14816.508633961397
    ],
    "1": [
        8082.00894864045,
        15453.331518418296
    ],
    "2": [
        19375.701924010093,
        7703.7342847741165
    ],
    "3": [
        13069.630138804612,
        5876.805731615974
    ],
    "4": [
        1721.59474072106,
        13441.94816343246
    ],
    "5": [
        23739.96607730263,
        2671.7398616485184
    ],
    "6": [
        16424.2275390625,
        1717.7998978656271
    ],
    "7": [
        9615.710220859079,
        21946.530091492394
    ],
    "8": [
        5034.842880963264,
        10253.335716215093
    ],
    "9": [
        10021.497322407582,
        9711.144353804433
    ],
    "10": [
        18456.603521925404,
        21827.295337701613
    ],
    "11": [
        10350.350427770321,
        1609.2267353950103
    ],
    "12": [
        1521.3086838940233,
        8402.071164334633
    ],
    "13": [
        14986.117602782391,
        13711.793968023256
    ],
    "14": [
        2264.005939363574,
        18872.695920504055
    ],
    "15": [
        1794.0019573464476,
        4573.502540184985
    ],
    "16": [
        5379.978986933907,
        1431.1827483257507
    ],
    "17": [
        1371.709117941462,
        1186.0988137684556
    ],
    "18": [
        2614.138060136636,
        24758.730598958333
    ],
    "19": [
        6787.351194968363,
        5371.086383141543
    ]
}