{
    "0": [
        1952.5126779621298,
        18623.133961546268
    ],
    "1": [
        2077.25390800039,
        13367.136682942708
    ],
    "2": [
        18227.20023058338,
        2129.9001874611554
    ],
    "3": [
        14906.66308878462,
        7380.847277582908
    ],
    "4": [
        22569.6007749496,
        17956.69846795195
    ],
    "5": [
        9977.853686470708,
        6854.411842560407
    ],
    "6": [
        4886.664626988596,
        1563.6649543201206
    ],
    "7": [
        8041.518427713729,
        12271.650791160147
    ],
    "8": [
        24332.955070495605,
        2623.6364215509966
    ],
    "9": [
        5655.828043891512,
        6140.359429615766
    ],
    "10": [
        2032.314410553386,
        9017.233841179566
    ],
    "11": [
        8853.407695594819,
        1759.3403447908736
    ],
    "12": [
        14580.00412046371,
        13977.090102066531
    ],
    "13": [
        21147.95741436298,
        9199.586232346755
    ],
    "14": [
        1302.3017742359539,
        1239.7182929524777
    ],
    "15": [
        13240.174689108062,
        1853.4851528596305
    ],
    "16": [
        3163.448221462529,
        24547.450709113677
    ],
    "17": [
        8073.353536920756,
        18848.054109472352
    ],
    "18": [
        1517.1077367947182,
        4840.4175113505
    ],
    "19": [
        14042.15429119731,
        23017.985260719477
    ]
}