{
    "0": [
        763.4729393878615,
        930.9986778135041
    ],
    "1": [
        21553.52640335648,
        2310.2098979243524
    ],
    "2": [
        23737.769634046053,
        7136.229954769737
    ],
    "3": [
        1050.0146440585454,
        16069.70478515625
    ],
    "4": [
        10110.581319173178,
        4698.299138387044
    ],
    "5": [
        5758.832179478237,
        21927.40359933036
    ],
    "6": [
        17820.126048900464,
        4924.140163845486
    ],
    "7": [
        8453.838904747596,
        24985.52794471154
    ],
    "8": [
        5360.735767505787,
        1252.5787731453224
    ],
    "9": [
        13758.950102306548,
        5422.312087286086
    ],
    "10": [
        15079.607385706018,
        9655.473904079861
    ],
    "11": [
        1778.5623583112445,
        25625.340494791668
    ],
    "12": [
        19631.89919704861,
        10925.118896484375
    ],
    "13": [
        17989.090755208334,
        902.4054606119792
    ],
    "14": [
        2778.799412856867,
        999.3616498370229
    ],
    "15": [
        13060.251747532895,
        19020.518092105263
    ],
    "16": [
        25147.4341796875,
        14834.55322265625
    ],
    "17": [
        1025.4090534932209,
        9299.985968823703
    ],
    "18": [
        8346.804149138621,
        16590.63030849359
    ],
    "19": [
        1711.8986586830833,
        12245.614630681817
    ],
    "20": [
        20612.99822443182,
        20876.98455255682
    ],
    "21": [
        11843.722141335227,
        1303.621166489341
    ],
    "22": [
        952.4794344516715,
        3271.2355192550503
    ],
    "23": [
        1065.5927919514975,
        6158.06396484375
    ],
    "24": [
        4961.387152099609,
        10338.026953125
    ],
    "25": [
        15799.495535714286,
        25441.400948660714
    ],
    "26": [
        10964.48544034091,
        9172.235114820076
    ],
    "27": [
        25954.671963778408,
        1705.7155204252763
    ],
    "28": [
        3815.519189453125,
        17609.047544642857
    ],
    "29": [
        7220.764826847957,
        3328.125971867488
    ],
    "30": [
        11995.630104758522,
        14033.669877485796
    ],
    "31": [
        8717.12143049569,
        998.4909595374403
    ],
    "32": [
        4371.1688232421875,
        14158.041475183823
    ],
    "33": [
        14856.538454861111,
        1352.3840421888563
    ],
    "34": [
        3632.8020944306345,
        3931.0976821437025
    ],
    "35": [
        7142.010040283203,
        7401.603017171224
    ],
    "36": [
        1056.9012520980834,
        20567.086484375
    ],
    "37": [
        7894.35205078125,
        11707.056455869932
    ],
    "38": [
        17638.420859375,
        16454.421171875
    ],
    "39": [
        3992.0516979289505,
        7117.837393130896
    ]
}