{
    "0": [
        7576.49853515625,
        5795.980712890625
    ],
    "1": [
        17181.12890625,
        1688.544189453125
    ],
    "2": [
        1505.1519165039063,
        1994.554931640625
    ],
    "3": [
        3814.1214599609375,
        4879.05615234375
    ],
    "4": [
        4000.25244140625,
        13712.3876953125
    ],
    "5": [
        12322.150390625,
        389.3857930501302
    ],
    "6": [
        2528.46435546875,
        4584.19580078125
    ],
    "7": [
        7699.757080078125,
        1193.6828918457031
    ],
    "8": [
        2155.4602661132813,
        2845.9676513671875
    ],
    "9": [
        20557.4921875,
        588.5550842285156
    ],
    "10": [
        7.529618263244629,
        2420.477783203125
    ],
    "11": [
        1167.9857788085938,
        530.5122938156128
    ],
    "12": [
        4908.87890625,
        1532.088623046875
    ],
    "13": [
        10715.18359375,
        19232.439453125
    ],
    "14": [
        16913.96923828125,
        16184.2470703125
    ],
    "15": [
        16696.0625,
        415.6107940673828
    ],
    "16": [
        3398.240966796875,
        9150.28125
    ],
    "17": [
        19151.32421875,
        8829.1044921875
    ],
    "18": [
        11283.10009765625,
        5414.261474609375
    ],
    "19": [
        18511.9423828125,
        5296.738037109375
    ],
    "20": [
        9673.651041666666,
        1959.1796061197917
    ],
    "21": [
        3848.259765625,
        728.0377197265625
    ],
    "22": [
        4974.82275390625,
        156.35214233398438
    ],
    "23": [
        11275.689453125,
        15003.5244140625
    ],
    "24": [
        21363.4208984375,
        14121.56396484375
    ],
    "25": [
        5046.47119140625,
        639.62158203125
    ],
    "26": [
        6150.4853515625,
        4339.09375
    ],
    "27": [
        6286.91845703125,
        9407.0908203125
    ],
    "28": [
        524.0272827148438,
        2838.842041015625
    ],
    "29": [
        725.1388549804688,
        3741.6685791015625
    ],
    "30": [
        3322.98388671875,
        3073.491943359375
    ],
    "31": [
        4762.31494140625,
        1936.7413330078125
    ],
    "32": [
        9611.8974609375,
        8644.586669921875
    ],
    "33": [
        16648.0859375,
        19998.70703125
    ],
    "34": [
        1698.6554768880208,
        9911.603841145834
    ],
    "35": [
        20050.4296875,
        3642.69189453125
    ],
    "36": [
        4017.65380859375,
        20382.012369791668
    ],
    "37": [
        8872.91455078125,
        6611.40771484375
    ],
    "38": [
        119.44662189483643,
        8733.076822916666
    ],
    "39": [
        1301.8109436035156,
        13781.69384765625
    ],
    "40": [
        1599.9197998046875,
        12809.6953125
    ],
    "41": [
        5271.06884765625,
        1172.3472900390625
    ],
    "42": [
        12399.5263671875,
        12489.54833984375
    ],
    "43": [
        13380.67138671875,
        2446.6832275390625
    ],
    "44": [
        1132.8438186645508,
        25273.681640625
    ],
    "45": [
        605.3232421875,
        4744.64599609375
    ],
    "46": [
        24123.264322916668,
        7465.007161458333
    ],
    "47": [
        3305.10009765625,
        8415.943359375
    ],
    "48": [
        5584.03173828125,
        7345.771484375
    ],
    "49": [
        18862.51953125,
        7095.57470703125
    ],
    "50": [
        952.354970296224,
        6473.268391927083
    ],
    "51": [
        2234.299560546875,
        1178.6820068359375
    ],
    "52": [
        15395.15283203125,
        23817.5615234375
    ],
    "53": [
        13463.9970703125,
        8952.8349609375
    ],
    "54": [
        4556.8046875,
        3393.960693359375
    ],
    "55": [
        714.0751342773438,
        8597.37109375
    ],
    "56": [
        345.19781494140625,
        1310.8994140625
    ],
    "57": [
        14527.5966796875,
        1189.345458984375
    ],
    "58": [
        8172.63232421875,
        17700.23046875
    ],
    "59": [
        4669.04833984375,
        882.4178466796875
    ]
}