{
    "0": [
        26199.8377016129,
        1239.834096739369
    ],
    "1": [
        13099.914038387345,
        16243.968038676698
    ],
    "2": [
        3347.9115310224515,
        3054.925366447967
    ],
    "3": [
        649.6777475996623,
        5844.185283358135
    ],
    "4": [
        3275.8039034329927,
        4475.083193265475
    ],
    "5": [
        26271.244736493645,
        5790.801778502383
    ],
    "6": [
        4446.380506727431,
        22335.662543402777
    ],
    "7": [
        5814.3441268257475,
        2385.9489586871605
    ],
    "8": [
        19911.727403085442,
        11576.95275415348
    ],
    "9": [
        493.38036392431343,
        4737.849574806416
    ],
    "10": [
        17325.542542363557,
        15579.320367517606
    ],
    "11": [
        14021.226148897058,
        12814.804641544117
    ],
    "12": [
        2981.228730854235,
        9023.960933216831
    ],
    "13": [
        3443.6528410734954,
        14598.496319806134
    ],
    "14": [
        9766.560665815305,
        18707.94183193109
    ],
    "15": [
        6667.977443231601,
        5901.7858863901865
    ],
    "16": [
        2884.7718118520884,
        12266.798189603365
    ],
    "17": [
        10363.038209107544,
        11987.286722269144
    ],
    "18": [
        8585.196573893229,
        2044.5892537434895
    ],
    "19": [
        5007.88671875,
        367.97113639177735
    ],
    "20": [
        6183.988929915602,
        644.1783086470443
    ],
    "21": [
        4240.129000756048,
        2178.815023114604
    ],
    "22": [
        9152.117409885519,
        5873.134978341584
    ],
    "23": [
        17080.4591796875,
        20626.986989182693
    ],
    "24": [
        6870.464802486796,
        8525.032673580547
    ],
    "25": [
        12993.882543945312,
        26380.23740234375
    ],
    "26": [
        478.0172825960013,
        7179.05922288161
    ],
    "27": [
        15618.939785357603,
        7257.5566053882085
    ],
    "28": [
        9400.142583264802,
        9600.597625411185
    ],
    "29": [
        8733.673320695465,
        7815.669108072917
    ],
    "30": [
        364.87768563144914,
        302.1603908732131
    ],
    "31": [
        4543.684487951808,
        10721.905579348644
    ],
    "32": [
        10163.456538865546,
        791.7108421566106
    ],
    "33": [
        1511.5566086065573,
        1777.323582383453
    ],
    "34": [
        1330.6366536458333,
        20677.120107886905
    ],
    "35": [
        5069.221332097458,
        3780.415496308925
    ],
    "36": [
        14752.731851067341,
        1679.7636093824683
    ],
    "37": [
        592.5379830066194,
        981.7357792414672
    ],
    "38": [
        713.2788583348537,
        10066.086644665947
    ],
    "39": [
        533.837804710269,
        2725.458037109375
    ],
    "40": [
        11684.413766329406,
        826.2380378402647
    ],
    "41": [
        6877.343548318614,
        10875.666206691576
    ],
    "42": [
        26392.49709670608,
        16719.42427681588
    ],
    "43": [
        24214.411754261364,
        12914.30401278409
    ],
    "44": [
        16627.019267003678,
        10814.088798253677
    ],
    "45": [
        765.3153805371487,
        15412.0771484375
    ],
    "46": [
        22559.5220703125,
        1048.1769015908242
    ],
    "47": [
        11276.0009765625,
        4957.49127633231
    ],
    "48": [
        8845.664139811199,
        480.847557447354
    ],
    "49": [
        1338.1113350039623,
        26623.934778432376
    ],
    "50": [
        3647.8023466222426,
        7190.0962258731615
    ],
    "51": [
        22656.297768802968,
        3991.4180473715573
    ],
    "52": [
        2679.69309882156,
        1512.0356511989562
    ],
    "53": [
        434.11121521151165,
        1919.481812515879
    ],
    "54": [
        19376.668008609693,
        4546.985790019133
    ],
    "55": [
        1876.989619584517,
        4551.465396395596
    ],
    "56": [
        2622.7467429912194,
        5916.21470115459
    ],
    "57": [
        2893.4297462173654,
        16950.300595826742
    ],
    "58": [
        16499.721034787737,
        3668.3755527712265
    ],
    "59": [
        464.1663134376208,
        3647.0902971540177
    ],
    "60": [
        4988.204179782312,
        8734.715668613471
    ],
    "61": [
        5139.959239740481,
        13023.635248293822
    ],
    "62": [
        12336.7367890625,
        2866.9331494140624
    ],
    "63": [
        12839.632477262126,
        21413.76518773321
    ],
    "64": [
        1209.4593841713595,
        23493.120929028613
    ],
    "65": [
        1901.3010300497972,
        3105.4768532323474
    ],
    "66": [
        2009.0384644580488,
        7381.764849494485
    ],
    "67": [
        799.3447657621333,
        17931.830583844865
    ],
    "68": [
        6853.068715688345,
        4242.951888900619
    ],
    "69": [
        13357.249610900879,
        816.1418306864798
    ],
    "70": [
        9943.387100219727,
        15166.291585286459
    ],
    "71": [
        5309.544989403258,
        26854.865359042553
    ],
    "72": [
        4919.877669963431,
        1409.8569472292636
    ],
    "73": [
        13946.014019465043,
        5210.094947944253
    ],
    "74": [
        859.5799533004761,
        13600.193875
    ],
    "75": [
        10112.093165806362,
        2725.2900924682617
    ],
    "76": [
        2711.4531024639423,
        372.2151676086279
    ],
    "77": [
        849.2842810494559,
        8600.077762941113
    ],
    "78": [
        6314.35799632353,
        16881.291226256126
    ],
    "79": [
        11616.361697048611,
        7268.749755859375
    ],
    "80": [
        1627.7272661537122,
        468.54057715045417
    ],
    "81": [
        22327.09324919872,
        23994.169771634617
    ],
    "82": [
        7162.514598499645,
        2648.843847101385
    ],
    "83": [
        4501.839456761137,
        5476.923843708444
    ],
    "84": [
        7595.304922250601,
        13536.927847055289
    ],
    "85": [
        7434.6575483842325,
        751.6413463173491
    ],
    "86": [
        8157.018524639423,
        23778.63810096154
    ],
    "87": [
        12858.718073174505,
        9598.441768835086
    ],
    "88": [
        8862.636352539063,
        3938.640369556568
    ],
    "89": [
        18473.013901654413,
        7451.8474609375
    ],
    "90": [
        7479.1101166930375,
        20314.573353441454
    ],
    "91": [
        5487.109280873494,
        6870.804293345256
    ],
    "92": [
        2600.078038908306,
        10397.531609786185
    ],
    "93": [
        882.1888484770013,
        11802.863818737887
    ],
    "94": [
        22410.909545898438,
        7871.205517578125
    ],
    "95": [
        21440.044249487706,
        17841.92270747951
    ],
    "96": [
        3809.9162115403165,
        19375.518325617282
    ],
    "97": [
        16889.846373697917,
        987.1715309842427
    ],
    "98": [
        19474.252849641394,
        1050.3335052513685
    ],
    "99": [
        3821.9120896283316,
        569.0827400684357
    ]
}