{
    "0": [
        9126.68593158144,
        926.5621617635092
    ],
    "1": [
        12078.71027688419,
        1286.3515187431785
    ],
    "2": [
        17801.525904605263,
        1270.6088059074
    ],
    "3": [
        17658.277703536183,
        6825.846037212171
    ],
    "4": [
        4427.578703227796,
        3360.649285567434
    ],
    "5": [
        4477.456947063578,
        9599.689503636853
    ],
    "6": [
        7181.946790907118,
        978.5505748854744
    ],
    "7": [
        15200.88935250947,
        2201.2485450975823
    ],
    "8": [
        8845.547194908406,
        4048.0511769261852
    ],
    "9": [
        1980.3056897615131,
        397.6758094586824
    ],
    "10": [
        24661.048502604168,
        907.0586204528809
    ],
    "11": [
        8578.438836348685,
        11738.257658305922
    ],
    "12": [
        5443.31005859375,
        25392.7447265625
    ],
    "13": [
        3367.7313557942707,
        5923.193196614583
    ],
    "14": [
        20429.991276041666,
        1164.9083665211995
    ],
    "15": [
        5906.774147727273,
        6211.980675899621
    ],
    "16": [
        577.093510389328,
        3647.6698303222656
    ],
    "17": [
        5539.049977948589,
        18188.8611391129
    ],
    "18": [
        1728.6823391384548,
        1644.913526746962
    ],
    "19": [
        962.4458414713541,
        6065.941379123264
    ],
    "20": [
        2328.2546684477065,
        22899.137369791668
    ],
    "21": [
        9385.489031110492,
        15612.578717912946
    ],
    "22": [
        2084.865673973447,
        13117.106282552084
    ],
    "23": [
        19993.83623798077,
        13251.52704326923
    ],
    "24": [
        24484.879991319445,
        5370.508165147569
    ],
    "25": [
        21462.485440340908,
        6828.79736328125
    ],
    "26": [
        440.5041211446126,
        500.67998962402345
    ],
    "27": [
        5182.788400957661,
        1003.9440623867896
    ],
    "28": [
        25351.671440972223,
        9885.045464409723
    ],
    "29": [
        3621.668801047585,
        839.9749253012917
    ],
    "30": [
        1471.8610244014046,
        9084.890658291903
    ],
    "31": [
        2105.827396515877,
        3790.5901745211695
    ],
    "32": [
        12542.197002704326,
        5502.088247445913
    ],
    "33": [
        15964.0841796875,
        21165.242057291667
    ],
    "34": [
        9135.9562109375,
        8070.80669921875
    ],
    "35": [
        1430.5082110700937,
        18069.9794921875
    ],
    "36": [
        413.8393482685089,
        1907.0783264160157
    ],
    "37": [
        24792.38671875,
        19041.363823784723
    ],
    "38": [
        9734.195581896553,
        21179.606344288793
    ],
    "39": [
        13928.619329637097,
        12026.483776461693
    ]
}