{
    "0": [
        27395.957741477272,
        2055.4850222847676
    ],
    "1": [
        8674.316064453125,
        25442.3654296875
    ],
    "2": [
        3340.599220275879,
        11174.5595703125
    ],
    "3": [
        12681.428348214286,
        4266.867529296875
    ],
    "4": [
        7553.474582981419,
        3460.5721996410475
    ],
    "5": [
        8173.637190755208,
        737.0526752471924
    ],
    "6": [
        6223.627115885417,
        12637.32275390625
    ],
    "7": [
        1321.4770142404657,
        15339.515727796053
    ],
    "8": [
        6374.080856323242,
        22831.712036132813
    ],
    "9": [
        7882.725646972656,
        7008.125549316406
    ],
    "10": [
        15000.021789550781,
        14808.199523925781
    ],
    "11": [
        7931.019339425223,
        15973.396449497768
    ],
    "12": [
        13432.748948317309,
        17581.540564903848
    ],
    "13": [
        14324.623279389882,
        7304.1201171875
    ],
    "14": [
        6393.610706676136,
        1414.6366055228493
    ],
    "15": [
        23738.06907894737,
        1500.7632454320003
    ],
    "16": [
        4353.83349609375,
        800.2570655686515
    ],
    "17": [
        3537.149433857686,
        7929.605349978885
    ],
    "18": [
        16135.507387907608,
        4313.245658542799
    ],
    "19": [
        1910.6666493733724,
        26380.480729166666
    ],
    "20": [
        10915.27920809659,
        7821.231800426136
    ],
    "21": [
        18002.22021484375,
        6595.5976969401045
    ],
    "22": [
        4199.355702718099,
        17009.526123046875
    ],
    "23": [
        13190.597113715277,
        21723.694010416668
    ],
    "24": [
        8455.047265625,
        19404.676822916666
    ],
    "25": [
        4944.50985952524,
        3337.3604298127
    ],
    "26": [
        876.3250736622583,
        9903.490001860118
    ],
    "27": [
        859.5962282328502,
        7165.719323199728
    ],
    "28": [
        23990.429361979168,
        17176.07421875
    ],
    "29": [
        5845.349411010742,
        9196.745697021484
    ],
    "30": [
        14912.268676757813,
        26030.79833984375
    ],
    "31": [
        17359.714904785156,
        10311.372192382813
    ],
    "32": [
        2745.379385141226,
        5705.558844150641
    ],
    "33": [
        9733.69229664522,
        4624.380873736213
    ],
    "34": [
        8370.64854107481,
        10763.453894412878
    ],
    "35": [
        14832.532822027439,
        1166.3244012972204
    ],
    "36": [
        19900.080699573864,
        2322.411263552579
    ],
    "37": [
        10573.402294921874,
        13897.79912109375
    ],
    "38": [
        12681.591899671053,
        10376.97892680921
    ],
    "39": [
        450.41274855271826,
        803.3446098852833
    ],
    "40": [
        1108.5375864770676,
        22414.228081597223
    ],
    "41": [
        3697.4054963485055,
        14234.13676120924
    ],
    "42": [
        1032.6091271713376,
        12891.668914794922
    ],
    "43": [
        18063.118791852678,
        18667.542829241072
    ],
    "44": [
        784.6351064750127,
        2707.838603864397
    ],
    "45": [
        17872.01434795673,
        773.6654639610878
    ],
    "46": [
        2034.4656118539663,
        749.3115782297574
    ],
    "47": [
        2955.7654909620096,
        2908.41312902114
    ],
    "48": [
        20902.26513671875,
        23682.255859375
    ],
    "49": [
        972.2946351807693,
        4620.6675393992455
    ],
    "50": [
        20013.27890625,
        14912.96552734375
    ],
    "51": [
        25992.28515625,
        9125.9732421875
    ],
    "52": [
        9987.938015407986,
        1577.0409463908936
    ],
    "53": [
        12091.027240953947,
        799.6763330509788
    ],
    "54": [
        26085.744921875,
        13360.6939453125
    ],
    "55": [
        4409.799641927083,
        20927.136284722223
    ],
    "56": [
        5616.710486778846,
        6299.978140024038
    ],
    "57": [
        22860.24001736111,
        5342.093722873264
    ],
    "58": [
        21044.499565972223,
        10218.555067274305
    ],
    "59": [
        1261.093159539359,
        18353.044991629464
    ]
}