{
    "0": [
        7093.917619357639,
        14780.920325520834
    ],
    "1": [
        6574.8603278595265,
        7911.15745727144
    ],
    "2": [
        14638.080147879464,
        18346.005560427297
    ],
    "3": [
        3296.9146699979706,
        5002.3184335683845
    ],
    "4": [
        20860.14566012041,
        13083.032378870414
    ],
    "5": [
        13372.210080614277,
        10248.318129595587
    ],
    "6": [
        1116.8299994422002,
        11189.111121593505
    ],
    "7": [
        4866.745747608649,
        769.8606513244041
    ],
    "8": [
        25446.287697208736,
        6147.276369557797
    ],
    "9": [
        8841.818194221049,
        5593.0404332778035
    ],
    "10": [
        5992.753703681308,
        5199.943741836784
    ],
    "11": [
        1318.383935018199,
        19115.59471440612
    ],
    "12": [
        12281.044081289558,
        26003.128214003165
    ],
    "13": [
        739.0903178350446,
        631.1315243989651
    ],
    "14": [
        8039.703476805124,
        18266.70694633152
    ],
    "15": [
        24547.55126953125,
        10303.0183207194
    ],
    "16": [
        15808.123023858376,
        977.8462143891588
    ],
    "17": [
        17873.421414930555,
        3856.0262272135415
    ],
    "18": [
        21749.00089019983,
        4746.92425827753
    ],
    "19": [
        25276.798080632718,
        16499.710238233023
    ],
    "20": [
        10885.18992433348,
        16527.899987707606
    ],
    "21": [
        1396.040749224027,
        26030.857486979166
    ],
    "22": [
        9955.068672254247,
        901.8243593550422
    ],
    "23": [
        22501.221870635476,
        1321.678771930034
    ],
    "24": [
        18885.108332354324,
        1061.649193977055
    ],
    "25": [
        15613.210625542535,
        6901.79987250434
    ],
    "26": [
        26423.857527449323,
        1541.697990554947
    ],
    "27": [
        9944.096357488308,
        8844.679413464604
    ],
    "28": [
        5382.031613246758,
        2913.9954208811914
    ],
    "29": [
        12139.063317677332,
        6438.7971268911215
    ],
    "30": [
        2866.395079077744,
        2693.180128414721
    ],
    "31": [
        13331.350226151315,
        14143.399920700187
    ],
    "32": [
        19713.561672044838,
        18214.645359205162
    ],
    "33": [
        782.4634969987193,
        2331.6140419385856
    ],
    "34": [
        12815.512950425737,
        1017.2012457660074
    ],
    "35": [
        1118.7073361422804,
        8831.674892619505
    ],
    "36": [
        8312.804095769332,
        2806.0478746662034
    ],
    "37": [
        10231.836478568412,
        12506.23366237331
    ],
    "38": [
        10350.071857653165,
        21692.06284693668
    ],
    "39": [
        4013.488568333927,
        13543.291782242468
    ],
    "40": [
        11231.889099520016,
        3641.1533079458995
    ],
    "41": [
        2743.643500244991,
        737.5246352480679
    ],
    "42": [
        17118.71183696546,
        10826.081947728208
    ],
    "43": [
        7206.164225615788,
        830.3201321651061
    ],
    "44": [
        6788.924513075087,
        11184.947340223523
    ],
    "45": [
        921.1340051235849,
        6622.8801455017965
    ],
    "46": [
        16719.780512595662,
        14997.125219228315
    ],
    "47": [
        17316.685424804688,
        23231.605002663353
    ],
    "48": [
        873.8752871736332,
        4382.041648130064
    ],
    "49": [
        5280.814237706802,
        20872.03416819853
    ],
    "50": [
        19693.626908225575,
        7812.761946053341
    ],
    "51": [
        3773.0162719726563,
        10087.256253051757
    ],
    "52": [
        1649.7880931538011,
        22542.133382161457
    ],
    "53": [
        23886.974532781864,
        24052.419806985294
    ],
    "54": [
        14542.19249313546,
        3725.265005965612
    ],
    "55": [
        1022.6989635855465,
        13590.978191207627
    ],
    "56": [
        1262.8954304007516,
        16128.780552960825
    ],
    "57": [
        5978.321172805059,
        25942.78671875
    ],
    "58": [
        3664.6258230236367,
        7320.65810629869
    ],
    "59": [
        4233.705899950484,
        17156.683318661973
    ]
}