{
    "0": [
        1702.0041436444362,
        21628.44282539255
    ],
    "1": [
        1403.0600227284522,
        11602.109500137405
    ],
    "2": [
        1194.9746442197816,
        8650.317675561551
    ],
    "3": [
        6743.931498532573,
        20737.6072306961
    ],
    "4": [
        1089.0283414252485,
        5906.350739307893
    ],
    "5": [
        10306.278063543912,
        4713.15348272214
    ],
    "6": [
        963.0800770411716,
        3293.108606431581
    ],
    "7": [
        19596.662358914313,
        5975.3981417719215
    ],
    "8": [
        12359.097830113873,
        1450.6070597358234
    ],
    "9": [
        17019.13380369265,
        16573.516941713482
    ],
    "10": [
        769.1321545174522,
        897.1622014047472
    ],
    "11": [
        21836.15096592667,
        1816.56166887287
    ],
    "12": [
        20146.57871844952,
        11728.855239633413
    ],
    "13": [
        16219.898283458891,
        8835.550829206195
    ],
    "14": [
        20463.81899199096,
        23400.54502014544
    ],
    "15": [
        10308.720170215895,
        25407.92758736559
    ],
    "16": [
        6813.687884242238,
        4899.151842703227
    ],
    "17": [
        4918.5688524289235,
        11300.621695841166
    ],
    "18": [
        13621.336778781115,
        21130.135771780304
    ],
    "19": [
        18123.493020929964,
        1747.0864056090588
    ],
    "20": [
        5089.8426178313875,
        1396.2706927047982
    ],
    "21": [
        3635.7301094063937,
        4100.678907707556
    ],
    "22": [
        4128.285946526539,
        7412.958743263415
    ],
    "23": [
        1404.0282040309144,
        14624.964302701674
    ],
    "24": [
        1561.4387843354486,
        18129.340505975928
    ],
    "25": [
        2882.968221967906,
        1089.4486427705149
    ],
    "26": [
        7363.917962015086,
        1427.838989340848
    ],
    "27": [
        5549.2150658418,
        15734.19910970854
    ],
    "28": [
        25765.065593690364,
        2162.6262179258215
    ],
    "29": [
        7844.665877597784,
        8623.55266336678
    ],
    "30": [
        10278.9628465032,
        16747.570691947476
    ],
    "31": [
        9290.76484375,
        12426.590384311869
    ],
    "32": [
        14584.85199783509,
        4927.845935499812
    ],
    "33": [
        13780.700795091043,
        12796.067951833169
    ],
    "34": [
        11843.724126815796,
        8449.02488899231
    ],
    "35": [
        2545.8423802682937,
        25785.657584519573
    ],
    "36": [
        9747.678279765169,
        1218.5132386848243
    ],
    "37": [
        24959.798868985356,
        8265.290402719666
    ],
    "38": [
        24009.721341463413,
        16369.794078696646
    ],
    "39": [
        15049.926069415984,
        1292.1386872723238
    ]
}