{
    "0": [
        17558.673244201033,
        14230.629062298647
    ],
    "1": [
        17716.479889003964,
        5829.270832160708
    ],
    "2": [
        1606.389070589434,
        20266.43361039595
    ],
    "3": [
        5337.480041821247,
        3167.261186675761
    ],
    "4": [
        21053.198997118794,
        1267.6055798057123
    ],
    "5": [
        20223.781569908406,
        9575.074671252021
    ],
    "6": [
        1409.8463471086175,
        23147.994677294482
    ],
    "7": [
        13079.002981522028,
        1144.9787098212353
    ],
    "8": [
        11689.306665665064,
        4014.172475392446
    ],
    "9": [
        664.4895333067418,
        636.6542882562197
    ],
    "10": [
        3613.377106792656,
        7565.95140555895
    ],
    "11": [
        932.4930702860426,
        6184.31000567657
    ],
    "12": [
        1189.3678340085708,
        12660.172594088395
    ],
    "13": [
        22292.659269555214,
        14344.256057083972
    ],
    "14": [
        3302.024251027614,
        5141.698782755191
    ],
    "15": [
        3532.02599787308,
        10575.850985252251
    ],
    "16": [
        19642.319121570123,
        19019.472957952235
    ],
    "17": [
        8432.767726430673,
        3387.3529609964753
    ],
    "18": [
        788.6292326554511,
        2329.8896312528445
    ],
    "19": [
        861.3719122864247,
        4164.779076319762
    ],
    "20": [
        6259.138339024893,
        990.0393964396501
    ],
    "21": [
        1040.4245440719542,
        8156.782252388946
    ],
    "22": [
        15519.372270494287,
        883.4191089211408
    ],
    "23": [
        24267.505940755207,
        1496.3792079864415
    ],
    "24": [
        934.6629639389373,
        17636.571286001177
    ],
    "25": [
        2903.7301220480167,
        2808.5654956463445
    ],
    "26": [
        4059.782843538033,
        13803.73543735869
    ],
    "27": [
        4185.4623095551015,
        17381.889916155567
    ],
    "28": [
        9530.344864583334,
        9263.17982421875
    ],
    "29": [
        7187.584361683239,
        19199.09033203125
    ],
    "30": [
        10234.322428385416,
        26383.511140046296
    ],
    "31": [
        2154.416869753815,
        26646.27340220256
    ],
    "32": [
        10301.083966619319,
        16727.894003018468
    ],
    "33": [
        25652.125049761147,
        9376.467639704419
    ],
    "34": [
        4226.733094535053,
        968.5125203495728
    ],
    "35": [
        16934.006712841387,
        24036.054195115546
    ],
    "36": [
        25852.41195518092,
        17516.337119654607
    ],
    "37": [
        12500.205025242554,
        10406.840474813855
    ],
    "38": [
        13117.871088939348,
        6989.505995275939
    ],
    "39": [
        16153.497718685963,
        9530.458003810194
    ],
    "40": [
        14700.817252950465,
        17879.723097780916
    ],
    "41": [
        8267.877778024384,
        902.5224100084919
    ],
    "42": [
        21915.88427566581,
        5199.066566493503
    ],
    "43": [
        18152.623719763702,
        1748.8190625402617
    ],
    "44": [
        11725.673978739116,
        21617.405705845773
    ],
    "45": [
        13576.556328781513,
        13551.10905905331
    ],
    "46": [
        5726.385327551976,
        23070.47055785124
    ],
    "47": [
        1160.8185192969781,
        15122.58728490902
    ],
    "48": [
        9690.471452124324,
        12854.373969184027
    ],
    "49": [
        27058.895167151164,
        3013.6777540325193
    ],
    "50": [
        2441.9775427018635,
        773.3226192957126
    ],
    "51": [
        6524.570537860577,
        11398.480694110576
    ],
    "52": [
        10563.16696011063,
        1086.9352797208912
    ],
    "53": [
        6909.021255748327,
        15025.403767767559
    ],
    "54": [
        9397.189107116841,
        6129.6675590034965
    ],
    "55": [
        907.2716775520788,
        10283.867393927845
    ],
    "56": [
        23399.44665727459,
        23990.12487192623
    ],
    "57": [
        14963.523159156099,
        3843.9869420148325
    ],
    "58": [
        6361.51652512595,
        8536.496562636901
    ],
    "59": [
        6302.541574313846,
        5612.952228903324
    ]
}