{
    "0": [
        5731.999515928072,
        5459.455852640086
    ],
    "1": [
        1070.2848275689519,
        943.6787883309757
    ],
    "2": [
        7445.739225968071,
        16296.027428668478
    ],
    "3": [
        22782.150627367424,
        10162.412671638258
    ],
    "4": [
        3994.86183568051,
        8357.880692331415
    ],
    "5": [
        18572.175390625,
        21216.468408203124
    ],
    "6": [
        4764.564481295072,
        1429.019391133235
    ],
    "7": [
        12871.412219929245,
        1549.6827922317218
    ],
    "8": [
        1884.386723836263,
        14734.427339099702
    ],
    "9": [
        2593.653587539991,
        21345.555623372395
    ],
    "10": [
        14332.943359375,
        13405.40577491554
    ],
    "11": [
        17793.613778097588,
        2704.595483880294
    ],
    "12": [
        8633.350457442435,
        10629.780230605811
    ],
    "13": [
        1816.7683717608452,
        3737.831684112549
    ],
    "14": [
        9250.573953683035,
        21695.154185267857
    ],
    "15": [
        8474.234325553798,
        1511.4957344200038
    ],
    "16": [
        1341.035790902597,
        6453.182888454861
    ],
    "17": [
        12266.94084201389,
        6355.940890842014
    ],
    "18": [
        1671.8830031288994,
        10432.850694444445
    ],
    "19": [
        23866.37432391827,
        2276.5389451246997
    ]
}