{
    "0": [
        25618.566536458333,
        26058.175390625
    ],
    "1": [
        4506.990721261161,
        8406.453920200893
    ],
    "2": [
        26633.4698373067,
        1545.2278301986223
    ],
    "3": [
        16278.770802623822,
        22049.89633696934
    ],
    "4": [
        8082.508427102767,
        4872.79443723764
    ],
    "5": [
        15138.161638408688,
        5610.54989126219
    ],
    "6": [
        2264.7130560781443,
        619.7794760540128
    ],
    "7": [
        6023.375612654776,
        4535.754820625737
    ],
    "8": [
        11566.331276899326,
        3142.7617487193584
    ],
    "9": [
        3769.3887746710525,
        2343.536619889109
    ],
    "10": [
        23270.499123831774,
        4758.812531943633
    ],
    "11": [
        12499.970633820565,
        5461.268201864919
    ],
    "12": [
        20407.830513822115,
        785.5252254706163
    ],
    "13": [
        5305.139766518587,
        12842.69695286969
    ],
    "14": [
        12385.766471354167,
        9890.300667317708
    ],
    "15": [
        20150.394746272937,
        6783.59890159117
    ],
    "16": [
        14279.323185945681,
        930.4509714935463
    ],
    "17": [
        9360.24687401853,
        2830.903412325298
    ],
    "18": [
        3500.6904400324415,
        19371.64509401483
    ],
    "19": [
        11165.089589576199,
        17460.386531464042
    ],
    "20": [
        4902.184895334069,
        10514.869134633818
    ],
    "21": [
        8125.655967310855,
        14101.606325383771
    ],
    "22": [
        10351.665220748546,
        11623.006184895834
    ],
    "23": [
        2188.5137297915717,
        3945.884879676095
    ],
    "24": [
        13670.77751850329,
        16017.065059621711
    ],
    "25": [
        7516.912506300403,
        11495.998424899193
    ],
    "26": [
        3284.8856405987835,
        14280.246827810402
    ],
    "27": [
        13923.098211115057,
        26437.62322443182
    ],
    "28": [
        5805.122926626633,
        15025.844821303637
    ],
    "29": [
        8990.804402669271,
        26346.7177734375
    ],
    "30": [
        1104.4909920486766,
        21544.113418794015
    ],
    "31": [
        2835.460960816801,
        12000.372350114116
    ],
    "32": [
        6094.8755148182745,
        20424.003969938858
    ],
    "33": [
        900.0481154468509,
        16842.31691843313
    ],
    "34": [
        17864.63005297112,
        4336.4165150035515
    ],
    "35": [
        625.0927749243156,
        5180.346899175489
    ],
    "36": [
        8011.712964607008,
        22760.93770714962
    ],
    "37": [
        2669.919912484976,
        9700.161247702206
    ],
    "38": [
        8747.218969635804,
        819.8381637053419
    ],
    "39": [
        20321.22356178977,
        3398.9052601207386
    ],
    "40": [
        830.9990483482081,
        10808.922194402021
    ],
    "41": [
        19020.948979591838,
        10342.079440369898
    ],
    "42": [
        9404.921198527018,
        19849.001810709637
    ],
    "43": [
        13326.802053052326,
        19890.627906976744
    ],
    "44": [
        26763.000110554247,
        6297.287219929245
    ],
    "45": [
        10202.76013671875,
        4954.874323730469
    ],
    "46": [
        2035.4006164176333,
        2127.9298968168855
    ],
    "47": [
        706.6800160041066,
        8806.82711854273
    ],
    "48": [
        1091.5913184857836,
        14874.090040019913
    ],
    "49": [
        19705.545730064656,
        26028.57974137931
    ],
    "50": [
        25964.7451171875,
        15385.45652173913
    ],
    "51": [
        10691.992619748975,
        14513.501865074282
    ],
    "52": [
        26065.218883167614,
        10664.613081498579
    ],
    "53": [
        13869.578904792445,
        3346.1763332993237
    ],
    "54": [
        23241.851455688477,
        1268.2379576340318
    ],
    "55": [
        11611.793396832192,
        22863.864752782534
    ],
    "56": [
        3512.9129764517556,
        23005.420566204895
    ],
    "57": [
        18099.428149933512,
        1212.4331799238287
    ],
    "58": [
        6959.303197743941,
        670.3974638921874
    ],
    "59": [
        620.1042207863485,
        3488.994559835653
    ],
    "60": [
        12452.280546363265,
        923.3535737491591
    ],
    "61": [
        5314.042121887207,
        726.113322057575
    ],
    "62": [
        22898.798460144928,
        8219.609721750452
    ],
    "63": [
        5895.616396484375,
        17636.936044921877
    ],
    "64": [
        16851.1141251929,
        17555.184051890432
    ],
    "65": [
        7423.470867219518,
        2476.9162782762874
    ],
    "66": [
        1125.7207345062832,
        24442.675191627357
    ],
    "67": [
        5537.43595739294,
        2573.155911820023
    ],
    "68": [
        806.1126382265005,
        12856.584538640203
    ],
    "69": [
        6562.623973173254,
        6864.805941712622
    ],
    "70": [
        3763.835290897254,
        560.8978735116395
    ],
    "71": [
        10572.619914581172,
        856.4316575299655
    ],
    "72": [
        3364.5748430524554,
        16746.058189174106
    ],
    "73": [
        11000.61859737169,
        7645.547104589197
    ],
    "74": [
        539.7900446137756,
        1865.658126906969
    ],
    "75": [
        2514.4131907862748,
        5812.614150431146
    ],
    "76": [
        19569.229324776785,
        14315.553013392857
    ],
    "77": [
        8262.476244880158,
        16918.15638273665
    ],
    "78": [
        1535.4988634851243,
        27255.014286747686
    ],
    "79": [
        2443.5957541232638,
        7703.671354166667
    ],
    "80": [
        4457.225992118363,
        6313.318979448977
    ],
    "81": [
        7016.310104085792,
        9102.330411733308
    ],
    "82": [
        17269.13382082063,
        7574.501373539126
    ],
    "83": [
        20077.665589488635,
        21097.275355113637
    ],
    "84": [
        16284.558553890307,
        638.2338380067526
    ],
    "85": [
        640.117040038563,
        504.45542042051045
    ],
    "86": [
        25562.875945060485,
        20541.4669858871
    ],
    "87": [
        4080.687296549479,
        4350.32133992513
    ],
    "88": [
        9582.98477313702,
        9330.447306941105
    ],
    "89": [
        21753.028564453125,
        16762.72270856585
    ],
    "90": [
        16248.056473581415,
        13797.318899054277
    ],
    "91": [
        15579.409388354701,
        10813.970018696582
    ],
    "92": [
        14052.214836060532,
        7873.97509765625
    ],
    "93": [
        16064.76259830298,
        2836.961633543305
    ],
    "94": [
        679.2413715753399,
        6917.970022733094
    ],
    "95": [
        13013.03626554915,
        12548.967090791868
    ],
    "96": [
        22260.22835509418,
        11893.280433968323
    ],
    "97": [
        8839.238128255209,
        7048.808014322916
    ],
    "98": [
        967.7038269940908,
        18904.18634588068
    ],
    "99": [
        5171.524282304067,
        26395.522042410714
    ]
}