{
    "0": [
        5244.00687902114,
        22473.588350183825
    ],
    "1": [
        27565.0333984375,
        2074.328617286682
    ],
    "2": [
        3374.4406960227275,
        6979.122381036932
    ],
    "3": [
        16511.32421875,
        14256.08349609375
    ],
    "4": [
        26627.773046875,
        14374.128515625
    ],
    "5": [
        14234.774038461539,
        9104.701397235576
    ],
    "6": [
        11928.792249177632,
        3527.3312217310854
    ],
    "7": [
        6065.998851102941,
        7779.274715647978
    ],
    "8": [
        13690.539905894886,
        840.74241326072
    ],
    "9": [
        7537.478166852678,
        15960.156529017857
    ],
    "10": [
        11795.2341796875,
        958.6399711336409
    ],
    "11": [
        7850.5938720703125,
        10292.722216796876
    ],
    "12": [
        8797.044655539772,
        22681.282670454544
    ],
    "13": [
        14526.895967371323,
        3291.669720818015
    ],
    "14": [
        7315.387789818548,
        805.9667962597263
    ],
    "15": [
        9415.740234375,
        26767.13671875
    ],
    "16": [
        2569.165969122024,
        17113.350632440477
    ],
    "17": [
        6991.651912913603,
        2985.6379502240347
    ],
    "18": [
        9390.461059570313,
        3042.1224365234375
    ],
    "19": [
        478.5094740516261,
        513.210739429844
    ],
    "20": [
        19760.7578125,
        11118.54131610577
    ],
    "21": [
        922.8267126083374,
        5148.428503417968
    ],
    "22": [
        19499.6853515625,
        3741.5515869140627
    ],
    "23": [
        3210.4859793526784,
        9135.81628999256
    ],
    "24": [
        2591.6034624148638,
        2384.8015637520034
    ],
    "25": [
        16299.492553710938,
        9814.184204101563
    ],
    "26": [
        8931.216441761364,
        12392.444691051136
    ],
    "27": [
        6987.652235243056,
        19531.68142361111
    ],
    "28": [
        726.808055630097,
        3460.886995755709
    ],
    "29": [
        17589.984266493055,
        17971.137369791668
    ],
    "30": [
        4947.47052734375,
        5170.31556640625
    ],
    "31": [
        10942.339904785156,
        10460.984924316406
    ],
    "32": [
        7330.633984375,
        25484.691015625
    ],
    "33": [
        19532.247488839286,
        20773.359933035714
    ],
    "34": [
        10248.071716308594,
        14644.165283203125
    ],
    "35": [
        3871.9504597981772,
        19770.078938802082
    ],
    "36": [
        9926.810221354166,
        18118.441080729168
    ],
    "37": [
        937.1937473470515,
        20632.905184659092
    ],
    "38": [
        5565.7194417317705,
        10383.935017903646
    ],
    "39": [
        3670.7055451766305,
        14317.030825407608
    ],
    "40": [
        2820.7188658102964,
        4329.307923928285
    ],
    "41": [
        13811.04931640625,
        5796.407113882212
    ],
    "42": [
        11726.510667067309,
        8144.1106520432695
    ],
    "43": [
        4856.402675083706,
        17032.14822823661
    ],
    "44": [
        20904.434936523438,
        1588.446114063263
    ],
    "45": [
        10312.817637567934,
        5346.174273947011
    ],
    "46": [
        23208.89285714286,
        5464.867885044643
    ],
    "47": [
        23373.762890625,
        9654.9474609375
    ],
    "48": [
        17113.07121394231,
        3489.8819673978364
    ],
    "49": [
        995.182499225323,
        6841.543256710737
    ],
    "50": [
        1856.5904426574707,
        26712.620279947918
    ],
    "51": [
        19554.4736328125,
        7247.1614990234375
    ],
    "52": [
        24145.983685661766,
        1541.7674605425666
    ],
    "53": [
        1018.2305293083191,
        12579.381795247396
    ],
    "54": [
        4205.892399088541,
        678.264271291097
    ],
    "55": [
        1375.9627893992833,
        23661.618582589286
    ],
    "56": [
        14254.320617675781,
        16883.91619873047
    ],
    "57": [
        3184.4637638972354,
        11519.868689903846
    ],
    "58": [
        7956.19978515625,
        5035.60068359375
    ],
    "59": [
        9420.462565104166,
        880.8550614588188
    ],
    "60": [
        16823.771033653848,
        6402.481032151442
    ],
    "61": [
        2067.3722389914774,
        578.627535013719
    ],
    "62": [
        15630.705757472826,
        938.0422529137653
    ],
    "63": [
        13122.732865767046,
        12365.778852982954
    ],
    "64": [
        4417.565054086538,
        2757.8843947190503
    ],
    "65": [
        14912.268676757813,
        26030.79833984375
    ],
    "66": [
        5717.906725084459,
        1480.8804531612911
    ],
    "67": [
        23500.06328125,
        17273.697265625
    ],
    "68": [
        734.4840907287597,
        1929.5033032226563
    ],
    "69": [
        1036.3503930370014,
        8542.42836216518
    ],
    "70": [
        18167.126686789772,
        645.7381189519709
    ],
    "71": [
        27184.292317708332,
        8837.3330078125
    ],
    "72": [
        20226.168402777777,
        15676.868706597223
    ],
    "73": [
        8662.807996961805,
        7585.822536892361
    ],
    "74": [
        686.1452022075653,
        10219.799772135417
    ],
    "75": [
        6406.567511307566,
        13142.347142269737
    ],
    "76": [
        13472.424438476563,
        21726.848388671875
    ],
    "77": [
        1107.1837038426172,
        14550.497814360118
    ],
    "78": [
        529.3608973185221,
        17972.357421875
    ],
    "79": [
        20974.2484375,
        25148.973828125
    ]
}