{
    "0": [
        2494.4686780050192,
        18217.95329238514
    ],
    "1": [
        7040.824923696242,
        1766.9399034875767
    ],
    "2": [
        6344.908636182108,
        7116.222403841354
    ],
    "3": [
        10487.725463347739,
        2268.936621994837
    ],
    "4": [
        10498.430875958136,
        21864.559749544384
    ],
    "5": [
        1605.1960836746107,
        4989.851898998452
    ],
    "6": [
        1061.2875906656645,
        1337.7577225115429
    ],
    "7": [
        7662.408371076913,
        13781.034866648706
    ],
    "8": [
        3918.6154030095413,
        1745.6003244792448
    ],
    "9": [
        14562.212432553957,
        14386.832663556655
    ],
    "10": [
        19360.16410748106,
        1963.2925970991091
    ],
    "11": [
        2775.4645744184436,
        23941.967198367463
    ],
    "12": [
        11573.296324605235,
        8095.528828004224
    ],
    "13": [
        17752.117763321712,
        7630.826484426876
    ],
    "14": [
        23133.698061512,
        12933.546360417886
    ],
    "15": [
        19963.79489414925,
        21588.216525778786
    ],
    "16": [
        1998.4301012196108,
        13204.144207386364
    ],
    "17": [
        24664.909468529928,
        3408.3567467676344
    ],
    "18": [
        1787.5729430444444,
        8938.135767886513
    ],
    "19": [
        14611.175056337022,
        2182.5921612782768
    ]
}