{
    "0": [
        20338.059606868315,
        13003.98038519385
    ],
    "1": [
        22715.505896648378,
        1199.5501735156388
    ],
    "2": [
        22212.07544137549,
        4851.4818932240405
    ],
    "3": [
        18221.501524939904,
        22904.200030048076
    ],
    "4": [
        9288.622902610085,
        3214.2881797601367
    ],
    "5": [
        10828.201278205588,
        6138.70754891207
    ],
    "6": [
        758.9784927481475,
        4294.992031415303
    ],
    "7": [
        25462.63276571856,
        8690.87794723054
    ],
    "8": [
        10823.265301821044,
        884.7941153529737
    ],
    "9": [
        1117.9339877894354,
        19394.041492124667
    ],
    "10": [
        5549.354643689785,
        5614.926164348135
    ],
    "11": [
        7967.587288336454,
        847.3711514769611
    ],
    "12": [
        5467.525302585384,
        877.9399934453211
    ],
    "13": [
        17909.82656307956,
        4988.391724719492
    ],
    "14": [
        13117.551344421012,
        20357.10711033359
    ],
    "15": [
        8150.867504581404,
        6004.341665461034
    ],
    "16": [
        1474.6226336584346,
        22593.209229443917
    ],
    "17": [
        16681.679431152344,
        1229.3740357369184
    ],
    "18": [
        9068.428639966389,
        21324.47357603561
    ],
    "19": [
        14952.326095381854,
        3871.7558364270562
    ],
    "20": [
        6738.344931622234,
        3112.2765848910517
    ],
    "21": [
        20300.269215947308,
        8452.504087986967
    ],
    "22": [
        6048.349422200521,
        8552.821965680803
    ],
    "23": [
        6927.77595162899,
        25666.49178579344
    ],
    "24": [
        956.8089897166486,
        8943.937809188474
    ],
    "25": [
        635.923121708926,
        2289.1114746411226
    ],
    "26": [
        4281.19436500186,
        17454.00110735212
    ],
    "27": [
        6540.991789694393,
        11379.431215533088
    ],
    "28": [
        25518.04384101942,
        14890.216493476943
    ],
    "29": [
        3088.689499477481,
        761.4829365901062
    ],
    "30": [
        2343.776989476538,
        2593.051040408739
    ],
    "31": [
        15478.616824026065,
        13232.646909157791
    ],
    "32": [
        9399.771232836174,
        9200.610614198627
    ],
    "33": [
        3788.848135642635,
        13515.069527931584
    ],
    "34": [
        834.1072139819614,
        6670.024827796994
    ],
    "35": [
        24488.161817863805,
        23109.47644589552
    ],
    "36": [
        12912.911576704546,
        25481.792134232954
    ],
    "37": [
        2893.3972999702064,
        5083.650223864539
    ],
    "38": [
        13753.139524942242,
        997.6345923484995
    ],
    "39": [
        11852.785723547719,
        15849.054659135114
    ],
    "40": [
        855.0278739870608,
        610.7756707626615
    ],
    "41": [
        1146.667556179882,
        11319.548201375932
    ],
    "42": [
        3601.750017072771,
        10306.831655649039
    ],
    "43": [
        16527.6928877397,
        17114.113608620384
    ],
    "44": [
        16586.31516029095,
        9057.380488954741
    ],
    "45": [
        12112.60552447775,
        3707.39818805197
    ],
    "46": [
        6507.206635485198,
        14607.248238760965
    ],
    "47": [
        26380.713075657895,
        2216.900449848175
    ],
    "48": [
        21487.722542317708,
        17546.77079264323
    ],
    "49": [
        19467.273542924362,
        1463.8310646415603
    ],
    "50": [
        1731.0427525592654,
        26265.33655196629
    ],
    "51": [
        3260.2110280084066,
        7532.599993687619
    ],
    "52": [
        7997.469442339086,
        17425.497726212685
    ],
    "53": [
        1182.0010272898573,
        16271.720924756206
    ],
    "54": [
        13651.373248256532,
        7127.791796323269
    ],
    "55": [
        973.3042517646392,
        13635.973693566388
    ],
    "56": [
        4350.315527103217,
        2918.9118455908765
    ],
    "57": [
        5009.920129697185,
        21391.84421810434
    ],
    "58": [
        9667.964217023151,
        12864.66420838891
    ],
    "59": [
        12512.397018148293,
        10752.284513295808
    ]
}