{
    "0": [
        721.5380445605331,
        8659.89119606942
    ],
    "1": [
        5849.749360867632,
        16951.596933752542
    ],
    "2": [
        661.77482741038,
        6854.13037109375
    ],
    "3": [
        539.6263972299345,
        1863.947551263473
    ],
    "4": [
        8664.649805567286,
        17183.775531390766
    ],
    "5": [
        11845.375454070461,
        2951.9385823049365
    ],
    "6": [
        2038.7550011497754,
        2125.8782417693997
    ],
    "7": [
        4972.694244814591,
        12373.221019476232
    ],
    "8": [
        25508.022786458332,
        25557.01486545139
    ],
    "9": [
        2279.5806902542854,
        619.358136908956
    ],
    "10": [
        641.4330353286168,
        3491.543150016053
    ],
    "11": [
        986.6156140836385,
        21580.062725360578
    ],
    "12": [
        3493.5849322150734,
        18553.17453182445
    ],
    "13": [
        19816.253963694853,
        9098.530819163603
    ],
    "14": [
        6651.164520886479,
        6841.60863012197
    ],
    "15": [
        22506.810500372023,
        11465.668433779761
    ],
    "16": [
        13140.476023567167,
        896.4469877654586
    ],
    "17": [
        22080.728348214285,
        20811.016573660716
    ],
    "18": [
        2591.3567326243333,
        11328.536764005335
    ],
    "19": [
        19092.596015625,
        3212.8341240234377
    ],
    "20": [
        17792.064089981155,
        848.292568031867
    ],
    "21": [
        13877.035896547379,
        7818.978291173135
    ],
    "22": [
        5785.037036968275,
        2461.8307840905713
    ],
    "23": [
        791.1351260243545,
        12605.931798410207
    ],
    "24": [
        26991.95060763889,
        8525.701953125
    ],
    "25": [
        3841.3569224239177,
        2286.268761728324
    ],
    "26": [
        4570.258027607686,
        10110.843306587838
    ],
    "27": [
        8251.971586138288,
        4796.706544109594
    ],
    "28": [
        18302.747018914473,
        20790.28166118421
    ],
    "29": [
        13680.257779582163,
        15821.818205758427
    ],
    "30": [
        12558.153121267915,
        5335.234511843153
    ],
    "31": [
        4399.187187981713,
        3953.3985907721412
    ],
    "32": [
        16590.87191147402,
        2979.4612485586877
    ],
    "33": [
        4458.266315104167,
        5828.377389322916
    ],
    "34": [
        10763.238585633117,
        23354.519911728898
    ],
    "35": [
        3081.4109501008065,
        13564.240732106855
    ],
    "36": [
        11048.942374872968,
        792.6922534772051
    ],
    "37": [
        790.019333818494,
        10580.622098214286
    ],
    "38": [
        10985.8197608056,
        7645.303333629261
    ],
    "39": [
        4602.003527189556,
        7848.5433927837175
    ],
    "40": [
        23606.810777698865,
        1144.3199197162282
    ],
    "41": [
        7244.263886422822,
        22260.370028409092
    ],
    "42": [
        23646.536964699073,
        7059.082628038194
    ],
    "43": [
        18388.422081580527,
        11603.87548828125
    ],
    "44": [
        20007.04639923878,
        15688.324181189904
    ],
    "45": [
        19611.263967803032,
        25728.613517992424
    ],
    "46": [
        7373.055591724537,
        26720.8427734375
    ],
    "47": [
        16244.263571714744,
        17869.51904296875
    ],
    "48": [
        3109.053419596354,
        15777.540553385417
    ],
    "49": [
        12760.639187587782,
        12660.716489641854
    ],
    "50": [
        2535.6369335724276,
        7145.238014720933
    ],
    "51": [
        6234.685508199257,
        4507.262555112933
    ],
    "52": [
        17848.845445165094,
        5609.240404812795
    ],
    "53": [
        6883.080773555871,
        9161.323126775567
    ],
    "54": [
        11875.889153814935,
        17869.650656960228
    ],
    "55": [
        7384.990062401729,
        11531.88827879324
    ],
    "56": [
        22213.511476934524,
        4033.2584914434524
    ],
    "57": [
        9632.187471417683,
        2669.915804234947
    ],
    "58": [
        14178.007384854984,
        3096.9690444048715
    ],
    "59": [
        10197.038311858676,
        11781.92044659515
    ],
    "60": [
        20621.67548643868,
        963.5301070123348
    ],
    "61": [
        3420.298302992335,
        21853.485922759435
    ],
    "62": [
        2531.730515455163,
        9163.503545346468
    ],
    "63": [
        1146.9387698086825,
        24398.53370028409
    ],
    "64": [
        8821.966509080092,
        7049.908122283733
    ],
    "65": [
        4414.595609777114,
        24810.961713005516
    ],
    "66": [
        12193.589746900827,
        9920.338318375516
    ],
    "67": [
        10690.678751969537,
        14631.351414784664
    ],
    "68": [
        5683.430823567708,
        14417.86484375
    ],
    "69": [
        5345.396360001474,
        705.6423551713896
    ],
    "70": [
        26909.866726345484,
        1152.3559321827358
    ],
    "71": [
        26055.83324032738,
        13650.88709077381
    ],
    "72": [
        16258.33837890625,
        14211.149295291385
    ],
    "73": [
        25940.105788352274,
        4361.672088068181
    ],
    "74": [
        15385.75366981908,
        738.6508259597578
    ],
    "75": [
        2577.240974247176,
        5455.359038017165
    ],
    "76": [
        6314.520305227726,
        19531.70557679521
    ],
    "77": [
        7046.68907085218,
        676.4877259946967
    ],
    "78": [
        975.2529467090484,
        18951.557623487904
    ],
    "79": [
        2334.2330322265625,
        3849.5400352478027
    ],
    "80": [
        664.4479529208438,
        5128.799103366341
    ],
    "81": [
        26916.55570023148,
        19298.443359375
    ],
    "82": [
        3783.0700450721156,
        554.3625077557564
    ],
    "83": [
        643.5572552229968,
        503.1245108820186
    ],
    "84": [
        7711.5683011968085,
        2402.669451774435
    ],
    "85": [
        14548.201526988636,
        22729.307084517044
    ],
    "86": [
        20529.10068044355,
        6646.746125252016
    ],
    "87": [
        23460.494091796874,
        16141.629321289063
    ],
    "88": [
        13010.514873798076,
        27236.60441706731
    ],
    "89": [
        1844.321993494034,
        27344.7275390625
    ],
    "90": [
        8085.892441063596,
        14222.160173382676
    ],
    "91": [
        16924.126416455518,
        7974.799743102478
    ],
    "92": [
        958.9244548283614,
        16819.09083299513
    ],
    "93": [
        9840.375457763672,
        20238.588114420574
    ],
    "94": [
        15028.969089314089,
        10926.246176509534
    ],
    "95": [
        9492.710133488017,
        9337.611933887452
    ],
    "96": [
        15046.680743634259,
        5578.310695167824
    ],
    "97": [
        8995.693159377883,
        745.7048919682574
    ],
    "98": [
        10344.706443416262,
        4913.613872639184
    ],
    "99": [
        928.5829275876738,
        14651.79305797906
    ]
}