{
    "0": [
        1942.6695321890024,
        3923.6386061448316
    ],
    "1": [
        4915.3777262369795,
        5567.445556640625
    ],
    "2": [
        3546.9754503038193,
        20018.23806423611
    ],
    "3": [
        762.5989497025807,
        14769.269010416667
    ],
    "4": [
        3019.6437192170515,
        11477.80324388587
    ],
    "5": [
        4774.2822672526045,
        12973.173177083334
    ],
    "6": [
        676.3182387656354,
        1949.5892100232713
    ],
    "7": [
        12308.072568696121,
        815.4258964801656
    ],
    "8": [
        19115.22119140625,
        11828.063720703125
    ],
    "9": [
        18254.32158203125,
        586.1915405273437
    ],
    "10": [
        15439.052001953125,
        21861.93017578125
    ],
    "11": [
        13981.30029296875,
        10663.08017578125
    ],
    "12": [
        2706.221337890625,
        14137.1475
    ],
    "13": [
        5704.807243795956,
        3797.0793744255516
    ],
    "14": [
        9641.583122702206,
        14777.991555606617
    ],
    "15": [
        1530.5150858561199,
        27143.337890625
    ],
    "16": [
        14493.421075994318,
        17033.479936079544
    ],
    "17": [
        4806.637015206473,
        17246.327218191964
    ],
    "18": [
        null,
        null
    ],
    "19": [
        9244.856400923296,
        9983.415305397728
    ],
    "20": [
        15892.46064453125,
        14526.2982421875
    ],
    "21": [
        3049.2414263556984,
        7296.66317210478
    ],
    "22": [
        13914.58579799107,
        25027.78125
    ],
    "23": [
        637.4476219210131,
        10043.787816540947
    ],
    "24": [
        11708.726643880209,
        8281.022338867188
    ],
    "25": [
        10092.766043526786,
        5170.850446428572
    ],
    "26": [
        6134.491394042969,
        19776.000244140625
    ],
    "27": [
        7593.01630859375,
        16515.5908203125
    ],
    "28": [
        20942.281901041668,
        26309.714192708332
    ],
    "29": [
        939.8439371620907,
        8357.216567095587
    ],
    "30": [
        7082.195263671875,
        6431.1121826171875
    ],
    "31": [
        1906.486216019611,
        621.0889547795665
    ],
    "32": [
        1259.799983631481,
        24597.914417613636
    ],
    "33": [
        8338.519461495536,
        26224.123604910714
    ],
    "34": [
        4076.5522705078124,
        2506.783211263021
    ],
    "35": [
        23449.023297991072,
        3638.383318219866
    ],
    "36": [
        3676.9495442708335,
        27007.99609375
    ],
    "37": [
        7158.252668108259,
        713.3347782407488
    ],
    "38": [
        24181.9751953125,
        754.8800735473633
    ],
    "39": [
        2359.157871791295,
        2307.7657191685266
    ],
    "40": [
        641.168773651123,
        17019.306640625
    ],
    "41": [
        17331.240164620536,
        3335.0278669084823
    ],
    "42": [
        2223.184851074219,
        6118.1130859375
    ],
    "43": [
        7597.870436448317,
        2659.563946063702
    ],
    "44": [
        26516.51171875,
        9437.4443359375
    ],
    "45": [
        12991.455419921875,
        5408.567724609375
    ],
    "46": [
        14193.744891826924,
        7733.623197115385
    ],
    "47": [
        4621.439770507813,
        9874.3451171875
    ],
    "48": [
        9049.856626157407,
        925.6765495582863
    ],
    "49": [
        787.7983095722814,
        6895.997920866936
    ],
    "50": [
        19304.443684895832,
        9064.376057942709
    ],
    "51": [
        17022.384033203125,
        26062.7041015625
    ],
    "52": [
        2633.361395263672,
        17147.2890625
    ],
    "53": [
        27704.67822265625,
        4019.7230224609375
    ],
    "54": [
        22741.3853515625,
        6625.31748046875
    ],
    "55": [
        724.2747860958701,
        4968.161595394737
    ],
    "56": [
        570.8678894042969,
        18601.620768229168
    ],
    "57": [
        19831.500355113636,
        3810.316495028409
    ],
    "58": [
        14246.311669921875,
        874.8232311248779
    ],
    "59": [
        9921.41708984375,
        2959.7457885742188
    ],
    "60": [
        6654.934251051683,
        10935.264498197115
    ],
    "61": [
        4760.437109375,
        646.241382408142
    ],
    "62": [
        22159.105794270832,
        10702.443359375
    ],
    "63": [
        15934.889935661764,
        789.0749807918774
    ],
    "64": [
        847.2193820259788,
        12323.87060546875
    ],
    "65": [
        4534.328790838068,
        22729.167613636364
    ],
    "66": [
        11541.949544270834,
        10288.492947048611
    ],
    "67": [
        12166.204996744791,
        13554.150472005209
    ],
    "68": [
        17846.068359375,
        6579.137109375
    ],
    "69": [
        23569.0234375,
        17662.5869140625
    ],
    "70": [
        6442.391202059659,
        22517.741654829544
    ],
    "71": [
        8826.97216796875,
        11869.777425130209
    ],
    "72": [
        4689.028493245442,
        7558.971333821614
    ],
    "73": [
        930.7235465049744,
        21523.468889508928
    ],
    "74": [
        5820.626316879735,
        1737.972861550071
    ],
    "75": [
        2483.907950265067,
        9034.861746651786
    ],
    "76": [
        19339.145703125,
        16141.019140625
    ],
    "77": [
        3515.786076472356,
        545.1809080564059
    ],
    "78": [
        12334.22900390625,
        3377.5635009765624
    ],
    "79": [
        9150.602392578125,
        18349.387890625
    ],
    "80": [
        5476.774480646307,
        14712.758522727272
    ],
    "81": [
        549.9890944455799,
        3303.2203818873354
    ],
    "82": [
        16292.900499131945,
        9365.193684895834
    ],
    "83": [
        10720.3140625,
        917.4886557340621
    ],
    "84": [
        7961.678594680059,
        4519.012114025298
    ],
    "85": [
        21712.801953125,
        15220.972265625
    ],
    "86": [
        15361.425862630209,
        5396.148518880208
    ],
    "87": [
        12008.349975585938,
        19180.391845703125
    ],
    "88": [
        17589.984266493055,
        17971.137369791668
    ],
    "89": [
        9383.698016826924,
        7597.421912560096
    ],
    "90": [
        27219.546037946428,
        933.0633078983852
    ],
    "91": [
        3489.3890380859375,
        4514.234187825521
    ],
    "92": [
        7308.865993923611,
        13940.808159722223
    ],
    "93": [
        458.31541066556366,
        511.9073695548483
    ],
    "94": [
        20325.901227678572,
        20864.609375
    ],
    "95": [
        26658.2548828125,
        15074.835693359375
    ],
    "96": [
        6730.700390625,
        8268.693994140625
    ],
    "97": [
        9372.564147949219,
        22707.023193359375
    ],
    "98": [
        15027.223353794643,
        2923.699637276786
    ],
    "99": [
        20784.044170673078,
        1248.1269818819487
    ]
}