{
    "0": [
        14660.219764645717,
        13959.044749140407
    ],
    "1": [
        2185.277197762981,
        15067.425594382476
    ],
    "2": [
        13491.168020228904,
        1838.6539922947961
    ],
    "3": [
        13099.344260782691,
        22704.462877124137
    ],
    "4": [
        21530.71947221664,
        9862.909472499246
    ],
    "5": [
        2248.8310045918593,
        11185.697440583735
    ],
    "6": [
        8212.412336715957,
        11377.301062262623
    ],
    "7": [
        9044.686753063224,
        1981.208652548926
    ],
    "8": [
        4958.698890822869,
        1647.89326608181
    ],
    "9": [
        1355.646194867987,
        1132.5247414437692
    ],
    "10": [
        1762.9179788862161,
        7583.384214525715
    ],
    "11": [
        1740.9142247030568,
        19783.91114700297
    ],
    "12": [
        6687.236999224011,
        6307.745448133681
    ],
    "13": [
        13175.628977746825,
        7271.2809240585975
    ],
    "14": [
        24113.98379596294,
        2738.2443543037375
    ],
    "15": [
        18251.87235211547,
        2710.142977383982
    ],
    "16": [
        7706.961280616554,
        17411.389838219915
    ],
    "17": [
        3735.3654857784622,
        24712.196771857445
    ],
    "18": [
        21974.740207248266,
        19083.894452582466
    ],
    "19": [
        1602.3185145957093,
        4200.515024087521
    ]
}