{
    "0": [
        17384.49853515625,
        813.0818252563477
    ],
    "1": [
        7904.386067708333,
        6050.924479166667
    ],
    "2": [
        2234.299560546875,
        1178.6820068359375
    ],
    "3": [
        23025.2109375,
        2880.4667053222656
    ],
    "4": [
        15395.15283203125,
        23817.5615234375
    ],
    "5": [
        3351.6705322265625,
        8783.1123046875
    ],
    "6": [
        19024.771484375,
        4745.389322916667
    ],
    "7": [
        3674.225830078125,
        3667.5025634765625
    ],
    "8": [
        639.0352935791016,
        3828.916748046875
    ],
    "9": [
        17273.039794921875,
        16445.357177734375
    ],
    "10": [
        13762.979817708334,
        2027.5706380208333
    ],
    "11": [
        12399.5263671875,
        12489.54833984375
    ],
    "12": [
        2700.7165018717446,
        13585.041015625
    ],
    "13": [
        12877.37646484375,
        7185.905517578125
    ],
    "14": [
        5088.031575520833,
        3709.0050455729165
    ],
    "15": [
        11560.9912109375,
        591.875732421875
    ],
    "16": [
        2010.8128662109375,
        2614.723388671875
    ],
    "17": [
        963.2384033203125,
        1051.6942138671875
    ],
    "18": [
        8107.895670572917,
        1241.266825358073
    ],
    "19": [
        10715.18359375,
        19232.439453125
    ],
    "20": [
        2139.123046875,
        9702.251953125
    ],
    "21": [
        12702.72998046875,
        288.1408233642578
    ],
    "22": [
        918.1500549316406,
        2213.4376220703125
    ],
    "23": [
        952.354970296224,
        6473.268391927083
    ],
    "24": [
        3065.6197509765625,
        5040.3974609375
    ],
    "25": [
        1132.8438186645508,
        25273.681640625
    ],
    "26": [
        24110.70703125,
        14828.900390625
    ],
    "27": [
        1372.733154296875,
        9.330373764038086
    ],
    "28": [
        24234.8076171875,
        8539.318359375
    ],
    "29": [
        6052.622884114583,
        8719.984375
    ],
    "30": [
        817.7203369140625,
        10330.3076171875
    ],
    "31": [
        19006.921875,
        7962.339599609375
    ],
    "32": [
        4017.65380859375,
        20382.012369791668
    ],
    "33": [
        4835.596923828125,
        1734.4149780273438
    ],
    "34": [
        10048.39013671875,
        2270.5520629882813
    ],
    "35": [
        176.36371660232544,
        1865.6885986328125
    ],
    "36": [
        9671.226806640625,
        7340.180908203125
    ],
    "37": [
        4809.357014973958,
        703.0663604736328
    ],
    "38": [
        9724.160888671875,
        16351.87744140625
    ],
    "39": [
        268.10374999046326,
        8699.150390625
    ]
}