{
    "0": [
        5701.0571488360965,
        8106.41236846301
    ],
    "1": [
        11739.65373263889,
        5656.932926432291
    ],
    "2": [
        862.677963337405,
        11078.652384159483
    ],
    "3": [
        3841.6990786693136,
        493.57702056697156
    ],
    "4": [
        21442.90961502259,
        1271.1057909166957
    ],
    "5": [
        6301.931956976232,
        24133.045389524646
    ],
    "6": [
        23170.27981505102,
        4088.863096898916
    ],
    "7": [
        6337.68647428167,
        570.58103120407
    ],
    "8": [
        1650.5797925041718,
        5130.4755859375
    ],
    "9": [
        17150.438103170956,
        25279.5703125
    ],
    "10": [
        2970.5933743990386,
        4457.574676513672
    ],
    "11": [
        25926.331640625,
        13146.047417534723
    ],
    "12": [
        2047.5966202727461,
        6945.794459520188
    ],
    "13": [
        4486.57181300474,
        4583.2267846954
    ],
    "14": [
        19883.088239397322,
        4372.119285946801
    ],
    "15": [
        12043.879775497939,
        8522.39569561298
    ],
    "16": [
        16817.88642785904,
        3574.221648520612
    ],
    "17": [
        11718.57947556516,
        845.667414208676
    ],
    "18": [
        10712.304747289541,
        25814.095145089286
    ],
    "19": [
        3305.115800337358,
        3017.729612038352
    ],
    "20": [
        625.8299720867684,
        18936.88119346217
    ],
    "21": [
        15803.859712577161,
        7640.200677565586
    ],
    "22": [
        9526.84812468242,
        4603.847801146469
    ],
    "23": [
        14286.259495907738,
        3314.8558128720238
    ],
    "24": [
        7810.620465959822,
        3809.0804552350723
    ],
    "25": [
        431.94004159529555,
        2066.667370056838
    ],
    "26": [
        26375.398546006945,
        5771.5207926432295
    ],
    "27": [
        11943.386062237394,
        3307.8555036272323
    ],
    "28": [
        3810.4228636188273,
        7239.865101755401
    ],
    "29": [
        818.6395656870944,
        14878.419773646763
    ],
    "30": [
        2890.952289722584,
        12250.464246961805
    ],
    "31": [
        2612.4846345475576,
        8458.889605772149
    ],
    "32": [
        681.7306101435706,
        7788.461135137649
    ],
    "33": [
        4584.354675292969,
        21242.26186236213
    ],
    "34": [
        2753.050508045015,
        375.7261736336209
    ],
    "35": [
        9757.579741753472,
        6722.842106119791
    ],
    "36": [
        22538.092694256757,
        7712.7789867504225
    ],
    "37": [
        7163.775326936141,
        1746.1022159742272
    ],
    "38": [
        826.071365311198,
        13011.413592039233
    ],
    "39": [
        6184.567086727061,
        2842.9962093272106
    ],
    "40": [
        6396.0363180226295,
        17848.788557381464
    ],
    "41": [
        423.6133056103237,
        4767.548107328869
    ],
    "42": [
        18992.327573529412,
        9483.534466911764
    ],
    "43": [
        4405.953255789621,
        9639.43715122768
    ],
    "44": [
        8076.4654614997635,
        522.5053981072975
    ],
    "45": [
        1818.7664815437895,
        2493.1291524422268
    ],
    "46": [
        4083.40762765067,
        27954.28666294643
    ],
    "47": [
        13072.348617788462,
        21358.771123798077
    ],
    "48": [
        5189.069174556409,
        1584.2860645358846
    ],
    "49": [
        13980.57880015432,
        10191.237099729939
    ],
    "50": [
        18145.95250692247,
        6432.2922146954115
    ],
    "51": [
        19590.81882282839,
        15866.837211996823
    ],
    "52": [
        8222.949046688987,
        8068.652125186012
    ],
    "53": [
        23922.569861778848,
        906.5296186813941
    ],
    "54": [
        4767.211217151988,
        2970.458154296875
    ],
    "55": [
        2435.631758350437,
        1399.6570398363017
    ],
    "56": [
        24357.418646364797,
        17978.205915178572
    ],
    "57": [
        381.2035585486137,
        494.56752139168816
    ],
    "58": [
        2763.6035473831303,
        10158.119950457318
    ],
    "59": [
        3505.3031982421876,
        17697.4078125
    ],
    "60": [
        3152.887191772461,
        5806.888081868489
    ],
    "61": [
        4990.069410342262,
        406.6820384105047
    ],
    "62": [
        9529.369007457386,
        9786.926816998106
    ],
    "63": [
        17259.519586527123,
        1016.1396411050041
    ],
    "64": [
        7144.246088555518,
        14925.37646484375
    ],
    "65": [
        11651.085458431604,
        12314.149552255307
    ],
    "66": [
        1273.6752032527218,
        25591.37126253858
    ],
    "67": [
        9920.873967810523,
        18653.399747824365
    ],
    "68": [
        19174.033686372422,
        967.364996403763
    ],
    "69": [
        10753.214161104368,
        15427.775627654733
    ],
    "70": [
        13382.341180463209,
        1079.0784760671304
    ],
    "71": [
        16278.23368033183,
        12532.07951433634
    ],
    "72": [
        6760.319350440904,
        10221.007590114481
    ],
    "73": [
        500.0647635925561,
        6210.704486846924
    ],
    "74": [
        1726.0053778132167,
        3700.513916015625
    ],
    "75": [
        1133.517864002901,
        1323.4648136812098
    ],
    "76": [
        17673.585471754806,
        19734.92551081731
    ],
    "77": [
        7249.472973632813,
        6069.931577148437
    ],
    "78": [
        10135.792008880877,
        2474.618194319244
    ],
    "79": [
        23216.95255796371,
        23471.62833921371
    ],
    "80": [
        26847.030087425595,
        1427.1522353263128
    ],
    "81": [
        432.5859438095129,
        3367.488625266335
    ],
    "82": [
        5170.976474521396,
        12424.62963647241
    ],
    "83": [
        797.1689639383433,
        9188.6706725659
    ],
    "84": [
        1619.875202584774,
        382.51825148332205
    ],
    "85": [
        8103.825612921464,
        20869.48648231908
    ],
    "86": [
        14175.24041015625,
        5814.760834960937
    ],
    "87": [
        1208.691429070752,
        22393.229344223484
    ],
    "88": [
        21377.78984375,
        12387.614990234375
    ],
    "89": [
        8367.021094645928,
        12544.354626576835
    ],
    "90": [
        5275.074944196429,
        6225.164755394345
    ],
    "91": [
        14612.686145019532,
        16139.08341064453
    ],
    "92": [
        6144.0673828125,
        4506.861826371173
    ],
    "93": [
        8642.505424849483,
        2176.223097494983
    ],
    "94": [
        2403.5136444091795,
        20128.102978515624
    ],
    "95": [
        9756.447442626953,
        617.5098690077663
    ],
    "96": [
        3539.779832839966,
        14742.962348937988
    ],
    "97": [
        3883.8873613465507,
        1712.7330276201355
    ],
    "98": [
        1109.1010080065046,
        16928.131128427933
    ],
    "99": [
        15308.32064525463,
        1036.8224505000644
    ]
}