{
    "0": [
        14985.555588666131,
        14003.146053538603
    ],
    "1": [
        8832.689602699762,
        14360.770416337025
    ],
    "2": [
        23175.431417713993,
        13137.661769701086
    ],
    "3": [
        4919.079308532926,
        1447.9152101732043
    ],
    "4": [
        9012.549764155723,
        1859.6566632189795
    ],
    "5": [
        1549.885311461384,
        4671.946654676517
    ],
    "6": [
        13322.573198533217,
        2070.0498424507923
    ],
    "7": [
        10071.004757351346,
        21807.767774793836
    ],
    "8": [
        18171.271816216627,
        1818.7354971100983
    ],
    "9": [
        1868.2436631973353,
        13396.748134278185
    ],
    "10": [
        1297.4834558943812,
        1210.878569197997
    ],
    "11": [
        5702.981758728725,
        10186.393608320222
    ],
    "12": [
        2634.5514631554984,
        24459.419718575744
    ],
    "13": [
        24111.91203098871,
        3249.949888086638
    ],
    "14": [
        1653.7872417605722,
        8642.020137944677
    ],
    "15": [
        17476.681828641344,
        7627.589565934806
    ],
    "16": [
        5898.354066965259,
        5501.514776259817
    ],
    "17": [
        19705.517171729425,
        21163.596891983696
    ],
    "18": [
        10877.26145906484,
        7567.868645028675
    ],
    "19": [
        2608.705358595264,
        18582.59990389385
    ]
}