{
    "0": [
        7618.102154071515,
        3617.2218346228965
    ],
    "1": [
        6130.732284545898,
        18915.436401367188
    ],
    "2": [
        3553.312595533288,
        7253.858026919158
    ],
    "3": [
        1087.2873128696724,
        9777.643771701389
    ],
    "4": [
        12669.6052734375,
        13106.94345703125
    ],
    "5": [
        1298.7160647074381,
        18319.308268229168
    ],
    "6": [
        6654.833560130635,
        1229.93762651037
    ],
    "7": [
        10759.34434000651,
        4898.653030395508
    ],
    "8": [
        4398.98344930013,
        10659.775248209635
    ],
    "9": [
        954.8285430908203,
        4487.5890625
    ],
    "10": [
        2144.234367813383,
        22225.491559709822
    ],
    "11": [
        16677.7632421875,
        1474.5608937072755
    ],
    "12": [
        15254.232893318966,
        8724.473767510775
    ],
    "13": [
        19283.22919921875,
        11597.89052734375
    ],
    "14": [
        1910.6666493733724,
        26380.480729166666
    ],
    "15": [
        11016.716493803879,
        8942.696743669181
    ],
    "16": [
        14869.17054966518,
        24466.373883928572
    ],
    "17": [
        9781.800113075658,
        1232.7565632452045
    ],
    "18": [
        12161.555147058823,
        18855.20588235294
    ],
    "19": [
        4144.532720392401,
        1185.3099718744104
    ],
    "20": [
        24130.2314453125,
        16571.46494140625
    ],
    "21": [
        9106.600143432617,
        15328.550354003906
    ],
    "22": [
        25319.248111979166,
        2027.7232094446817
    ],
    "23": [
        8009.195391680743,
        10881.943570523648
    ],
    "24": [
        12979.49851032839,
        1158.8144540301823
    ],
    "25": [
        3819.438751220703,
        4152.790699005127
    ],
    "26": [
        1214.3637105545195,
        709.9282909451734
    ],
    "27": [
        5798.491691080729,
        13947.16484375
    ],
    "28": [
        24846.475060096152,
        9153.391751802885
    ],
    "29": [
        1052.2880667282475,
        6817.475594979745
    ],
    "30": [
        2996.0541574578538,
        15719.782277960527
    ],
    "31": [
        14474.357198660715,
        5026.822209821428
    ],
    "32": [
        6731.069073016827,
        7248.51523061899
    ],
    "33": [
        20902.26513671875,
        23682.255859375
    ],
    "34": [
        7528.048238118489,
        23957.464192708332
    ],
    "35": [
        1185.6475243189118,
        13136.126598011364
    ],
    "36": [
        20266.535970052082,
        1472.5132389068604
    ],
    "37": [
        1114.4267261384548,
        2532.9012773886493
    ],
    "38": [
        17289.498639787947,
        17113.116315569197
    ],
    "39": [
        20182.123119212964,
        5324.039071542245
    ]
}