{
    "0": [
        8461.38995028409,
        1861.732801250978
    ],
    "1": [
        24327.004264987245,
        3165.050492150443
    ],
    "2": [
        23094.900462962964,
        12575.78978587963
    ],
    "3": [
        4787.47614998653,
        1794.7304745378165
    ],
    "4": [
        5577.130239201688,
        7017.267140355603
    ],
    "5": [
        10990.797487745098,
        11940.780522365196
    ],
    "6": [
        6054.616501266892,
        11371.01146801098
    ],
    "7": [
        1533.1451444327831,
        10451.961813534008
    ],
    "8": [
        15789.821273311492,
        7525.2640735257055
    ],
    "9": [
        18155.29021139706,
        1865.2880326439354
    ],
    "10": [
        19943.503526475695,
        21761.356119791668
    ],
    "11": [
        2860.731601855794,
        23098.032562756147
    ],
    "12": [
        16049.026701274672,
        16232.963764391447
    ],
    "13": [
        1554.881580449358,
        5436.254190565664
    ],
    "14": [
        2171.262632923656,
        16090.818999565972
    ],
    "15": [
        7725.368096713362,
        17041.03579606681
    ],
    "16": [
        10095.684143066406,
        6180.290809631348
    ],
    "17": [
        13047.616901901532,
        1831.6619986318192
    ],
    "18": [
        1265.38366638422,
        1528.3664894782007
    ],
    "19": [
        10905.952499389648,
        23995.736450195313
    ]
}