{
    "0": [
        15715.626098632813,
        14925.610961914063
    ],
    "1": [
        7300.399251302083,
        24622.2021484375
    ],
    "2": [
        9102.462829589844,
        18928.857177734375
    ],
    "3": [
        9259.568777901786,
        883.4645873478481
    ],
    "4": [
        6335.8781174879805,
        1073.2459936875564
    ],
    "5": [
        15746.626139322916,
        17495.080891927082
    ],
    "6": [
        936.4669820038896,
        8519.121839021382
    ],
    "7": [
        3576.4402965198865,
        1883.935019753196
    ],
    "8": [
        2719.45654296875,
        8614.095893012152
    ],
    "9": [
        15544.092041015625,
        5254.419270833333
    ],
    "10": [
        23284.104817708332,
        16940.7197265625
    ],
    "11": [
        623.2058720906575,
        18073.168359375
    ],
    "12": [
        4790.063232421875,
        18774.209716796875
    ],
    "13": [
        16099.028686523438,
        743.0597162246704
    ],
    "14": [
        7598.129638671875,
        2606.5751436673677
    ],
    "15": [
        14424.45546875,
        767.277265548706
    ],
    "16": [
        22787.387890625,
        10130.2208984375
    ],
    "17": [
        2814.2945963541665,
        17243.229654947918
    ],
    "18": [
        12971.472778320313,
        16473.419799804688
    ],
    "19": [
        24038.1416015625,
        1028.6145184834797
    ],
    "20": [
        2983.8799932570682,
        14288.14829799107
    ],
    "21": [
        11076.965475643383,
        785.9738310365116
    ],
    "22": [
        1808.629974988042,
        727.6726700432447
    ],
    "23": [
        14277.903238932291,
        7810.9517008463545
    ],
    "24": [
        12342.4212890625,
        3492.5460693359373
    ],
    "25": [
        650.2644964579878,
        10184.441709321121
    ],
    "26": [
        4651.294128417969,
        7453.362984793527
    ],
    "27": [
        17501.471261160714,
        3264.3785226004466
    ],
    "28": [
        24069.559765625,
        4158.18017578125
    ],
    "29": [
        11541.949544270834,
        10288.492947048611
    ],
    "30": [
        12545.581380208334,
        20068.557942708332
    ],
    "31": [
        22445.85498046875,
        6442.16845703125
    ],
    "32": [
        19558.375,
        20106.870849609375
    ],
    "33": [
        1229.6468073037954,
        23660.891075721152
    ],
    "34": [
        10773.367337740385,
        4971.5178786057695
    ],
    "35": [
        8884.080240885416,
        12291.039306640625
    ],
    "36": [
        9831.526550292969,
        15190.517517089844
    ],
    "37": [
        2479.1973334418403,
        6414.227900752315
    ],
    "38": [
        4598.4781459263395,
        624.040785925729
    ],
    "39": [
        20510.01697716346,
        3584.0045635516826
    ],
    "40": [
        22457.98828125,
        23721.5478515625
    ],
    "41": [
        6258.8267578125,
        3796.083459472656
    ],
    "42": [
        9983.697531960228,
        2869.4851407137785
    ],
    "43": [
        7715.871940104166,
        16800.723958333332
    ],
    "44": [
        14107.676513671875,
        25152.84423828125
    ],
    "45": [
        19351.94873046875,
        16638.5546875
    ],
    "46": [
        18311.578741776317,
        612.7813206722861
    ],
    "47": [
        4294.792419433594,
        4972.702290852864
    ],
    "48": [
        9550.8798828125,
        22617.395647321428
    ],
    "49": [
        1012.146372421928,
        12547.592433763586
    ],
    "50": [
        27219.546037946428,
        933.0633078983852
    ],
    "51": [
        3676.9495442708335,
        27007.99609375
    ],
    "52": [
        807.0483448505402,
        6919.228134155273
    ],
    "53": [
        15027.223353794643,
        2923.699637276786
    ],
    "54": [
        13981.30029296875,
        10663.08017578125
    ],
    "55": [
        13222.188990542763,
        5598.566431949013
    ],
    "56": [
        6696.869194878473,
        21257.68923611111
    ],
    "57": [
        9087.58740234375,
        26602.9423828125
    ],
    "58": [
        9215.28988647461,
        9829.031616210938
    ],
    "59": [
        5297.054280598958,
        16592.14599609375
    ],
    "60": [
        7636.223828125,
        783.7774332046508
    ],
    "61": [
        6730.700390625,
        8268.693994140625
    ],
    "62": [
        4621.439770507813,
        9874.3451171875
    ],
    "63": [
        15932.0224609375,
        21987.161458333332
    ],
    "64": [
        27357.8798828125,
        16605.748046875
    ],
    "65": [
        344.7030022577806,
        14333.579367897728
    ],
    "66": [
        20817.321126302082,
        1151.086477279663
    ],
    "67": [
        11708.726643880209,
        8281.022338867188
    ],
    "68": [
        3279.588189019097,
        20180.224175347223
    ],
    "69": [
        3114.9807006835936,
        310.79872889518737
    ],
    "70": [
        16239.793511284723,
        8612.61279296875
    ],
    "71": [
        1620.6665954589844,
        15716.96376953125
    ],
    "72": [
        17210.227864583332,
        12013.623046875
    ],
    "73": [
        19356.883680555555,
        9537.19775390625
    ],
    "74": [
        18701.206640625,
        26432.106640625
    ],
    "75": [
        1249.8040754530166,
        26614.161675347223
    ],
    "76": [
        26519.17822265625,
        8903.98046875
    ],
    "77": [
        18252.902994791668,
        6238.051106770833
    ],
    "78": [
        4839.867154947917,
        22747.20859375
    ],
    "79": [
        7205.522495814732,
        14250.8662109375
    ],
    "80": [
        12460.946693157328,
        938.4981263259361
    ],
    "81": [
        5285.122294108073,
        2080.661417643229
    ],
    "82": [
        3030.1190283203123,
        11469.94984375
    ],
    "83": [
        791.6740107536316,
        20536.3330078125
    ],
    "84": [
        6592.577427455357,
        11023.996895926339
    ],
    "85": [
        659.4406753208326,
        1960.0932192595108
    ],
    "86": [
        4840.657383510044,
        13611.902134486607
    ],
    "87": [
        8553.063264266304,
        4779.254967730978
    ],
    "88": [
        20286.095145089286,
        12776.950474330357
    ],
    "89": [
        26141.03515625,
        12886.382161458334
    ],
    "90": [
        589.1905714330219,
        3409.0032319568454
    ],
    "91": [
        6942.336474609375,
        6438.561328125
    ],
    "92": [
        439.357276863522,
        509.93574639740916
    ],
    "93": [
        2240.088249206543,
        2519.2474212646484
    ],
    "94": [
        12094.13154296875,
        13211.5919921875
    ],
    "95": [
        758.1532318527634,
        5036.040448163007
    ],
    "96": [
        3919.2856188322367,
        3424.9302657277963
    ],
    "97": [
        9545.320591517857,
        6967.764299665178
    ],
    "98": [
        27704.67822265625,
        4019.7230224609375
    ],
    "99": [
        2341.004654422883,
        4233.9161022555445
    ]
}