{
    "0": [
        23114.432942708332,
        12634.250831886575
    ],
    "1": [
        14909.676990327382,
        15570.486281622023
    ],
    "2": [
        15035.761705372432,
        2293.7541864473524
    ],
    "3": [
        19056.11595184949,
        1686.571253718162
    ],
    "4": [
        7573.97018093533,
        11463.766235351563
    ],
    "5": [
        11398.275666360294,
        1668.8731019581066
    ],
    "6": [
        24427.47182513298,
        3251.8603098849035
    ],
    "7": [
        19752.591574928978,
        21054.761363636364
    ],
    "8": [
        7743.0667210098145,
        2234.8068607109635
    ],
    "9": [
        5601.795821480129,
        7127.474662449049
    ],
    "10": [
        1140.7174509173944,
        1559.956983386686
    ],
    "11": [
        16073.20166015625,
        8388.197139033566
    ],
    "12": [
        11002.573128962862,
        6980.024180536685
    ],
    "13": [
        2909.999082949854,
        23055.05752268145
    ],
    "14": [
        1879.3303602746696,
        10746.394781443698
    ],
    "15": [
        4321.921209490741,
        1747.965028084649
    ],
    "16": [
        1546.3398136255832,
        5513.15521083734
    ],
    "17": [
        10905.952499389648,
        23995.736450195313
    ],
    "18": [
        2398.861303311128,
        16290.03155048077
    ],
    "19": [
        8225.647298177084,
        16579.473111979165
    ]
}