{
    "0": [
        22628.525065104168,
        5202.671088324652
    ],
    "1": [
        14983.013232421876,
        16313.907763671876
    ],
    "2": [
        6613.207356770833,
        23058.608723958332
    ],
    "3": [
        13597.694641113281,
        11353.9873046875
    ],
    "4": [
        3075.9502505896226,
        2951.768893259876
    ],
    "5": [
        20230.070556640625,
        15398.349609375
    ],
    "6": [
        3717.59375,
        7847.844509548611
    ],
    "7": [
        10996.279356060606,
        4192.195578835227
    ],
    "8": [
        19643.414248511905,
        1068.4402429489862
    ],
    "9": [
        14912.268676757813,
        26030.79833984375
    ],
    "10": [
        3205.7816476004464,
        5543.386439732143
    ],
    "11": [
        3586.3390731811523,
        11060.71728515625
    ],
    "12": [
        25401.205636160714,
        8620.81333705357
    ],
    "13": [
        969.1644271850586,
        4538.6500244140625
    ],
    "14": [
        458.5589371094337,
        783.1528915206974
    ],
    "15": [
        4366.133679620151,
        845.8130437259016
    ],
    "16": [
        21018.983258928572,
        24073.248883928572
    ],
    "17": [
        9971.873259171196,
        10261.66164232337
    ],
    "18": [
        1179.4824346133641,
        20535.063058035714
    ],
    "19": [
        1080.337539264134,
        12004.918247767857
    ],
    "20": [
        24602.29659598214,
        17082.854631696428
    ],
    "21": [
        17171.845458984375,
        1140.7381372451782
    ],
    "22": [
        27395.957741477272,
        2055.4850222847676
    ],
    "23": [
        15677.72248391544,
        8390.648810891544
    ],
    "24": [
        8154.541515531994,
        3725.2540108816966
    ],
    "25": [
        18179.8533203125,
        4588.662294921875
    ],
    "26": [
        9084.8379296875,
        6739.058671875
    ],
    "27": [
        6583.947819636418,
        1288.1663435422456
    ],
    "28": [
        14418.825699344758,
        4946.962496849798
    ],
    "29": [
        17694.198974609375,
        12253.074584960938
    ],
    "30": [
        23738.06907894737,
        1500.7632454320003
    ],
    "31": [
        798.0385366039,
        2652.9377777541895
    ],
    "32": [
        12420.307360197368,
        1228.4609836779143
    ],
    "33": [
        1910.6666493733724,
        26380.480729166666
    ],
    "34": [
        13190.597113715277,
        21723.694010416668
    ],
    "35": [
        2037.4351048325047,
        768.4574347770575
    ],
    "36": [
        906.0105168277568,
        9485.282115589489
    ],
    "37": [
        4150.771536690848,
        14182.069649832589
    ],
    "38": [
        5360.1219274009145,
        3454.659257097942
    ],
    "39": [
        11125.432834201389,
        17944.39431423611
    ],
    "40": [
        25538.80615234375,
        12569.983154296875
    ],
    "41": [
        6344.354626885776,
        6654.845349542026
    ],
    "42": [
        6330.6473388671875,
        8982.470001220703
    ],
    "43": [
        4093.7366333007813,
        17448.673897879464
    ],
    "44": [
        10573.402294921874,
        13897.79912109375
    ],
    "45": [
        7728.785789207176,
        15866.936378761575
    ],
    "46": [
        14765.029575892857,
        1095.245036315918
    ],
    "47": [
        8674.316064453125,
        25442.3654296875
    ],
    "48": [
        8162.246168870192,
        19457.0546875
    ],
    "49": [
        18339.851422991072,
        18905.061104910714
    ],
    "50": [
        19960.87081473214,
        10072.615199497768
    ],
    "51": [
        1229.087258605957,
        17717.460234375
    ],
    "52": [
        1031.5535918649505,
        6833.240301393995
    ],
    "53": [
        12432.09228515625,
        7431.602206143466
    ],
    "54": [
        10543.319580078125,
        1180.077191403934
    ],
    "55": [
        1171.142238443548,
        23282.444779829544
    ],
    "56": [
        4897.96533203125,
        21533.811580882353
    ],
    "57": [
        6969.376274956598,
        11719.410373263889
    ],
    "58": [
        8730.83544921875,
        998.7505927366369
    ],
    "59": [
        1345.9446134978327,
        14388.943258351293
    ]
}