{
    "0": [
        6600.717360276442,
        5769.042330228365
    ],
    "1": [
        990.1180761428107,
        13644.0009765625
    ],
    "2": [
        19539.88427734375,
        1291.826608300209
    ],
    "3": [
        24966.9228515625,
        1058.5897552490235
    ],
    "4": [
        11637.141682942709,
        1370.286112467448
    ],
    "5": [
        4694.404718572443,
        1116.1806640625
    ],
    "6": [
        5760.920143821023,
        10611.249200994318
    ],
    "7": [
        870.876818429856,
        18104.346214657737
    ],
    "8": [
        607.4271179040273,
        10136.848876953125
    ],
    "9": [
        6839.598702566965,
        22848.860212053572
    ],
    "10": [
        12475.099165482954,
        3003.4378773082385
    ],
    "11": [
        617.1600934196921,
        5149.909610523897
    ],
    "12": [
        10057.526041666666,
        8451.765679253473
    ],
    "13": [
        5166.274058948864,
        4404.568403764205
    ],
    "14": [
        10661.04727711397,
        21553.66440716912
    ],
    "15": [
        3462.0565592447915,
        580.5578323364258
    ],
    "16": [
        15825.9326171875,
        4046.7551432291666
    ],
    "17": [
        24281.76154119318,
        9889.200639204546
    ],
    "18": [
        409.91220207214354,
        3637.38828125
    ],
    "19": [
        5883.264680989583,
        458.0908714294434
    ],
    "20": [
        3215.7330627441406,
        2087.9756927490234
    ],
    "21": [
        5432.341768152573,
        7125.561150045956
    ],
    "22": [
        4093.2263793945313,
        3584.512451171875
    ],
    "23": [
        6535.566162109375,
        26298.98046875
    ],
    "24": [
        7133.282145182292,
        3763.2250162760415
    ],
    "25": [
        3376.8540541704965,
        20302.88120404412
    ],
    "26": [
        3819.3692220052085,
        7175.629069010417
    ],
    "27": [
        1272.6785202026367,
        1655.9541549682617
    ],
    "28": [
        18352.05841619318,
        11636.45205965909
    ],
    "29": [
        1990.5018199573863,
        502.6430519277399
    ],
    "30": [
        16743.956787109375,
        17520.381266276043
    ],
    "31": [
        14754.3173828125,
        1493.420850276947
    ],
    "32": [
        413.6980547904968,
        553.8866701126099
    ],
    "33": [
        8133.716262090774,
        19047.999906994046
    ],
    "34": [
        2829.742218017578,
        5904.398254394531
    ],
    "35": [
        2133.8650797526043,
        11327.780729166667
    ],
    "36": [
        13594.907421875,
        9091.67294921875
    ],
    "37": [
        8866.3140625,
        15442.755338541667
    ],
    "38": [
        8242.487033420139,
        9323.921061197916
    ],
    "39": [
        3908.5968111478364,
        9534.62567608173
    ],
    "40": [
        4976.800537109375,
        17077.087530838817
    ],
    "41": [
        4843.008744673295,
        2460.2928466796875
    ],
    "42": [
        2350.1738525390624,
        24404.279296875
    ],
    "43": [
        2846.568798828125,
        3209.3173828125
    ],
    "44": [
        22098.05859375,
        239.5867156982422
    ],
    "45": [
        13767.947716346154,
        12255.07684795673
    ],
    "46": [
        2363.5999192457934,
        7478.593637319712
    ],
    "47": [
        16980.994954427082,
        1354.2462763256497
    ],
    "48": [
        18095.114118303572,
        6952.402064732143
    ],
    "49": [
        4218.772310697115,
        5523.80859375
    ],
    "50": [
        8664.451232910156,
        1631.7266311645508
    ],
    "51": [
        6409.111328125,
        2080.3631727430557
    ],
    "52": [
        8839.51640625,
        3789.312744140625
    ],
    "53": [
        347.27433274586997,
        2141.8159912109377
    ],
    "54": [
        9847.90438565341,
        2355.3979048295455
    ],
    "55": [
        12794.903586647728,
        15220.128639914772
    ],
    "56": [
        2539.5868483323316,
        4753.026630108173
    ],
    "57": [
        1538.6222127278645,
        6911.892740885417
    ],
    "58": [
        1432.5229356553818,
        3804.774658203125
    ],
    "59": [
        15923.956612723214,
        24474.168526785714
    ],
    "60": [
        12297.504069010416,
        5486.346489800348
    ],
    "61": [
        1408.0618438720703,
        25992.856640625
    ],
    "62": [
        4127.527898615057,
        13767.882191051136
    ],
    "63": [
        1161.385302734375,
        6216.0560546875
    ],
    "64": [
        10235.65234375,
        11732.390441894531
    ],
    "65": [
        7568.156451056985,
        12915.96426930147
    ],
    "66": [
        259.4559631347656,
        6649.9638671875
    ],
    "67": [
        24983.811257102272,
        18171.080788352272
    ],
    "68": [
        3090.9154052734375,
        22611.4560546875
    ],
    "69": [
        8627.36070033482,
        273.72680950164795
    ],
    "70": [
        764.7318077087402,
        8348.089111328125
    ],
    "71": [
        20932.738715277777,
        6130.303846571181
    ],
    "72": [
        24072.5478515625,
        5879.2088623046875
    ],
    "73": [
        10696.66552734375,
        205.7190625667572
    ],
    "74": [
        7337.234204101563,
        715.4178463935853
    ],
    "75": [
        2620.083308293269,
        9007.395958533654
    ],
    "76": [
        12954.193892045454,
        629.2509821111506
    ],
    "77": [
        9416.1984375,
        5905.43623046875
    ],
    "78": [
        1892.8956298828125,
        3335.2904541015623
    ],
    "79": [
        26105.5078125,
        4214.10400390625
    ]
}