{
    "0": [
        8746.775778511974,
        17025.246449693343
    ],
    "1": [
        25669.60641163793,
        20747.508620689656
    ],
    "2": [
        20158.633641098484,
        25600.25722064394
    ],
    "3": [
        5209.633781550481,
        26332.012229567306
    ],
    "4": [
        27060.758160316782,
        1546.5682531905502
    ],
    "5": [
        19537.08198116987,
        9292.091740534855
    ],
    "6": [
        2122.0981733638087,
        2162.4784497220094
    ],
    "7": [
        9688.674814308806,
        2774.2915923019937
    ],
    "8": [
        19310.236618454393,
        12800.52928367821
    ],
    "9": [
        13783.025798420329,
        15885.058357657967
    ],
    "10": [
        3661.6321387475773,
        16731.414357739824
    ],
    "11": [
        3731.737852933114,
        576.9147302032562
    ],
    "12": [
        23522.235909598214,
        7543.185902622768
    ],
    "13": [
        6131.564380787037,
        21160.99341724537
    ],
    "14": [
        634.7537981806687,
        499.76773617761046
    ],
    "15": [
        20021.156395755595,
        15958.506078008395
    ],
    "16": [
        22563.082084760274,
        11509.324472923801
    ],
    "17": [
        23150.292351973683,
        4162.853071032072
    ],
    "18": [
        12129.681640625,
        18384.270751953125
    ],
    "19": [
        4723.714744197512,
        5956.38034502048
    ],
    "20": [
        15246.35789800995,
        707.9060450857552
    ],
    "21": [
        15942.597722457627,
        21759.25503177966
    ],
    "22": [
        16610.735571289064,
        17464.769482421874
    ],
    "23": [
        1151.5434389001493,
        21701.67305871212
    ],
    "24": [
        26129.77664620536,
        10726.76939174107
    ],
    "25": [
        6993.897458728083,
        6859.388263132777
    ],
    "26": [
        5498.331531743894,
        12792.220602101293
    ],
    "27": [
        861.130186518984,
        13405.043781773325
    ],
    "28": [
        26838.806525735294,
        6149.826765471814
    ],
    "29": [
        1122.2174586704798,
        24482.986235119046
    ],
    "30": [
        16552.119178814595,
        3464.0400117842178
    ],
    "31": [
        892.2074483256848,
        11466.321197009478
    ],
    "32": [
        20907.122984541224,
        6457.020814286901
    ],
    "33": [
        10749.805423038564,
        770.1280469448009
    ],
    "34": [
        12002.951132284628,
        22418.11380912162
    ],
    "35": [
        12287.076673910651,
        7227.24628975022
    ],
    "36": [
        11560.29328918457,
        9677.359764099121
    ],
    "37": [
        985.6249401116036,
        19228.193070532572
    ],
    "38": [
        7609.820660360499,
        11353.578763276144
    ],
    "39": [
        9448.277326311383,
        8764.350960867745
    ],
    "40": [
        643.1817967698561,
        3421.911941613565
    ],
    "41": [
        7810.098856872294,
        2365.0981730671674
    ],
    "42": [
        11926.081422483767,
        2855.677269873681
    ],
    "43": [
        4435.344326782227,
        4101.1241322835285
    ],
    "44": [
        5310.8009351985465,
        707.2982197073615
    ],
    "45": [
        2329.6674893550944,
        3901.5970473015445
    ],
    "46": [
        9052.353097098214,
        26323.378507653062
    ],
    "47": [
        21942.572878370098,
        1366.7632869178174
    ],
    "48": [
        722.808570983348,
        9757.174170556007
    ],
    "49": [
        2649.297875119929,
        7330.511819404468
    ],
    "50": [
        15758.645472084603,
        13416.583365091463
    ],
    "51": [
        13835.182997985456,
        4956.514309097386
    ],
    "52": [
        14089.367006014934,
        10126.028916620575
    ],
    "53": [
        14227.738148082386,
        2567.0575101778104
    ],
    "54": [
        4671.032604099549,
        7927.097135248872
    ],
    "55": [
        12793.100564615175,
        790.2687712881763
    ],
    "56": [
        15131.492573909622,
        7011.247291619829
    ],
    "57": [
        10981.23965731534,
        14935.17958984375
    ],
    "58": [
        17629.99282070491,
        1082.6620751559462
    ],
    "59": [
        26048.48572716346,
        26310.06415264423
    ],
    "60": [
        6419.560560960036,
        4444.996266291691
    ],
    "61": [
        2989.4879068096034,
        12089.515279362711
    ],
    "62": [
        703.5271933022949,
        6589.606608617266
    ],
    "63": [
        12787.899210164835,
        12556.96319110577
    ],
    "64": [
        1012.547279155568,
        17241.799168636924
    ],
    "65": [
        3475.7193147428743,
        23070.377532623625
    ],
    "66": [
        695.3321259190934,
        4970.554848648927
    ],
    "67": [
        1153.4195179106698,
        15301.060598544973
    ],
    "68": [
        4662.285247467376,
        10262.40152815934
    ],
    "69": [
        6982.793525163517,
        674.9185080254989
    ],
    "70": [
        8518.324942605537,
        4819.461796275356
    ],
    "71": [
        6923.553621879913,
        9170.674856893671
    ],
    "72": [
        26322.125873766447,
        15230.31779399671
    ],
    "73": [
        9789.04229075438,
        6674.400082727906
    ],
    "74": [
        2737.668765583444,
        5586.775745927526
    ],
    "75": [
        2227.0959984756096,
        627.5204694891848
    ],
    "76": [
        19900.714133522728,
        20825.752308238636
    ],
    "77": [
        3934.69197617568,
        2334.003042642172
    ],
    "78": [
        5939.537502810252,
        15187.491751910971
    ],
    "79": [
        1537.9059787786232,
        27281.634212853773
    ],
    "80": [
        3323.055293699511,
        14339.53351535927
    ],
    "81": [
        5842.048065655048,
        2478.2894888070914
    ],
    "82": [
        6173.65207657724,
        17998.964493661555
    ],
    "83": [
        17770.31212284483,
        6602.956078259698
    ],
    "84": [
        11049.032348000324,
        4775.703933320515
    ],
    "85": [
        8852.030910326086,
        22707.948114809784
    ],
    "86": [
        844.6080579721838,
        8192.213641403312
    ],
    "87": [
        2650.2294290293817,
        9531.691270380436
    ],
    "88": [
        558.2162399480741,
        1837.271309256848
    ],
    "89": [
        9067.07926621548,
        19708.46545694041
    ],
    "90": [
        24349.396760110296,
        1162.9173637502333
    ],
    "91": [
        10259.74972511574,
        11891.689098668981
    ],
    "92": [
        8858.037027678138,
        759.2445995796052
    ],
    "93": [
        16881.172871291037,
        10329.44883404356
    ],
    "94": [
        14095.070644946809,
        26398.38285405585
    ],
    "95": [
        8322.727507044057,
        14151.387535220287
    ],
    "96": [
        23240.51502403846,
        16811.274739583332
    ],
    "97": [
        3601.1033680050873,
        19332.265064801355
    ],
    "98": [
        19426.3978895009,
        3504.7273388320596
    ],
    "99": [
        19916.30573669938,
        715.0339477278969
    ]
}