{
    "0": [
        23764.621144645764,
        2555.0101755162405
    ],
    "1": [
        16974.939420693034,
        1957.708006290492
    ],
    "2": [
        8180.814232267541,
        17717.49088098178
    ],
    "3": [
        2029.1941173554126,
        19681.7497410221
    ],
    "4": [
        13977.594222082345,
        7093.842911128184
    ],
    "5": [
        8429.4071366414,
        11024.840672377784
    ],
    "6": [
        14067.047758816341,
        22779.84379364525
    ],
    "7": [
        5319.951966210235,
        6409.030932968469
    ],
    "8": [
        3834.8059657093154,
        24962.22723127432
    ],
    "9": [
        9162.111669628319,
        5025.196709336642
    ],
    "10": [
        5812.899563096134,
        1490.605524381361
    ],
    "11": [
        22827.887397203947,
        17646.394556949013
    ],
    "12": [
        14782.210801686671,
        14032.82607163183
    ],
    "13": [
        2399.0771865952192,
        10817.986081946474
    ],
    "14": [
        1733.5967847860834,
        4028.6982529358293
    ],
    "15": [
        20602.877657860823,
        8764.296281008375
    ],
    "16": [
        2081.435021747289,
        14632.614085230334
    ],
    "17": [
        1476.9342384948643,
        1055.930796045611
    ],
    "18": [
        11218.278416236784,
        1462.448476051406
    ],
    "19": [
        1345.142920083967,
        7466.610096589697
    ]
}