{
    "0": [
        8850.297908430597,
        13286.070900790663
    ],
    "1": [
        15523.138795664612,
        1870.9401029969606
    ],
    "2": [
        12585.485168850806,
        1294.3152102501163
    ],
    "3": [
        868.4731925882792,
        5479.590708521793
    ],
    "4": [
        1562.9744667885545,
        11324.918100322791
    ],
    "5": [
        19552.767232755334,
        5628.764542742473
    ],
    "6": [
        3505.482656936015,
        3939.2784057280905
    ],
    "7": [
        9216.561346676188,
        4714.9902186239915
    ],
    "8": [
        9052.22505294185,
        8671.581287202382
    ],
    "9": [
        18523.390596417685,
        1255.3231892120548
    ],
    "10": [
        8748.361127068014,
        24591.924812893907
    ],
    "11": [
        4692.807326096755,
        13932.153908754006
    ],
    "12": [
        23633.906358506945,
        8320.320705837674
    ],
    "13": [
        2777.51991076718,
        886.2767577854943
    ],
    "14": [
        9785.363061857877,
        1348.966246013772
    ],
    "15": [
        6349.815019200212,
        3480.145803264036
    ],
    "16": [
        24627.0998828125,
        16040.406337890625
    ],
    "17": [
        1086.1185890671898,
        8554.138036005914
    ],
    "18": [
        5996.840322677203,
        6442.329107174928
    ],
    "19": [
        7408.67561899505,
        960.1544449225715
    ],
    "20": [
        12932.829757940573,
        20492.852475025615
    ],
    "21": [
        26473.95992874313,
        3198.048998078147
    ],
    "22": [
        13165.911107643364,
        10219.197275692655
    ],
    "23": [
        994.6433447466377,
        2925.298972365632
    ],
    "24": [
        1635.2156092455564,
        17882.935494415033
    ],
    "25": [
        12509.347775907856,
        5155.823515277606
    ],
    "26": [
        22593.511406712278,
        1522.5380275446987
    ],
    "27": [
        1133.93811879158,
        14354.371040134803
    ],
    "28": [
        18330.145663734245,
        16964.704741662288
    ],
    "29": [
        3095.7803847621863,
        6957.933127819652
    ],
    "30": [
        753.1805278143721,
        810.7651313888337
    ],
    "31": [
        18611.661290518245,
        11195.11749078028
    ],
    "32": [
        4918.971124977289,
        1120.865065178483
    ],
    "33": [
        2346.4487190531263,
        25978.229681669774
    ],
    "34": [
        7223.397224007779,
        18739.47338558149
    ],
    "35": [
        12962.23132787777,
        14891.516323427611
    ],
    "36": [
        19681.682334498357,
        23880.77174136513
    ],
    "37": [
        4961.030818790585,
        9904.674409940646
    ],
    "38": [
        15828.953939732142,
        6681.552315848215
    ],
    "39": [
        2232.6429465656547,
        21568.628603653167
    ]
}