{
    "0": [
        1299.5383586900045,
        15936.661122675174
    ],
    "1": [
        13231.743110988451,
        25659.218134341034
    ],
    "2": [
        14609.824035904256,
        3678.054627244016
    ],
    "3": [
        23182.463187302215,
        1621.6211019890218
    ],
    "4": [
        1133.437778246453,
        8841.8726824706
    ],
    "5": [
        16149.90479835304,
        17120.741158150337
    ],
    "6": [
        9046.729047726361,
        5989.609993176583
    ],
    "7": [
        2847.83749630758,
        2711.002254305252
    ],
    "8": [
        3290.2900168678975,
        4997.253228997565
    ],
    "9": [
        18372.01965127444,
        8684.798026143506
    ],
    "10": [
        10578.050625,
        12693.044318576389
    ],
    "11": [
        21507.336741071427,
        5633.814676339286
    ],
    "12": [
        1171.7052957190049,
        11086.19401657517
    ],
    "13": [
        7065.536939620972,
        11659.826583862305
    ],
    "14": [
        12510.725565802191,
        20369.985260953606
    ],
    "15": [
        4032.207677065415,
        10184.53844729549
    ],
    "16": [
        999.2974151264538,
        13367.396412037036
    ],
    "17": [
        18413.70447308084,
        21302.549082880436
    ],
    "18": [
        9039.930490836336,
        1194.1079109744592
    ],
    "19": [
        20088.593117829107,
        1240.1686181722632
    ],
    "20": [
        12269.937755472047,
        6448.933224963739
    ],
    "21": [
        25688.728985363923,
        13885.118794501583
    ],
    "22": [
        24835.474800857843,
        20403.796300551472
    ],
    "23": [
        3583.328374720982,
        7450.8361090959825
    ],
    "24": [
        4992.681714016967,
        20662.205090107364
    ],
    "25": [
        17103.7386386041,
        1153.6963335662986
    ],
    "26": [
        20456.18023097826,
        15384.425959578804
    ],
    "27": [
        4436.5124918619795,
        17065.986526076857
    ],
    "28": [
        8048.441414917715,
        3619.6900273610854
    ],
    "29": [
        1414.95376876169,
        26018.057383135332
    ],
    "30": [
        6012.1000146484375,
        26116.3413671875
    ],
    "31": [
        25623.30225978388,
        6770.3000374196845
    ],
    "32": [
        13593.86819395727,
        10387.106654575893
    ],
    "33": [
        5359.476447610294,
        3058.831555734273
    ],
    "34": [
        17980.66584807751,
        4171.358271580117
    ],
    "35": [
        5812.821280521137,
        5850.817508085824
    ],
    "36": [
        672.8889269136558,
        673.6064729099659
    ],
    "37": [
        873.5379545645404,
        4438.7676489444175
    ],
    "38": [
        11551.505704890536,
        940.8686271979984
    ],
    "39": [
        7462.32888671875,
        15081.285733506944
    ],
    "40": [
        15444.225150835397,
        6785.954125734839
    ],
    "41": [
        22095.169596354168,
        26275.327962239582
    ],
    "42": [
        4071.485341389974,
        13580.990982446916
    ],
    "43": [
        7024.496733621834,
        8474.075125102125
    ],
    "44": [
        6789.737594414549,
        893.5765869535846
    ],
    "45": [
        8568.649951460799,
        18445.721026719675
    ],
    "46": [
        22068.73187099359,
        10687.634306557158
    ],
    "47": [
        763.2502348170274,
        2433.873625172128
    ],
    "48": [
        9152.445400895744,
        22439.6882576778
    ],
    "49": [
        16401.644036543996,
        12444.107338353208
    ],
    "50": [
        1650.4645122409936,
        22500.859375
    ],
    "51": [
        12380.958140980114,
        15757.02246648615
    ],
    "52": [
        4542.24276251542,
        817.0029051192945
    ],
    "53": [
        11203.47802895524,
        3719.1331065967925
    ],
    "54": [
        10393.28628540039,
        9067.766296386719
    ],
    "55": [
        919.6591272533689,
        6635.267340113428
    ],
    "56": [
        14122.992929819467,
        985.199055972937
    ],
    "57": [
        26600.41056547619,
        1710.1436074029832
    ],
    "58": [
        2501.854180254255,
        756.8759118713439
    ],
    "59": [
        1285.6325299453736,
        18959.7655859375
    ]
}