{
    "0": [
        8012.638995117188,
        12973.6978203125
    ],
    "1": [
        4724.921014721183,
        1649.239477322683
    ],
    "2": [
        15180.989389837045,
        2381.2032194393387
    ],
    "3": [
        19630.979573567707,
        1885.3257592299155
    ],
    "4": [
        11556.924422382099,
        7504.8564027240745
    ],
    "5": [
        1639.9197296130008,
        4929.842641890118
    ],
    "6": [
        17725.170086596387,
        22056.122811558736
    ],
    "7": [
        18318.969157146905,
        8359.574792591107
    ],
    "8": [
        23385.976380813954,
        15166.635140352471
    ],
    "9": [
        6288.290781624401,
        6701.687618950305
    ],
    "10": [
        8223.969861648955,
        2072.8205491414333
    ],
    "11": [
        2043.504096780814,
        9011.206718623174
    ],
    "12": [
        11522.413408279419,
        1666.0867814170197
    ],
    "13": [
        14446.554865975215,
        14267.606906654095
    ],
    "14": [
        1260.221397958885,
        1266.786646091366
    ],
    "15": [
        2615.9428952043017,
        24689.36912512401
    ],
    "16": [
        2473.9689986528465,
        18613.118105960384
    ],
    "17": [
        1980.9090968352407,
        13367.205900407038
    ],
    "18": [
        24770.43197820216,
        3809.1926273396966
    ],
    "19": [
        9049.976436027151,
        21058.247368084016
    ]
}