{
    "0": [
        416.09332847595215,
        1121.9344075520833
    ],
    "1": [
        6076.155412946428,
        512.8286819458008
    ],
    "2": [
        394.4377955656785,
        3276.2417931189902
    ],
    "3": [
        14340.50713641827,
        2429.573523888221
    ],
    "4": [
        1759.0578420538652,
        3615.5639391447367
    ],
    "5": [
        6616.806291852678,
        5352.634835379465
    ],
    "6": [
        1221.225360107422,
        12221.08037109375
    ],
    "7": [
        840.0031828038833,
        7348.080422794118
    ],
    "8": [
        3334.507098858173,
        20469.781400240383
    ],
    "9": [
        2584.5426483154297,
        23808.902587890625
    ],
    "10": [
        24772.16075721154,
        1161.4467268723708
    ],
    "11": [
        16918.47998046875,
        7909.264953613281
    ],
    "12": [
        6789.868055555556,
        16955.88650173611
    ],
    "13": [
        4446.676131538723,
        643.6488931075386
    ],
    "14": [
        19140.726725260418,
        11905.782307942709
    ],
    "15": [
        790.8098771837023,
        1867.587375217014
    ],
    "16": [
        6447.523828125,
        6837.644970703125
    ],
    "17": [
        1869.8874337332588,
        2476.665457589286
    ],
    "18": [
        3299.3986467633927,
        2943.1164027622767
    ],
    "19": [
        8580.0021484375,
        7033.77392578125
    ],
    "20": [
        11343.4591796875,
        462.7675306955973
    ],
    "21": [
        20644.684151785714,
        3463.241385323661
    ],
    "22": [
        1408.0618438720703,
        25992.856640625
    ],
    "23": [
        8107.3123779296875,
        8901.643188476563
    ],
    "24": [
        574.7220778031783,
        5287.689364346591
    ],
    "25": [
        2765.5100860595703,
        14131.806396484375
    ],
    "26": [
        5183.5612229567305,
        18528.07061298077
    ],
    "27": [
        3942.0861430921054,
        8816.009431537828
    ],
    "28": [
        5642.532389322917,
        4496.110053168402
    ],
    "29": [
        8871.646484375,
        335.0667240960257
    ],
    "30": [
        13695.06801060268,
        756.8828620910645
    ],
    "31": [
        6502.301494891827,
        1707.0819373497595
    ],
    "32": [
        19997.715885416666,
        539.576485824585
    ],
    "33": [
        9001.141221788195,
        1750.7961290147568
    ],
    "34": [
        9417.70932006836,
        15851.773132324219
    ],
    "35": [
        16766.02801983173,
        3656.912823016827
    ],
    "36": [
        2518.475155101103,
        646.4297117345474
    ],
    "37": [
        10057.526041666666,
        8451.765679253473
    ],
    "38": [
        14271.911843039772,
        16616.780628551136
    ],
    "39": [
        10039.284923735118,
        20840.950334821428
    ],
    "40": [
        5002.30576171875,
        2690.9279296875
    ],
    "41": [
        17971.963134765625,
        17949.215454101563
    ],
    "42": [
        350.82693154471264,
        337.3742428734189
    ],
    "43": [
        1030.5139092098582,
        9640.213245738636
    ],
    "44": [
        13808.474609375,
        5696.5064453125
    ],
    "45": [
        4993.30419921875,
        11386.095424107143
    ],
    "46": [
        1632.6368662516277,
        17616.842610677082
    ],
    "47": [
        6535.566162109375,
        26298.98046875
    ],
    "48": [
        6723.951611328125,
        10135.79091796875
    ],
    "49": [
        9604.858723958334,
        5740.797607421875
    ],
    "50": [
        7618.174778988487,
        627.2381311717786
    ],
    "51": [
        9311.379801432291,
        3347.8267415364585
    ],
    "52": [
        6832.818212890625,
        22260.7828125
    ],
    "53": [
        16675.423879523027,
        1118.500561663979
    ],
    "54": [
        24983.811257102272,
        18171.080788352272
    ],
    "55": [
        2640.63631766183,
        10783.408621651786
    ],
    "56": [
        3586.8235973011365,
        5998.178355823864
    ],
    "57": [
        10272.576953125,
        10773.54794921875
    ],
    "58": [
        4276.501810709636,
        3962.0934244791665
    ],
    "59": [
        11767.6791015625,
        2584.950960286458
    ],
    "60": [
        7675.24853515625,
        12930.638854980469
    ],
    "61": [
        7690.550109863281,
        3863.2643127441406
    ],
    "62": [
        1542.1216888427734,
        555.9256745576859
    ],
    "63": [
        2889.1206665039063,
        4505.47265625
    ],
    "64": [
        2337.6949055989585,
        5550.601399739583
    ],
    "65": [
        13735.2568359375,
        10138.162935697115
    ],
    "66": [
        11793.190348307291,
        5353.6413981119795
    ],
    "67": [
        4593.24658203125,
        5485.60595703125
    ],
    "68": [
        24351.060752467107,
        7685.9685701069075
    ],
    "69": [
        568.4906200062145,
        13952.417791193182
    ],
    "70": [
        14818.25146484375,
        24760.048095703125
    ],
    "71": [
        19631.047014508928,
        6569.618512834822
    ],
    "72": [
        629.3687059614393,
        19706.59787326389
    ],
    "73": [
        5130.18203125,
        6829.96826171875
    ],
    "74": [
        12809.886555989584,
        13325.0791015625
    ],
    "75": [
        2378.019667681526,
        7390.604951746323
    ],
    "76": [
        9861.040234375,
        12063.6654296875
    ],
    "77": [
        4213.564322916666,
        1613.9305338541667
    ],
    "78": [
        468.06422119140626,
        16337.576953125
    ],
    "79": [
        4414.729827880859,
        13611.711181640625
    ]
}