{
    "0": [
        1779.6354481766864,
        13237.299495045732
    ],
    "1": [
        21860.50603693182,
        1194.1343409798362
    ],
    "2": [
        1302.764010233422,
        4928.098990662457
    ],
    "3": [
        3256.4390908007354,
        18144.419940300708
    ],
    "4": [
        1931.2789149862347,
        8793.514293323864
    ],
    "5": [
        15062.872378700658,
        11596.415321751645
    ],
    "6": [
        3854.3036168416343,
        3308.421671549479
    ],
    "7": [
        12619.812997855392,
        1617.3137015548407
    ],
    "8": [
        10330.36441040039,
        6685.308756510417
    ],
    "9": [
        16598.842218137255,
        3202.2467817044726
    ],
    "10": [
        23056.730181525734,
        8041.659409466912
    ],
    "11": [
        4891.3827421543965,
        982.7787764597747
    ],
    "12": [
        3193.5599195773784,
        23667.53996394231
    ],
    "13": [
        5849.687491581358,
        10629.950464709053
    ],
    "14": [
        10161.2333984375,
        20978.459309895832
    ],
    "15": [
        1065.1292924252184,
        1059.8686173197987
    ],
    "16": [
        9305.570495605469,
        13303.323608398438
    ],
    "17": [
        8461.190830328525,
        1476.8826989638499
    ],
    "18": [
        20962.425641741072,
        18705.52757626488
    ],
    "19": [
        5370.121542794363,
        6008.236009870257
    ]
}