{
    "0": [
        17710.790018284573,
        23249.668121121453
    ],
    "1": [
        20599.37899092305,
        1343.6711292845666
    ],
    "2": [
        1060.8939086809364,
        10295.271200915848
    ],
    "3": [
        2306.6853554107115,
        756.0885368203624
    ],
    "4": [
        6545.415462876299,
        8461.239726992282
    ],
    "5": [
        915.1005244729083,
        6203.344809403038
    ],
    "6": [
        759.3244755860422,
        2324.29715099168
    ],
    "7": [
        7909.81524468653,
        14673.605053256017
    ],
    "8": [
        24806.300622888513,
        9043.268781672297
    ],
    "9": [
        18743.654142491956,
        8980.336169074564
    ],
    "10": [
        835.2844091593424,
        4157.054487630208
    ],
    "11": [
        1179.2177333043282,
        14897.519500658886
    ],
    "12": [
        7484.471222186157,
        11185.641817021848
    ],
    "13": [
        7822.453449887525,
        18851.79075723492
    ],
    "14": [
        24314.285103462837,
        22910.494325380067
    ],
    "15": [
        11009.222840283055,
        12689.953775052241
    ],
    "16": [
        17871.40951392764,
        4624.801281156994
    ],
    "17": [
        977.5422348149617,
        20057.118528645835
    ],
    "18": [
        4311.561063087593,
        20091.93183924788
    ],
    "19": [
        12191.184522569445,
        1006.2730070061153
    ],
    "20": [
        9885.433173555777,
        1044.59734571455
    ],
    "21": [
        3171.105220955862,
        5108.966697585415
    ],
    "22": [
        1054.2972810472986,
        8188.788459803011
    ],
    "23": [
        24140.379699440502,
        1466.91611316221
    ],
    "24": [
        10118.337770833334,
        9179.39851171875
    ],
    "25": [
        13851.816175672742,
        10223.672505696615
    ],
    "26": [
        6027.209259517609,
        5569.723203628782
    ],
    "27": [
        12018.899341545482,
        21398.336324257427
    ],
    "28": [
        7862.212520329926,
        3188.758556039803
    ],
    "29": [
        4394.900085727918,
        13338.187693974744
    ],
    "30": [
        618.7705373726403,
        632.1086688830991
    ],
    "31": [
        1299.6827730568891,
        12523.47919720333
    ],
    "32": [
        25577.6692511048,
        14994.734059343435
    ],
    "33": [
        2749.1577027149688,
        2772.4087731777095
    ],
    "34": [
        6497.75214605564,
        23764.905249618903
    ],
    "35": [
        11507.615859023086,
        16657.730143229168
    ],
    "36": [
        12161.708143151325,
        6492.9852971616
    ],
    "37": [
        5854.238876695286,
        1013.5362836681184
    ],
    "38": [
        14636.725747140401,
        995.8360562752308
    ],
    "39": [
        15775.35434036896,
        13591.13380957852
    ],
    "40": [
        3614.945493293531,
        7474.475392659505
    ],
    "41": [
        26994.408459739963,
        3133.4769712782254
    ],
    "42": [
        15325.878787981184,
        7057.134652424848
    ],
    "43": [
        4983.996337044384,
        3129.39383373558
    ],
    "44": [
        4676.666169315936,
        16565.118508212538
    ],
    "45": [
        17448.712271110773,
        1284.4515549542684
    ],
    "46": [
        20544.909229910714,
        12962.814704241071
    ],
    "47": [
        1965.1820735746905,
        26589.574521019345
    ],
    "48": [
        8908.343863528145,
        5966.37012159636
    ],
    "49": [
        4037.8312903913,
        10292.338474875134
    ],
    "50": [
        3983.5900456215018,
        922.1263927870722
    ],
    "51": [
        10891.126590015156,
        3686.6103532540055
    ],
    "52": [
        15966.720301339286,
        17667.913158482144
    ],
    "53": [
        7742.242992119102,
        822.4868139589807
    ],
    "54": [
        1219.2168056756677,
        17388.218727992957
    ],
    "55": [
        11412.422334837682,
        26395.786635315533
    ],
    "56": [
        14354.037203143296,
        3735.4066027746267
    ],
    "57": [
        1734.3480334281921,
        23082.79996477971
    ],
    "58": [
        21120.434269266916,
        17513.14417880639
    ],
    "59": [
        21777.75836565778,
        5291.541082208807
    ]
}