{
    "0": [
        13935.41259765625,
        8413.528076171875
    ],
    "1": [
        4928.055582682292,
        2808.100056966146
    ],
    "2": [
        3230.381634880515,
        2829.5878619025734
    ],
    "3": [
        10351.909412202382,
        6596.915341331845
    ],
    "4": [
        601.0738730430603,
        8857.595486111111
    ],
    "5": [
        8550.241766567888,
        14227.286503232759
    ],
    "6": [
        24240.122896634617,
        8699.91045673077
    ],
    "7": [
        11045.245727539063,
        665.3667467832565
    ],
    "8": [
        4764.336248224432,
        599.0074341513894
    ],
    "9": [
        1599.1951721191406,
        11578.687158203125
    ],
    "10": [
        4461.074069552951,
        9165.658393012152
    ],
    "11": [
        947.6643775491153,
        13914.65877757353
    ],
    "12": [
        3464.875473022461,
        639.3505206108093
    ],
    "13": [
        402.7161645889282,
        3493.0569051106772
    ],
    "14": [
        545.8836453755697,
        5508.2436116536455
    ],
    "15": [
        2719.766422526042,
        7986.017805989583
    ],
    "16": [
        8371.72353515625,
        300.2980450630188
    ],
    "17": [
        776.5969075134823,
        1866.7347368512835
    ],
    "18": [
        6572.418596540178,
        2008.3932407924108
    ],
    "19": [
        2752.795688205295,
        5263.990804036458
    ],
    "20": [
        25978.765625,
        1020.6834335327148
    ],
    "21": [
        23966.522623697918,
        16455.167236328125
    ],
    "22": [
        24002.18994140625,
        850.2462139129639
    ],
    "23": [
        17057.63687294408,
        1369.6898638072767
    ],
    "24": [
        4453.2567138671875,
        1602.0667012532551
    ],
    "25": [
        8091.660663311298,
        9859.256986177885
    ],
    "26": [
        19421.885475852272,
        632.2666260112416
    ],
    "27": [
        12686.734719669117,
        1153.731034222771
    ],
    "28": [
        3792.5217013888887,
        20374.297200520832
    ],
    "29": [
        10729.931023848685,
        11887.561009457237
    ],
    "30": [
        823.9486934661866,
        19133.851041666665
    ],
    "31": [
        5990.079729352678,
        210.2823202950614
    ],
    "32": [
        5564.995388454861,
        1187.8475952148438
    ],
    "33": [
        10789.694498697916,
        18834.729383680555
    ],
    "34": [
        14342.87290736607,
        13993.989815848214
    ],
    "35": [
        6257.136862362132,
        4677.290297564338
    ],
    "36": [
        12187.518120659723,
        4349.771809895833
    ],
    "37": [
        2354.5054321289063,
        9830.915318080357
    ],
    "38": [
        7110.054141773897,
        890.8848810756908
    ],
    "39": [
        4423.11360168457,
        13119.911987304688
    ],
    "40": [
        21303.395833333332,
        958.0056228637695
    ],
    "41": [
        2925.7556592155906,
        24789.292394301472
    ],
    "42": [
        428.30058190130416,
        523.4743071525328
    ],
    "43": [
        1974.369814453125,
        592.3440741729736
    ],
    "44": [
        2002.8830038217397,
        16896.81640625
    ],
    "45": [
        15913.81459263393,
        4112.252022879465
    ],
    "46": [
        17802.803955078125,
        22972.725911458332
    ],
    "47": [
        1766.6488425514915,
        3576.258533824574
    ],
    "48": [
        1760.6304213579963,
        6804.658519071691
    ],
    "49": [
        14595.8333984375,
        1771.3365215301515
    ],
    "50": [
        19501.44222861842,
        5942.005910773027
    ],
    "51": [
        9262.807994495739,
        22375.485795454544
    ],
    "52": [
        6311.386591372283,
        17556.951596467392
    ],
    "53": [
        4751.319897460938,
        6553.534448242188
    ],
    "54": [
        18620.774739583332,
        11065.517838541668
    ],
    "55": [
        7248.245635986328,
        6675.82666015625
    ],
    "56": [
        8995.097802734375,
        1678.0597595214845
    ],
    "57": [
        24533.113525390625,
        5127.961456298828
    ],
    "58": [
        4120.719590928819,
        4402.610622829861
    ],
    "59": [
        8967.113118489584,
        3551.3722330729165
    ]
}