{
    "0": [
        13207.752854567309,
        11300.080341045674
    ],
    "1": [
        9623.509699041193,
        15609.838334517046
    ],
    "2": [
        17061.897786458332,
        861.9255744086372
    ],
    "3": [
        3180.0028090910478,
        20866.027432528408
    ],
    "4": [
        1178.9888849258423,
        17751.315511067707
    ],
    "5": [
        7406.32880859375,
        23994.608984375
    ],
    "6": [
        3514.2405072380516,
        631.5665350521313
    ],
    "7": [
        9323.555454799107,
        1590.9861886160713
    ],
    "8": [
        4381.071484375,
        13730.270703125
    ],
    "9": [
        287.7561774253845,
        2621.354230608259
    ],
    "10": [
        595.2961482295284,
        5525.5599681712965
    ],
    "11": [
        19769.994255514706,
        5817.876723345588
    ],
    "12": [
        24749.1572265625,
        1681.3887656075615
    ],
    "13": [
        1450.7492599487305,
        3600.5387064615884
    ],
    "14": [
        9263.888974144345,
        8959.9619140625
    ],
    "15": [
        15809.601671006945,
        6603.362196180556
    ],
    "16": [
        16750.2783203125,
        3350.0040108816966
    ],
    "17": [
        24391.951286764706,
        7664.009794347427
    ],
    "18": [
        4123.796484375,
        5614.4966796875
    ],
    "19": [
        9051.743055555555,
        223.1155219607883
    ],
    "20": [
        6123.99848820613,
        17703.892352764422
    ],
    "21": [
        7870.944889322916,
        409.0861231486003
    ],
    "22": [
        6604.043701171875,
        5868.767020089285
    ],
    "23": [
        19339.82763671875,
        716.8839437166849
    ],
    "24": [
        14227.206505408654,
        2597.560565655048
    ],
    "25": [
        6390.54929517663,
        687.5595647563105
    ],
    "26": [
        9778.58156419837,
        20631.534646739132
    ],
    "27": [
        4759.354539440525,
        1340.4059917080788
    ],
    "28": [
        2104.429400357333,
        25327.12127130682
    ],
    "29": [
        6532.796177455357,
        3246.31689453125
    ],
    "30": [
        15338.566243489584,
        1139.9851144154866
    ],
    "31": [
        11059.314630681818,
        418.06362828341395
    ],
    "32": [
        12244.358501233553,
        5590.447060032895
    ],
    "33": [
        2651.5545179578994,
        5029.607937282986
    ],
    "34": [
        24564.837890625,
        21679.8640625
    ],
    "35": [
        1592.2787205378215,
        10603.690063476563
    ],
    "36": [
        15944.3896484375,
        17023.987994025734
    ],
    "37": [
        3614.429473876953,
        9440.538248697916
    ],
    "38": [
        1080.6596294900646,
        13361.231275475544
    ],
    "39": [
        15077.605251736111,
        24369.514973958332
    ],
    "40": [
        9081.960266113281,
        3409.696090698242
    ],
    "41": [
        11727.08363560268,
        2652.6579938616073
    ],
    "42": [
        21521.41434151786,
        836.9908316476004
    ],
    "43": [
        2310.8442041015624,
        7155.92548828125
    ],
    "44": [
        1227.879846909467,
        1722.9672348920037
    ],
    "45": [
        12775.752999441964,
        754.7256731305804
    ],
    "46": [
        24462.13107638889,
        14152.695746527777
    ],
    "47": [
        455.90781348092213,
        1135.4724600655693
    ],
    "48": [
        8606.42031625601,
        12450.631197415865
    ],
    "49": [
        7850.4482421875,
        1643.0783447265626
    ],
    "50": [
        9416.1984375,
        5905.43623046875
    ],
    "51": [
        6646.523332868303,
        10188.123814174107
    ],
    "52": [
        17335.77734375,
        16.85048484802246
    ],
    "53": [
        3160.3252563476563,
        2934.28955078125
    ],
    "54": [
        4695.484204101563,
        3953.7029296875
    ],
    "55": [
        755.6650773777682,
        8420.42684397978
    ],
    "56": [
        18385.686383928572,
        10984.984444754464
    ],
    "57": [
        2013.2365085767663,
        543.5129680633545
    ],
    "58": [
        380.35962295532227,
        349.167085127397
    ],
    "59": [
        5255.019829644098,
        7220.888916015625
    ]
}