{
    "0": [
        22771.638087951033,
        17653.542530807023
    ],
    "1": [
        6358.209681278714,
        2029.3235333137454
    ],
    "2": [
        12995.783527214973,
        7399.703696986607
    ],
    "3": [
        6976.214265976688,
        6859.054408818579
    ],
    "4": [
        9573.92802488061,
        2051.5056269144093
    ],
    "5": [
        14801.85557979724,
        14206.197200303093
    ],
    "6": [
        8237.450699620487,
        12157.0579825971
    ],
    "7": [
        13688.538015407987,
        23196.916221788193
    ],
    "8": [
        24342.732836174244,
        2760.7532610938406
    ],
    "9": [
        13473.548622061353,
        1865.7499535219386
    ],
    "10": [
        996.7246490496767,
        1368.4569793002763
    ],
    "11": [
        18180.156708787752,
        2218.013026919141
    ],
    "12": [
        3162.5392395729987,
        24381.25587248322
    ],
    "13": [
        2090.4052840814493,
        8951.735149471802
    ],
    "14": [
        3779.606314757868,
        1392.8337720148952
    ],
    "15": [
        1901.7676396970649,
        18517.956587589753
    ],
    "16": [
        8027.878557692307,
        18479.068584735578
    ],
    "17": [
        1791.0886350832495,
        5027.241867117986
    ],
    "18": [
        2118.519661450386,
        13287.294616098872
    ],
    "19": [
        20161.476964613972,
        8809.420470792484
    ]
}