{
    "0": [
        9964.7789453125,
        10163.0603515625
    ],
    "1": [
        6417.374154897837,
        23117.15339543269
    ],
    "2": [
        9771.70947265625,
        14339.26515794837
    ],
    "3": [
        15712.50185546875,
        16635.6236328125
    ],
    "4": [
        12322.647699123476,
        807.6883077854063
    ],
    "5": [
        1910.6666493733724,
        26380.480729166666
    ],
    "6": [
        901.495393058833,
        2318.979949951172
    ],
    "7": [
        7416.498148600261,
        16311.734659830729
    ],
    "8": [
        4330.81761791088,
        14157.580982349536
    ],
    "9": [
        7108.719111689815,
        1303.024101751822
    ],
    "10": [
        1449.8845326304436,
        20450.664794921875
    ],
    "11": [
        4682.084902162905,
        847.8801790873209
    ],
    "12": [
        18395.187138310186,
        694.9873309665256
    ],
    "13": [
        2341.333940926245,
        600.0031344284446
    ],
    "14": [
        11507.308990478516,
        3403.1544303894043
    ],
    "15": [
        1485.9001819880111,
        14734.01069972826
    ],
    "16": [
        22961.992553710938,
        5600.180999755859
    ],
    "17": [
        18030.6279296875,
        3596.7760120738635
    ],
    "18": [
        6794.8663522820725,
        11536.6298828125
    ],
    "19": [
        15089.274722450658,
        1154.533076286316
    ],
    "20": [
        3785.9486258370534,
        17333.221540178572
    ],
    "21": [
        17366.09112548828,
        6584.454071044922
    ],
    "22": [
        5186.808722245066,
        21041.240542763157
    ],
    "23": [
        3752.1568196614585,
        7788.518968986742
    ],
    "24": [
        928.3266591611116,
        6216.818019701087
    ],
    "25": [
        1226.2649601294713,
        8135.115894990809
    ],
    "26": [
        24602.29659598214,
        17082.854631696428
    ],
    "27": [
        2995.0662841796875,
        5594.603678385417
    ],
    "28": [
        19913.90078125,
        10479.70009765625
    ],
    "29": [
        8507.1621484375,
        6905.37384765625
    ],
    "30": [
        21937.06123046875,
        1971.532534790039
    ],
    "31": [
        14912.268676757813,
        26030.79833984375
    ],
    "32": [
        971.5030840919131,
        17655.511253720237
    ],
    "33": [
        969.7788182242972,
        4102.60235895876
    ],
    "34": [
        8614.937821551068,
        3995.5508348418443
    ],
    "35": [
        11155.537814670139,
        6156.913845486111
    ],
    "36": [
        14291.890694754464,
        4835.053135463169
    ],
    "37": [
        25538.80615234375,
        12569.983154296875
    ],
    "38": [
        12291.364612926136,
        16963.01091974432
    ],
    "39": [
        553.9765313113177,
        708.4400845937155
    ],
    "40": [
        5581.182649739583,
        5700.384537760417
    ],
    "41": [
        9026.25674715909,
        19546.459872159092
    ],
    "42": [
        3173.119039601293,
        2969.0670544854524
    ],
    "43": [
        19246.902669270832,
        19720.389485677082
    ],
    "44": [
        13190.597113715277,
        21723.694010416668
    ],
    "45": [
        5711.622827148438,
        2949.102606201172
    ],
    "46": [
        1171.142238443548,
        23282.444779829544
    ],
    "47": [
        20098.922960069445,
        15177.69140625
    ],
    "48": [
        3416.040793026195,
        11104.372127757353
    ],
    "49": [
        6201.433147321429,
        8606.342340959822
    ],
    "50": [
        26124.325,
        1653.8742886543273
    ],
    "51": [
        9508.724966653963,
        1054.6235601727556
    ],
    "52": [
        13031.7353515625,
        11713.734592013889
    ],
    "53": [
        25474.100911458332,
        9030.196126302084
    ],
    "54": [
        20974.2484375,
        25148.973828125
    ],
    "55": [
        987.6344498528374,
        12697.986436631945
    ],
    "56": [
        781.5225960927851,
        10153.104721966913
    ],
    "57": [
        8674.316064453125,
        25442.3654296875
    ],
    "58": [
        13469.41875,
        7928.911059570312
    ],
    "59": [
        16269.813551682691,
        10521.214768629809
    ]
}