{
    "0": [
        23900.177734375,
        5316.384765625
    ],
    "1": [
        3305.10009765625,
        8415.943359375
    ],
    "2": [
        12583.658203125,
        10313.8095703125
    ],
    "3": [
        817.7203369140625,
        10330.3076171875
    ],
    "4": [
        2139.123046875,
        9702.251953125
    ],
    "5": [
        9443.907958984375,
        18466.3349609375
    ],
    "6": [
        4835.596923828125,
        1734.4149780273438
    ],
    "7": [
        8330.58984375,
        5734.63134765625
    ],
    "8": [
        12185.71142578125,
        14153.91845703125
    ],
    "9": [
        12322.150390625,
        389.3857930501302
    ],
    "10": [
        8462.946533203125,
        1563.0902099609375
    ],
    "11": [
        254.88873291015625,
        8230.2314453125
    ],
    "12": [
        4258.654052734375,
        805.227783203125
    ],
    "13": [
        18984.20849609375,
        5332.9356689453125
    ],
    "14": [
        605.3232421875,
        4744.64599609375
    ],
    "15": [
        714.0751342773438,
        8597.37109375
    ],
    "16": [
        91.86479187011719,
        8608.5234375
    ],
    "17": [
        4000.25244140625,
        13712.3876953125
    ],
    "18": [
        24110.70703125,
        14828.900390625
    ],
    "19": [
        15812.797200520834,
        22544.610026041668
    ],
    "20": [
        12290.755859375,
        5418.97607421875
    ],
    "21": [
        4025.4677734375,
        4261.51318359375
    ],
    "22": [
        351.86139456431073,
        2699.3872884114585
    ],
    "23": [
        1856.0013427734375,
        2829.87158203125
    ],
    "24": [
        4974.82275390625,
        156.35214233398438
    ],
    "25": [
        201.94454956054688,
        6803.20068359375
    ],
    "26": [
        22150.244140625,
        444.54864501953125
    ],
    "27": [
        5271.06884765625,
        1172.3472900390625
    ],
    "28": [
        10169.884765625,
        1895.2313232421875
    ],
    "29": [
        1792.216064453125,
        6555.36865234375
    ],
    "30": [
        9340.424479166666,
        6210.787434895833
    ],
    "31": [
        3602.775146484375,
        5496.59912109375
    ],
    "32": [
        20666.8203125,
        8983.81494140625
    ],
    "33": [
        1401.1805623372395,
        13457.6943359375
    ],
    "34": [
        3398.240966796875,
        9150.28125
    ],
    "35": [
        4599.580078125,
        3406.619384765625
    ],
    "36": [
        1803.516357421875,
        594.0061902999878
    ],
    "37": [
        862.904296875,
        6061.23583984375
    ],
    "38": [
        725.1388549804688,
        3741.6685791015625
    ],
    "39": [
        14527.5966796875,
        1189.345458984375
    ],
    "40": [
        4514.029296875,
        3381.302001953125
    ],
    "41": [
        13380.67138671875,
        2446.6832275390625
    ],
    "42": [
        2528.46435546875,
        4584.19580078125
    ],
    "43": [
        3516.9912109375,
        20871.5361328125
    ],
    "44": [
        9060.958984375,
        9357.83203125
    ],
    "45": [
        17384.49853515625,
        813.0818252563477
    ],
    "46": [
        9926.8955078125,
        2645.872802734375
    ],
    "47": [
        654.2181091308594,
        1181.2968139648438
    ],
    "48": [
        1505.1519165039063,
        1994.554931640625
    ],
    "49": [
        10162.8359375,
        7931.34130859375
    ],
    "50": [
        17481.357747395832,
        15260.9072265625
    ],
    "51": [
        6185.641438802083,
        5847.3984375
    ],
    "52": [
        7397.7939453125,
        597.6200561523438
    ],
    "53": [
        26287.298828125,
        7940.111328125
    ],
    "54": [
        5018.97900390625,
        19402.96484375
    ],
    "55": [
        6286.91845703125,
        9407.0908203125
    ],
    "56": [
        1132.8438186645508,
        25273.681640625
    ],
    "57": [
        2888.9515380859375,
        2967.77783203125
    ],
    "58": [
        11.58634090423584,
        9360.4755859375
    ],
    "59": [
        5046.47119140625,
        639.62158203125
    ]
}