{
    "0": [
        745.7999041554721,
        2866.5701559315557
    ],
    "1": [
        3969.4066971573493,
        851.9479336179396
    ],
    "2": [
        12456.060077136075,
        26425.766168908227
    ],
    "3": [
        10887.383125192426,
        7796.434579933805
    ],
    "4": [
        770.9751185041475,
        8684.070103236607
    ],
    "5": [
        8618.17917586617,
        7293.410771908967
    ],
    "6": [
        24292.012195405507,
        1239.3582101607074
    ],
    "7": [
        1157.2491476419966,
        15076.693727068572
    ],
    "8": [
        6151.055409307065,
        4766.072838824728
    ],
    "9": [
        17821.861483134922,
        6488.6452391286375
    ],
    "10": [
        3541.9732247652582,
        14550.340169270834
    ],
    "11": [
        5837.805092865566,
        14654.67205465065
    ],
    "12": [
        26244.357517616423,
        6567.674629959406
    ],
    "13": [
        11074.931280551677,
        10159.63966480447
    ],
    "14": [
        10179.969341252126,
        17370.59958280187
    ],
    "15": [
        11018.120126314252,
        21383.27652234229
    ],
    "16": [
        5445.910595268453,
        521.0202834655694
    ],
    "17": [
        18845.55321308211,
        785.8773442765369
    ],
    "18": [
        13666.965042114258,
        18476.219268798828
    ],
    "19": [
        3873.279959373104,
        2541.9754111280718
    ],
    "20": [
        7098.733320520279,
        719.0051426018806
    ],
    "21": [
        8089.966125247036,
        4990.632338693491
    ],
    "22": [
        7686.2161503232755,
        20109.03879310345
    ],
    "23": [
        2683.3515347770717,
        12024.593345781823
    ],
    "24": [
        14751.731870202851,
        803.2645744583062
    ],
    "25": [
        11781.118977864584,
        3455.337980521742
    ],
    "26": [
        23204.336458333335,
        4244.042159386837
    ],
    "27": [
        8465.028783162436,
        23910.852315266926
    ],
    "28": [
        21102.482078468405,
        17394.810890281595
    ],
    "29": [
        12467.569438733553,
        14657.060129266036
    ],
    "30": [
        12476.23084077381,
        5751.046793619792
    ],
    "31": [
        5561.7124623081145,
        10344.28343013295
    ],
    "32": [
        10031.720327834453,
        5217.531251008845
    ],
    "33": [
        7294.297723354574,
        12192.563569308659
    ],
    "34": [
        6165.911154825179,
        6557.167640560963
    ],
    "35": [
        8600.337928417666,
        861.4536396224432
    ],
    "36": [
        16214.190522399129,
        15706.049575998813
    ],
    "37": [
        14550.982558383737,
        22350.734353998654
    ],
    "38": [
        2914.5270671128415,
        9916.531559966937
    ],
    "39": [
        24086.52567545573,
        23960.031412760418
    ],
    "40": [
        1141.290514472243,
        27449.489016842534
    ],
    "41": [
        1264.672530482087,
        22498.063031546677
    ],
    "42": [
        8634.636481861076,
        14909.709172919245
    ],
    "43": [
        22715.056201171876,
        9533.753682454428
    ],
    "44": [
        2255.3482513427734,
        2006.7813868118544
    ],
    "45": [
        543.6053731019653,
        1694.7764519654563
    ],
    "46": [
        756.5482188115315,
        11866.541681281888
    ],
    "47": [
        4776.996415220235,
        12347.113259155825
    ],
    "48": [
        388.0847870043067,
        472.78646435551957
    ],
    "49": [
        9983.430150082237,
        12484.323363673744
    ],
    "50": [
        7581.163691523555,
        2820.334440397429
    ],
    "51": [
        633.0952410104417,
        5543.26867606815
    ],
    "52": [
        684.1279499670325,
        7111.63800965132
    ],
    "53": [
        2556.3037041359285,
        7802.15470067357
    ],
    "54": [
        26599.529670266544,
        11453.171889361212
    ],
    "55": [
        6675.553390275187,
        8552.875425120492
    ],
    "56": [
        2275.911050636675,
        5623.291464352741
    ],
    "57": [
        23249.060489987864,
        14400.457780263956
    ],
    "58": [
        4849.812875142911,
        22805.398163586127
    ],
    "59": [
        870.2243226705596,
        16709.615824854653
    ],
    "60": [
        8518.068207047943,
        9945.85447132078
    ],
    "61": [
        5730.47967761076,
        26633.536318235758
    ],
    "62": [
        3902.093868182723,
        4553.611183506668
    ],
    "63": [
        19265.012408659826,
        3450.9589102825717
    ],
    "64": [
        2231.5391982041397,
        3777.0443955458604
    ],
    "65": [
        13466.519243421053,
        8497.927364309211
    ],
    "66": [
        11531.484622628348,
        902.5057729005814
    ],
    "67": [
        16771.72261011319,
        1126.7535503868044
    ],
    "68": [
        21375.533348752742,
        1182.9135257612195
    ],
    "69": [
        27356.170985243054,
        1724.6700384245978
    ],
    "70": [
        26097.14594822304,
        18424.478515625
    ],
    "71": [
        943.5366275908618,
        13443.899020070043
    ],
    "72": [
        2723.907292024382,
        561.1579334143754
    ],
    "73": [
        15014.581870069782,
        5878.07986479824
    ],
    "74": [
        5354.399350697758,
        3235.043321915255
    ],
    "75": [
        1466.8820089577605,
        553.6603131409366
    ],
    "76": [
        6525.18464042468,
        17430.417803485576
    ],
    "77": [
        5854.336591702063,
        1901.5217289106745
    ],
    "78": [
        13070.329529038914,
        1113.8918560693849
    ],
    "79": [
        15895.896457981418,
        12188.019716005068
    ],
    "80": [
        10083.42430547458,
        718.2636507651699
    ],
    "81": [
        20862.151736375763,
        6255.016098394626
    ],
    "82": [
        3693.176008029514,
        17163.182330729167
    ],
    "83": [
        992.4505418373478,
        18606.90789568866
    ],
    "84": [
        9634.984197725915,
        2912.108385997213
    ],
    "85": [
        587.5336074456573,
        4095.169959174262
    ],
    "86": [
        1694.3173151824433,
        24863.60434322034
    ],
    "87": [
        19462.093413806353,
        13485.04637871414
    ],
    "88": [
        780.0084203299288,
        10288.546366694598
    ],
    "89": [
        3980.7190066964286,
        19924.60681919643
    ],
    "90": [
        18760.484489889706,
        24543.34438189338
    ],
    "91": [
        925.4329643816561,
        20451.58805954392
    ],
    "92": [
        14305.166822645398,
        3257.110761854384
    ],
    "93": [
        19089.32124379139,
        9704.166138503726
    ],
    "94": [
        4535.179806440305,
        8501.153339092549
    ],
    "95": [
        16805.09113103693,
        3691.8362426757813
    ],
    "96": [
        13114.307293592825,
        11711.106017705251
    ],
    "97": [
        15957.932093336092,
        8892.902253207782
    ],
    "98": [
        18315.574533770163,
        19947.783938172044
    ],
    "99": [
        4095.987369585641,
        6427.212287999407
    ]
}