{
    "0": [
        19006.921875,
        7962.339599609375
    ],
    "1": [
        11283.10009765625,
        5414.261474609375
    ],
    "2": [
        4908.87890625,
        1532.088623046875
    ],
    "3": [
        1742.735107421875,
        13244.35400390625
    ],
    "4": [
        9060.958984375,
        9357.83203125
    ],
    "5": [
        7397.7939453125,
        597.6200561523438
    ],
    "6": [
        9674.251953125,
        7296.67236328125
    ],
    "7": [
        51.725566387176514,
        8984.49951171875
    ],
    "8": [
        11560.9912109375,
        591.875732421875
    ],
    "9": [
        201.94454956054688,
        6803.20068359375
    ],
    "10": [
        4379.6923828125,
        3683.1448567708335
    ],
    "11": [
        650.2726440429688,
        3523.6736653645835
    ],
    "12": [
        1792.216064453125,
        6555.36865234375
    ],
    "13": [
        1207.880386352539,
        1344.5376586914063
    ],
    "14": [
        3065.6197509765625,
        5040.3974609375
    ],
    "15": [
        2010.8128662109375,
        2614.723388671875
    ],
    "16": [
        12797.091796875,
        2611.230224609375
    ],
    "17": [
        16696.0625,
        415.6107940673828
    ],
    "18": [
        1698.6554768880208,
        9911.603841145834
    ],
    "19": [
        6822.4072265625,
        5857.330078125
    ],
    "20": [
        16306.6884765625,
        24584.705078125
    ],
    "21": [
        4000.25244140625,
        13712.3876953125
    ],
    "22": [
        6822.76904296875,
        9514.55859375
    ],
    "23": [
        547.5143432617188,
        2590.000244140625
    ],
    "24": [
        22182.31640625,
        9138.525390625
    ],
    "25": [
        13003.720703125,
        247.64288330078125
    ],
    "26": [
        14527.5966796875,
        1189.345458984375
    ],
    "27": [
        10715.18359375,
        19232.439453125
    ],
    "28": [
        12401.7392578125,
        328.6387634277344
    ],
    "29": [
        14483.6171875,
        23050.41796875
    ],
    "30": [
        3351.6705322265625,
        8783.1123046875
    ],
    "31": [
        20050.4296875,
        3642.69189453125
    ],
    "32": [
        12583.658203125,
        10313.8095703125
    ],
    "33": [
        7.529618263244629,
        2420.477783203125
    ],
    "34": [
        12185.71142578125,
        14153.91845703125
    ],
    "35": [
        3322.98388671875,
        3073.491943359375
    ],
    "36": [
        17481.357747395832,
        15260.9072265625
    ],
    "37": [
        3848.259765625,
        728.0377197265625
    ],
    "38": [
        25093.73828125,
        6628.248046875
    ],
    "39": [
        16648.0859375,
        19998.70703125
    ],
    "40": [
        18511.9423828125,
        5296.738037109375
    ],
    "41": [
        484.48193359375,
        8413.80126953125
    ],
    "42": [
        22150.244140625,
        444.54864501953125
    ],
    "43": [
        4762.31494140625,
        1936.7413330078125
    ],
    "44": [
        13964.2509765625,
        2282.13623046875
    ],
    "45": [
        17181.12890625,
        1688.544189453125
    ],
    "46": [
        18964.740234375,
        732.5615234375
    ],
    "47": [
        6150.4853515625,
        4339.09375
    ],
    "48": [
        8445.37548828125,
        6147.7216796875
    ],
    "49": [
        4974.82275390625,
        156.35214233398438
    ],
    "50": [
        9255.668334960938,
        1916.8211364746094
    ],
    "51": [
        1372.733154296875,
        9.330373764038086
    ],
    "52": [
        24110.70703125,
        14828.900390625
    ],
    "53": [
        5584.03173828125,
        7345.771484375
    ],
    "54": [
        5008.264892578125,
        833.5020751953125
    ],
    "55": [
        1901.292444864909,
        24181.12109375
    ],
    "56": [
        734.11376953125,
        5402.94091796875
    ],
    "57": [
        5595.801350911458,
        18950.089192708332
    ],
    "58": [
        718.0714721679688,
        13884.375
    ],
    "59": [
        5751.06787109375,
        9299.623046875
    ]
}