{
    "0": [
        1821.234619140625,
        6494.8236328125
    ],
    "1": [
        3249.1023236443016,
        5826.88778147978
    ],
    "2": [
        17428.099609375,
        11664.526785714286
    ],
    "3": [
        9903.74951171875,
        8575.204223632813
    ],
    "4": [
        15430.019592285156,
        1400.761312007904
    ],
    "5": [
        23393.47578125,
        7503.5220703125
    ],
    "6": [
        9505.131469726563,
        2826.9381103515625
    ],
    "7": [
        2610.8439418247767,
        743.9045780726841
    ],
    "8": [
        9623.2029296875,
        5276.74052734375
    ],
    "9": [
        1056.838996887207,
        12052.907470703125
    ],
    "10": [
        8780.65771484375,
        3953.3934326171875
    ],
    "11": [
        13890.330973307291,
        2447.4552408854165
    ],
    "12": [
        3051.7332682291667,
        2827.774479166667
    ],
    "13": [
        10071.7326171875,
        218.3964916229248
    ],
    "14": [
        569.5175495147705,
        974.2673797607422
    ],
    "15": [
        26282.268229166668,
        1057.3095397949219
    ],
    "16": [
        8225.07548828125,
        19528.608333333334
    ],
    "17": [
        24564.837890625,
        21679.8640625
    ],
    "18": [
        6831.28525390625,
        4061.1455322265624
    ],
    "19": [
        684.0696105957031,
        16782.849609375
    ],
    "20": [
        246.32840251922607,
        136.13934898376465
    ],
    "21": [
        9712.57548828125,
        10813.78876953125
    ],
    "22": [
        6813.8583984375,
        9974.5712890625
    ],
    "23": [
        2744.600301106771,
        10448.397786458334
    ],
    "24": [
        5434.361545138889,
        629.9255390167236
    ],
    "25": [
        622.8142528533936,
        19000.38068181818
    ],
    "26": [
        8196.893359375,
        12533.972786458333
    ],
    "27": [
        12847.49638671875,
        15388.3294921875
    ],
    "28": [
        373.50136246000017,
        2019.6470772879463
    ],
    "29": [
        20795.5869140625,
        6618.930419921875
    ],
    "30": [
        2915.051669034091,
        7980.214044744318
    ],
    "31": [
        24807.723493303572,
        5306.952985491072
    ],
    "32": [
        415.1337186373197,
        461.21110065166766
    ],
    "33": [
        4125.364345703125,
        974.9352609252929
    ],
    "34": [
        18730.50146484375,
        5621.1785888671875
    ],
    "35": [
        3944.7836181640623,
        22107.8052734375
    ],
    "36": [
        8319.208675986842,
        315.3875191337184
    ],
    "37": [
        4992.666442871094,
        11569.04736328125
    ],
    "38": [
        3871.7134602864585,
        13814.025390625
    ],
    "39": [
        11644.544162326389,
        5960.239529079861
    ],
    "40": [
        9316.755196707589,
        15749.21484375
    ],
    "41": [
        358.944149017334,
        6298.725646972656
    ],
    "42": [
        11672.161576704546,
        2312.497891512784
    ],
    "43": [
        5872.645263671875,
        17749.883056640625
    ],
    "44": [
        4022.8348388671875,
        9207.51806640625
    ],
    "45": [
        17169.91583806818,
        924.2457821585915
    ],
    "46": [
        219.82846331596375,
        9158.724609375
    ],
    "47": [
        6911.459626850329,
        829.9230512317858
    ],
    "48": [
        20783.2001953125,
        11862.043131510416
    ],
    "49": [
        506.13146781921387,
        14134.764526367188
    ],
    "50": [
        25834.54609375,
        9159.195703125
    ],
    "51": [
        8212.89033203125,
        6264.501953125
    ],
    "52": [
        2918.788283128005,
        19959.21183894231
    ],
    "53": [
        15568.7884765625,
        25575.380078125
    ],
    "54": [
        5915.016927083333,
        2235.190619574653
    ],
    "55": [
        22804.532552083332,
        247.78484598795572
    ],
    "56": [
        16707.037464488636,
        3652.6614879261365
    ],
    "57": [
        19339.82763671875,
        716.8839437166849
    ],
    "58": [
        617.0353465360754,
        5067.297593060662
    ],
    "59": [
        8405.881652832031,
        8544.137084960938
    ],
    "60": [
        9396.16610440341,
        1442.5813987038352
    ],
    "61": [
        1999.2542419433594,
        7388.603332519531
    ],
    "62": [
        1889.4769775390625,
        3912.260771484375
    ],
    "63": [
        2739.2703399658203,
        25346.161358173078
    ],
    "64": [
        11333.2330078125,
        12226.59912109375
    ],
    "65": [
        14037.938654119318,
        12162.902166193182
    ],
    "66": [
        4039.0445772058824,
        4352.124396829044
    ],
    "67": [
        20644.684151785714,
        3463.241385323661
    ],
    "68": [
        10792.901722301136,
        20635.54900568182
    ],
    "69": [
        5284.9437255859375,
        5269.11572265625
    ],
    "70": [
        25332.955729166668,
        15247.0947265625
    ],
    "71": [
        1758.209698016827,
        273.6361331939697
    ],
    "72": [
        17748.093994140625,
        16821.474243164063
    ],
    "73": [
        3026.2025320870534,
        16950.81180245536
    ],
    "74": [
        15427.747233072916,
        19852.510091145832
    ],
    "75": [
        21391.584635416668,
        231.38858540852866
    ],
    "76": [
        2168.73818359375,
        9339.60556640625
    ],
    "77": [
        18244.0341796875,
        7591.284423828125
    ],
    "78": [
        9178.811401367188,
        23362.356770833332
    ],
    "79": [
        777.3092401677912,
        8042.606489701705
    ],
    "80": [
        9919.53662109375,
        6276.230550130208
    ],
    "81": [
        557.0473852891189,
        3355.7102989783652
    ],
    "82": [
        1980.394496372768,
        13402.268973214286
    ],
    "83": [
        317.9294967651367,
        13486.69140625
    ],
    "84": [
        4498.899055989584,
        2739.0538818359373
    ],
    "85": [
        6496.982066761364,
        6274.024147727273
    ],
    "86": [
        5136.652311197917,
        7335.35546875
    ],
    "87": [
        11904.2060546875,
        4113.050816127232
    ],
    "88": [
        6425.842507102273,
        14955.618874289772
    ],
    "89": [
        8183.036798650568,
        1846.8944091796875
    ],
    "90": [
        13032.788411458334,
        574.2996181911892
    ],
    "91": [
        705.8830320570204,
        10282.290690104166
    ],
    "92": [
        1363.3223429361979,
        1657.1363037109375
    ],
    "93": [
        13584.791381835938,
        5536.3421630859375
    ],
    "94": [
        2526.527872721354,
        11530.186360677084
    ],
    "95": [
        24403.20340401786,
        1059.138419015067
    ],
    "96": [
        15925.455322265625,
        5985.7440185546875
    ],
    "97": [
        22993.829427083332,
        9928.415690104166
    ],
    "98": [
        13594.907421875,
        9091.67294921875
    ],
    "99": [
        11515.880326704546,
        511.0010826804421
    ]
}