{
    "0": [
        2868.880139767136,
        2384.8214790245884
    ],
    "1": [
        17157.646540932674,
        3584.6801913346103
    ],
    "2": [
        4176.030275273144,
        17949.029700716634
    ],
    "3": [
        4958.65183873637,
        9506.367327443535
    ],
    "4": [
        26327.59140625,
        11843.609533691406
    ],
    "5": [
        8554.583146784857,
        7363.019613882211
    ],
    "6": [
        8922.169083960262,
        13230.010939107511
    ],
    "7": [
        21173.02290984123,
        1131.758557377323
    ],
    "8": [
        2677.240887590947,
        8089.856721135497
    ],
    "9": [
        11212.653778747708,
        850.4738946998615
    ],
    "10": [
        15743.4470703125,
        946.9945887975394
    ],
    "11": [
        13468.377704326924,
        1008.3206134172586
    ],
    "12": [
        6351.866577444007,
        5080.509577642631
    ],
    "13": [
        14519.82595835008,
        3516.205187242514
    ],
    "14": [
        7259.509437018661,
        2687.0118683005962
    ],
    "15": [
        11447.893784877233,
        18647.841768973216
    ],
    "16": [
        19932.13972355769,
        19346.093524639422
    ],
    "17": [
        7218.268998579545,
        18809.023082386364
    ],
    "18": [
        27244.281335851647,
        1545.322382067586
    ],
    "19": [
        568.3101182026221,
        3690.2389842364805
    ],
    "20": [
        5381.13560474537,
        25690.616984953704
    ],
    "21": [
        2959.6872492714533,
        12469.28304811508
    ],
    "22": [
        12811.629421962782,
        14955.166015625
    ],
    "23": [
        6359.0444551355695,
        7767.109401927275
    ],
    "24": [
        23024.1477292239,
        4580.941910628434
    ],
    "25": [
        17851.647881086483,
        24155.950876635176
    ],
    "26": [
        14562.71037130153,
        12065.077543218085
    ],
    "27": [
        25743.52164188508,
        18578.64689390121
    ],
    "28": [
        655.1487171858,
        5458.373123379896
    ],
    "29": [
        724.8367971433879,
        9427.382214036521
    ],
    "30": [
        4605.006222163405,
        21944.110214661214
    ],
    "31": [
        2750.6810355808425,
        10288.878364078177
    ],
    "32": [
        23750.173703457447,
        24451.813414228724
    ],
    "33": [
        19824.191759474736,
        4014.6238689016786
    ],
    "34": [
        10983.493856114665,
        8762.890138641118
    ],
    "35": [
        1144.5568028253929,
        22735.354875511097
    ],
    "36": [
        13507.715347532243,
        22083.079520089286
    ],
    "37": [
        11927.290783270475,
        3538.0422304350755
    ],
    "38": [
        17288.08797554348,
        9745.337466032608
    ],
    "39": [
        8062.010951021634,
        10228.279771634616
    ],
    "40": [
        5542.304577678958,
        12032.817646383002
    ],
    "41": [
        900.9409800236019,
        14078.527806332237
    ],
    "42": [
        2099.061165034492,
        690.4897940216496
    ],
    "43": [
        3443.4210897096445,
        15071.735912054357
    ],
    "44": [
        23059.586572265624,
        9011.850268554688
    ],
    "45": [
        6180.257472601038,
        14914.121514741608
    ],
    "46": [
        24172.623868075283,
        1305.2653585835783
    ],
    "47": [
        3632.196900659678,
        771.7387218897035
    ],
    "48": [
        5379.770963609342,
        737.221819781464
    ],
    "49": [
        8634.687809839597,
        4767.812826061566
    ],
    "50": [
        13865.053205371958,
        8825.215662593335
    ],
    "51": [
        1193.2596554456313,
        19769.919778086656
    ],
    "52": [
        18315.290765570935,
        1037.7731520412908
    ],
    "53": [
        1246.601328198115,
        26544.00033275463
    ],
    "54": [
        26487.301928962628,
        6291.704144350032
    ],
    "55": [
        9643.24276312775,
        2836.8921711046323
    ],
    "56": [
        9280.176850558659,
        16088.96534567039
    ],
    "57": [
        9056.706587687577,
        775.2910484777818
    ],
    "58": [
        4390.367006988093,
        6629.937677053825
    ],
    "59": [
        16286.995051045817,
        6454.065165120767
    ],
    "60": [
        9012.3060830606,
        22612.668338260137
    ],
    "61": [
        4972.482940731737,
        2645.5007081004655
    ],
    "62": [
        797.216736730817,
        11620.33647270698
    ],
    "63": [
        2422.548866708532,
        5980.407414158293
    ],
    "64": [
        13026.100494274593,
        6044.757697921367
    ],
    "65": [
        19723.906444340795,
        7231.6310124183765
    ],
    "66": [
        571.595395671102,
        586.215386733924
    ],
    "67": [
        10584.205939345473,
        5842.029640978715
    ],
    "68": [
        971.6426062456677,
        16947.513869382023
    ],
    "69": [
        11207.054995888158,
        11604.253404130819
    ],
    "70": [
        3975.8783021164963,
        4497.576296236176
    ],
    "71": [
        19995.656265625,
        11728.76071875
    ],
    "72": [
        2094.197944115573,
        4032.5712258526946
    ],
    "73": [
        15650.466396047108,
        18222.26414558069
    ],
    "74": [
        11834.770532535602,
        26631.474189082277
    ],
    "75": [
        679.8627599442558,
        7372.115777253099
    ],
    "76": [
        800.6805449636568,
        2116.1816753329254
    ],
    "77": [
        7147.612773973828,
        755.3801884460231
    ],
    "78": [
        17344.34205264137,
        14727.773675827753
    ],
    "79": [
        22395.109247622284,
        14977.454901211504
    ]
}