{
    "0": [
        6090.5887303994905,
        18555.39664367243
    ],
    "1": [
        7025.524530444948,
        23899.687044970877
    ],
    "2": [
        5621.472895882684,
        1246.8566362130282
    ],
    "3": [
        19693.80715625,
        12595.8938515625
    ],
    "4": [
        16681.76260367027,
        8821.11474895757
    ],
    "5": [
        3053.852529164907,
        1039.3045580342205
    ],
    "6": [
        24963.97003786845,
        8999.687841157205
    ],
    "7": [
        1444.6643800920895,
        11146.081693019914
    ],
    "8": [
        4976.683114381821,
        10588.909241691468
    ],
    "9": [
        3826.877142024093,
        3732.8385443613756
    ],
    "10": [
        10726.618791372937,
        4516.180290295629
    ],
    "11": [
        7802.575420738513,
        7957.382613444577
    ],
    "12": [
        995.7207882208147,
        3153.0344192158964
    ],
    "13": [
        1473.3280968978343,
        17567.096062638273
    ],
    "14": [
        8984.912638449367,
        15188.801446301424
    ],
    "15": [
        25510.214616935486,
        2412.3794459342957
    ],
    "16": [
        20294.008767781477,
        5964.072687107483
    ],
    "17": [
        16930.435871124268,
        17571.558673858643
    ],
    "18": [
        9223.708202525882,
        11372.574610173824
    ],
    "19": [
        1120.9974792052456,
        8290.046923883674
    ],
    "20": [
        13691.056868333082,
        13042.089846097506
    ],
    "21": [
        14234.037345987059,
        1384.1297997570598
    ],
    "22": [
        21481.084348958335,
        1457.4821799164215
    ],
    "23": [
        1150.5285824919285,
        5570.262341552478
    ],
    "24": [
        12080.132331452547,
        8292.794584599247
    ],
    "25": [
        11075.488939399109,
        1109.7768868435244
    ],
    "26": [
        8219.951203991604,
        1375.334223515214
    ],
    "27": [
        15051.481272660567,
        4976.445069258604
    ],
    "28": [
        6929.583091100057,
        4650.894045829773
    ],
    "29": [
        806.4361545775662,
        868.1243175604427
    ],
    "30": [
        1937.6844559127546,
        25800.28951744478
    ],
    "31": [
        4814.820584373545,
        14331.886882419692
    ],
    "32": [
        4026.7437028136674,
        7076.434786785881
    ],
    "33": [
        13660.985806551847,
        24354.487082741478
    ],
    "34": [
        11593.114571581678,
        19378.864973488267
    ],
    "35": [
        1725.84588648068,
        21254.013403057797
    ],
    "36": [
        1214.0890895325672,
        14092.543077084983
    ],
    "37": [
        17749.848752457576,
        1729.777957921046
    ],
    "38": [
        23901.46121794872,
        16498.008373397435
    ],
    "39": [
        21095.640580610794,
        23527.427601207386
    ]
}