{
    "0": [
        5662.473390020718,
        579.8386969928583
    ],
    "1": [
        6512.888763427734,
        5849.103832244873
    ],
    "2": [
        4460.845542576002,
        1880.8562104598336
    ],
    "3": [
        17215.686875,
        18900.9750390625
    ],
    "4": [
        23505.542846679688,
        23394.91424560547
    ],
    "5": [
        10533.90921619451,
        11935.729601708528
    ],
    "6": [
        1093.5166171343205,
        18905.161083633095
    ],
    "7": [
        8894.09480431429,
        572.0742807798325
    ],
    "8": [
        7001.493909530057,
        4016.0410081703244
    ],
    "9": [
        874.8139587650003,
        16025.603894137597
    ],
    "10": [
        25341.562920673077,
        13812.570207331732
    ],
    "11": [
        11824.142443426725,
        7434.902781519397
    ],
    "12": [
        4306.0749741252675,
        5409.28182174813
    ],
    "13": [
        630.2149669090096,
        5424.097569056919
    ],
    "14": [
        18704.539556962027,
        1038.2712495870228
    ],
    "15": [
        12923.998879354509,
        22225.501536885247
    ],
    "16": [
        2684.5641123819696,
        5583.29799910072
    ],
    "17": [
        22239.158812610814,
        1452.856973977799
    ],
    "18": [
        14224.9107390373,
        3120.804882418725
    ],
    "19": [
        13103.973528799926,
        813.5272172809352
    ],
    "20": [
        22929.60564630682,
        18304.724698153408
    ],
    "21": [
        1839.451241744192,
        2760.813402677837
    ],
    "22": [
        445.32134229663626,
        2164.6484454744427
    ],
    "23": [
        862.5330400982418,
        8986.727747571791
    ],
    "24": [
        5101.2995346531725,
        3709.0239276308002
    ],
    "25": [
        8473.332341120793,
        20349.95274939904
    ],
    "26": [
        16643.375227107557,
        11788.065236646076
    ],
    "27": [
        2908.4940185546875,
        14336.018053443031
    ],
    "28": [
        7214.6377231259885,
        747.8460979039156
    ],
    "29": [
        9601.395900352329,
        26180.710363051472
    ],
    "30": [
        2763.1137580151826,
        7463.7346790241745
    ],
    "31": [
        7301.766030365566,
        17301.661538178065
    ],
    "32": [
        7793.9026468211205,
        7927.644211341595
    ],
    "33": [
        3497.5323961046006,
        17483.711024305554
    ],
    "34": [
        792.5804612740227,
        7212.7184687075405
    ],
    "35": [
        3108.877554378154,
        9556.76501843944
    ],
    "36": [
        1298.6936155046735,
        1290.4318589710053
    ],
    "37": [
        866.6811818267618,
        11089.22512672061
    ],
    "38": [
        17387.69110107422,
        7627.636333465576
    ],
    "39": [
        13395.303914388021,
        10005.556469726562
    ],
    "40": [
        10787.732701868445,
        650.0590463418228
    ],
    "41": [
        5061.511580078125,
        7309.58159765625
    ],
    "42": [
        5985.142349054784,
        23527.93465470679
    ],
    "43": [
        5286.779354095459,
        9456.910820007324
    ],
    "44": [
        15781.565326030028,
        1048.6712158245748
    ],
    "45": [
        9458.084742052803,
        6241.413974104256
    ],
    "46": [
        11892.71378372062,
        2415.001725677751
    ],
    "47": [
        824.2485870453248,
        13384.492869917169
    ],
    "48": [
        2769.9954486484944,
        1437.214121574903
    ],
    "49": [
        7819.889393097764,
        13732.081206995414
    ],
    "50": [
        11768.770810081845,
        4743.641130719866
    ],
    "51": [
        6146.302274109888,
        2302.5302514248206
    ],
    "52": [
        2038.2943388526119,
        4288.346739811684
    ],
    "53": [
        19239.17502170139,
        14678.927056206598
    ],
    "54": [
        5009.866885427701,
        12212.673033633475
    ],
    "55": [
        7546.1326328493515,
        10790.620762087265
    ],
    "56": [
        12328.36275758605,
        18304.798092164856
    ],
    "57": [
        16967.050550426135,
        3748.9260897549716
    ],
    "58": [
        465.5510271638632,
        506.7649786797437
    ],
    "59": [
        16985.42097553454,
        25180.388877467107
    ],
    "60": [
        9713.991019454657,
        9122.326243681066
    ],
    "61": [
        20284.97105071504,
        5051.181928214381
    ],
    "62": [
        4271.913710727486,
        20380.377499159946
    ],
    "63": [
        24971.602819461634,
        6341.035424562964
    ],
    "64": [
        20794.96467141544,
        9979.188337737438
    ],
    "65": [
        14419.52869963843,
        6186.9586776859505
    ],
    "66": [
        9869.503450520833,
        2286.626830037435
    ],
    "67": [
        3397.8287311422414,
        3319.3852791621766
    ],
    "68": [
        1351.2464884474077,
        22402.09389909351
    ],
    "69": [
        5100.976595052083,
        14842.154388020834
    ],
    "70": [
        9217.984014254898,
        4178.533301510028
    ],
    "71": [
        2069.6853789138795,
        26492.77091796875
    ],
    "72": [
        8173.515888829385,
        2336.0389207409276
    ],
    "73": [
        13947.857144325659,
        14395.260536595395
    ],
    "74": [
        2228.7730761235302,
        364.093157155679
    ],
    "75": [
        10515.772214114011,
        15182.205056662087
    ],
    "76": [
        479.94427898561673,
        3750.19570632208
    ],
    "77": [
        3960.9480187367585,
        479.32228655734303
    ],
    "78": [
        2754.3057688485205,
        11624.632535951327
    ],
    "79": [
        26080.326599957192,
        1429.9771514592105
    ]
}