{
    "0": [
        968.9600956439972,
        12440.652853636615
    ],
    "1": [
        18685.40182890952,
        935.9124604190494
    ],
    "2": [
        24817.924357786018,
        22701.14612023305
    ],
    "3": [
        12850.210482170245,
        15145.1534461273
    ],
    "4": [
        2056.2521781646947,
        573.0015410105531
    ],
    "5": [
        9636.939549037388,
        13123.901722935268
    ],
    "6": [
        8082.355046655211,
        3036.397918935322
    ],
    "7": [
        4447.138435567764,
        4831.526711856618
    ],
    "8": [
        26137.24437191612,
        14892.357627467105
    ],
    "9": [
        13102.52684452074,
        11845.521935433017
    ],
    "10": [
        18576.88908203125,
        6767.310280761719
    ],
    "11": [
        6906.36178002451,
        14810.60513939951
    ],
    "12": [
        588.3840824177249,
        4266.635566384206
    ],
    "13": [
        1701.795967815099,
        27222.59713179977
    ],
    "14": [
        3067.4966595309306,
        11718.516090663317
    ],
    "15": [
        18262.223254566463,
        3699.15009834397
    ],
    "16": [
        4928.9011994190705,
        21104.69827724359
    ],
    "17": [
        8403.719460370463,
        7571.211852633569
    ],
    "18": [
        5554.106883875143,
        9498.633605029445
    ],
    "19": [
        3989.7376156946657,
        14622.502229921378
    ],
    "20": [
        752.5543089596952,
        8856.134624210212
    ],
    "21": [
        13309.386595579956,
        24560.814136402027
    ],
    "22": [
        12722.864942048725,
        4008.8811918559827
    ],
    "23": [
        1034.484824215111,
        14217.4462437113
    ],
    "24": [
        11940.971886641142,
        6541.362715361134
    ],
    "25": [
        4651.459253259607,
        24227.66038059544
    ],
    "26": [
        3043.917790317079,
        8904.315999738337
    ],
    "27": [
        10717.28038386153,
        9638.298308786992
    ],
    "28": [
        3497.7664487128804,
        794.6467002096553
    ],
    "29": [
        9529.402317899816,
        5232.37088766659
    ],
    "30": [
        3205.083228000794,
        6678.879369136008
    ],
    "31": [
        16556.447779308164,
        13550.47551255419
    ],
    "32": [
        8508.083786010742,
        26272.972025553387
    ],
    "33": [
        5582.802575152853,
        12114.774605129076
    ],
    "34": [
        909.2922895200636,
        5754.050936153018
    ],
    "35": [
        626.9341463440784,
        1698.3416876198983
    ],
    "36": [
        25837.104166666668,
        5784.144411117311
    ],
    "37": [
        878.1530301224293,
        7292.128905174491
    ],
    "38": [
        2339.23690437214,
        2260.1526824421967
    ],
    "39": [
        10406.414875309642,
        3023.498914392983
    ],
    "40": [
        20523.27282567771,
        9543.394107680722
    ],
    "41": [
        6936.781226637261,
        18184.557238711124
    ],
    "42": [
        18200.59970801768,
        21023.086943655304
    ],
    "43": [
        16782.012928355824,
        9953.231631192293
    ],
    "44": [
        16495.99274452843,
        1163.638028960796
    ],
    "45": [
        1090.624399414769,
        16317.829194999036
    ],
    "46": [
        24899.395575161638,
        9940.220648403825
    ],
    "47": [
        1277.6853047599477,
        21166.422044486055
    ],
    "48": [
        22166.769862912737,
        17370.665831367925
    ],
    "49": [
        574.6692026487889,
        466.88698115451206
    ],
    "50": [
        16848.051283892462,
        16972.839815027575
    ],
    "51": [
        6840.8349841889885,
        848.6671876145058
    ],
    "52": [
        5163.237384569913,
        785.9217972716427
    ],
    "53": [
        1009.9285749456874,
        18804.78593344507
    ],
    "54": [
        12216.494720210874,
        1056.8251151676748
    ],
    "55": [
        6833.319952041067,
        5183.654976250614
    ],
    "56": [
        20942.623346259123,
        13724.264848026916
    ],
    "57": [
        1158.1516114912536,
        23937.9695338199
    ],
    "58": [
        27207.014206414475,
        1516.6451349258423
    ],
    "59": [
        18890.685440063477,
        25206.424255371094
    ],
    "60": [
        9252.563436818677,
        21447.292730287063
    ],
    "61": [
        13608.775356783724,
        8771.568006458849
    ],
    "62": [
        21259.6868125,
        1281.9390420799255
    ],
    "63": [
        9980.169121707297,
        16815.891422611257
    ],
    "64": [
        2458.409760469235,
        4414.821207682292
    ],
    "65": [
        14277.706193077373,
        955.7268222812663
    ],
    "66": [
        21824.643603294684,
        5168.0959152290725
    ],
    "67": [
        5539.859973254504,
        7128.265971049174
    ],
    "68": [
        4112.968591360101,
        2671.53785467349
    ],
    "69": [
        8059.410767009825,
        10457.571341320025
    ],
    "70": [
        15397.358328154593,
        6431.524264248935
    ],
    "71": [
        24113.80375555203,
        1613.1629632524578
    ],
    "72": [
        4006.218294208947,
        17617.4215853731
    ],
    "73": [
        13353.391204833984,
        19652.409069824218
    ],
    "74": [
        8507.168012015427,
        856.2188942854917
    ],
    "75": [
        10329.246314264114,
        752.4298778587073
    ],
    "76": [
        5953.948582393484,
        2797.4425841214365
    ],
    "77": [
        933.1967124103853,
        10550.615546663279
    ],
    "78": [
        778.1397204606926,
        3000.1232157155473
    ],
    "79": [
        15162.605961996822,
        3557.0775390625
    ]
}