{
    "0": [
        20932.243896484375,
        6569.483581542969
    ],
    "1": [
        1430.1913883421157,
        9121.959743923611
    ],
    "2": [
        15812.797200520834,
        22544.610026041668
    ],
    "3": [
        1320.9621276855469,
        1256.6193119684856
    ],
    "4": [
        19138.695068359375,
        15152.905517578125
    ],
    "5": [
        18337.64765625,
        739.3751892089844
    ],
    "6": [
        13338.8798828125,
        1331.7987121582032
    ],
    "7": [
        10054.501790364584,
        17312.064778645832
    ],
    "8": [
        8107.895670572917,
        1241.266825358073
    ],
    "9": [
        9728.523828125,
        5957.1939453125
    ],
    "10": [
        10552.590494791666,
        1710.9932861328125
    ],
    "11": [
        2863.7298126220703,
        22338.680078125
    ],
    "12": [
        10895.9306640625,
        8747.336100260416
    ],
    "13": [
        2700.7165018717446,
        13585.041015625
    ],
    "14": [
        12399.5263671875,
        12489.54833984375
    ],
    "15": [
        6245.0689697265625,
        8004.32080078125
    ],
    "16": [
        4815.9169921875,
        960.9035148620605
    ],
    "17": [
        1198.1705017089844,
        5749.72939453125
    ],
    "18": [
        4369.2202555338545,
        3993.103230794271
    ],
    "19": [
        973.8260608400617,
        3039.0620465959823
    ]
}