{
    "0": [
        22572.44702808277,
        11298.55955711571
    ],
    "1": [
        3248.3564704274445,
        13982.274292576256
    ],
    "2": [
        5933.666532400116,
        644.7928932007175
    ],
    "3": [
        5087.452897291917,
        9579.029710036059
    ],
    "4": [
        8137.502661920363,
        766.4236165450145
    ],
    "5": [
        11401.938645582934,
        26285.61279296875
    ],
    "6": [
        10276.846708925897,
        11028.435184318862
    ],
    "7": [
        4625.933637205451,
        4616.0768142255765
    ],
    "8": [
        19213.101883162315,
        20906.555853544774
    ],
    "9": [
        26375.706416377314,
        1329.104917243675
    ],
    "10": [
        22144.00717870447,
        1016.826100216796
    ],
    "11": [
        7392.604203160034,
        7236.52926403097
    ],
    "12": [
        1096.7169816954797,
        24009.533432904413
    ],
    "13": [
        13011.243612838794,
        1000.6373094324155
    ],
    "14": [
        700.4718971980601,
        5855.8373381624515
    ],
    "15": [
        6501.9099832496895,
        2515.261581724053
    ],
    "16": [
        14487.673639261498,
        3461.636623166642
    ],
    "17": [
        3967.2857855322527,
        589.3052831545551
    ],
    "18": [
        783.2085326248681,
        12618.632101645318
    ],
    "19": [
        25312.907586348683,
        20962.94798519737
    ],
    "20": [
        17329.24874230587,
        3307.0303011807528
    ],
    "21": [
        8859.03531722184,
        2650.6353902851706
    ],
    "22": [
        12241.26401712437,
        5729.052786162405
    ],
    "23": [
        26050.451171875,
        10720.565076462766
    ],
    "24": [
        726.882338370126,
        2025.8727955537684
    ],
    "25": [
        1774.6577843427658,
        27006.831081814234
    ],
    "26": [
        4370.338624896425,
        19711.184156013256
    ],
    "27": [
        19634.530691964286,
        13463.760234882306
    ],
    "28": [
        6938.839855563256,
        4730.741823257938
    ],
    "29": [
        17980.057890139753,
        6723.109174835015
    ],
    "30": [
        7114.480907133896,
        17452.04070198449
    ],
    "31": [
        845.6538562024434,
        7819.9005703125
    ],
    "32": [
        12534.803918850806,
        9049.646478074597
    ],
    "33": [
        7721.421645220588,
        12719.788215188419
    ],
    "34": [
        1116.8307490052118,
        18046.625321180556
    ],
    "35": [
        10037.726494511471,
        14537.79521237144
    ],
    "36": [
        703.8808384005943,
        3786.1095823823734
    ],
    "37": [
        624.9579100552457,
        561.7088354523253
    ],
    "38": [
        7595.0196862599205,
        9962.213407324736
    ],
    "39": [
        14455.274792086693,
        20840.169480846773
    ],
    "40": [
        1154.0026820667442,
        20994.006254650296
    ],
    "41": [
        2590.6330145693946,
        2505.988585947699
    ],
    "42": [
        6457.947711016681,
        26384.04613597973
    ],
    "43": [
        2847.301212855748,
        8841.945342145647
    ],
    "44": [
        23555.512325546115,
        3903.4666048809163
    ],
    "45": [
        20272.982623387896,
        3665.3895360553074
    ],
    "46": [
        10585.18619895667,
        873.0206087618209
    ],
    "47": [
        18697.82587073238,
        876.0519271695141
    ],
    "48": [
        11342.735289754746,
        3426.377095797897
    ],
    "49": [
        1058.7310473570458,
        15249.93026592548
    ],
    "50": [
        20608.440487132353,
        16666.660457835478
    ],
    "51": [
        3007.470969238281,
        6557.045170898437
    ],
    "52": [
        21874.45249065171,
        7055.889189369658
    ],
    "53": [
        4573.358350468521,
        2400.259592005934
    ],
    "54": [
        14966.127697960805,
        6470.973395568502
    ],
    "55": [
        2554.1384245360264,
        11188.202421363265
    ],
    "56": [
        18868.790845788044,
        9839.379679008152
    ],
    "57": [
        15805.145388233419,
        25174.572624362245
    ],
    "58": [
        5067.749788153108,
        12157.412393559855
    ],
    "59": [
        2295.169025508381,
        706.9728810914837
    ],
    "60": [
        9334.714534759521,
        5211.373156547546
    ],
    "61": [
        3767.6985491071428,
        23234.673921130954
    ],
    "62": [
        751.9415461966452,
        10009.831060829403
    ],
    "63": [
        7444.939443643811,
        21453.321469205097
    ],
    "64": [
        16372.686356977983,
        17147.414406516335
    ],
    "65": [
        12779.915928994456,
        12442.417724609375
    ],
    "66": [
        25336.055563038793,
        15618.678155307112
    ],
    "67": [
        22307.502642463234,
        26248.90366498162
    ],
    "68": [
        10811.605756578947,
        22303.40945723684
    ],
    "69": [
        2470.031295524572,
        4485.460265508973
    ],
    "70": [
        16042.703675615026,
        13099.003314079122
    ],
    "71": [
        15769.110897064209,
        843.669515421614
    ],
    "72": [
        10145.138890375285,
        7931.464634168094
    ],
    "73": [
        10049.309474135891,
        18423.524147727272
    ],
    "74": [
        26261.668733016304,
        6406.431102807971
    ],
    "75": [
        6166.525687370511,
        14876.956480921961
    ],
    "76": [
        5196.74070997362,
        6933.90640430533
    ],
    "77": [
        15340.834348648314,
        10055.209116133432
    ],
    "78": [
        13106.922803534837,
        16115.102346951844
    ],
    "79": [
        3810.133621570676,
        16974.452403933505
    ]
}