{
    "0": [
        1923.412106890087,
        18394.007368378552
    ],
    "1": [
        2126.2680670529903,
        13244.211467958368
    ],
    "2": [
        8181.021597762487,
        12405.399932989018
    ],
    "3": [
        1992.6711933603312,
        8985.016306775682
    ],
    "4": [
        14837.012566384305,
        7766.075104788448
    ],
    "5": [
        8745.443731119793,
        1773.7432315950393
    ],
    "6": [
        5647.039050479494,
        6323.881695007428
    ],
    "7": [
        4872.2437714033595,
        1606.1010279499094
    ],
    "8": [
        13873.928088450293,
        23262.83369883041
    ],
    "9": [
        17937.46460861239,
        2168.9142385522096
    ],
    "10": [
        9969.512576399178,
        6817.929827986092
    ],
    "11": [
        24124.371528569798,
        2609.852441652848
    ],
    "12": [
        8006.699634636238,
        19085.094316837538
    ],
    "13": [
        13055.18397139853,
        1875.7001781252418
    ],
    "14": [
        2929.950785222981,
        24406.03013780382
    ],
    "15": [
        1531.122011436207,
        4832.330026803277
    ],
    "16": [
        22673.343098958332,
        18019.22962782118
    ],
    "17": [
        1296.482238546196,
        1234.9182970662894
    ],
    "18": [
        21176.845605091698,
        9250.422229428088
    ],
    "19": [
        14741.979865180121,
        14451.531717936197
    ]
}