{
    "0": [
        13003.720703125,
        247.64288330078125
    ],
    "1": [
        8924.1728515625,
        1336.4346923828125
    ],
    "2": [
        524.0272827148438,
        2838.842041015625
    ],
    "3": [
        3351.6705322265625,
        8783.1123046875
    ],
    "4": [
        16696.0625,
        415.6107940673828
    ],
    "5": [
        6822.4072265625,
        5857.330078125
    ],
    "6": [
        20050.4296875,
        3642.69189453125
    ],
    "7": [
        11981.365234375,
        460.2572479248047
    ],
    "8": [
        1505.1519165039063,
        1994.554931640625
    ],
    "9": [
        7397.7939453125,
        597.6200561523438
    ],
    "10": [
        9443.907958984375,
        18466.3349609375
    ],
    "11": [
        18072.9345703125,
        1210.5528564453125
    ],
    "12": [
        654.2181091308594,
        1181.2968139648438
    ],
    "13": [
        268.10374999046326,
        8699.150390625
    ],
    "14": [
        3322.98388671875,
        3073.491943359375
    ],
    "15": [
        4046.8134765625,
        13278.00537109375
    ],
    "16": [
        13463.9970703125,
        8952.8349609375
    ],
    "17": [
        5018.97900390625,
        19402.96484375
    ],
    "18": [
        2234.299560546875,
        1178.6820068359375
    ],
    "19": [
        1742.735107421875,
        13244.35400390625
    ],
    "20": [
        3907.13037109375,
        14581.15234375
    ],
    "21": [
        18511.9423828125,
        5296.738037109375
    ],
    "22": [
        10048.39013671875,
        2270.5520629882813
    ],
    "23": [
        6286.91845703125,
        9407.0908203125
    ],
    "24": [
        718.0714721679688,
        13884.375
    ],
    "25": [
        6150.4853515625,
        4339.09375
    ],
    "26": [
        23146.51171875,
        11983.712890625
    ],
    "27": [
        2139.123046875,
        9702.251953125
    ],
    "28": [
        12290.755859375,
        5418.97607421875
    ],
    "29": [
        3848.259765625,
        728.0377197265625
    ],
    "30": [
        4908.87890625,
        1532.088623046875
    ],
    "31": [
        22150.244140625,
        444.54864501953125
    ],
    "32": [
        725.1388549804688,
        3741.6685791015625
    ],
    "33": [
        11275.689453125,
        15003.5244140625
    ],
    "34": [
        15395.15283203125,
        23817.5615234375
    ],
    "35": [
        8692.1396484375,
        6319.14892578125
    ],
    "36": [
        16825.341471354168,
        17455.733723958332
    ],
    "37": [
        13380.67138671875,
        2446.6832275390625
    ],
    "38": [
        817.7203369140625,
        10330.3076171875
    ],
    "39": [
        5046.47119140625,
        639.62158203125
    ],
    "40": [
        8001.72021484375,
        1789.7457275390625
    ],
    "41": [
        9611.8974609375,
        8644.586669921875
    ],
    "42": [
        14527.5966796875,
        1189.345458984375
    ],
    "43": [
        952.354970296224,
        6473.268391927083
    ],
    "44": [
        4974.82275390625,
        156.35214233398438
    ],
    "45": [
        5584.03173828125,
        7345.771484375
    ],
    "46": [
        4762.31494140625,
        1936.7413330078125
    ],
    "47": [
        3516.9912109375,
        20871.5361328125
    ],
    "48": [
        3854.063330078125,
        4226.0458984375
    ],
    "49": [
        1372.733154296875,
        9.330373764038086
    ],
    "50": [
        5271.06884765625,
        1172.3472900390625
    ],
    "51": [
        2155.4602661132813,
        2845.9676513671875
    ],
    "52": [
        605.3232421875,
        4744.64599609375
    ],
    "53": [
        7.529618263244629,
        2420.477783203125
    ],
    "54": [
        19006.921875,
        7962.339599609375
    ],
    "55": [
        25093.73828125,
        6628.248046875
    ],
    "56": [
        1132.8438186645508,
        25273.681640625
    ],
    "57": [
        14471.729166666666,
        12797.774739583334
    ],
    "58": [
        4669.04833984375,
        882.4178466796875
    ],
    "59": [
        10275.4443359375,
        5409.546875
    ]
}