{
    "0": [
        4911.182223865434,
        1454.9658718387607
    ],
    "1": [
        1575.2247083087063,
        4806.517666095859
    ],
    "2": [
        12520.136330997242,
        7086.647735852153
    ],
    "3": [
        2013.3259505472195,
        8838.57066680551
    ],
    "4": [
        23449.44658376479,
        15218.879478319157
    ],
    "5": [
        14914.27498456293,
        13770.80470092354
    ],
    "6": [
        24147.593913327528,
        2820.0549347683113
    ],
    "7": [
        17704.51175383608,
        22035.532290886975
    ],
    "8": [
        8479.035427517361,
        14564.806942894345
    ],
    "9": [
        6085.7461992221115,
        5506.01758526853
    ],
    "10": [
        13074.813192987182,
        1823.6254694033448
    ],
    "11": [
        8961.681461071841,
        1899.4632627948251
    ],
    "12": [
        1292.0759216947938,
        1238.1726262643651
    ],
    "13": [
        17767.369285789697,
        1963.5263682668274
    ],
    "14": [
        2632.021229635924,
        24641.044151306152
    ],
    "15": [
        2120.610700820282,
        13249.310481563496
    ],
    "16": [
        7649.650913939882,
        9580.720004641957
    ],
    "17": [
        19407.497033110118,
        8028.39970703125
    ],
    "18": [
        9087.528626786901,
        21369.079925753547
    ],
    "19": [
        2290.758384189707,
        18593.964522846483
    ]
}