{
    "0": [
        13650.3505859375,
        7825.377405385502
    ],
    "1": [
        1085.8036888511488,
        16387.116680123952
    ],
    "2": [
        566.1296747739857,
        1875.3493708097017
    ],
    "3": [
        13822.929583610372,
        3360.8387702238474
    ],
    "4": [
        8660.542038376267,
        22586.202201224663
    ],
    "5": [
        21155.95955475664,
        4593.40460583172
    ],
    "6": [
        3570.7149116688206,
        16879.39177044173
    ],
    "7": [
        7733.848435575739,
        2234.0669402324506
    ],
    "8": [
        7428.518725741441,
        11438.91922521895
    ],
    "9": [
        11553.794524016204,
        17667.79984085648
    ],
    "10": [
        729.0358651348307,
        3532.689749184138
    ],
    "11": [
        16908.535297780796,
        17361.775277400364
    ],
    "12": [
        5898.893844604492,
        2539.327018737793
    ],
    "13": [
        10524.75203929228,
        7369.539981617647
    ],
    "14": [
        11934.993964984262,
        9692.962377754047
    ],
    "15": [
        1537.9059787786232,
        27281.634212853773
    ],
    "16": [
        11968.16345857319,
        22449.759585731907
    ],
    "17": [
        1133.5854890611436,
        24442.00857204861
    ],
    "18": [
        13739.757077334973,
        15857.707272647473
    ],
    "19": [
        16151.400065104166,
        3032.2532090407153
    ],
    "20": [
        10123.762329101563,
        11589.428718566895
    ],
    "21": [
        9060.0270703125,
        26285.7152734375
    ],
    "22": [
        20384.406770833335,
        25745.734309895834
    ],
    "23": [
        25154.35129123264,
        20673.403157552082
    ],
    "24": [
        6734.27296349598,
        8983.803268343385
    ],
    "25": [
        18258.134624677834,
        10764.65180009665
    ],
    "26": [
        8325.63221302599,
        16835.827312809404
    ],
    "27": [
        5314.987800550757,
        729.1046817280491
    ],
    "28": [
        15809.571671195652,
        23513.713739809784
    ],
    "29": [
        3240.2423181230097,
        14471.043105593153
    ],
    "30": [
        26912.340283203124,
        1383.9440145015717
    ],
    "31": [
        16856.96898333794,
        7823.823734789823
    ],
    "32": [
        13640.707593513258,
        27150.01698626894
    ],
    "33": [
        16137.700104166666,
        13854.452669270833
    ],
    "34": [
        12111.185012637867,
        5427.832832605699
    ],
    "35": [
        715.830871880981,
        12365.21175720531
    ],
    "36": [
        6981.719167348501,
        662.4568578838497
    ],
    "37": [
        4032.1706836747926,
        5890.895209981198
    ],
    "38": [
        2692.575417777088,
        9592.710627190421
    ],
    "39": [
        2218.904743888981,
        649.7621828719234
    ],
    "40": [
        2831.901181456863,
        12066.437247983871
    ],
    "41": [
        26027.135947779607,
        11263.318256578947
    ],
    "42": [
        8055.153139676662,
        6674.979122448519
    ],
    "43": [
        6046.277295405322,
        17949.64818610767
    ],
    "44": [
        14908.243319424715,
        19669.06378728693
    ],
    "45": [
        2127.701443579889,
        5773.011653495823
    ],
    "46": [
        14939.094901232216,
        10846.614916793698
    ],
    "47": [
        20796.428230932204,
        16641.18190545551
    ],
    "48": [
        23721.12963241186,
        7353.94888696915
    ],
    "49": [
        3728.2765979215587,
        588.0156661652761
    ],
    "50": [
        5297.861277817235,
        12877.047265625
    ],
    "51": [
        12599.280115609217,
        12562.381135574495
    ],
    "52": [
        1094.9356695677147,
        21477.735251913266
    ],
    "53": [
        27630.030827702703,
        6861.770969700169
    ],
    "54": [
        623.1591374849365,
        6893.014273356402
    ],
    "55": [
        946.121713327807,
        14289.701585210756
    ],
    "56": [
        715.8307859426942,
        8734.256590113146
    ],
    "57": [
        9191.40839632981,
        9091.978466445593
    ],
    "58": [
        9486.705088297525,
        2614.136199951172
    ],
    "59": [
        6095.491952183735,
        20910.5687123494
    ],
    "60": [
        3553.6544482018335,
        19412.435772856406
    ],
    "61": [
        583.7931310803526,
        5106.226835462782
    ],
    "62": [
        2758.289979558692,
        4148.0139212659615
    ],
    "63": [
        4764.435894465042,
        10377.69123521363
    ],
    "64": [
        14101.271808155081,
        986.0668428594416
    ],
    "65": [
        5837.153526893029,
        15136.352689302885
    ],
    "66": [
        5209.633781550481,
        26332.012229567306
    ],
    "67": [
        12382.447301627304,
        971.9414863630374
    ],
    "68": [
        9259.751953125,
        19591.304519489247
    ],
    "69": [
        26048.48572716346,
        26310.06415264423
    ],
    "70": [
        8110.625298154037,
        14103.106082342367
    ],
    "71": [
        3992.686617967559,
        2427.0016025450172
    ],
    "72": [
        2399.0589841499855,
        7591.860059043779
    ],
    "73": [
        20681.56916155134,
        1062.884714926992
    ],
    "74": [
        25320.59525767544,
        15656.263517680922
    ],
    "75": [
        955.2897980622286,
        18707.218842455623
    ],
    "76": [
        10635.810206422018,
        764.0924320833399
    ],
    "77": [
        19359.898768538136,
        20861.70944782839
    ],
    "78": [
        15927.837235213927,
        708.3085590816984
    ],
    "79": [
        2147.330124994404,
        2286.2155009709663
    ],
    "80": [
        9541.54874636628,
        4854.728423646439
    ],
    "81": [
        7373.852691795024,
        4386.199111142994
    ],
    "82": [
        18493.285453464672,
        2997.0914510091147
    ],
    "83": [
        19807.949626865673,
        13706.99810517724
    ],
    "84": [
        907.8729108360809,
        10593.776132658712
    ],
    "85": [
        22496.378246410473,
        11362.046703441723
    ],
    "86": [
        20250.58956994743,
        7915.662515515479
    ],
    "87": [
        3478.8058315845246,
        23054.09077875665
    ],
    "88": [
        8824.838287228955,
        723.7440236030793
    ],
    "89": [
        23644.60789646612,
        1112.8778624400913
    ],
    "90": [
        6048.43454423923,
        6687.335465810831
    ],
    "91": [
        5171.488919545369,
        4296.60782191265
    ],
    "92": [
        17949.426012073865,
        5574.136017400569
    ],
    "93": [
        24163.750809832316,
        4181.523982350419
    ],
    "94": [
        10685.90611392162,
        14585.989529969262
    ],
    "95": [
        17934.280441810344,
        811.991609559662
    ],
    "96": [
        11441.739907035615,
        3302.1779519193
    ],
    "97": [
        14859.832222603463,
        5667.221039643159
    ],
    "98": [
        629.5498490719503,
        507.09160614470414
    ],
    "99": [
        4294.567485010901,
        8046.083544354106
    ]
}