{
    "0": [
        1778.5636848698805,
        8843.196503803993
    ],
    "1": [
        13523.164529964473,
        1962.890549660264
    ],
    "2": [
        4807.790454855157,
        1637.271282671305
    ],
    "3": [
        3046.8343528484656,
        24041.556773301738
    ],
    "4": [
        11758.05716739689,
        22845.041587485925
    ],
    "5": [
        1502.9842552099906,
        4776.426867229556
    ],
    "6": [
        18479.667600830868,
        1959.8489057481675
    ],
    "7": [
        7601.852285928375,
        11075.753728573534
    ],
    "8": [
        23021.776423832656,
        12681.237335275884
    ],
    "9": [
        8865.014592625752,
        1894.5402422947732
    ],
    "10": [
        1736.8649036553315,
        18427.515823066366
    ],
    "11": [
        11575.712502734033,
        7100.074374248141
    ],
    "12": [
        1316.6064868344295,
        1277.7970725425637
    ],
    "13": [
        5975.950553373857,
        6097.460233341564
    ],
    "14": [
        17654.73590032187,
        7551.6381269353
    ],
    "15": [
        2127.8542091090526,
        13292.89007362623
    ],
    "16": [
        24225.562550155777,
        3196.060700500142
    ],
    "17": [
        7469.630183515255,
        16888.681653322623
    ],
    "18": [
        14288.467066988032,
        14047.197855198638
    ],
    "19": [
        20595.208626624382,
        21075.61420946782
    ]
}