{
    "0": [
        8112.548828125,
        25965.608154296875
    ],
    "1": [
        20013.27890625,
        14912.96552734375
    ],
    "2": [
        1073.632624997033,
        22267.175347222223
    ],
    "3": [
        26516.51171875,
        9437.4443359375
    ],
    "4": [
        10690.855577256945,
        13761.189181857639
    ],
    "5": [
        9097.379309612772,
        10960.3896484375
    ],
    "6": [
        458.5589371094337,
        783.1528915206974
    ],
    "7": [
        8639.015909830729,
        22610.4375
    ],
    "8": [
        2745.379385141226,
        5705.558844150641
    ],
    "9": [
        19900.080699573864,
        2322.411263552579
    ],
    "10": [
        9119.599182128906,
        16075.709106445313
    ],
    "11": [
        12903.42658547794,
        10285.16974954044
    ],
    "12": [
        773.9615267162592,
        2695.803045568332
    ],
    "13": [
        6906.571020507812,
        15050.35009765625
    ],
    "14": [
        3496.747850206163,
        7934.0369059244795
    ],
    "15": [
        1910.6666493733724,
        26380.480729166666
    ],
    "16": [
        18156.990384615383,
        6708.737905649038
    ],
    "17": [
        4353.83349609375,
        800.2570655686515
    ],
    "18": [
        14186.463448660714,
        23075.64453125
    ],
    "19": [
        10263.913755580357,
        3729.479820033482
    ],
    "20": [
        12015.44297329215,
        972.9410677843316
    ],
    "21": [
        2034.4656118539663,
        749.3115782297574
    ],
    "22": [
        4877.300954182942,
        21946.346435546875
    ],
    "23": [
        5469.681019176136,
        6054.834406072443
    ],
    "24": [
        3416.040793026195,
        11104.372127757353
    ],
    "25": [
        1321.4770142404657,
        15339.515727796053
    ],
    "26": [
        972.2946351807693,
        4620.6675393992455
    ],
    "27": [
        6594.718893612132,
        1191.220983617446
    ],
    "28": [
        6190.044211647727,
        8378.785925662878
    ],
    "29": [
        14324.623279389882,
        7304.1201171875
    ],
    "30": [
        8219.114486694336,
        5867.2674560546875
    ],
    "31": [
        7515.105251736111,
        3206.9488728841147
    ],
    "32": [
        12939.520572916666,
        4450.129215494791
    ],
    "33": [
        6468.897977941177,
        11185.578354779413
    ],
    "34": [
        23738.06907894737,
        1500.7632454320003
    ],
    "35": [
        9221.628701853198,
        961.16297820557
    ],
    "36": [
        14832.532822027439,
        1166.3244012972204
    ],
    "37": [
        21700.3095703125,
        10553.53056640625
    ],
    "38": [
        2955.7654909620096,
        2908.41312902114
    ],
    "39": [
        7911.419503348215,
        18860.83663504464
    ],
    "40": [
        26658.2548828125,
        15074.835693359375
    ],
    "41": [
        4968.341327373798,
        3278.796896910056
    ],
    "42": [
        27395.957741477272,
        2055.4850222847676
    ],
    "43": [
        20869.4013671875,
        24642.271484375
    ],
    "44": [
        3856.8809407552085,
        17524.546579071968
    ],
    "45": [
        859.5962282328502,
        7165.719323199728
    ],
    "46": [
        783.6153655279251,
        18382.27269345238
    ],
    "47": [
        14872.120171440973,
        14994.659233940973
    ],
    "48": [
        18197.9267578125,
        18819.393619791666
    ],
    "49": [
        10689.050217848559,
        7787.091815655048
    ],
    "50": [
        16208.11661044034,
        4332.4785711115055
    ],
    "51": [
        23236.1318359375,
        17837.933268229168
    ],
    "52": [
        15242.296712239584,
        26531.085611979168
    ],
    "53": [
        876.3250736622583,
        9903.490001860118
    ],
    "54": [
        17359.714904785156,
        10311.372192382813
    ],
    "55": [
        22860.24001736111,
        5342.093722873264
    ],
    "56": [
        17872.01434795673,
        773.6654639610878
    ],
    "57": [
        3887.7757004957934,
        14149.323580228365
    ],
    "58": [
        13093.42075892857,
        18504.83468191964
    ],
    "59": [
        1032.6091271713376,
        12891.668914794922
    ]
}