{
    "0": [
        20637.76285052773,
        21034.685372257863
    ],
    "1": [
        1881.6213170776723,
        7478.012554778398
    ],
    "2": [
        1839.6057949451704,
        19558.408789315166
    ],
    "3": [
        14437.665303067586,
        13850.310195722604
    ],
    "4": [
        11933.781534371474,
        22663.113043171557
    ],
    "5": [
        1533.273783729037,
        1105.2024871244935
    ],
    "6": [
        23202.90255076325,
        12517.643356674827
    ],
    "7": [
        1674.5080354569616,
        4079.841122959116
    ],
    "8": [
        7566.315546242274,
        10975.804292046303
    ],
    "9": [
        6651.326885490283,
        5809.0694101286435
    ],
    "10": [
        18239.18784961726,
        7197.96185524531
    ],
    "11": [
        3327.5070077218884,
        24585.552422901033
    ],
    "12": [
        12109.657706447964,
        7148.7451045938205
    ],
    "13": [
        5652.20609898208,
        1561.7863188190859
    ],
    "14": [
        1918.7805149936294,
        11061.923567159984
    ],
    "15": [
        10459.646890606638,
        1830.3488880143743
    ],
    "16": [
        16098.429984413759,
        1951.126235066218
    ],
    "17": [
        23421.086211457074,
        2681.239351744249
    ],
    "18": [
        7678.998366227651,
        16912.564632201254
    ],
    "19": [
        2150.749549626588,
        14915.794643888632
    ]
}