{
    "0": [
        2544.634806315104,
        2921.80908203125
    ],
    "1": [
        881.1973472322736,
        9218.77329799107
    ],
    "2": [
        24120.125,
        9305.98046875
    ],
    "3": [
        350.1954996585846,
        2352.2653198242188
    ],
    "4": [
        5022.58837890625,
        478.5317687988281
    ],
    "5": [
        2700.7165018717446,
        13585.041015625
    ],
    "6": [
        8884.09345703125,
        1652.9809204101562
    ],
    "7": [
        3385.569091796875,
        4780.769368489583
    ],
    "8": [
        10337.081163194445,
        7522.529134114583
    ],
    "9": [
        19017.631640625,
        6032.16943359375
    ],
    "10": [
        5521.62548828125,
        4246.0863037109375
    ],
    "11": [
        952.354970296224,
        6473.268391927083
    ],
    "12": [
        1516.114990234375,
        1245.7632915496827
    ],
    "13": [
        3748.5468978881836,
        21565.605143229168
    ],
    "14": [
        14996.5634765625,
        17884.09201388889
    ],
    "15": [
        13042.565104166666,
        1208.4782155354817
    ],
    "16": [
        4691.91416015625,
        1250.3265625
    ],
    "17": [
        4972.241943359375,
        8745.235546875
    ],
    "18": [
        18337.64765625,
        739.3751892089844
    ],
    "19": [
        685.2003173828125,
        4075.994384765625
    ]
}