{
    "0": [
        1267.3760131835938,
        12639.31171875
    ],
    "1": [
        2334.1138916015625,
        5741.927068536932
    ],
    "2": [
        12030.947265625,
        14120.731336805555
    ],
    "3": [
        7516.686802455357,
        536.9426745006016
    ],
    "4": [
        4622.215759277344,
        2242.154739379883
    ],
    "5": [
        4403.8524169921875,
        10488.55478515625
    ],
    "6": [
        4127.527898615057,
        13767.882191051136
    ],
    "7": [
        6358.065104166667,
        736.9156824747721
    ],
    "8": [
        24533.113525390625,
        5127.961456298828
    ],
    "9": [
        1463.7257709503174,
        24438.01171875
    ],
    "10": [
        964.1682726542155,
        17236.681884765625
    ],
    "11": [
        25332.955729166668,
        15247.0947265625
    ],
    "12": [
        9325.338671875,
        10002.34375
    ],
    "13": [
        24403.20340401786,
        1059.138419015067
    ],
    "14": [
        948.190234375,
        5358.472314453125
    ],
    "15": [
        2043.8069458007813,
        13501.03125
    ],
    "16": [
        5275.025207519531,
        1368.6279296875
    ],
    "17": [
        7133.282145182292,
        3763.2250162760415
    ],
    "18": [
        19339.82763671875,
        716.8839437166849
    ],
    "19": [
        581.805884881453,
        10139.68368252841
    ],
    "20": [
        3630.9710205078127,
        428.7550559997559
    ],
    "21": [
        18486.546484375,
        11804.64140625
    ],
    "22": [
        4354.213921440973,
        3168.8787434895835
    ],
    "23": [
        8185.4211018880205,
        22136.652180989582
    ],
    "24": [
        10057.526041666666,
        8451.765679253473
    ],
    "25": [
        15089.220703125,
        1270.626594543457
    ],
    "26": [
        23131.6767578125,
        149.40294647216797
    ],
    "27": [
        12936.43896484375,
        517.5524719238281
    ],
    "28": [
        443.92052459716797,
        14257.85634765625
    ],
    "29": [
        14818.25146484375,
        24760.048095703125
    ],
    "30": [
        2146.010409268466,
        9421.809303977272
    ],
    "31": [
        5503.03271484375,
        172.782013575236
    ],
    "32": [
        3540.5639870383525,
        6147.241654829545
    ],
    "33": [
        13594.907421875,
        9091.67294921875
    ],
    "34": [
        14132.1591796875,
        12048.7611328125
    ],
    "35": [
        586.0963287353516,
        3797.4569091796875
    ],
    "36": [
        983.2991735140482,
        19623.752604166668
    ],
    "37": [
        14250.55078125,
        16687.85373263889
    ],
    "38": [
        7506.33642578125,
        13139.100842927632
    ],
    "39": [
        839.2255981445312,
        11825.8927734375
    ],
    "40": [
        17772.45583767361,
        17829.1513671875
    ],
    "41": [
        11952.225179036459,
        2735.0372212727866
    ],
    "42": [
        15913.81459263393,
        4112.252022879465
    ],
    "43": [
        4838.560165405273,
        16854.45379638672
    ],
    "44": [
        9433.048502604166,
        2603.5267944335938
    ],
    "45": [
        18944.294677734375,
        6895.689514160156
    ],
    "46": [
        13906.69833984375,
        2319.6073974609376
    ],
    "47": [
        10590.732142857143,
        20605.670479910714
    ],
    "48": [
        6004.358189174107,
        2391.9593680245534
    ],
    "49": [
        386.8529139927455,
        6624.159109933035
    ],
    "50": [
        2620.6670166015624,
        11125.57958984375
    ],
    "51": [
        8605.019571940104,
        251.51721398035684
    ],
    "52": [
        21151.841796875,
        6486.912923177083
    ],
    "53": [
        9308.498494466146,
        15426.2412109375
    ],
    "54": [
        3914.401785714286,
        8548.908517020089
    ],
    "55": [
        17182.51981026786,
        7861.015834263393
    ],
    "56": [
        1803.0391496930804,
        266.4479600361415
    ],
    "57": [
        9975.303955078125,
        52.09293508529663
    ],
    "58": [
        21303.395833333332,
        958.0056228637695
    ],
    "59": [
        11296.52294921875,
        889.4008729117257
    ],
    "60": [
        418.2175807952881,
        458.5325502668108
    ],
    "61": [
        3282.3073120117188,
        2467.3279418945313
    ],
    "62": [
        4003.959716796875,
        19636.603966346152
    ],
    "63": [
        24564.837890625,
        21679.8640625
    ],
    "64": [
        1370.5933227539063,
        1375.5430908203125
    ],
    "65": [
        19519.3212890625,
        3979.576944986979
    ],
    "66": [
        4151.488444010417,
        22057.122612847223
    ],
    "67": [
        7538.610595703125,
        1554.4080444335937
    ],
    "68": [
        4496.761047363281,
        5474.6796875
    ],
    "69": [
        5343.790093315973,
        4408.040961371527
    ],
    "70": [
        3380.83935546875,
        26414.54736328125
    ],
    "71": [
        8831.717230902777,
        4058.428656684028
    ],
    "72": [
        7261.5732421875,
        26194.422526041668
    ],
    "73": [
        794.9012222290039,
        1893.3978271484375
    ],
    "74": [
        9111.012288411459,
        1453.7600708007813
    ],
    "75": [
        3788.4248250325522,
        4223.687906901042
    ],
    "76": [
        7928.743621826172,
        18286.994873046875
    ],
    "77": [
        291.8135342068142,
        5110.653157552083
    ],
    "78": [
        24826.41943359375,
        8223.41015625
    ],
    "79": [
        8312.29917689732,
        8427.894949776786
    ],
    "80": [
        3776.0194498697915,
        1448.1636962890625
    ],
    "81": [
        1529.3016153971355,
        2615.7177734375
    ],
    "82": [
        4658.59130859375,
        825.9716491699219
    ],
    "83": [
        734.920467376709,
        8235.427286783854
    ],
    "84": [
        6743.333533653846,
        10095.474008413461
    ],
    "85": [
        10235.65234375,
        11732.390441894531
    ],
    "86": [
        2176.445396021793,
        7335.551243832237
    ],
    "87": [
        2281.806331380208,
        3359.4935546875
    ],
    "88": [
        6529.551350911458,
        5684.624837239583
    ],
    "89": [
        1832.2607985276443,
        4244.164137620192
    ],
    "90": [
        5475.652180989583,
        6955.523014322916
    ],
    "91": [
        10036.7939453125,
        5879.260314941406
    ],
    "92": [
        275.0528211593628,
        2892.7188895089284
    ],
    "93": [
        26282.268229166668,
        1057.3095397949219
    ],
    "94": [
        12297.504069010416,
        5486.346489800348
    ],
    "95": [
        263.57376584139735,
        1666.845625443892
    ],
    "96": [
        8451.87730189732,
        6204.400390625
    ],
    "97": [
        23175.683268229168,
        10829.404459635416
    ],
    "98": [
        2530.4912109375,
        875.579756303267
    ],
    "99": [
        16917.48224954044,
        1253.12282371521
    ]
}