{
    "0": [
        994.5700698852539,
        5542.012487792968
    ],
    "1": [
        15242.296712239584,
        26531.085611979168
    ],
    "2": [
        23373.762890625,
        9654.9474609375
    ],
    "3": [
        15659.534375,
        17207.061328125
    ],
    "4": [
        6954.917849978885,
        2981.6112258498733
    ],
    "5": [
        6550.086071777344,
        1038.6453298568726
    ],
    "6": [
        16937.929361979168,
        9790.2421875
    ],
    "7": [
        8861.323270909927,
        17774.478917738972
    ],
    "8": [
        13037.211751302084,
        15205.4921875
    ],
    "9": [
        6449.880286907328,
        10694.522561961207
    ],
    "10": [
        19507.790364583332,
        7496.928059895833
    ],
    "11": [
        11630.155164930555,
        9159.602837456598
    ],
    "12": [
        19562.072620738636,
        3640.9283558238635
    ],
    "13": [
        14221.872860863095,
        4581.568545386905
    ],
    "14": [
        938.7918468015534,
        7154.604408482143
    ],
    "15": [
        1856.5904426574707,
        26712.620279947918
    ],
    "16": [
        3316.80858313519,
        11582.227326766304
    ],
    "17": [
        18225.954427083332,
        655.955089750744
    ],
    "18": [
        16823.771033653848,
        6402.481032151442
    ],
    "19": [
        454.2710457337208,
        553.6156486051204
    ],
    "20": [
        1852.5520817683293,
        728.7540638538508
    ],
    "21": [
        26814.833984375,
        13092.7396484375
    ],
    "22": [
        8644.678521050348,
        8194.974365234375
    ],
    "23": [
        22339.248697916668,
        19149.776041666668
    ],
    "24": [
        14299.326244212964,
        1232.4983958491573
    ],
    "25": [
        3414.010109230324,
        531.9481765958998
    ],
    "26": [
        18994.986083984375,
        20251.1328125
    ],
    "27": [
        10121.424281529018,
        1540.6905690090996
    ],
    "28": [
        797.8660823740857,
        3812.383326753657
    ],
    "29": [
        14186.463448660714,
        23075.64453125
    ],
    "30": [
        9696.683862304688,
        14483.848388671875
    ],
    "31": [
        4716.523890904018,
        775.6787942613875
    ],
    "32": [
        7741.575365149457,
        5646.909264605978
    ],
    "33": [
        17010.4658203125,
        3499.6212855747767
    ],
    "34": [
        3871.9504597981772,
        19770.078938802082
    ],
    "35": [
        6515.287016369048,
        16311.404296875
    ],
    "36": [
        3371.006669921875,
        9269.16869140625
    ],
    "37": [
        22951.89306640625,
        5007.413955688477
    ],
    "38": [
        777.523728763356,
        18024.410730698528
    ],
    "39": [
        2817.724790915465,
        4346.206129807692
    ],
    "40": [
        27565.0333984375,
        2074.328617286682
    ],
    "41": [
        15909.343081825658,
        941.5999956632916
    ],
    "42": [
        5947.98955078125,
        7971.544712611607
    ],
    "43": [
        14456.771728515625,
        9484.303629557291
    ],
    "44": [
        6389.256212022569,
        13222.325303819445
    ],
    "45": [
        12168.340603298611,
        18984.245225694445
    ],
    "46": [
        24209.1234375,
        16308.4125
    ],
    "47": [
        2614.0708587646486,
        2403.3248596191406
    ],
    "48": [
        4922.7671461838945,
        5124.288799579327
    ],
    "49": [
        9415.740234375,
        26767.13671875
    ],
    "50": [
        20136.673117897728,
        11702.573686079546
    ],
    "51": [
        3724.83984375,
        14292.99911221591
    ],
    "52": [
        723.6974205970764,
        9326.967714251894
    ],
    "53": [
        24206.53369140625,
        1436.8655214309692
    ],
    "54": [
        16314.17138671875,
        13943.927978515625
    ],
    "55": [
        4672.15771484375,
        2517.9034156799316
    ],
    "56": [
        1240.425568075741,
        15326.612362132353
    ],
    "57": [
        1375.9627893992833,
        23661.618582589286
    ],
    "58": [
        4951.424054827009,
        22681.21805245536
    ],
    "59": [
        6495.3907470703125,
        20729.299560546875
    ],
    "60": [
        3386.096622242647,
        7012.548641429228
    ],
    "61": [
        1122.8345423984529,
        13255.9721484375
    ],
    "62": [
        9234.245947265625,
        11181.311376953125
    ],
    "63": [
        12811.244584517046,
        12272.271218039772
    ],
    "64": [
        3287.0103260387073,
        17206.259321732956
    ],
    "65": [
        12079.08935546875,
        758.5657917393578
    ],
    "66": [
        20974.2484375,
        25148.973828125
    ],
    "67": [
        11904.452104048296,
        3571.4111106178975
    ],
    "68": [
        19509.978081597223,
        16426.805013020832
    ],
    "69": [
        631.5471819576464,
        2217.4226995100053
    ],
    "70": [
        20784.044170673078,
        1248.1269818819487
    ],
    "71": [
        10229.165771484375,
        5646.396313476563
    ],
    "72": [
        7330.633984375,
        25484.691015625
    ],
    "73": [
        8797.044655539772,
        22681.282670454544
    ],
    "74": [
        13356.90625,
        6529.2061574835525
    ],
    "75": [
        1110.9462313444717,
        11240.656504755434
    ],
    "76": [
        26379.715494791668,
        7465.1669921875
    ],
    "77": [
        937.1937473470515,
        20632.905184659092
    ],
    "78": [
        9063.368225097656,
        3677.0375061035156
    ],
    "79": [
        8581.471400669643,
        859.7180376052856
    ]
}