{
    "0": [
        9051.945527750122,
        1885.4313629454848
    ],
    "1": [
        17683.390186656605,
        7781.940177223899
    ],
    "2": [
        18170.43828921238,
        1841.841523743362
    ],
    "3": [
        24121.822124743852,
        3378.2920353131217
    ],
    "4": [
        23286.07341452206,
        13803.227418428309
    ],
    "5": [
        14999.229784075185,
        14067.590877969327
    ],
    "6": [
        9858.85331663367,
        21677.17016936002
    ],
    "7": [
        2549.8887443100866,
        18677.33448375355
    ],
    "8": [
        1849.046836282218,
        13428.070966343052
    ],
    "9": [
        1308.0884829584356,
        1208.8168172366725
    ],
    "10": [
        1552.0779779910022,
        4670.099457942231
    ],
    "11": [
        1654.3804525150533,
        8645.405240746306
    ],
    "12": [
        4961.2903734290085,
        1458.3927171098012
    ],
    "13": [
        5915.375304754849,
        5546.016879798626
    ],
    "14": [
        8791.367295023074,
        14407.089762791451
    ],
    "15": [
        10912.872735733376,
        7708.31121872063
    ],
    "16": [
        19422.818037974685,
        21455.632960838608
    ],
    "17": [
        2629.379654299468,
        24617.544288635254
    ],
    "18": [
        13333.321023744375,
        2119.8856899133484
    ],
    "19": [
        5687.202482583885,
        10250.831738731278
    ]
}