{
    "0": [
        24819.10430957825,
        15763.120283917682
    ],
    "1": [
        3049.2115776381806,
        2712.674142986001
    ],
    "2": [
        682.8632744825081,
        558.0283482096994
    ],
    "3": [
        1357.547458751226,
        11841.329743303571
    ],
    "4": [
        10978.398642736,
        3555.170487965502
    ],
    "5": [
        22886.508532447537,
        1405.179300450985
    ],
    "6": [
        11433.495595380295,
        903.3234123897946
    ],
    "7": [
        14084.768301735005,
        993.4333715454029
    ],
    "8": [
        1047.432686123011,
        16456.89926172963
    ],
    "9": [
        8963.90804206888,
        21305.997688972515
    ],
    "10": [
        4442.492672380963,
        855.9358934818204
    ],
    "11": [
        5520.059030086436,
        2820.3104332457197
    ],
    "12": [
        9048.541731225268,
        990.6380994737259
    ],
    "13": [
        13958.064417672236,
        11062.731496880157
    ],
    "14": [
        4398.448815256504,
        4898.838425208783
    ],
    "15": [
        1459.2289373844292,
        26475.71454518312
    ],
    "16": [
        6553.501125702798,
        5739.611198393371
    ],
    "17": [
        19402.234881591798,
        18229.068609619142
    ],
    "18": [
        705.6620177883448,
        5788.022195709873
    ],
    "19": [
        24541.81919232537,
        22744.420783547794
    ],
    "20": [
        26393.66271033654,
        2425.667352563907
    ],
    "21": [
        3709.1412864402487,
        7393.671041304977
    ],
    "22": [
        21360.17550048828,
        12638.070239257813
    ],
    "23": [
        14368.90322403169,
        3753.870086240097
    ],
    "24": [
        1055.7251222406114,
        7723.179595269097
    ],
    "25": [
        18143.617620504127,
        23836.73450397995
    ],
    "26": [
        6750.703454628352,
        859.21704175382
    ],
    "27": [
        7504.396375868056,
        11505.354934781615
    ],
    "28": [
        9329.286014074132,
        6065.428821194557
    ],
    "29": [
        12026.076180441338,
        25907.81895901864
    ],
    "30": [
        15147.637919739907,
        7465.289528035229
    ],
    "31": [
        17134.65525801809,
        13715.557175164473
    ],
    "32": [
        4055.710759943182,
        16541.521681978556
    ],
    "33": [
        1584.1526167961201,
        22486.2935178492
    ],
    "34": [
        1156.633936092178,
        19379.27456028576
    ],
    "35": [
        5318.352137093592,
        19778.46463331229
    ],
    "36": [
        16913.283637695313,
        1310.821558517292
    ],
    "37": [
        10005.633332764737,
        17137.961398062227
    ],
    "38": [
        2479.5429296671973,
        5099.9497598184125
    ],
    "39": [
        801.7205478949425,
        2083.2644329364484
    ],
    "40": [
        25400.530375635903,
        8933.58382539971
    ],
    "41": [
        10557.274149036688,
        13209.247977737832
    ],
    "42": [
        19692.870699647625,
        1413.3527315136942
    ],
    "43": [
        14350.95955967667,
        16118.459506497526
    ],
    "44": [
        2505.5939854534126,
        761.9221650739389
    ],
    "45": [
        4266.192699627543,
        13011.027607194768
    ],
    "46": [
        12249.012220982142,
        6484.685618024553
    ],
    "47": [
        1077.5855582537763,
        9781.64388554474
    ],
    "48": [
        5715.507895113242,
        24710.32829269255
    ],
    "49": [
        8103.804652479828,
        3293.1497229904426
    ],
    "50": [
        13610.303157740245,
        20681.785077221823
    ],
    "51": [
        7076.334229718288,
        8615.138544392703
    ],
    "52": [
        1142.3977503116544,
        13975.505433522403
    ],
    "53": [
        18875.29995809387,
        8965.908481875598
    ],
    "54": [
        4250.626304725548,
        9980.487078513934
    ],
    "55": [
        17760.186797105456,
        4753.847762836467
    ],
    "56": [
        21807.979478624133,
        5437.018068949382
    ],
    "57": [
        10474.445593428938,
        9510.499640143407
    ],
    "58": [
        7004.588262014678,
        15262.69737511837
    ],
    "59": [
        809.331893218024,
        3760.6675464614887
    ]
}