{
    "0": [
        5142.594511014921,
        12097.234709318695
    ],
    "1": [
        4955.581023685516,
        26832.41533358135
    ],
    "2": [
        16073.958456503378,
        3449.1757576057503
    ],
    "3": [
        18291.888118233266,
        15205.059124323327
    ],
    "4": [
        5052.572015282189,
        680.855166257942
    ],
    "5": [
        5901.398778955419,
        4302.016831191269
    ],
    "6": [
        11003.84123126414,
        7888.771002722002
    ],
    "7": [
        4138.651006014385,
        5805.47882874504
    ],
    "8": [
        5515.787358384527,
        2412.477265708467
    ],
    "9": [
        11139.000042831689,
        10796.703459087172
    ],
    "10": [
        3792.910419316255,
        23623.217311652134
    ],
    "11": [
        8947.684514653498,
        9443.443222757449
    ],
    "12": [
        2764.584043601707,
        10530.040798611111
    ],
    "13": [
        839.8457829402043,
        16289.026035975743
    ],
    "14": [
        19899.15987723214,
        11793.559516059027
    ],
    "15": [
        16633.20177837171,
        19254.774321546054
    ],
    "16": [
        17698.03496971559,
        5737.458090107093
    ],
    "17": [
        26045.249373525945,
        18741.648234817218
    ],
    "18": [
        3394.9697050893283,
        651.9259643791738
    ],
    "19": [
        7588.894473805147,
        11074.848319075227
    ],
    "20": [
        16023.109809027777,
        12127.66046900531
    ],
    "21": [
        7207.57315602022,
        23926.888671875
    ],
    "22": [
        14594.496178036645,
        845.6644332174744
    ],
    "23": [
        20964.718393905387,
        5390.505299605059
    ],
    "24": [
        18933.269658203124,
        761.3713940097391
    ],
    "25": [
        8543.752505095108,
        7028.147836701766
    ],
    "26": [
        9922.875917632004,
        26729.16668911638
    ],
    "27": [
        8091.923007103705,
        4689.158795756678
    ],
    "28": [
        4915.729471386281,
        14795.943547680774
    ],
    "29": [
        826.6690046129555,
        18793.2244896432
    ],
    "30": [
        23350.842684659092,
        9204.00300232438
    ],
    "31": [
        3839.719992096891,
        2246.2099955450626
    ],
    "32": [
        2391.8103471544055,
        4996.277692328559
    ],
    "33": [
        7157.248043968564,
        13778.752732049852
    ],
    "34": [
        5770.235613654641,
        21040.12046185662
    ],
    "35": [
        539.4544744499368,
        461.2729804344427
    ],
    "36": [
        14957.721209301375,
        5797.281134959915
    ],
    "37": [
        4787.899347573139,
        7606.154593999335
    ],
    "38": [
        6737.859007116866,
        8513.931613869863
    ],
    "39": [
        13652.060409717345,
        8082.798658049508
    ],
    "40": [
        9460.660415842563,
        2860.2035657665397
    ],
    "41": [
        7763.866994526572,
        16195.776220995509
    ],
    "42": [
        14335.983377659575,
        26398.230593417553
    ],
    "43": [
        3334.9328776041666,
        17376.052458934293
    ],
    "44": [
        19605.027369449013,
        8373.340203536185
    ],
    "45": [
        27291.64726118608,
        1589.0812737616625
    ],
    "46": [
        819.8692326710544,
        8683.14752367755
    ],
    "47": [
        3104.9302481515065,
        20221.47342354911
    ],
    "48": [
        18725.911318597562,
        3203.7263707602897
    ],
    "49": [
        1930.5384559160398,
        488.7767475041342
    ],
    "50": [
        12414.442894345239,
        5619.328340076265
    ],
    "51": [
        6730.272228083181,
        737.0809632989321
    ],
    "52": [
        16585.120932974467,
        8511.855444931403
    ],
    "53": [
        16822.62007012425,
        1048.6611185495155
    ],
    "54": [
        5091.670786211567,
        9840.530560893398
    ],
    "55": [
        827.9213140222212,
        13893.862526208068
    ],
    "56": [
        942.4037358283997,
        21377.60818359375
    ],
    "57": [
        8428.093077171507,
        19337.659556471455
    ],
    "58": [
        21375.706809497817,
        1287.7361354119912
    ],
    "59": [
        5688.577291285738,
        17846.04885929189
    ],
    "60": [
        589.4710888147354,
        4175.6386915184985
    ],
    "61": [
        3959.939921939888,
        3820.191075321844
    ],
    "62": [
        10447.990550085617,
        790.5769091762909
    ],
    "63": [
        669.5529364571635,
        2894.7653689764243
    ],
    "64": [
        2932.3683453669314,
        8594.520277279713
    ],
    "65": [
        2923.3662559596305,
        12506.97930652923
    ],
    "66": [
        22652.486267562985,
        15130.80633024467
    ],
    "67": [
        590.643592626307,
        1668.097159430751
    ],
    "68": [
        24236.506992669754,
        1160.646740577931
    ],
    "69": [
        10613.829654720279,
        16485.07422557911
    ],
    "70": [
        18587.446128731342,
        24060.846023787315
    ],
    "71": [
        598.8395234152633,
        7154.837047230114
    ],
    "72": [
        13858.43930211018,
        22519.45320554124
    ],
    "73": [
        9591.258500744048,
        13271.298046875
    ],
    "74": [
        11494.452040375256,
        3324.511604684298
    ],
    "75": [
        14892.185730865036,
        15801.681470788044
    ],
    "76": [
        2751.653496166267,
        14828.951582804764
    ],
    "77": [
        23975.54019803779,
        24534.59093386628
    ],
    "78": [
        726.0044379138722,
        10332.336554761203
    ],
    "79": [
        1050.7958320146654,
        27212.742116044206
    ],
    "80": [
        2240.21290783315,
        1875.0922391782249
    ],
    "81": [
        847.6666434959819,
        12068.074534098307
    ],
    "82": [
        10054.954537185968,
        22124.89075903799
    ],
    "83": [
        2480.1291769764907,
        6933.333157592025
    ],
    "84": [
        12555.64660721305,
        13522.956834709119
    ],
    "85": [
        7417.065039346385,
        2629.1971243924872
    ],
    "86": [
        20506.679833984374,
        19509.8755859375
    ],
    "87": [
        10023.759275283492,
        5227.28754511966
    ],
    "88": [
        8487.47892772938,
        783.0566598625135
    ],
    "89": [
        26475.227315848213,
        12181.456612723214
    ],
    "90": [
        2124.0010798527646,
        3395.312604012574
    ],
    "91": [
        13818.964273542366,
        10585.221063601091
    ],
    "92": [
        12389.505064498546,
        914.5505943021109
    ],
    "93": [
        13791.482338763299,
        3147.295765112478
    ],
    "94": [
        6384.314866144854,
        6041.7104767534065
    ],
    "95": [
        12656.89095827133,
        18985.374519469246
    ],
    "96": [
        743.7648536346248,
        5629.409927945524
    ],
    "97": [
        1044.2902075648308,
        24105.419036865234
    ],
    "98": [
        26630.701000171703,
        6410.06609235491
    ],
    "99": [
        23617.533774447278,
        4258.267046662415
    ]
}