{
    "0": [
        14022.229567307691,
        7665.243915264423
    ],
    "1": [
        1866.2352396647136,
        656.0893787046274
    ],
    "2": [
        958.6312281959936,
        12960.927271792763
    ],
    "3": [
        19304.443684895832,
        9064.376057942709
    ],
    "4": [
        2965.84445699056,
        5342.884582519531
    ],
    "5": [
        1249.8040754530166,
        26614.161675347223
    ],
    "6": [
        2802.785484313965,
        17226.70538330078
    ],
    "7": [
        15814.808268229166,
        14760.125759548611
    ],
    "8": [
        9109.714675377156,
        939.4090510401232
    ],
    "9": [
        9959.688313802084,
        14021.257731119791
    ],
    "10": [
        981.9305346806844,
        20849.623480902777
    ],
    "11": [
        7356.017693014706,
        8579.884794347427
    ],
    "12": [
        843.2804925534874,
        7477.118927001953
    ],
    "13": [
        727.7805475347183,
        4658.580882352941
    ],
    "14": [
        3400.9539184570313,
        407.5304692188899
    ],
    "15": [
        11398.504557291666,
        22831.075520833332
    ],
    "16": [
        6468.776495682566,
        3975.4127004523025
    ],
    "17": [
        2168.9834025065106,
        3863.0810791015624
    ],
    "18": [
        12295.868874289772,
        13588.586115056818
    ],
    "19": [
        13867.14932528409,
        10629.309215198864
    ],
    "20": [
        19404.5615234375,
        26052.6015625
    ],
    "21": [
        27471.936848958332,
        777.3990138371786
    ],
    "22": [
        1019.6870613098145,
        11212.28427734375
    ],
    "23": [
        7396.713666130515,
        6363.425809972427
    ],
    "24": [
        4839.867154947917,
        22747.20859375
    ],
    "25": [
        1229.6468073037954,
        23660.891075721152
    ],
    "26": [
        458.31541066556366,
        511.9073695548483
    ],
    "27": [
        8937.091918945313,
        11302.516906738281
    ],
    "28": [
        3668.587331136068,
        2270.996393839518
    ],
    "29": [
        19660.209635416668,
        6313.322265625
    ],
    "30": [
        3482.126194545201,
        7321.993879045759
    ],
    "31": [
        22910.874674479168,
        4422.251037597656
    ],
    "32": [
        24206.53369140625,
        1436.8655214309692
    ],
    "33": [
        4717.7102127075195,
        662.2168527245522
    ],
    "34": [
        21697.71707589286,
        11174.937918526786
    ],
    "35": [
        5594.146218039773,
        7830.435857599432
    ],
    "36": [
        9213.906955295139,
        19172.332682291668
    ],
    "37": [
        4583.6917917351975,
        9924.513363486842
    ],
    "38": [
        5469.01416015625,
        15225.16127232143
    ],
    "39": [
        4806.637015206473,
        17246.327218191964
    ],
    "40": [
        20817.321126302082,
        1151.086477279663
    ],
    "41": [
        12410.271106350807,
        940.6063109367125
    ],
    "42": [
        561.0984009714688,
        3221.05610926011
    ],
    "43": [
        11340.824850643383,
        5397.810230928309
    ],
    "44": [
        12342.4212890625,
        3492.5460693359373
    ],
    "45": [
        7107.488688151042,
        746.8559004465739
    ],
    "46": [
        26141.03515625,
        12886.382161458334
    ],
    "47": [
        596.2689832496643,
        9568.593125
    ],
    "48": [
        5007.640380859375,
        13147.5888671875
    ],
    "49": [
        2295.994899749756,
        2277.355655670166
    ],
    "50": [
        7598.129638671875,
        2606.5751436673677
    ],
    "51": [
        7611.654924665178,
        16820.125139508928
    ],
    "52": [
        17152.03836495536,
        3387.120832170759
    ],
    "53": [
        8898.388828125,
        4473.4371875
    ],
    "54": [
        7373.365025111607,
        14247.25732421875
    ],
    "55": [
        14427.039713541666,
        26381.937825520832
    ],
    "56": [
        450.2876831054688,
        18738.4587890625
    ],
    "57": [
        19948.035993303572,
        15415.852120535714
    ],
    "58": [
        14493.421075994318,
        17033.479936079544
    ],
    "59": [
        12291.038248697916,
        19516.978841145832
    ],
    "60": [
        27357.8798828125,
        16605.748046875
    ],
    "61": [
        11740.553267045454,
        8417.498313210228
    ],
    "62": [
        659.4406753208326,
        1960.0932192595108
    ],
    "63": [
        23314.451171875,
        7482.016784667969
    ],
    "64": [
        1040.6177153153853,
        17232.280184659092
    ],
    "65": [
        14940.735952524039,
        2904.0853553185098
    ],
    "66": [
        8014.428656684027,
        23074.594184027777
    ],
    "67": [
        17589.984266493055,
        17971.137369791668
    ],
    "68": [
        4451.243121603261,
        3991.702923318614
    ],
    "69": [
        27704.67822265625,
        4019.7230224609375
    ],
    "70": [
        19682.735262784092,
        3390.231378728693
    ],
    "71": [
        18311.578741776317,
        612.7813206722861
    ],
    "72": [
        834.2599974595583,
        14937.788010817309
    ],
    "73": [
        11058.291548295454,
        10204.719016335228
    ],
    "74": [
        1092.8591537475586,
        6118.434326171875
    ],
    "75": [
        3791.603848544034,
        19872.101029829544
    ],
    "76": [
        14155.655479029605,
        5276.131321957237
    ],
    "77": [
        23284.104817708332,
        16940.7197265625
    ],
    "78": [
        6495.3907470703125,
        20729.299560546875
    ],
    "79": [
        5054.633150540865,
        5890.141751802885
    ],
    "80": [
        19930.188616071428,
        20215.047433035714
    ],
    "81": [
        10814.533133370536,
        460.5195779459817
    ],
    "82": [
        2428.521378580729,
        9008.346484375
    ],
    "83": [
        9522.980834960938,
        7164.408935546875
    ],
    "84": [
        16231.791713169643,
        9384.9755859375
    ],
    "85": [
        14424.45546875,
        767.277265548706
    ],
    "86": [
        3152.392832880435,
        11617.353133491848
    ],
    "87": [
        9902.523328993055,
        16299.178819444445
    ],
    "88": [
        2914.6096524325285,
        14442.27587890625
    ],
    "89": [
        16823.771033653848,
        6402.481032151442
    ],
    "90": [
        16099.028686523438,
        743.0597162246704
    ],
    "91": [
        6654.934251051683,
        10935.264498197115
    ],
    "92": [
        22457.98828125,
        23721.5478515625
    ],
    "93": [
        15135.09716796875,
        22449.062174479168
    ],
    "94": [
        3676.9495442708335,
        27007.99609375
    ],
    "95": [
        5616.806816948785,
        1893.1284739176433
    ],
    "96": [
        18197.26220703125,
        11877.298950195313
    ],
    "97": [
        8338.519461495536,
        26224.123604910714
    ],
    "98": [
        10278.984142485118,
        2606.9307861328125
    ],
    "99": [
        27184.292317708332,
        8837.3330078125
    ]
}