{
    "0": [
        10169.884765625,
        1895.2313232421875
    ],
    "1": [
        24110.70703125,
        14828.900390625
    ],
    "2": [
        6203.219482421875,
        6601.55078125
    ],
    "3": [
        5751.06787109375,
        9299.623046875
    ],
    "4": [
        11981.365234375,
        460.2572479248047
    ],
    "5": [
        7397.7939453125,
        597.6200561523438
    ],
    "6": [
        18648.6484375,
        5045.76708984375
    ],
    "7": [
        654.2181091308594,
        1181.2968139648438
    ],
    "8": [
        5046.47119140625,
        639.62158203125
    ],
    "9": [
        3385.569091796875,
        4780.769368489583
    ],
    "10": [
        16176.3974609375,
        16868.638671875
    ],
    "11": [
        4556.8046875,
        3393.960693359375
    ],
    "12": [
        4835.596923828125,
        1734.4149780273438
    ],
    "13": [
        4046.8134765625,
        13278.00537109375
    ],
    "14": [
        12583.658203125,
        10313.8095703125
    ],
    "15": [
        3907.13037109375,
        14581.15234375
    ],
    "16": [
        3351.6705322265625,
        8783.1123046875
    ],
    "17": [
        3322.98388671875,
        3073.491943359375
    ],
    "18": [
        2155.4602661132813,
        2845.9676513671875
    ],
    "19": [
        9060.958984375,
        9357.83203125
    ],
    "20": [
        20050.4296875,
        3642.69189453125
    ],
    "21": [
        1505.1519165039063,
        1994.554931640625
    ],
    "22": [
        22150.244140625,
        444.54864501953125
    ],
    "23": [
        6822.76904296875,
        9514.55859375
    ],
    "24": [
        524.0272827148438,
        2838.842041015625
    ],
    "25": [
        8462.946533203125,
        1563.0902099609375
    ],
    "26": [
        6595.8056640625,
        18551.59765625
    ],
    "27": [
        14245.923828125,
        1735.7408447265625
    ],
    "28": [
        16648.0859375,
        19998.70703125
    ],
    "29": [
        1132.8438186645508,
        25273.681640625
    ],
    "30": [
        18964.740234375,
        732.5615234375
    ],
    "31": [
        23900.177734375,
        5316.384765625
    ],
    "32": [
        4669.04833984375,
        882.4178466796875
    ],
    "33": [
        18133.837890625,
        14457.04150390625
    ],
    "34": [
        725.1388549804688,
        3741.6685791015625
    ],
    "35": [
        6150.4853515625,
        4339.09375
    ],
    "36": [
        228.41664123535156,
        7516.716064453125
    ],
    "37": [
        7.529618263244629,
        2420.477783203125
    ],
    "38": [
        15395.15283203125,
        23817.5615234375
    ],
    "39": [
        605.3232421875,
        4744.64599609375
    ],
    "40": [
        8445.37548828125,
        6147.7216796875
    ],
    "41": [
        26287.298828125,
        7940.111328125
    ],
    "42": [
        3848.259765625,
        728.0377197265625
    ],
    "43": [
        5271.06884765625,
        1172.3472900390625
    ],
    "44": [
        12543.923828125,
        4015.1031494140625
    ],
    "45": [
        11695.535481770834,
        15846.7587890625
    ],
    "46": [
        4974.82275390625,
        156.35214233398438
    ],
    "47": [
        18862.51953125,
        7095.57470703125
    ],
    "48": [
        18375.236328125,
        5547.708984375
    ],
    "49": [
        1401.1805623372395,
        13457.6943359375
    ],
    "50": [
        1803.516357421875,
        594.0061902999878
    ],
    "51": [
        9926.8955078125,
        2645.872802734375
    ],
    "52": [
        16857.751302083332,
        839.9219258626302
    ],
    "53": [
        20666.8203125,
        8983.81494140625
    ],
    "54": [
        2139.123046875,
        9702.251953125
    ],
    "55": [
        13003.720703125,
        247.64288330078125
    ],
    "56": [
        408.8116509914398,
        9224.16943359375
    ],
    "57": [
        9874.6494140625,
        6667.630533854167
    ],
    "58": [
        1327.5601806640625,
        6308.30224609375
    ],
    "59": [
        3516.9912109375,
        20871.5361328125
    ]
}