{
    "0": [
        12401.7392578125,
        328.6387634277344
    ],
    "1": [
        11703.3193359375,
        11674.7841796875
    ],
    "2": [
        4165.73779296875,
        13361.0400390625
    ],
    "3": [
        6822.4072265625,
        5857.330078125
    ],
    "4": [
        6822.76904296875,
        9514.55859375
    ],
    "5": [
        16306.6884765625,
        24584.705078125
    ],
    "6": [
        4025.4677734375,
        4261.51318359375
    ],
    "7": [
        6150.4853515625,
        4339.09375
    ],
    "8": [
        11.58634090423584,
        9360.4755859375
    ],
    "9": [
        11275.689453125,
        15003.5244140625
    ],
    "10": [
        9611.8974609375,
        8644.586669921875
    ],
    "11": [
        13463.9970703125,
        8952.8349609375
    ],
    "12": [
        2139.123046875,
        9702.251953125
    ],
    "13": [
        4920.66357421875,
        720.5536702473959
    ],
    "14": [
        16648.0859375,
        19998.70703125
    ],
    "15": [
        725.1388549804688,
        3741.6685791015625
    ],
    "16": [
        2084.74072265625,
        24532.23046875
    ],
    "17": [
        91.86479187011719,
        8608.5234375
    ],
    "18": [
        22150.244140625,
        444.54864501953125
    ],
    "19": [
        10169.884765625,
        1895.2313232421875
    ],
    "20": [
        5271.06884765625,
        1172.3472900390625
    ],
    "21": [
        500.54022216796875,
        3087.683837890625
    ],
    "22": [
        24110.70703125,
        14828.900390625
    ],
    "23": [
        4762.31494140625,
        1936.7413330078125
    ],
    "24": [
        180.94691467285156,
        26015.1328125
    ],
    "25": [
        20050.4296875,
        3642.69189453125
    ],
    "26": [
        18616.134765625,
        13414.2275390625
    ],
    "27": [
        3602.775146484375,
        5496.59912109375
    ],
    "28": [
        3927.88916015625,
        13194.970703125
    ],
    "29": [
        4974.82275390625,
        156.35214233398438
    ],
    "30": [
        3848.259765625,
        728.0377197265625
    ],
    "31": [
        4556.8046875,
        3393.960693359375
    ],
    "32": [
        3322.98388671875,
        3073.491943359375
    ],
    "33": [
        14527.5966796875,
        1189.345458984375
    ],
    "34": [
        1599.9197998046875,
        12809.6953125
    ],
    "35": [
        3438.189697265625,
        21996.0
    ],
    "36": [
        12797.091796875,
        2611.230224609375
    ],
    "37": [
        25093.73828125,
        6628.248046875
    ],
    "38": [
        817.7203369140625,
        10330.3076171875
    ],
    "39": [
        18648.6484375,
        5045.76708984375
    ],
    "40": [
        13003.720703125,
        247.64288330078125
    ],
    "41": [
        13095.7333984375,
        13304.3125
    ],
    "42": [
        7397.7939453125,
        597.6200561523438
    ],
    "43": [
        8462.946533203125,
        1563.0902099609375
    ],
    "44": [
        2454.919189453125,
        2862.063720703125
    ],
    "45": [
        18862.51953125,
        7095.57470703125
    ],
    "46": [
        654.2181091308594,
        1181.2968139648438
    ],
    "47": [
        19151.32421875,
        8829.1044921875
    ],
    "48": [
        13964.2509765625,
        2282.13623046875
    ],
    "49": [
        22182.31640625,
        9138.525390625
    ],
    "50": [
        5584.03173828125,
        7345.771484375
    ],
    "51": [
        2528.46435546875,
        4584.19580078125
    ],
    "52": [
        12290.755859375,
        5418.97607421875
    ],
    "53": [
        4307.3858642578125,
        19575.0185546875
    ],
    "54": [
        1505.1519165039063,
        1994.554931640625
    ],
    "55": [
        201.94454956054688,
        6803.20068359375
    ],
    "56": [
        18375.236328125,
        5547.708984375
    ],
    "57": [
        547.5143432617188,
        2590.000244140625
    ],
    "58": [
        605.3232421875,
        4744.64599609375
    ],
    "59": [
        1301.8109436035156,
        13781.69384765625
    ],
    "60": [
        7.529618263244629,
        2420.477783203125
    ],
    "61": [
        16913.96923828125,
        16184.2470703125
    ],
    "62": [
        9087.9658203125,
        6091.7484130859375
    ],
    "63": [
        14483.6171875,
        23050.41796875
    ],
    "64": [
        1856.0013427734375,
        2829.87158203125
    ],
    "65": [
        1792.216064453125,
        6555.36865234375
    ],
    "66": [
        2234.299560546875,
        1178.6820068359375
    ],
    "67": [
        3907.13037109375,
        14581.15234375
    ],
    "68": [
        4908.87890625,
        1532.088623046875
    ],
    "69": [
        862.904296875,
        6061.23583984375
    ],
    "70": [
        18964.740234375,
        732.5615234375
    ],
    "71": [
        1372.733154296875,
        9.330373764038086
    ],
    "72": [
        16696.0625,
        415.6107940673828
    ],
    "73": [
        484.48193359375,
        8413.80126953125
    ],
    "74": [
        3351.6705322265625,
        8783.1123046875
    ],
    "75": [
        9926.8955078125,
        2645.872802734375
    ],
    "76": [
        5751.06787109375,
        9299.623046875
    ],
    "77": [
        17181.12890625,
        1688.544189453125
    ],
    "78": [
        11560.9912109375,
        591.875732421875
    ],
    "79": [
        9443.907958984375,
        18466.3349609375
    ]
}