{
    "0": [
        1209.0516528298099,
        22182.22640562249
    ],
    "1": [
        13218.01626834354,
        11502.972689241977
    ],
    "2": [
        4273.168407111122,
        17629.533967526957
    ],
    "3": [
        4798.138766035472,
        6194.705073614318
    ],
    "4": [
        9372.0831965347,
        21544.937344229296
    ],
    "5": [
        12703.976127941625,
        4213.277992602957
    ],
    "6": [
        2480.529566946089,
        747.281245401187
    ],
    "7": [
        26442.57335304054,
        2285.1685650335776
    ],
    "8": [
        1093.499431756574,
        19135.20464768423
    ],
    "9": [
        14267.94038649339,
        1198.433651920007
    ],
    "10": [
        3691.1286521337365,
        10998.599691280242
    ],
    "11": [
        18329.63903971354,
        6230.243579101562
    ],
    "12": [
        6623.022148613457,
        11552.64522921359
    ],
    "13": [
        9840.81495625264,
        12962.977090371622
    ],
    "14": [
        934.8569374369872,
        8844.083492496835
    ],
    "15": [
        13500.605975859577,
        7420.778896459271
    ],
    "16": [
        22300.62088421935,
        5070.553512631705
    ],
    "17": [
        18898.294100215517,
        18846.758230064654
    ],
    "18": [
        2755.240944126674,
        2759.597453187004
    ],
    "19": [
        9913.989629657452,
        9697.087567608172
    ],
    "20": [
        765.9937510797448,
        4231.673270226778
    ],
    "21": [
        1717.4260990934324,
        26075.262323524745
    ],
    "22": [
        826.1164180454383,
        6626.137126652644
    ],
    "23": [
        19606.735438853004,
        1775.670784277623
    ],
    "24": [
        18426.811575382315,
        24129.65286319814
    ],
    "25": [
        7427.488196600819,
        2958.379966171297
    ],
    "26": [
        9878.978242356969,
        3754.0187543426314
    ],
    "27": [
        9948.234652233856,
        6690.1589436640825
    ],
    "28": [
        6419.980467679208,
        8668.857404742324
    ],
    "29": [
        17089.174236553285,
        1178.3068118377441
    ],
    "30": [
        24602.921479096283,
        22225.9375
    ],
    "31": [
        9109.696804423473,
        968.6998587716597
    ],
    "32": [
        6903.402747112772,
        25684.603048573368
    ],
    "33": [
        22811.837596921992,
        1230.1247616495966
    ],
    "34": [
        671.7935457612014,
        638.2788814125407
    ],
    "35": [
        24816.00012703252,
        15373.881153137703
    ],
    "36": [
        4932.5545062740575,
        3219.228436882724
    ],
    "37": [
        11596.918863932291,
        1025.684200696243
    ],
    "38": [
        20980.1379168009,
        9495.330727488725
    ],
    "39": [
        4339.21570337676,
        950.2973216864276
    ],
    "40": [
        11721.83302001953,
        16109.467102050781
    ],
    "41": [
        7187.914341276492,
        14909.680691095373
    ],
    "42": [
        4735.639200367647,
        21701.576845894608
    ],
    "43": [
        1122.5984756541495,
        13401.813793447067
    ],
    "44": [
        7777.093148880646,
        18155.866391478467
    ],
    "45": [
        6580.529465124404,
        845.9807967353076
    ],
    "46": [
        16703.03512257543,
        9806.806162867053
    ],
    "47": [
        4099.513018477591,
        14222.104384251645
    ],
    "48": [
        772.302807273818,
        2336.002731323242
    ],
    "49": [
        1017.5201142516981,
        11077.463174645169
    ],
    "50": [
        25941.22456840035,
        8897.302153900786
    ],
    "51": [
        2764.3872543861125,
        5175.961077249462
    ],
    "52": [
        1135.6031126710461,
        16105.436592009686
    ],
    "53": [
        15900.39933372831,
        4238.522655496867
    ],
    "54": [
        7131.643127310148,
        5523.783003612231
    ],
    "55": [
        12810.38547340883,
        25445.56783973624
    ],
    "56": [
        20442.745031524122,
        13973.246367872807
    ],
    "57": [
        16071.358599746436,
        14740.914345189145
    ],
    "58": [
        13730.154602721497,
        20102.055170415522
    ],
    "59": [
        3165.5560823189194,
        8071.897432549055
    ]
}