{
    "0": [
        4815.9169921875,
        960.9035148620605
    ],
    "1": [
        15330.252278645834,
        19872.460611979168
    ],
    "2": [
        10048.39013671875,
        2270.5520629882813
    ],
    "3": [
        18595.319091796875,
        2241.6304893493652
    ],
    "4": [
        465.87004494667053,
        1843.2679138183594
    ],
    "5": [
        21872.92550223214,
        9508.975516183036
    ],
    "6": [
        1803.516357421875,
        594.0061902999878
    ],
    "7": [
        3372.3327817049894,
        18008.561967329544
    ],
    "8": [
        4106.255126953125,
        4077.5450265066966
    ],
    "9": [
        9060.0427734375,
        7249.3240234375
    ],
    "10": [
        683.8090942382812,
        4275.38056640625
    ],
    "11": [
        11283.10009765625,
        5414.261474609375
    ],
    "12": [
        1830.3060913085938,
        2420.2612915039063
    ],
    "13": [
        1372.1502424081166,
        9022.158528645834
    ],
    "14": [
        12384.684814453125,
        12233.864013671875
    ],
    "15": [
        8462.946533203125,
        1563.0902099609375
    ],
    "16": [
        13762.979817708334,
        2027.5706380208333
    ],
    "17": [
        12322.150390625,
        389.3857930501302
    ],
    "18": [
        6245.0689697265625,
        8004.32080078125
    ],
    "19": [
        7397.7939453125,
        597.6200561523438
    ]
}