{
    "0": [
        744.4651569227377,
        3393.979649861654
    ],
    "1": [
        9606.606162623355,
        14496.99568256579
    ],
    "2": [
        18219.6318359375,
        17164.6646484375
    ],
    "3": [
        19304.443684895832,
        9064.376057942709
    ],
    "4": [
        26474.372721354168,
        9958.016438802084
    ],
    "5": [
        11409.560128348214,
        20306.936104910714
    ],
    "6": [
        14553.293875558036,
        17494.41043526786
    ],
    "7": [
        14814.681026785714,
        970.0892310006278
    ],
    "8": [
        22159.105794270832,
        10702.443359375
    ],
    "9": [
        12403.692138671875,
        13744.009440104166
    ],
    "10": [
        15439.052001953125,
        21861.93017578125
    ],
    "11": [
        3697.4054963485055,
        14234.13676120924
    ],
    "12": [
        2545.01021602236,
        6412.371295797414
    ],
    "13": [
        4921.569083921371,
        7401.4698840725805
    ],
    "14": [
        4591.7842807112065,
        2581.7383401804955
    ],
    "15": [
        960.4494066238403,
        23243.581640625
    ],
    "16": [
        3224.4725167410716,
        11326.345424107143
    ],
    "17": [
        2059.1438816615514,
        594.6690895642553
    ],
    "18": [
        12228.451397235576,
        8088.566669170673
    ],
    "19": [
        1038.5084981565121,
        12775.105360243055
    ],
    "20": [
        23329.025716145832,
        1288.68177541097
    ],
    "21": [
        3047.7441057477677,
        8691.168689546132
    ],
    "22": [
        11454.03556743421,
        5143.3767732319075
    ],
    "23": [
        9382.999281939337,
        925.5899079967948
    ],
    "24": [
        18701.206640625,
        26432.106640625
    ],
    "25": [
        1910.6666493733724,
        26380.480729166666
    ],
    "26": [
        13394.708362926136,
        10678.595703125
    ],
    "27": [
        21493.5810546875,
        15478.2119140625
    ],
    "28": [
        1260.244826078415,
        14817.920949835527
    ],
    "29": [
        837.2755460466657,
        7000.035700334822
    ],
    "30": [
        3279.588189019097,
        20180.224175347223
    ],
    "31": [
        19319.158954326922,
        3685.4754544771636
    ],
    "32": [
        5554.879521908967,
        10201.76511548913
    ],
    "33": [
        22457.98828125,
        23721.5478515625
    ],
    "34": [
        19989.69609375,
        1023.1937611897787
    ],
    "35": [
        6515.287016369048,
        16311.404296875
    ],
    "36": [
        2720.8708199165962,
        4283.979327227618
    ],
    "37": [
        14071.762509300595,
        5894.184244791667
    ],
    "38": [
        5963.1709391276045,
        19973.283203125
    ],
    "39": [
        27704.67822265625,
        4019.7230224609375
    ],
    "40": [
        760.203246483436,
        4996.72741386218
    ],
    "41": [
        10429.769588694853,
        10030.73029641544
    ],
    "42": [
        12110.26881862331,
        765.6202616047215
    ],
    "43": [
        4945.547607421875,
        22835.258056640625
    ],
    "44": [
        827.1945953369141,
        10429.345102163461
    ],
    "45": [
        7233.156183416193,
        6034.234730113636
    ],
    "46": [
        17196.591796875,
        6427.947601318359
    ],
    "47": [
        4258.823094685872,
        695.0193061033884
    ],
    "48": [
        20512.510199652777,
        19810.616319444445
    ],
    "49": [
        8262.675244140624,
        22850.6654296875
    ],
    "50": [
        844.0983473125257,
        17708.653268914473
    ],
    "51": [
        4672.919359290082,
        4845.43943189538
    ],
    "52": [
        13151.09903492647,
        3444.923052619485
    ],
    "53": [
        716.6861287331094,
        1938.7389912507972
    ],
    "54": [
        25908.8328125,
        16319.7197265625
    ],
    "55": [
        9119.782427619486,
        17702.52085248162
    ],
    "56": [
        10949.26310649671,
        2656.0795191714637
    ],
    "57": [
        9042.344608191288,
        4115.253943241004
    ],
    "58": [
        8017.834048063859,
        11074.346891983696
    ],
    "59": [
        478.5094740516261,
        513.210739429844
    ],
    "60": [
        6327.546270461309,
        13009.504138764882
    ],
    "61": [
        3287.0103260387073,
        17206.259321732956
    ],
    "62": [
        5992.092184627757,
        1281.1974231495576
    ],
    "63": [
        8338.519461495536,
        26224.123604910714
    ],
    "64": [
        17623.003018465908,
        772.1578018882058
    ],
    "65": [
        792.3887127922928,
        8887.646123471468
    ],
    "66": [
        7525.533372145433,
        873.2689272073599
    ],
    "67": [
        14107.676513671875,
        25152.84423828125
    ],
    "68": [
        770.2641319795089,
        20413.428977272728
    ],
    "69": [
        2614.0708587646486,
        2403.3248596191406
    ],
    "70": [
        19115.22119140625,
        11828.063720703125
    ],
    "71": [
        15591.420619419643,
        9342.84619140625
    ],
    "72": [
        15892.46064453125,
        14526.2982421875
    ],
    "73": [
        7003.9552628800675,
        3004.0854789115288
    ],
    "74": [
        23328.65144230769,
        3881.188176081731
    ],
    "75": [
        6951.624560546875,
        8291.563818359375
    ],
    "76": [
        16202.57958984375,
        3488.635511610243
    ],
    "77": [
        9459.039428710938,
        7149.085205078125
    ],
    "78": [
        22741.3853515625,
        6625.31748046875
    ],
    "79": [
        26529.300390625,
        758.2139978408813
    ]
}