{
    "0": [
        7276.977201021635,
        11611.567583133014
    ],
    "1": [
        1179.4824346133641,
        20535.063058035714
    ],
    "2": [
        24602.29659598214,
        17082.854631696428
    ],
    "3": [
        2064.563387596001,
        644.6984453120474
    ],
    "4": [
        6500.650939941406,
        6495.450637817383
    ],
    "5": [
        1856.5904426574707,
        26712.620279947918
    ],
    "6": [
        6756.048197798295,
        1232.737476348877
    ],
    "7": [
        4093.7366333007813,
        17448.673897879464
    ],
    "8": [
        1229.087258605957,
        17717.460234375
    ],
    "9": [
        3531.7607091955238,
        10958.251134923987
    ],
    "10": [
        6613.207356770833,
        23058.608723958332
    ],
    "11": [
        1218.954962768338,
        8165.363444010417
    ],
    "12": [
        14624.768132390203,
        1161.9226859840187
    ],
    "13": [
        7655.858605018029,
        15870.777493990385
    ],
    "14": [
        18339.851422991072,
        18905.061104910714
    ],
    "15": [
        23738.06907894737,
        1500.7632454320003
    ],
    "16": [
        1485.9001819880111,
        14734.01069972826
    ],
    "17": [
        14452.63515625,
        5000.035302734375
    ],
    "18": [
        9318.483539496528,
        1107.1450626479254
    ],
    "19": [
        987.6344498528374,
        12697.986436631945
    ],
    "20": [
        19643.414248511905,
        1068.4402429489862
    ],
    "21": [
        22628.525065104168,
        5202.671088324652
    ],
    "22": [
        11125.432834201389,
        17944.39431423611
    ],
    "23": [
        452.3565551837285,
        711.8678597553322
    ],
    "24": [
        8456.37314675071,
        3748.0780084783382
    ],
    "25": [
        13576.872680664063,
        11648.838256835938
    ],
    "26": [
        18179.8533203125,
        4588.662294921875
    ],
    "27": [
        1555.3903189341227,
        23672.156640625
    ],
    "28": [
        11982.3642578125,
        920.6671688216073
    ],
    "29": [
        21018.983258928572,
        24073.248883928572
    ],
    "30": [
        862.6350899109474,
        2348.385086763822
    ],
    "31": [
        14912.268676757813,
        26030.79833984375
    ],
    "32": [
        13190.597113715277,
        21723.694010416668
    ],
    "33": [
        12477.292457217261,
        7363.146182105655
    ],
    "34": [
        3551.2838416466348,
        7376.583183092948
    ],
    "35": [
        5505.023951480263,
        3102.104373329564
    ],
    "36": [
        17121.6895703125,
        1168.7184457397461
    ],
    "37": [
        6291.960967092803,
        8961.205522017046
    ],
    "38": [
        816.894767175402,
        10177.606640625
    ],
    "39": [
        1011.4683877563476,
        6225.10625
    ],
    "40": [
        4949.877182006836,
        21390.944213867188
    ],
    "41": [
        9207.03720703125,
        6741.4693359375
    ],
    "42": [
        11546.373291015625,
        3895.5718688964844
    ],
    "43": [
        17694.198974609375,
        12253.074584960938
    ],
    "44": [
        15677.72248391544,
        8390.648810891544
    ],
    "45": [
        27395.957741477272,
        2055.4850222847676
    ],
    "46": [
        10380.256630345395,
        14126.483141447368
    ],
    "47": [
        19960.87081473214,
        10072.615199497768
    ],
    "48": [
        25401.205636160714,
        8620.81333705357
    ],
    "49": [
        4328.370256696428,
        14026.089878627232
    ],
    "50": [
        3063.6765037069517,
        2732.3705805564414
    ],
    "51": [
        14983.013232421876,
        16313.907763671876
    ],
    "52": [
        3671.2552458934297,
        4866.0767164963945
    ],
    "53": [
        8674.316064453125,
        25442.3654296875
    ],
    "54": [
        8162.246168870192,
        19457.0546875
    ],
    "55": [
        986.6504414466119,
        4116.207035187752
    ],
    "56": [
        25538.80615234375,
        12569.983154296875
    ],
    "57": [
        4365.489448686079,
        781.2187662991611
    ],
    "58": [
        20230.070556640625,
        15398.349609375
    ],
    "59": [
        10549.338123139882,
        9976.236793154761
    ]
}