{
    "0": [
        20463.817411414748,
        1765.1480041976754
    ],
    "1": [
        23020.079449379282,
        7935.667594178082
    ],
    "2": [
        22095.433447994405,
        22364.20604011194
    ],
    "3": [
        6158.8686722735965,
        3675.768514827806
    ],
    "4": [
        3673.498564749053,
        9470.944722287984
    ],
    "5": [
        12238.077733205464,
        15971.311558523577
    ],
    "6": [
        1087.231553624888,
        7266.081496542009
    ],
    "7": [
        25338.15308719758,
        2385.6519336485094
    ],
    "8": [
        2135.8307462948474,
        21706.282309157337
    ],
    "9": [
        2770.7913198665697,
        779.8482325594036
    ],
    "10": [
        6796.542976541722,
        10019.05314733627
    ],
    "11": [
        16453.179298629304,
        1794.0157739045378
    ],
    "12": [
        15994.198607405995,
        20281.50214367378
    ],
    "13": [
        6235.955762472852,
        6487.515986969112
    ],
    "14": [
        6640.73570690854,
        17257.06008671466
    ],
    "15": [
        927.673190090373,
        4798.046336811551
    ],
    "16": [
        9100.530634631848,
        12910.706848423231
    ],
    "17": [
        931.9874858495701,
        2554.221487022308
    ],
    "18": [
        3381.01511797075,
        6011.324837017385
    ],
    "19": [
        967.347350295574,
        9535.43248155382
    ],
    "20": [
        3418.8544571452335,
        3295.2562459951696
    ],
    "21": [
        1591.2456536167833,
        18190.85322131849
    ],
    "22": [
        11125.107594559833,
        25598.83124523628
    ],
    "23": [
        18300.51744832872,
        13550.369672171677
    ],
    "24": [
        2605.1258948782215,
        26022.635501585144
    ],
    "25": [
        4606.732676723547,
        13247.575542249178
    ],
    "26": [
        24443.1460546875,
        15305.042685546876
    ],
    "27": [
        749.1721285060382,
        698.282620485588
    ],
    "28": [
        9886.555137542357,
        1080.0467300695109
    ],
    "29": [
        9613.381553349533,
        8031.465368556225
    ],
    "30": [
        4966.311204450844,
        1050.0798325721364
    ],
    "31": [
        1264.846718150537,
        12168.650308309387
    ],
    "32": [
        7411.240441176471,
        1076.8212228410384
    ],
    "33": [
        12925.115373508905,
        1487.2400379821818
    ],
    "34": [
        9506.24576614916,
        4126.544973355132
    ],
    "35": [
        1395.6467027694882,
        14989.670232027896
    ],
    "36": [
        17978.109089994636,
        7199.657404690853
    ],
    "37": [
        13570.228676849942,
        10647.88232421875
    ],
    "38": [
        8045.612268415179,
        21157.665122767856
    ],
    "39": [
        13358.893515907039,
        5573.904234297439
    ]
}