{
    "0": [
        6075.927083333333,
        6673.52198578209
    ],
    "1": [
        10897.26808763587,
        12233.455240885416
    ],
    "2": [
        9424.274067312048,
        3286.7164218183875
    ],
    "3": [
        5448.357568857621,
        2506.856647725008
    ],
    "4": [
        12882.216423233696,
        15895.089903192935
    ],
    "5": [
        23276.32536969866,
        21223.599748883928
    ],
    "6": [
        9016.802715351056,
        5988.31099710836
    ],
    "7": [
        17462.401164899555,
        7842.825415039062
    ],
    "8": [
        12077.730996002054,
        978.1754201409963
    ],
    "9": [
        14463.633784643665,
        1347.2257787242734
    ],
    "10": [
        2333.0292670249937,
        26903.737915039063
    ],
    "11": [
        18960.65613731971,
        972.5157221616843
    ],
    "12": [
        945.8623831399436,
        9714.093219053399
    ],
    "13": [
        25002.599461036392,
        14763.146064082279
    ],
    "14": [
        7050.534325185448,
        3939.8702417238796
    ],
    "15": [
        5898.244622093023,
        638.7561068202174
    ],
    "16": [
        1231.406198280829,
        23352.73978226273
    ],
    "17": [
        4111.6986134847,
        878.4059037843513
    ],
    "18": [
        24489.54741847826,
        6589.250556216032
    ],
    "19": [
        26326.61647487331,
        1731.5963515333228
    ],
    "20": [
        2337.566270982897,
        714.0947303893688
    ],
    "21": [
        1072.8927239523484,
        12103.800673264723
    ],
    "22": [
        7733.803187216482,
        1081.3524724783435
    ],
    "23": [
        1381.4175764839729,
        17586.37546681834
    ],
    "24": [
        11561.493076609142,
        6222.8218866604475
    ],
    "25": [
        2197.9388845455574,
        20429.04944681677
    ],
    "26": [
        5918.860754678416,
        9325.014901094659
    ],
    "27": [
        9706.543684895832,
        870.0389089932045
    ],
    "28": [
        910.3721050115732,
        7817.051821195162
    ],
    "29": [
        16705.365430809987,
        2064.985436883466
    ],
    "30": [
        611.8278186777579,
        575.3302742621312
    ],
    "31": [
        4170.369142308728,
        14845.102586206896
    ],
    "32": [
        12191.325067657272,
        3525.4954969618057
    ],
    "33": [
        2738.058591468312,
        5064.681042822722
    ],
    "34": [
        13214.639980601616,
        9332.703191432824
    ],
    "35": [
        2080.8544346736026,
        2863.698584336501
    ],
    "36": [
        3985.238396322651,
        12167.466504528264
    ],
    "37": [
        634.0709975843733,
        3972.198415683178
    ],
    "38": [
        4807.085705720926,
        4943.284156509592
    ],
    "39": [
        18485.227734375,
        17225.50179501488
    ],
    "40": [
        19549.98416785038,
        5054.347979921283
    ],
    "41": [
        5706.865774154663,
        18331.806816101074
    ],
    "42": [
        8736.625703699448,
        15514.53265021829
    ],
    "43": [
        3119.868791418882,
        7293.142998386971
    ],
    "44": [
        22456.56011439732,
        1582.8178900871958
    ],
    "45": [
        14265.403752966773,
        21116.73012262658
    ],
    "46": [
        9118.123524655577,
        8918.643604565692
    ],
    "47": [
        17530.949424342107,
        25439.78443667763
    ],
    "48": [
        16114.43565625,
        12496.9511953125
    ],
    "49": [
        3286.303384202037,
        9748.292448888371
    ],
    "50": [
        1001.4609284589166,
        14592.112839226973
    ],
    "51": [
        663.987377248837,
        2080.905217832518
    ],
    "52": [
        9317.6815078125,
        19889.699921875
    ],
    "53": [
        14692.639660877787,
        5339.486278363854
    ],
    "54": [
        3749.1531161481175,
        3021.386534573739
    ],
    "55": [
        734.6331873136165,
        5836.74142865598
    ],
    "56": [
        5950.042212701613,
        23156.127940188173
    ],
    "57": [
        20687.570384837964,
        10913.944286205151
    ],
    "58": [
        9968.569649312034,
        25648.873309235074
    ],
    "59": [
        7272.313347018495,
        12355.482694249575
    ]
}