{
    "0": [
        1976.7378104073662,
        7385.191266741072
    ],
    "1": [
        972.888069834028,
        19435.14871651786
    ],
    "2": [
        14329.118588654892,
        10497.860139266304
    ],
    "3": [
        13887.485460069445,
        1104.9569528367783
    ],
    "4": [
        2394.338596888951,
        5146.60675920759
    ],
    "5": [
        9202.139184570313,
        8880.430859375
    ],
    "6": [
        8985.857220818014,
        23225.573299632353
    ],
    "7": [
        3978.0161946614585,
        1972.5623779296875
    ],
    "8": [
        751.0339129765829,
        2003.6636103877315
    ],
    "9": [
        2967.044952392578,
        6947.630310058594
    ],
    "10": [
        8239.313302176339,
        3831.216971261161
    ],
    "11": [
        1103.5992012023926,
        3611.4693019701085
    ],
    "12": [
        16530.924014136905,
        1267.2629070281982
    ],
    "13": [
        430.3507926247337,
        568.9717471960819
    ],
    "14": [
        20045.27138671875,
        1092.972055530548
    ],
    "15": [
        5343.790093315973,
        4408.040961371527
    ],
    "16": [
        6007.821136474609,
        16961.794921875
    ],
    "17": [
        6465.292756453804,
        676.554267966229
    ],
    "18": [
        13208.201965332031,
        15625.193908691406
    ],
    "19": [
        1947.5098830003005,
        614.3343430299026
    ],
    "20": [
        10579.7068359375,
        868.7656698226929
    ],
    "21": [
        733.3117828369141,
        6474.380859375
    ],
    "22": [
        6229.209517045455,
        2342.554609818892
    ],
    "23": [
        597.3148990207249,
        5104.693386501736
    ],
    "24": [
        4472.1520432692305,
        2959.4720740685098
    ],
    "25": [
        3873.8861490885415,
        4356.6672770182295
    ],
    "26": [
        4590.868591308594,
        9183.046478271484
    ],
    "27": [
        8278.391838304924,
        706.9152192202481
    ],
    "28": [
        2485.0703460693358,
        24701.08046875
    ],
    "29": [
        15616.461588541666,
        23901.68771701389
    ],
    "30": [
        13101.612583705357,
        3032.914620535714
    ],
    "31": [
        9111.35513671875,
        19389.21265625
    ],
    "32": [
        4042.9857352120534,
        20017.85574776786
    ],
    "33": [
        3724.257634943182,
        5693.448686079545
    ],
    "34": [
        11892.23109654018,
        806.0445300510952
    ],
    "35": [
        6983.076361762152,
        10935.493815104166
    ],
    "36": [
        2608.9773021024816,
        3114.6707979090074
    ],
    "37": [
        1090.842514038086,
        13706.478407118055
    ],
    "38": [
        24621.181770833333,
        1576.6896535237631
    ],
    "39": [
        2727.101253255208,
        9009.950325520833
    ],
    "40": [
        6520.8812255859375,
        5331.782897949219
    ],
    "41": [
        10463.135145399305,
        11846.795681423611
    ],
    "42": [
        16797.43798828125,
        4107.190231323242
    ],
    "43": [
        4075.43212890625,
        13945.408203125
    ],
    "44": [
        1244.0827073317307,
        16850.400240384617
    ],
    "45": [
        8364.944458007813,
        14369.461059570313
    ],
    "46": [
        4934.758544921875,
        6438.302978515625
    ],
    "47": [
        24141.230859375,
        8308.992993164062
    ],
    "48": [
        6314.893798828125,
        6883.1505126953125
    ],
    "49": [
        3004.6424357096353,
        11102.630289713541
    ],
    "50": [
        4872.478841145833,
        919.0538789658319
    ],
    "51": [
        24983.811257102272,
        18171.080788352272
    ],
    "52": [
        9515.646592881945,
        2242.801066080729
    ],
    "53": [
        18146.675931490383,
        15189.690204326924
    ],
    "54": [
        712.8236843744913,
        8576.202018229167
    ],
    "55": [
        973.2515441046821,
        10978.134819878473
    ],
    "56": [
        9416.1984375,
        5905.43623046875
    ],
    "57": [
        19248.67164248512,
        7192.494349888393
    ],
    "58": [
        12317.504789806548,
        5502.371291387649
    ],
    "59": [
        3462.0565592447915,
        580.5578323364258
    ]
}