{
    "0": [
        18160.134466240877,
        1841.585965044017
    ],
    "1": [
        1583.1668095633734,
        4859.266799146076
    ],
    "2": [
        2972.4818777607547,
        24333.142096625434
    ],
    "3": [
        13328.873186854447,
        1996.9387626664031
    ],
    "4": [
        7885.030284312361,
        11593.701780867204
    ],
    "5": [
        2110.521591678063,
        13393.871624348958
    ],
    "6": [
        20572.01650705645,
        20498.39521799395
    ],
    "7": [
        24096.861992319024,
        3168.7380416216674
    ],
    "8": [
        11820.535536024305,
        23220.259602864582
    ],
    "9": [
        4909.616338872644,
        1580.6193905147095
    ],
    "10": [
        7958.363506610577,
        17753.8067995331
    ],
    "11": [
        1302.0693614748345,
        1244.500912223098
    ],
    "12": [
        22936.839685388513,
        12653.389959881757
    ],
    "13": [
        8924.739543375443,
        1805.0586345713673
    ],
    "14": [
        1902.1979389129624,
        18636.77558541105
    ],
    "15": [
        14342.655663438498,
        13952.494536866014
    ],
    "16": [
        1996.908907674166,
        9010.532038469722
    ],
    "17": [
        11136.538339642397,
        7072.598137987275
    ],
    "18": [
        17460.79629534448,
        7655.314357467562
    ],
    "19": [
        6004.177880938385,
        6167.467440410725
    ]
}