{
    "0": [
        3385.569091796875,
        4780.769368489583
    ],
    "1": [
        654.2181091308594,
        1181.2968139648438
    ],
    "2": [
        11061.843627929688,
        14420.712890625
    ],
    "3": [
        952.354970296224,
        6473.268391927083
    ],
    "4": [
        7465.910888671875,
        5622.966796875
    ],
    "5": [
        5664.534423828125,
        926.2268562316895
    ],
    "6": [
        11254.928013392857,
        1379.5609174455915
    ],
    "7": [
        10739.943359375,
        7288.755777994792
    ],
    "8": [
        518.5308559735616,
        3387.6908365885415
    ],
    "9": [
        1372.733154296875,
        9.330373764038086
    ],
    "10": [
        19138.695068359375,
        15152.905517578125
    ],
    "11": [
        4209.43359375,
        2505.2384765625
    ],
    "12": [
        2863.7298126220703,
        22338.680078125
    ],
    "13": [
        14538.393798828125,
        21716.5673828125
    ],
    "14": [
        21067.577256944445,
        5888.935255262587
    ],
    "15": [
        2700.7165018717446,
        13585.041015625
    ],
    "16": [
        1911.10478515625,
        2171.9454345703125
    ],
    "17": [
        4972.241943359375,
        8745.235546875
    ],
    "18": [
        881.1973472322736,
        9218.77329799107
    ],
    "19": [
        16338.306966145834,
        1120.6348317464192
    ]
}