{
    "0": [
        14306.637907608696,
        3476.6500093764153
    ],
    "1": [
        13384.539169520547,
        1150.9667155383383
    ],
    "2": [
        5314.438077059659,
        9921.093804958064
    ],
    "3": [
        8575.37683330138,
        907.5070454167442
    ],
    "4": [
        17813.14885027384,
        19880.61859697165
    ],
    "5": [
        20576.874789368874,
        15969.196174172794
    ],
    "6": [
        12705.622361567983,
        11757.777931971857
    ],
    "7": [
        5098.719723497973,
        12208.825035957114
    ],
    "8": [
        7735.588382844002,
        10838.21293000252
    ],
    "9": [
        6382.651732057006,
        4493.787959842892
    ],
    "10": [
        9128.21433945953,
        22953.13353291496
    ],
    "11": [
        500.922498808481,
        1760.5879403106437
    ],
    "12": [
        4195.009644580488,
        17311.364713268118
    ],
    "13": [
        22405.27923487103,
        19782.239893353173
    ],
    "14": [
        27252.717521067414,
        1494.7811660659447
    ],
    "15": [
        20259.966287364132,
        7069.324227848409
    ],
    "16": [
        19340.94906404703,
        3427.48055214457
    ],
    "17": [
        6616.716563877723,
        8293.822036679849
    ],
    "18": [
        16614.20718903521,
        3439.2725190408364
    ],
    "19": [
        10349.658308440563,
        6261.651336071538
    ],
    "20": [
        26295.596158222088,
        5916.632198592992
    ],
    "21": [
        4017.614188175073,
        6345.66283851982
    ],
    "22": [
        3093.346066066197,
        14653.286315917969
    ],
    "23": [
        18185.309505208334,
        24643.412447916668
    ],
    "24": [
        19336.81752533784,
        742.4340975995
    ],
    "25": [
        11520.333330028554,
        8324.655769154506
    ],
    "26": [
        614.3188702765536,
        4495.313010628218
    ],
    "27": [
        15176.668309202982,
        6497.45292565582
    ],
    "28": [
        7137.384362829192,
        620.1771936664242
    ],
    "29": [
        2142.305556131606,
        8740.102650292592
    ],
    "30": [
        1231.5868365348772,
        27342.7458893532
    ],
    "31": [
        2293.7822217826383,
        5213.02239034262
    ],
    "32": [
        588.5928536880957,
        9387.777600740132
    ],
    "33": [
        7402.703857421875,
        16672.36322644292
    ],
    "34": [
        26753.757002667684,
        18320.603253620426
    ],
    "35": [
        24305.378281704216,
        1484.527739615028
    ],
    "36": [
        13551.480530753968,
        22047.628766741072
    ],
    "37": [
        15820.721932132228,
        11679.412846779336
    ],
    "38": [
        389.9622606736219,
        488.48041512390336
    ],
    "39": [
        12072.320218857021,
        26501.127006635274
    ],
    "40": [
        4961.793817999904,
        22661.206156537577
    ],
    "41": [
        21616.485657649253,
        1238.1632961194907
    ],
    "42": [
        1464.4767904530402,
        533.1695280295352
    ],
    "43": [
        848.5054937080987,
        19077.22699233832
    ],
    "44": [
        4061.9675127583164,
        4548.806941469254
    ],
    "45": [
        7902.750252888335,
        3040.821772969895
    ],
    "46": [
        5543.848875558036,
        565.8315233353206
    ],
    "47": [
        5027.8188152179855,
        3108.9189606779937
    ],
    "48": [
        6454.042443647541,
        2144.7292204309683
    ],
    "49": [
        8840.554656065584,
        8380.193977585166
    ],
    "50": [
        893.2263436426958,
        13176.644563605987
    ],
    "51": [
        6599.408357945884,
        19521.94931402439
    ],
    "52": [
        2774.4747598846325,
        12115.642266605062
    ],
    "53": [
        639.6912993443684,
        6092.70175506162
    ],
    "54": [
        19812.66469439338,
        11649.02577119715
    ],
    "55": [
        13295.655966035018,
        14378.937638519503
    ],
    "56": [
        4676.4432943302345,
        1715.0473459062785
    ],
    "57": [
        3120.9405732094992,
        10187.744381701099
    ],
    "58": [
        2256.3755887843695,
        7028.794336972725
    ],
    "59": [
        3303.530899612992,
        20026.20232928241
    ],
    "60": [
        2698.9257685187404,
        692.669744622488
    ],
    "61": [
        7414.689158519553,
        13803.585588337988
    ],
    "62": [
        8048.410395151555,
        5861.409418589055
    ],
    "63": [
        632.5722854969453,
        3114.02892966757
    ],
    "64": [
        11718.929973006645,
        879.863554956113
    ],
    "65": [
        26624.547991071428,
        10929.884988839285
    ],
    "66": [
        10455.874355601616,
        16323.519896630527
    ],
    "67": [
        1040.4131924675733,
        21701.95595464939
    ],
    "68": [
        22613.673740834496,
        4616.841462716044
    ],
    "69": [
        17163.86925168505,
        992.7252431233724
    ],
    "70": [
        1097.2059431806092,
        16878.005685259206
    ],
    "71": [
        23052.853656390766,
        9077.225124049832
    ],
    "72": [
        874.2780666196046,
        15016.0222434677
    ],
    "73": [
        9804.440868906997,
        13332.184280614534
    ],
    "74": [
        2201.65976208673,
        3654.744130717844
    ],
    "75": [
        10025.745188067036,
        19506.441453503023
    ],
    "76": [
        9482.71960496717,
        4400.406916874392
    ],
    "77": [
        5989.483308951693,
        6262.143342645045
    ],
    "78": [
        17735.86833949289,
        5746.345094966317
    ],
    "79": [
        12682.573294217469,
        5818.546550813268
    ],
    "80": [
        822.0819614994526,
        11151.174210379464
    ],
    "81": [
        11836.166863207547,
        3601.5046957915683
    ],
    "82": [
        13930.031480726306,
        9022.511018522493
    ],
    "83": [
        1749.1143149249958,
        24443.825336576258
    ],
    "84": [
        1927.49109874907,
        2042.6839006696428
    ],
    "85": [
        15042.843644327193,
        848.3797848393668
    ],
    "86": [
        17576.706222440567,
        8829.105735357554
    ],
    "87": [
        4076.9932707538755,
        8182.211852546752
    ],
    "88": [
        10115.708071911196,
        629.3892588587802
    ],
    "89": [
        24113.926655016447,
        24888.34806743421
    ],
    "90": [
        3889.0729029997615,
        641.729304486862
    ],
    "91": [
        14046.31773158482,
        17906.916748046875
    ],
    "92": [
        6140.121376849235,
        26275.71968500665
    ],
    "93": [
        3414.030747710681,
        2486.137339440851
    ],
    "94": [
        602.5259093564938,
        7680.339347025846
    ],
    "95": [
        16942.237903225807,
        15075.197933467742
    ],
    "96": [
        10465.215983072916,
        10618.243953929228
    ],
    "97": [
        5194.936592837881,
        14708.609989689086
    ],
    "98": [
        9929.267666207108,
        2467.6903210209866
    ],
    "99": [
        23556.37364634901,
        14291.752881342822
    ]
}