{
    "0": [
        6286.91845703125,
        9407.0908203125
    ],
    "1": [
        10054.501790364584,
        17312.064778645832
    ],
    "2": [
        13762.979817708334,
        2027.5706380208333
    ],
    "3": [
        24110.70703125,
        14828.900390625
    ],
    "4": [
        3351.6705322265625,
        8783.1123046875
    ],
    "5": [
        4980.754231770833,
        1547.05908203125
    ],
    "6": [
        22150.244140625,
        444.54864501953125
    ],
    "7": [
        12322.150390625,
        389.3857930501302
    ],
    "8": [
        9255.668334960938,
        1916.8211364746094
    ],
    "9": [
        4145.531087239583,
        3287.1377766927085
    ],
    "10": [
        19024.771484375,
        4745.389322916667
    ],
    "11": [
        19006.921875,
        7962.339599609375
    ],
    "12": [
        4867.48681640625,
        805.2258605957031
    ],
    "13": [
        1240.8509399414063,
        1077.4962017059327
    ],
    "14": [
        11097.77783203125,
        9479.198120117188
    ],
    "15": [
        5000.919921875,
        353.7807159423828
    ],
    "16": [
        15395.15283203125,
        23817.5615234375
    ],
    "17": [
        16696.0625,
        415.6107940673828
    ],
    "18": [
        24123.264322916668,
        7465.007161458333
    ],
    "19": [
        16648.0859375,
        19998.70703125
    ],
    "20": [
        277.5219807624817,
        2505.239013671875
    ],
    "21": [
        18964.740234375,
        732.5615234375
    ],
    "22": [
        16384.95166015625,
        14771.758544921875
    ],
    "23": [
        1401.1805623372395,
        13457.6943359375
    ],
    "24": [
        12290.755859375,
        5418.97607421875
    ],
    "25": [
        4000.25244140625,
        13712.3876953125
    ],
    "26": [
        3385.569091796875,
        4780.769368489583
    ],
    "27": [
        1698.6554768880208,
        9911.603841145834
    ],
    "28": [
        500.54022216796875,
        3087.683837890625
    ],
    "29": [
        7397.7939453125,
        597.6200561523438
    ],
    "30": [
        2010.8128662109375,
        2614.723388671875
    ],
    "31": [
        9087.9658203125,
        6091.7484130859375
    ],
    "32": [
        3848.259765625,
        728.0377197265625
    ],
    "33": [
        1132.8438186645508,
        25273.681640625
    ],
    "34": [
        4017.65380859375,
        20382.012369791668
    ],
    "35": [
        685.2003173828125,
        4075.994384765625
    ],
    "36": [
        268.10374999046326,
        8699.150390625
    ],
    "37": [
        6185.641438802083,
        5847.3984375
    ],
    "38": [
        17181.12890625,
        1688.544189453125
    ],
    "39": [
        952.354970296224,
        6473.268391927083
    ]
}