{
    "0": [
        915.7492623743804,
        8086.394923997962
    ],
    "1": [
        7194.809174107143,
        4396.802314453125
    ],
    "2": [
        4223.783201554964,
        802.6963386240496
    ],
    "3": [
        14540.538709624474,
        11624.09321658351
    ],
    "4": [
        11604.26026191086,
        25744.365170338115
    ],
    "5": [
        15605.152660327953,
        1175.2330142010699
    ],
    "6": [
        15765.426115337172,
        4241.378552888569
    ],
    "7": [
        1975.6579957008362,
        21299.55797928371
    ],
    "8": [
        11229.54221491228,
        1190.1456630083553
    ],
    "9": [
        4972.905811254529,
        8672.304057687952
    ],
    "10": [
        1217.7030277347565,
        25186.368828125
    ],
    "11": [
        8081.1801046409355,
        7319.724800160389
    ],
    "12": [
        24889.610477941176,
        14828.613338694853
    ],
    "13": [
        13342.874312160326,
        15829.894115149456
    ],
    "14": [
        3101.050807222407,
        9918.703156166888
    ],
    "15": [
        25654.375751201922,
        1380.1268159897772
    ],
    "16": [
        9565.781906896358,
        9281.758121627698
    ],
    "17": [
        10159.904831063035,
        19984.053418803418
    ],
    "18": [
        740.3047580582455,
        5988.324042366465
    ],
    "19": [
        10504.269443696121,
        6059.638641567888
    ],
    "20": [
        9676.627949316897,
        3527.9871292497646
    ],
    "21": [
        6059.224490058154,
        19081.420993890977
    ],
    "22": [
        6533.305620395071,
        10311.265291539634
    ],
    "23": [
        782.3865096530188,
        2131.6531724633637
    ],
    "24": [
        10678.108040613073,
        12181.53985269561
    ],
    "25": [
        21903.244571461397,
        1585.8837639216115
    ],
    "26": [
        5173.322663063227,
        2355.316036632449
    ],
    "27": [
        6353.829870345745,
        23378.15512799202
    ],
    "28": [
        19633.440704345703,
        4921.66307258606
    ],
    "29": [
        728.0568743354647,
        4025.007577269617
    ],
    "30": [
        1089.0291730869108,
        14663.340701219513
    ],
    "31": [
        2832.9459695567257,
        5092.957848590353
    ],
    "32": [
        8992.793995137117,
        733.5809814949425
    ],
    "33": [
        2982.3416657143453,
        7269.155335771276
    ],
    "34": [
        13324.808579318042,
        1276.1887629866012
    ],
    "35": [
        6464.045136566756,
        682.1330851840602
    ],
    "36": [
        7434.69585865162,
        13034.779398148148
    ],
    "37": [
        18840.909619677197,
        17892.696192479394
    ],
    "38": [
        4788.867077486015,
        4121.500182351949
    ],
    "39": [
        5622.922120460304,
        6280.4636375633445
    ],
    "40": [
        870.9352763054534,
        9975.462623738355
    ],
    "41": [
        18421.277277914327,
        1135.2605950510904
    ],
    "42": [
        18355.775970458984,
        13068.24057006836
    ],
    "43": [
        9003.53240376134,
        15872.137592930947
    ],
    "44": [
        17186.83998736213,
        7767.779501522288
    ],
    "45": [
        2742.5404667929997,
        2898.560272216797
    ],
    "46": [
        2332.8591046751085,
        702.1582746484129
    ],
    "47": [
        4529.064014050387,
        15592.821818980136
    ],
    "48": [
        24836.272210315266,
        6436.4238475698285
    ],
    "49": [
        12740.189442090395,
        4519.850857664636
    ],
    "50": [
        15621.560852050781,
        21978.87607421875
    ],
    "51": [
        4011.314563970456,
        12566.88519216954
    ],
    "52": [
        23205.997280943626,
        22493.17742800245
    ],
    "53": [
        1466.8301228820992,
        17918.42619243421
    ],
    "54": [
        1096.3260679863965,
        12137.549307016227
    ],
    "55": [
        7754.163755170037,
        2341.9950970818013
    ],
    "56": [
        13138.193563118255,
        8314.19895177608
    ],
    "57": [
        4437.056149631077,
        27566.193836805556
    ],
    "58": [
        610.1548050367727,
        580.0738671142443
    ],
    "59": [
        20861.6399609375,
        9778.206806640625
    ]
}