{
    "0": [
        3640.3259800861792,
        581.256618350314
    ],
    "1": [
        24211.324604696856,
        1257.1580738422579
    ],
    "2": [
        13675.668567708333,
        25491.441432291667
    ],
    "3": [
        21300.25267094017,
        1148.2213251774128
    ],
    "4": [
        13058.798754315043,
        10978.479770394259
    ],
    "5": [
        24257.16515261628,
        24251.795376090115
    ],
    "6": [
        5069.957488430534,
        22664.61206210191
    ],
    "7": [
        2272.6519872205013,
        6161.756270204742
    ],
    "8": [
        20922.3252660779,
        19791.982223731884
    ],
    "9": [
        2919.0764069252828,
        12307.053839068041
    ],
    "10": [
        2516.3319350866964,
        9975.23226731115
    ],
    "11": [
        12986.798734052465,
        1899.382958088446
    ],
    "12": [
        2195.4345072366546,
        4520.861653893189
    ],
    "13": [
        939.198225978133,
        16889.62204494724
    ],
    "14": [
        16647.027465820313,
        20967.772729492186
    ],
    "15": [
        546.7952066551828,
        2801.7349358469774
    ],
    "16": [
        15001.05894639757,
        13070.172709147135
    ],
    "17": [
        11245.307621566704,
        9010.33830227018
    ],
    "18": [
        9132.653715587798,
        26841.97956969246
    ],
    "19": [
        549.1884413949954,
        460.2040883822319
    ],
    "20": [
        7271.869523217668,
        9837.818211410984
    ],
    "21": [
        8167.831708021567,
        13897.904333553404
    ],
    "22": [
        11750.135620117188,
        17993.75624186198
    ],
    "23": [
        8449.905028434187,
        2407.4762920473995
    ],
    "24": [
        12180.163610387732,
        4213.248895941841
    ],
    "25": [
        19726.142202948446,
        3710.410381080067
    ],
    "26": [
        14620.30182022439,
        3296.081751314321
    ],
    "27": [
        26430.55334974315,
        12007.331991117295
    ],
    "28": [
        18621.662045074587,
        939.2995267916364
    ],
    "29": [
        865.0110273500904,
        19074.667510986328
    ],
    "30": [
        7265.290172049669,
        3898.0324697106835
    ],
    "31": [
        655.3339423658555,
        10319.370809347587
    ],
    "32": [
        11792.587568867413,
        13906.808006683526
    ],
    "33": [
        647.5163059103878,
        5530.275854957851
    ],
    "34": [
        976.755289235868,
        21614.09834498355
    ],
    "35": [
        16572.428527373122,
        10027.055201480263
    ],
    "36": [
        622.0170974884442,
        7155.324227888954
    ],
    "37": [
        18757.793737192624,
        24680.99097079918
    ],
    "38": [
        5983.970423868258,
        5508.993451680222
    ],
    "39": [
        10542.583426873804,
        2441.1044968645233
    ],
    "40": [
        14852.005977746212,
        16757.270063920456
    ],
    "41": [
        5624.977876209077,
        572.5562163937659
    ],
    "42": [
        23290.25730657003,
        4355.709422651544
    ],
    "43": [
        12511.78040765699,
        6556.275212437055
    ],
    "44": [
        591.5049049274866,
        4060.546614394077
    ],
    "45": [
        20725.030799278848,
        6508.371654021435
    ],
    "46": [
        7541.643697509766,
        644.4281688320636
    ],
    "47": [
        3157.729069914641,
        20539.072149884258
    ],
    "48": [
        5876.144083969466,
        19394.418550214694
    ],
    "49": [
        5343.170466432733,
        3385.6541247351697
    ],
    "50": [
        14457.27875316723,
        8298.685103462838
    ],
    "51": [
        23229.75970210874,
        9248.627743108485
    ],
    "52": [
        2021.1029317693192,
        482.80409503237223
    ],
    "53": [
        690.1530009941172,
        1631.1266807710708
    ],
    "54": [
        5229.055530496777,
        13786.482960517096
    ],
    "55": [
        9603.602147905312,
        670.2892665739605
    ],
    "56": [
        11721.485345179739,
        645.8899907800886
    ],
    "57": [
        25712.187531502015,
        18142.497448336693
    ],
    "58": [
        9901.305798488107,
        11511.921752435475
    ],
    "59": [
        4716.971742402523,
        25728.68289492546
    ],
    "60": [
        22192.953382703992,
        14603.532463921441
    ],
    "61": [
        8866.440096279597,
        8383.15657050179
    ],
    "62": [
        26578.906674592392,
        6368.016896123471
    ],
    "63": [
        15057.785905592513,
        5682.981186668471
    ],
    "64": [
        17916.565174278847,
        13937.548279747596
    ],
    "65": [
        6501.4944492556015,
        16678.317719081664
    ],
    "66": [
        4635.498801676432,
        11040.980163574219
    ],
    "67": [
        4528.430249221926,
        1821.1123701886434
    ],
    "68": [
        1107.177974616609,
        27329.892054115855
    ],
    "69": [
        27244.281335851647,
        1545.322382067586
    ],
    "70": [
        3666.8244268107296,
        17694.576643318964
    ],
    "71": [
        1227.7402857300035,
        24219.772350798874
    ],
    "72": [
        1868.036672454746,
        2897.8203357179846
    ],
    "73": [
        6405.655206663996,
        7662.987999549279
    ],
    "74": [
        1045.7990404787333,
        15125.815077808704
    ],
    "75": [
        12993.193359375,
        21169.485107421875
    ],
    "76": [
        9483.889645385741,
        16098.382202148438
    ],
    "77": [
        14331.458574418728,
        640.3720802259934
    ],
    "78": [
        9385.95008587015,
        22750.441945043105
    ],
    "79": [
        3517.200086565496,
        3050.1623297497235
    ],
    "80": [
        16427.265711805554,
        1149.76100858759
    ],
    "81": [
        6515.1130463805375,
        2097.3315371742733
    ],
    "82": [
        17196.254526946504,
        3718.080049159163
    ],
    "83": [
        2600.304605727598,
        1682.6358508741998
    ],
    "84": [
        19600.554832664697,
        10210.920383762668
    ],
    "85": [
        971.2466212468776,
        13461.70114218222
    ],
    "86": [
        3562.0637040807846,
        15131.708157413565
    ],
    "87": [
        4661.884693145752,
        8956.781700134277
    ],
    "88": [
        9510.58340971909,
        4306.66513160678
    ],
    "89": [
        771.2870643920095,
        8691.473798943694
    ],
    "90": [
        18361.870736471035,
        17226.61104230183
    ],
    "91": [
        856.5243335864843,
        11866.254437232652
    ],
    "92": [
        17704.003540039063,
        6819.924588521321
    ],
    "93": [
        8467.964084201389,
        19642.492389012896
    ],
    "94": [
        2633.65625,
        7933.977081015383
    ],
    "95": [
        10339.386069288532,
        6286.686822094964
    ],
    "96": [
        3931.599973544628,
        4807.258187284438
    ],
    "97": [
        8049.007889378325,
        5901.3205078125
    ],
    "98": [
        4205.609836330662,
        6691.824726055195
    ],
    "99": [
        6763.2256055809985,
        11804.892684761135
    ]
}