{
    "0": [
        209.31352933247885,
        274.2635790506999
    ],
    "1": [
        9766.643022017046,
        8322.07168856534
    ],
    "2": [
        1364.30322265625,
        7639.0526123046875
    ],
    "3": [
        8789.744873046875,
        9353.00859375
    ],
    "4": [
        1520.7651977539063,
        2402.1637573242188
    ],
    "5": [
        1465.386698404948,
        9130.49072265625
    ],
    "6": [
        12794.903586647728,
        15220.128639914772
    ],
    "7": [
        20521.157063802082,
        766.7158516248068
    ],
    "8": [
        18117.48212890625,
        7423.539599609375
    ],
    "9": [
        5616.6732177734375,
        4409.896392822266
    ],
    "10": [
        9308.498494466146,
        15426.2412109375
    ],
    "11": [
        4821.523328993056,
        12580.775282118055
    ],
    "12": [
        5567.370733963816,
        584.6222680744372
    ],
    "13": [
        16691.048046875,
        387.5527568817139
    ],
    "14": [
        6728.45517578125,
        6468.657421875
    ],
    "15": [
        24716.369495738636,
        790.4642292369496
    ],
    "16": [
        5141.37578125,
        19206.476953125
    ],
    "17": [
        6520.8812255859375,
        5331.782897949219
    ],
    "18": [
        9293.60001148897,
        2375.6102725758274
    ],
    "19": [
        12828.266157670454,
        5377.203879616477
    ],
    "20": [
        2628.1533203125,
        787.8201833871694
    ],
    "21": [
        1293.6161855061848,
        1427.5983581542969
    ],
    "22": [
        24564.837890625,
        21679.8640625
    ],
    "23": [
        2855.863317871094,
        13883.29248046875
    ],
    "24": [
        8117.290414663462,
        18603.67998798077
    ],
    "25": [
        9125.201049804688,
        644.3817154169083
    ],
    "26": [
        24910.312934027777,
        9125.62109375
    ],
    "27": [
        565.4304752349854,
        8187.100891113281
    ],
    "28": [
        396.65479278564453,
        6491.490173339844
    ],
    "29": [
        650.1459600275213,
        475.28467213023794
    ],
    "30": [
        4927.516815185547,
        2273.8721923828125
    ],
    "31": [
        373.50136246000017,
        2019.6470772879463
    ],
    "32": [
        2467.085947672526,
        4788.9802652994795
    ],
    "33": [
        6019.492815290178,
        7179.217006138393
    ],
    "34": [
        16775.37823016827,
        17806.909630408652
    ],
    "35": [
        8211.50860126202,
        3899.6478365384614
    ],
    "36": [
        6952.72119140625,
        24172.874755859375
    ],
    "37": [
        13594.907421875,
        9091.67294921875
    ],
    "38": [
        11562.009232954546,
        2792.7485684481535
    ],
    "39": [
        18352.05841619318,
        11636.45205965909
    ],
    "40": [
        6580.22087751116,
        1570.4998735700335
    ],
    "41": [
        21710.47243923611,
        7198.376844618056
    ],
    "42": [
        2876.4536576704545,
        10130.515891335228
    ],
    "43": [
        397.218871222602,
        1022.7865668402778
    ],
    "44": [
        1803.0391496930804,
        266.4479600361415
    ],
    "45": [
        597.3148990207249,
        5104.693386501736
    ],
    "46": [
        745.8498100867638,
        13385.497671274039
    ],
    "47": [
        15734.9375,
        1154.2013549804688
    ],
    "48": [
        13767.947716346154,
        12255.07684795673
    ],
    "49": [
        23331.6806640625,
        3032.308837890625
    ],
    "50": [
        3397.69423828125,
        6868.8732421875
    ],
    "51": [
        4068.966255519701,
        876.1628202355427
    ],
    "52": [
        24602.623779296875,
        14538.192749023438
    ],
    "53": [
        11112.86826171875,
        5608.042333984375
    ],
    "54": [
        1937.2904663085938,
        11555.56670673077
    ],
    "55": [
        3170.4559733072915,
        8782.972005208334
    ],
    "56": [
        511.79426710946217,
        19782.98214285714
    ],
    "57": [
        6206.696594238281,
        15093.178833007813
    ],
    "58": [
        4924.8876953125,
        9882.12513950893
    ],
    "59": [
        2315.4971313476563,
        6956.589192708333
    ],
    "60": [
        503.6132311820984,
        10076.841796875
    ],
    "61": [
        10551.662217881945,
        19824.66796875
    ],
    "62": [
        1759.0578420538652,
        3615.5639391447367
    ],
    "63": [
        14033.710205078125,
        2116.2744140625
    ],
    "64": [
        19599.670166015625,
        4737.745422363281
    ],
    "65": [
        7704.619704026442,
        704.3159526678232
    ],
    "66": [
        7038.4294921875,
        10082.730859375
    ],
    "67": [
        899.8053676060268,
        18132.190569196428
    ],
    "68": [
        11205.8583984375,
        417.84704046982984
    ],
    "69": [
        133.90470504760742,
        15263.9912109375
    ],
    "70": [
        2099.357179429796,
        25663.747395833332
    ],
    "71": [
        12493.235770089286,
        1775.438267299107
    ],
    "72": [
        6373.508605957031,
        16922.345947265625
    ],
    "73": [
        2635.996142578125,
        23214.886328125
    ],
    "74": [
        4192.754673549107,
        21365.57979910714
    ],
    "75": [
        9453.47333233173,
        21874.270733173078
    ],
    "76": [
        4489.245884486607,
        8367.680594308036
    ],
    "77": [
        1196.6808980305989,
        16800.466145833332
    ],
    "78": [
        9196.53662109375,
        6008.842854817708
    ],
    "79": [
        2849.0603271484374,
        19883.6291015625
    ],
    "80": [
        415.695216438987,
        3416.4241166548295
    ],
    "81": [
        14741.1705078125,
        802.0132369995117
    ],
    "82": [
        16833.174609375,
        3591.958349609375
    ],
    "83": [
        14818.25146484375,
        24760.048095703125
    ],
    "84": [
        4168.0748291015625,
        5183.776123046875
    ],
    "85": [
        15494.8896484375,
        5272.61904296875
    ],
    "86": [
        4966.873401988636,
        6505.829323508523
    ],
    "87": [
        14377.720703125,
        3597.5716552734375
    ],
    "88": [
        13047.657836914063,
        465.21969985961914
    ],
    "89": [
        1634.9025573730469,
        6479.273986816406
    ],
    "90": [
        7781.431501116072,
        12735.04331752232
    ],
    "91": [
        2453.8359723772323,
        7862.796526227678
    ],
    "92": [
        3230.381634880515,
        2829.5878619025734
    ],
    "93": [
        3322.5862060546874,
        5791.8025390625
    ],
    "94": [
        4224.174543108259,
        3929.480050223214
    ],
    "95": [
        3938.161895751953,
        17154.130493164063
    ],
    "96": [
        24807.723493303572,
        5306.952985491072
    ],
    "97": [
        10235.65234375,
        11732.390441894531
    ],
    "98": [
        15921.128515625,
        2134.9621337890626
    ],
    "99": [
        18254.854654947918,
        1114.9158884684246
    ]
}