{
    "0": [
        269.2724365346572,
        2441.2459932215074
    ],
    "1": [
        3464.875473022461,
        639.3505206108093
    ],
    "2": [
        9580.3628874748,
        21596.55802671371
    ],
    "3": [
        1608.707558186849,
        3809.454451497396
    ],
    "4": [
        7163.537321671196,
        5566.932181980299
    ],
    "5": [
        5134.695776367187,
        3071.9869873046873
    ],
    "6": [
        18648.72119140625,
        11682.829833984375
    ],
    "7": [
        15216.160387541118,
        2549.066838916979
    ],
    "8": [
        1227.879846909467,
        1722.9672348920037
    ],
    "9": [
        3158.984595889137,
        2991.9352911086307
    ],
    "10": [
        23661.94314236111,
        1009.7351955837673
    ],
    "11": [
        2287.92988231447,
        19322.080457899305
    ],
    "12": [
        430.3507926247337,
        568.9717471960819
    ],
    "13": [
        12065.205106847427,
        1231.6921846726361
    ],
    "14": [
        24438.78310546875,
        7512.375341796875
    ],
    "15": [
        8595.027446546053,
        715.0758952090615
    ],
    "16": [
        18357.145357572117,
        1033.7029330913838
    ],
    "17": [
        8539.003446691177,
        9518.568502987133
    ],
    "18": [
        17894.643988715277,
        24400.10329861111
    ],
    "19": [
        626.8420726231167,
        5556.500226702009
    ],
    "20": [
        15256.588924632353,
        16794.381261488972
    ],
    "21": [
        7247.968293220766,
        17524.49779485887
    ],
    "22": [
        1402.6326762476276,
        10776.650768649193
    ],
    "23": [
        23966.522623697918,
        16455.167236328125
    ],
    "24": [
        1620.1988289572976,
        8007.171016808712
    ],
    "25": [
        4310.43951171875,
        5022.086630859375
    ],
    "26": [
        13699.37890625,
        10433.9716796875
    ],
    "27": [
        5328.297003495066,
        7217.957288240132
    ],
    "28": [
        2013.2365085767663,
        543.5129680633545
    ],
    "29": [
        19036.26203125,
        6294.982734375
    ],
    "30": [
        6083.48881648137,
        13768.02862079327
    ],
    "31": [
        9143.394892939816,
        3080.809023256655
    ],
    "32": [
        10362.471175130207,
        13065.942057291666
    ],
    "33": [
        1396.7788643672548,
        14471.523639547413
    ],
    "34": [
        3072.451545313785,
        24493.37263569079
    ],
    "35": [
        2775.424362909226,
        6146.499348958333
    ],
    "36": [
        4697.46654369213,
        1146.6628639786331
    ],
    "37": [
        11581.990436422413,
        5545.752896012931
    ],
    "38": [
        6528.989368069557,
        894.6445743806901
    ],
    "39": [
        4024.428680419922,
        9737.939208984375
    ]
}