{
    "0": [
        22182.31640625,
        9138.525390625
    ],
    "1": [
        1132.8438186645508,
        25273.681640625
    ],
    "2": [
        817.7203369140625,
        10330.3076171875
    ],
    "3": [
        3305.10009765625,
        8415.943359375
    ],
    "4": [
        6286.91845703125,
        9407.0908203125
    ],
    "5": [
        11283.10009765625,
        5414.261474609375
    ],
    "6": [
        4974.82275390625,
        156.35214233398438
    ],
    "7": [
        7576.49853515625,
        5795.980712890625
    ],
    "8": [
        19006.921875,
        7962.339599609375
    ],
    "9": [
        656.0218505859375,
        3740.4990234375
    ],
    "10": [
        1721.51806640625,
        2152.23486328125
    ],
    "11": [
        500.54022216796875,
        3087.683837890625
    ],
    "12": [
        1792.216064453125,
        6555.36865234375
    ],
    "13": [
        2234.299560546875,
        1178.6820068359375
    ],
    "14": [
        16176.3974609375,
        16868.638671875
    ],
    "15": [
        15395.15283203125,
        23817.5615234375
    ],
    "16": [
        2700.7165018717446,
        13585.041015625
    ],
    "17": [
        1167.9857788085938,
        530.5122938156128
    ],
    "18": [
        16696.0625,
        415.6107940673828
    ],
    "19": [
        9060.958984375,
        9357.83203125
    ],
    "20": [
        4379.6923828125,
        3683.1448567708335
    ],
    "21": [
        714.0751342773438,
        8597.37109375
    ],
    "22": [
        9926.8955078125,
        2645.872802734375
    ],
    "23": [
        24110.70703125,
        14828.900390625
    ],
    "24": [
        5271.06884765625,
        1172.3472900390625
    ],
    "25": [
        345.19781494140625,
        1310.8994140625
    ],
    "26": [
        794.255859375,
        3742.838134765625
    ],
    "27": [
        19024.771484375,
        4745.389322916667
    ],
    "28": [
        4835.596923828125,
        1734.4149780273438
    ],
    "29": [
        7.529618263244629,
        2420.477783203125
    ],
    "30": [
        16648.0859375,
        19998.70703125
    ],
    "31": [
        12322.150390625,
        389.3857930501302
    ],
    "32": [
        11.58634090423584,
        9360.4755859375
    ],
    "33": [
        2155.4602661132813,
        2845.9676513671875
    ],
    "34": [
        3065.6197509765625,
        5040.3974609375
    ],
    "35": [
        532.4244232177734,
        6432.21826171875
    ],
    "36": [
        547.5143432617188,
        2590.000244140625
    ],
    "37": [
        9443.907958984375,
        18466.3349609375
    ],
    "38": [
        5584.03173828125,
        7345.771484375
    ],
    "39": [
        2139.123046875,
        9702.251953125
    ],
    "40": [
        3398.240966796875,
        9150.28125
    ],
    "41": [
        5046.47119140625,
        639.62158203125
    ],
    "42": [
        12797.091796875,
        2611.230224609375
    ],
    "43": [
        9302.888346354166,
        7051.385579427083
    ],
    "44": [
        14245.923828125,
        1735.7408447265625
    ],
    "45": [
        12583.658203125,
        10313.8095703125
    ],
    "46": [
        7699.757080078125,
        1193.6828918457031
    ],
    "47": [
        605.3232421875,
        4744.64599609375
    ],
    "48": [
        4258.654052734375,
        805.227783203125
    ],
    "49": [
        25093.73828125,
        6628.248046875
    ],
    "50": [
        18072.9345703125,
        1210.5528564453125
    ],
    "51": [
        12185.71142578125,
        14153.91845703125
    ],
    "52": [
        18133.837890625,
        14457.04150390625
    ],
    "53": [
        22150.244140625,
        444.54864501953125
    ],
    "54": [
        9547.02880859375,
        1615.8330078125
    ],
    "55": [
        6150.4853515625,
        4339.09375
    ],
    "56": [
        1288.7857666015625,
        1836.875
    ],
    "57": [
        173.37676239013672,
        8419.37744140625
    ],
    "58": [
        4017.65380859375,
        20382.012369791668
    ],
    "59": [
        3322.98388671875,
        3073.491943359375
    ]
}