{
    "0": [
        7786.626846104452,
        7780.165291006707
    ],
    "1": [
        18345.562140213817,
        6758.058523077714
    ],
    "2": [
        20389.559075154048,
        872.8476905218313
    ],
    "3": [
        3764.7628427181603,
        23255.16317806604
    ],
    "4": [
        9069.734099093866,
        748.8473571824761
    ],
    "5": [
        14431.52179302947,
        3667.57029352534
    ],
    "6": [
        15829.564908854167,
        17582.009086681548
    ],
    "7": [
        24961.336536038307,
        16733.389112903227
    ],
    "8": [
        26664.43235612624,
        1677.0625221705673
    ],
    "9": [
        883.2310865063416,
        7741.448096988076
    ],
    "10": [
        3866.4718923702294,
        580.1026040040144
    ],
    "11": [
        4341.565514283339,
        2495.5003992329976
    ],
    "12": [
        20057.953863188977,
        3537.3388229730563
    ],
    "13": [
        5505.018139942583,
        765.0077359173671
    ],
    "14": [
        750.4684068254802,
        3811.9519557787025
    ],
    "15": [
        8131.46191970737,
        10833.16895660224
    ],
    "16": [
        14906.648828125,
        22651.798604910713
    ],
    "17": [
        5762.472973113365,
        9565.044418010306
    ],
    "18": [
        26472.60369318182,
        7015.071984493371
    ],
    "19": [
        3102.963833568135,
        6604.7293417008195
    ],
    "20": [
        5002.634922228362,
        4702.829515959087
    ],
    "21": [
        9279.514485677084,
        14010.568279530267
    ],
    "22": [
        926.9699450693653,
        9645.59133941549
    ],
    "23": [
        849.5341780735896,
        13591.246288178732
    ],
    "24": [
        632.9329943129238,
        545.5606457332557
    ],
    "25": [
        16940.441823323566,
        13733.114685058594
    ],
    "26": [
        10345.20470610119,
        8026.261537388393
    ],
    "27": [
        25645.15876850329,
        23000.221782483553
    ],
    "28": [
        19334.1180932971,
        20737.380123414856
    ],
    "29": [
        1087.6000548378895,
        24186.902641684323
    ],
    "30": [
        11322.246506911059,
        16869.48971792368
    ],
    "31": [
        23074.146450988246,
        4781.271513588408
    ],
    "32": [
        8752.995976765951,
        2698.013237423367
    ],
    "33": [
        1095.5947646017257,
        18288.11832369291
    ],
    "34": [
        10746.791724795386,
        23246.082496279763
    ],
    "35": [
        19837.899609375,
        25752.05619419643
    ],
    "36": [
        3371.621350153396,
        13741.128848280536
    ],
    "37": [
        3467.2611996429137,
        11075.901086055872
    ],
    "38": [
        20220.267688160213,
        16170.940305897888
    ],
    "39": [
        657.5114779416512,
        2014.8408843536704
    ],
    "40": [
        12760.718984107449,
        8841.88881233947
    ],
    "41": [
        7320.897393254951,
        21447.95295095916
    ],
    "42": [
        7194.075411509319,
        823.7732878905463
    ],
    "43": [
        3964.1866127232142,
        16889.239966517856
    ],
    "44": [
        12485.29582571476,
        5710.222825070645
    ],
    "45": [
        2445.9387004126174,
        2428.215327122256
    ],
    "46": [
        11404.45759548611,
        3375.7794737413196
    ],
    "47": [
        5879.738270916006,
        12415.898856026786
    ],
    "48": [
        6665.281276755137,
        26303.66451733733
    ],
    "49": [
        11022.44039737477,
        935.1945005585166
    ],
    "50": [
        18137.6354140625,
        10118.513125
    ],
    "51": [
        4282.5178188026375,
        19603.36882203014
    ],
    "52": [
        7593.9794192623785,
        17487.364891943995
    ],
    "53": [
        21304.944998204024,
        12266.801364942528
    ],
    "54": [
        15389.542168511285,
        911.8439493333852
    ],
    "55": [
        23267.73468017578,
        1261.123628295958
    ],
    "56": [
        14573.060346211472,
        11163.053590539384
    ],
    "57": [
        9719.244949660042,
        5245.000575109506
    ],
    "58": [
        10986.149074388586,
        11284.036169964334
    ],
    "59": [
        15315.412979789402,
        6840.452676524286
    ],
    "60": [
        7500.457529746339,
        5004.1562959679
    ],
    "61": [
        1937.5363826889923,
        27152.051885190216
    ],
    "62": [
        17157.189798677886,
        3461.3093061398235
    ],
    "63": [
        3173.7370328429743,
        8901.37418792941
    ],
    "64": [
        1007.3739511234065,
        11545.434929741754
    ],
    "65": [
        1236.0815642558296,
        15741.047561119343
    ],
    "66": [
        21912.042898995536,
        7967.038077218192
    ],
    "67": [
        765.6493165224496,
        5806.88247529587
    ],
    "68": [
        2260.107207855621,
        696.2443053509508
    ],
    "69": [
        6217.497098700945,
        14926.356842750727
    ],
    "70": [
        12719.494004360466,
        27245.72315588663
    ],
    "71": [
        1176.6947138144926,
        21152.995518596625
    ],
    "72": [
        10455.56817157452,
        19826.99522986779
    ],
    "73": [
        12875.260046756628,
        14628.556522253788
    ],
    "74": [
        5536.916601173431,
        6926.266249455304
    ],
    "75": [
        6331.835295286017,
        2754.4681959249206
    ],
    "76": [
        2773.2963870897843,
        4465.065222650313
    ],
    "77": [
        17754.446727146613,
        943.4467073935215
    ],
    "78": [
        25359.287865423386,
        11880.523264238911
    ],
    "79": [
        13138.083369104854,
        1039.5826310622385
    ]
}