{
    "0": [
        15901.963039981618,
        16766.423345588235
    ],
    "1": [
        12418.153841697564,
        9833.589727886652
    ],
    "2": [
        729.1600001569064,
        8456.602061836675
    ],
    "3": [
        26065.218883167614,
        10664.613081498579
    ],
    "4": [
        23757.964037413993,
        1266.3718970849973
    ],
    "5": [
        6521.114734738372,
        6911.779392260174
    ],
    "6": [
        13945.516349283855,
        7695.369864908854
    ],
    "7": [
        7686.2966871995195,
        14375.35406650641
    ],
    "8": [
        2042.8063678741455,
        2147.3247142791747
    ],
    "9": [
        671.8703594824892,
        5026.603211037982
    ],
    "10": [
        2486.5086573550575,
        7742.544859769052
    ],
    "11": [
        774.6190572602336,
        10139.28453817247
    ],
    "12": [
        7395.804437355917,
        2469.7806281418098
    ],
    "13": [
        5089.0638054342835,
        10949.113413373161
    ],
    "14": [
        19646.354431905864,
        14790.188585069445
    ],
    "15": [
        2560.4212299171354,
        5814.30231964239
    ],
    "16": [
        926.2371910395623,
        21619.00934375
    ],
    "17": [
        20693.635967548078,
        21686.37675280449
    ],
    "18": [
        11544.394301816641,
        3115.5831857704256
    ],
    "19": [
        8126.784759083433,
        4831.515523372084
    ],
    "20": [
        837.4411043574096,
        18723.143486265923
    ],
    "21": [
        8799.873605828536,
        7050.6478271484375
    ],
    "22": [
        4109.386812250665,
        4409.894018035239
    ],
    "23": [
        10360.463916015626,
        16777.97830810547
    ],
    "24": [
        5452.85703515625,
        16582.195328125
    ],
    "25": [
        7185.85119958826,
        22352.210620777027
    ],
    "26": [
        4465.9060306109595,
        6349.977341049827
    ],
    "27": [
        1510.3897959232331,
        27106.8197265625
    ],
    "28": [
        2745.934945625171,
        9868.771098889803
    ],
    "29": [
        923.4334007829558,
        13944.501164198962
    ],
    "30": [
        10984.1138671875,
        22616.239499080883
    ],
    "31": [
        26862.70300874256,
        1525.2379180817377
    ],
    "32": [
        14279.323185945681,
        930.4509714935463
    ],
    "33": [
        15620.149376502404,
        10194.071232722355
    ],
    "34": [
        10564.507054324895,
        842.2516999063613
    ],
    "35": [
        26184.542730564026,
        15282.318145007623
    ],
    "36": [
        3071.955083057134,
        20256.180476641413
    ],
    "37": [
        20338.295063920454,
        3383.4286720969462
    ],
    "38": [
        18183.702403846153,
        1195.758717020964
    ],
    "39": [
        17882.389812440364,
        4261.59423828125
    ],
    "40": [
        17277.8376640625,
        7325.28919140625
    ],
    "41": [
        6028.135175964642,
        4537.440179815874
    ],
    "42": [
        20198.85890480324,
        6788.017957899306
    ],
    "43": [
        15084.378223390508,
        5573.425285626175
    ],
    "44": [
        9126.862224968112,
        26010.929528061224
    ],
    "45": [
        16403.486998092296,
        13008.817507721657
    ],
    "46": [
        3776.737586752882,
        2365.198120512237
    ],
    "47": [
        1141.4119363432949,
        24329.721594356797
    ],
    "48": [
        3200.795985821166,
        12434.69510971653
    ],
    "49": [
        9105.644403631037,
        19585.94025213068
    ],
    "50": [
        15324.926906779661,
        23206.592591366527
    ],
    "51": [
        5372.78157842727,
        13746.511637369791
    ],
    "52": [
        4495.301606049409,
        8588.169874366555
    ],
    "53": [
        13452.127604166666,
        27190.009824810608
    ],
    "54": [
        6957.296235183189,
        660.8968988315812
    ],
    "55": [
        3049.9108558342473,
        15029.350077668129
    ],
    "56": [
        5314.042121887207,
        726.113322057575
    ],
    "57": [
        5293.543383789062,
        26642.381022135418
    ],
    "58": [
        12559.088713727679,
        19315.10345982143
    ],
    "59": [
        539.5604059690568,
        1823.3192129447418
    ],
    "60": [
        20805.48935145548,
        837.3592577045911
    ],
    "61": [
        945.6012299618413,
        11878.33117282006
    ],
    "62": [
        3756.8442947341873,
        557.5227150417663
    ],
    "63": [
        642.3826214241105,
        495.85822817527577
    ],
    "64": [
        23201.290831367925,
        4660.5573753500885
    ],
    "65": [
        22577.541585286457,
        16958.421142578125
    ],
    "66": [
        22134.707526041668,
        12037.578268229166
    ],
    "67": [
        12483.092154309641,
        5391.7255955116425
    ],
    "68": [
        10360.05232319079,
        13992.544630619517
    ],
    "69": [
        10432.026144880589,
        11480.055322662602
    ],
    "70": [
        6980.907123611634,
        9229.138686582266
    ],
    "71": [
        19050.758347039475,
        10201.679019325658
    ],
    "72": [
        26602.120689655174,
        6229.475139749461
    ],
    "73": [
        9346.510327888258,
        2734.1179008098566
    ],
    "74": [
        17875.399759615386,
        19458.887830528845
    ],
    "75": [
        7838.456957745296,
        16870.413978494624
    ],
    "76": [
        9548.119095552885,
        9306.038788311298
    ],
    "77": [
        2251.636118175914,
        632.9234750344626
    ],
    "78": [
        13130.649672564337,
        15681.242963005514
    ],
    "79": [
        5905.641875,
        19379.3852734375
    ],
    "80": [
        619.5543751466713,
        3415.856239902399
    ],
    "81": [
        10207.513081054687,
        4943.684443359375
    ],
    "82": [
        10995.725604961444,
        7634.78593306108
    ],
    "83": [
        13203.324908615252,
        12373.295226490825
    ],
    "84": [
        12443.909357244318,
        927.5261415630192
    ],
    "85": [
        19892.89207175926,
        26116.107060185186
    ],
    "86": [
        25777.87789601293,
        20815.989493534482
    ],
    "87": [
        16302.140716145834,
        648.0203524494171
    ],
    "88": [
        5534.052213420655,
        2574.9423138359666
    ],
    "89": [
        16054.935442708333,
        2836.6786759440106
    ],
    "90": [
        3162.524775649562,
        17735.272993607956
    ],
    "91": [
        3687.0879753268496,
        23120.046835140307
    ],
    "92": [
        2249.432109485973,
        3919.544648141572
    ],
    "93": [
        8740.313459979363,
        799.5270753210445
    ],
    "94": [
        22916.722408670776,
        8331.451027453786
    ],
    "95": [
        693.9984690513984,
        6728.083402254682
    ],
    "96": [
        927.7120468695958,
        16243.734944661459
    ],
    "97": [
        7607.06002729367,
        11681.85912459936
    ],
    "98": [
        13869.578904792445,
        3346.1763332993237
    ],
    "99": [
        25816.5859375,
        26401.74579326923
    ]
}