{
    "0": [
        6329.818689730301,
        3574.652086717461
    ],
    "1": [
        15924.157581676136,
        19848.675233783142
    ],
    "2": [
        18503.504212161144,
        12639.742058076054
    ],
    "3": [
        12449.844138946097,
        1363.3503104827466
    ],
    "4": [
        13496.961923731436,
        10193.772144279857
    ],
    "5": [
        18547.06815011161,
        1535.5174476270165
    ],
    "6": [
        4536.82056015344,
        1173.0489946689538
    ],
    "7": [
        10694.849798943014,
        25454.51721047794
    ],
    "8": [
        9536.828603450083,
        4264.957460544253
    ],
    "9": [
        15507.191047170318,
        1897.451166298791
    ],
    "10": [
        4613.519883775925,
        13247.42517254064
    ],
    "11": [
        8564.892315995066,
        20490.620764802632
    ],
    "12": [
        9053.606696915938,
        13086.637123874181
    ],
    "13": [
        1309.9474288802298,
        14678.855088975695
    ],
    "14": [
        681.0794049426445,
        856.7248973666497
    ],
    "15": [
        968.680290222168,
        8462.86440985217
    ],
    "16": [
        17891.31166478207,
        6728.865804036458
    ],
    "17": [
        6213.123998468573,
        17228.783924449574
    ],
    "18": [
        3599.663469780816,
        9692.196594690393
    ],
    "19": [
        22372.724184782608,
        1772.5406243503094
    ],
    "20": [
        2298.494928626127,
        21603.398573764534
    ],
    "21": [
        2660.663688265044,
        25902.197561961206
    ],
    "22": [
        22983.78288717831,
        8021.586809943704
    ],
    "23": [
        2509.8556210296324,
        832.1005029299042
    ],
    "24": [
        3108.557589424216,
        6670.867596457581
    ],
    "25": [
        1182.7917151379106,
        11609.154598364094
    ],
    "26": [
        6859.932568502566,
        914.4348475101057
    ],
    "27": [
        1511.1514581158826,
        18025.98891445491
    ],
    "28": [
        972.4191321329139,
        2977.2485615346623
    ],
    "29": [
        841.7815886288881,
        5472.361647896145
    ],
    "30": [
        6052.5638575698395,
        6472.596429998224
    ],
    "31": [
        13185.37157827524,
        5497.701878004807
    ],
    "32": [
        24108.773804754273,
        15927.490993923611
    ],
    "33": [
        3466.653338049212,
        3844.64656019075
    ],
    "34": [
        12769.622870866642,
        15195.61685819404
    ],
    "35": [
        6690.861393229166,
        9950.615795272435
    ],
    "36": [
        21240.609602864584,
        23475.5775390625
    ],
    "37": [
        9523.229612821691,
        8060.797989430147
    ],
    "38": [
        26428.614135742188,
        3138.410621176163
    ],
    "39": [
        9420.553873258024,
        1184.3907485517295
    ]
}