{
    "0": [
        2431.259914822049,
        5320.230360243056
    ],
    "1": [
        318.5730576515198,
        2347.8146484375
    ],
    "2": [
        2945.2845865885415,
        10109.393717447916
    ],
    "3": [
        14569.8876953125,
        1659.9378029318416
    ],
    "4": [
        3201.980538504464,
        8667.680385044643
    ],
    "5": [
        2482.6383231026784,
        11438.21595982143
    ],
    "6": [
        10522.612565104168,
        21142.499869791667
    ],
    "7": [
        7038.143249511719,
        4041.990478515625
    ],
    "8": [
        638.1496839523315,
        18395.3955078125
    ],
    "9": [
        6770.3016357421875,
        6146.819763183594
    ],
    "10": [
        17110.19775390625,
        3510.5594685872397
    ],
    "11": [
        8092.537388392857,
        301.9276627131871
    ],
    "12": [
        4952.326926491477,
        18182.923828125
    ],
    "13": [
        1081.1182195490057,
        1727.0619895241477
    ],
    "14": [
        6977.64794921875,
        907.9163536744959
    ],
    "15": [
        2595.9261648995534,
        7782.636439732143
    ],
    "16": [
        2730.539599609375,
        16543.3486328125
    ],
    "17": [
        468.49107360839844,
        14005.14990234375
    ],
    "18": [
        24564.837890625,
        21679.8640625
    ],
    "19": [
        5234.127685546875,
        1503.5925415039062
    ],
    "20": [
        11996.7607421875,
        3079.4523315429688
    ],
    "21": [
        1981.7848510742188,
        6641.8975830078125
    ],
    "22": [
        9185.01206752232,
        726.2545360837664
    ],
    "23": [
        10895.648716517857,
        5919.067278180803
    ],
    "24": [
        8261.585734049479,
        1859.4026997884114
    ],
    "25": [
        4589.862365722656,
        2749.372843424479
    ],
    "26": [
        1117.1813083224827,
        12136.995008680555
    ],
    "27": [
        4305.527018229167,
        4101.073866102431
    ],
    "28": [
        12372.851841517857,
        1520.4744437081474
    ],
    "29": [
        4849.741048177083,
        11170.24951171875
    ],
    "30": [
        1693.7320556640625,
        20711.314453125
    ],
    "31": [
        12985.833463541667,
        13706.155403645833
    ],
    "32": [
        6535.566162109375,
        26298.98046875
    ],
    "33": [
        3507.0955810546875,
        6761.7813720703125
    ],
    "34": [
        5669.857747395833,
        5281.025960286458
    ],
    "35": [
        183.1065673828125,
        15872.318359375
    ],
    "36": [
        24617.78097098214,
        1355.2734429495674
    ],
    "37": [
        8888.242631392046,
        3711.283025568182
    ],
    "38": [
        12828.266157670454,
        5377.203879616477
    ],
    "39": [
        14998.3701171875,
        4528.153537326389
    ],
    "40": [
        3390.320068359375,
        22087.943917410714
    ],
    "41": [
        20129.907175164473,
        1063.7771932702315
    ],
    "42": [
        3163.801448567708,
        2882.36142578125
    ],
    "43": [
        13866.345833333333,
        9857.4123046875
    ],
    "44": [
        3286.3051513671876,
        19733.5810546875
    ],
    "45": [
        8915.086480034723,
        5864.87255859375
    ],
    "46": [
        10235.65234375,
        11732.390441894531
    ],
    "47": [
        9709.18798828125,
        9217.912638346354
    ],
    "48": [
        8.316804885864258,
        20900.654296875
    ],
    "49": [
        6813.8583984375,
        9974.5712890625
    ],
    "50": [
        3833.4510498046875,
        1560.0151672363281
    ],
    "51": [
        18989.72712787829,
        6742.125462582237
    ],
    "52": [
        18352.05841619318,
        11636.45205965909
    ],
    "53": [
        4172.864074707031,
        9252.759155273438
    ],
    "54": [
        639.3533935546875,
        5113.002593994141
    ],
    "55": [
        8097.808919270833,
        20212.303385416668
    ],
    "56": [
        1577.0368041992188,
        7636.032877604167
    ],
    "57": [
        10184.618815104166,
        2306.976552327474
    ],
    "58": [
        4493.3435546875,
        5323.9162109375
    ],
    "59": [
        5960.93359375,
        422.7871566772461
    ],
    "60": [
        4953.029405381944,
        6692.517469618056
    ],
    "61": [
        6108.62451171875,
        2432.2591552734375
    ],
    "62": [
        5573.4865234375,
        4354.737548828125
    ],
    "63": [
        944.1037963867187,
        16975.68515625
    ],
    "64": [
        7568.156451056985,
        12915.96426930147
    ],
    "65": [
        3120.707097833807,
        430.78187907825816
    ],
    "66": [
        443.7521031697591,
        221.708615620931
    ],
    "67": [
        1879.1178482055664,
        25198.56796875
    ],
    "68": [
        6648.797912597656,
        22622.03857421875
    ],
    "69": [
        8441.565979003906,
        8374.208190917969
    ],
    "70": [
        4221.51083984375,
        13762.64658203125
    ],
    "71": [
        6273.336767578125,
        16077.9876953125
    ],
    "72": [
        14818.25146484375,
        24760.048095703125
    ],
    "73": [
        763.1485076904297,
        941.7859008789062
    ],
    "74": [
        640.596760559082,
        8332.020849609375
    ],
    "75": [
        1577.1503173828125,
        2491.25810546875
    ],
    "76": [
        1759.0578420538652,
        3615.5639391447367
    ],
    "77": [
        3592.397979736328,
        5746.341064453125
    ],
    "78": [
        8278.543013139204,
        18169.772727272728
    ],
    "79": [
        707.7557576497396,
        19526.701171875
    ],
    "80": [
        6019.492815290178,
        7179.217006138393
    ],
    "81": [
        13047.657836914063,
        465.21969985961914
    ],
    "82": [
        191.2874313354492,
        1464.0851806640626
    ],
    "83": [
        581.805884881453,
        10139.68368252841
    ],
    "84": [
        1803.0391496930804,
        266.4479600361415
    ],
    "85": [
        211.3685218811035,
        534.3593078613281
    ],
    "86": [
        458.6540252685547,
        6414.1673828125
    ],
    "87": [
        2951.9593912760415,
        4432.368462456598
    ],
    "88": [
        24027.27309283088,
        7115.107163373162
    ],
    "89": [
        4775.715087890625,
        8202.085815429688
    ],
    "90": [
        4537.504286024306,
        698.2659193674723
    ],
    "91": [
        2102.312934027778,
        1125.2390543619792
    ],
    "92": [
        1937.7137756347656,
        9470.340209960938
    ],
    "93": [
        11143.479573567709,
        383.7940055529277
    ],
    "94": [
        409.91220207214354,
        3637.38828125
    ],
    "95": [
        16231.117004394531,
        17542.933044433594
    ],
    "96": [
        24785.346235795456,
        13446.621537642046
    ],
    "97": [
        9459.820875901441,
        15393.724534254809
    ],
    "98": [
        2207.2200230189733,
        13546.632254464286
    ],
    "99": [
        16817.518956801472,
        1093.4700814415428
    ]
}