{
    "0": [
        680.9236539729958,
        2030.930404271835
    ],
    "1": [
        23165.978452620966,
        4907.187563004032
    ],
    "2": [
        12508.66934814453,
        19138.448852539063
    ],
    "3": [
        20962.454968398877,
        11926.14383997542
    ],
    "4": [
        1165.8518470289646,
        21227.53226461039
    ],
    "5": [
        21644.591613247863,
        8107.333429320246
    ],
    "6": [
        25189.240636488972,
        12021.709199793198
    ],
    "7": [
        6539.266556834446,
        17973.71251789122
    ],
    "8": [
        1177.9929795223186,
        15754.195402842786
    ],
    "9": [
        17169.06212556671,
        3456.236984648235
    ],
    "10": [
        5759.173434895833,
        728.7813696022033
    ],
    "11": [
        4410.489196234004,
        2473.73723332889
    ],
    "12": [
        20084.363151041667,
        26023.7638671875
    ],
    "13": [
        12719.494004360466,
        27245.72315588663
    ],
    "14": [
        18325.53148129112,
        6768.673105340255
    ],
    "15": [
        3467.2611996429137,
        11075.901086055872
    ],
    "16": [
        25273.51973839962,
        17270.16043738163
    ],
    "17": [
        5025.418283331199,
        4677.255667264344
    ],
    "18": [
        6927.808111146439,
        21849.922283793603
    ],
    "19": [
        14300.183268229166,
        11713.856143043155
    ],
    "20": [
        20007.6107390873,
        20787.873201884922
    ],
    "21": [
        6395.899289923199,
        15125.169006002825
    ],
    "22": [
        16233.107702376994,
        17528.1333423371
    ],
    "23": [
        15329.737905217313,
        6702.691748608117
    ],
    "24": [
        771.5033367450285,
        5813.382576819694
    ],
    "25": [
        9756.352320675105,
        5218.3452179341375
    ],
    "26": [
        1020.3190456812655,
        18338.159262282337
    ],
    "27": [
        627.3848467852539,
        556.1623746287275
    ],
    "28": [
        5541.34119140625,
        6927.89506640625
    ],
    "29": [
        13202.720336914063,
        8939.996039139596
    ],
    "30": [
        23172.11708392519,
        1265.8072737852733
    ],
    "31": [
        1944.2648842811584,
        27126.589676339285
    ],
    "32": [
        6391.491658392559,
        2680.0313153219063
    ],
    "33": [
        8780.499445883075,
        2756.952040082953
    ],
    "34": [
        26522.94012451172,
        7151.177543640137
    ],
    "35": [
        10145.66724207261,
        874.6531271990608
    ],
    "36": [
        3638.2055298992404,
        23393.75828709112
    ],
    "37": [
        9740.439217550713,
        16542.126250685305
    ],
    "38": [
        2484.5033480292605,
        2443.9449368990386
    ],
    "39": [
        3919.819734064395,
        592.2188733769556
    ],
    "40": [
        25732.234296875,
        24260.945234375
    ],
    "41": [
        923.4735871551434,
        9647.408404947917
    ],
    "42": [
        1012.6045974833625,
        24177.685686383928
    ],
    "43": [
        3875.030758231027,
        19510.243317522323
    ],
    "44": [
        855.0587252109974,
        13594.275988879504
    ],
    "45": [
        10964.224566212017,
        11208.305453642955
    ],
    "46": [
        9101.243500084005,
        19549.592531922044
    ],
    "47": [
        8035.847447770365,
        10412.255617977527
    ],
    "48": [
        5702.16484375,
        9499.222358141447
    ],
    "49": [
        12608.72975942251,
        959.1675806851
    ],
    "50": [
        12768.083795572917,
        15023.938411458334
    ],
    "51": [
        7789.659131892775,
        811.3485750617489
    ],
    "52": [
        20411.69125405844,
        15973.805334314124
    ],
    "53": [
        748.8632299827493,
        3820.272665803329
    ],
    "54": [
        17558.289243985066,
        942.1343995870742
    ],
    "55": [
        17455.72005733367,
        10144.8843718498
    ],
    "56": [
        1007.3739511234065,
        11545.434929741754
    ],
    "57": [
        15705.007586050724,
        22736.285694067028
    ],
    "58": [
        3408.2517211914064,
        13730.034610262785
    ],
    "59": [
        3124.1253423181715,
        8907.383888108874
    ],
    "60": [
        9191.940034842786,
        13518.123034818673
    ],
    "61": [
        10842.529086243872,
        23039.02747778799
    ],
    "62": [
        20121.519181436568,
        3491.3866404063665
    ],
    "63": [
        10475.93439797794,
        8057.751369838801
    ],
    "64": [
        2780.257771564034,
        4481.35338359729
    ],
    "65": [
        26631.48957069175,
        1669.2313757961235
    ],
    "66": [
        15016.388139204546,
        955.3972964385324
    ],
    "67": [
        17027.63020475618,
        13773.960164835165
    ],
    "68": [
        6721.807052176339,
        26364.500864955357
    ],
    "69": [
        11383.585016375546,
        3329.6782807595864
    ],
    "70": [
        12500.20338991855,
        5730.8476380693155
    ],
    "71": [
        881.1181135114705,
        7729.304585721059
    ],
    "72": [
        7492.68809701615,
        4988.761871594341
    ],
    "73": [
        20199.289090008802,
        778.4047574157446
    ],
    "74": [
        5892.630011698921,
        12453.073965934327
    ],
    "75": [
        14392.931287708849,
        3593.09510365099
    ],
    "76": [
        2269.9775963074644,
        693.9016091597667
    ],
    "77": [
        7843.954215891768,
        7583.878260766006
    ],
    "78": [
        3684.3164637863256,
        16629.596878732085
    ],
    "79": [
        3138.869868196399,
        6610.001571554222
    ]
}