{
    "0": [
        13813.68765879065,
        13344.298061960111
    ],
    "1": [
        17176.817785763047,
        1351.91384547551
    ],
    "2": [
        16230.296144441794,
        9146.270427674737
    ],
    "3": [
        14444.003987111862,
        23745.705588176752
    ],
    "4": [
        844.6059207438794,
        4163.47539358428
    ],
    "5": [
        907.5079564615287,
        10256.294023678627
    ],
    "6": [
        19822.809720779835,
        1607.254361505595
    ],
    "7": [
        1198.6965933338045,
        12554.736384316097
    ],
    "8": [
        22586.034534305167,
        14539.6943359375
    ],
    "9": [
        3532.093204273897,
        10486.221900956563
    ],
    "10": [
        2984.657987525513,
        774.625352502
    ],
    "11": [
        1155.9675885493643,
        14911.230114958127
    ],
    "12": [
        19040.204554461052,
        19200.602751358696
    ],
    "13": [
        6538.741052576013,
        11449.618565831457
    ],
    "14": [
        9483.897647768119,
        6195.9261090632335
    ],
    "15": [
        5191.9734936707,
        852.4997613369075
    ],
    "16": [
        22149.408654364222,
        5225.616066978718
    ],
    "17": [
        9748.039944411057,
        12822.333416466347
    ],
    "18": [
        10006.585240328375,
        21227.499352439838
    ],
    "19": [
        25762.036424512986,
        19311.706561992694
    ],
    "20": [
        4360.744431569787,
        2915.7503590427327
    ],
    "21": [
        11857.314287204186,
        3954.5564474457674
    ],
    "22": [
        20222.649972098214,
        9590.255842962184
    ],
    "23": [
        1156.3524204188702,
        23005.554496017157
    ],
    "24": [
        3307.969735030999,
        5141.008087622938
    ],
    "25": [
        22922.445713932808,
        1235.8851542077634
    ],
    "26": [
        20852.801962770063,
        24628.84239969136
    ],
    "27": [
        13072.397497558593,
        6996.308665771485
    ],
    "28": [
        26464.157087053572,
        2398.6624995993557
    ],
    "29": [
        14388.301876851721,
        1045.43001012124
    ],
    "30": [
        17897.92587156792,
        5483.133887847724
    ],
    "31": [
        6517.39529296875,
        3062.489810855263
    ],
    "32": [
        6321.785939106776,
        5663.71428941242
    ],
    "33": [
        17598.406153310643,
        14368.309091700186
    ],
    "34": [
        8756.901872020657,
        26184.10700807733
    ],
    "35": [
        1982.0757498119817,
        26570.831889204546
    ],
    "36": [
        946.3672384783208,
        6166.634484078974
    ],
    "37": [
        6814.990306775323,
        14917.32107354526
    ],
    "38": [
        12008.876303576548,
        1013.4537776708603
    ],
    "39": [
        4005.365279906049,
        17227.681392559283
    ],
    "40": [
        835.3407231682273,
        605.629874206258
    ],
    "41": [
        4958.8693313907515,
        22682.673432755568
    ],
    "42": [
        3609.360945852179,
        7544.407183424871
    ],
    "43": [
        7411.866769322569,
        897.697589262499
    ],
    "44": [
        927.2106795146548,
        17434.256266531153
    ],
    "45": [
        6718.125710227273,
        18785.80385375494
    ],
    "46": [
        14969.205690298508,
        3959.894924182797
    ],
    "47": [
        4041.4793729414364,
        13632.253175710957
    ],
    "48": [
        10163.966861122533,
        16525.804520456415
    ],
    "49": [
        6304.077599516369,
        8592.179883975074
    ],
    "50": [
        12469.61865234375,
        10361.709900347856
    ],
    "51": [
        1027.8750240951777,
        8141.073524876645
    ],
    "52": [
        1440.5776391786687,
        20087.743072150733
    ],
    "53": [
        652.9012986061862,
        2255.915465672811
    ],
    "54": [
        9434.377857688924,
        9318.530912261227
    ],
    "55": [
        25817.68798828125,
        9414.94695739746
    ],
    "56": [
        14144.184550583965,
        18051.89560645518
    ],
    "57": [
        8919.656232487803,
        3457.027760437269
    ],
    "58": [
        2393.8117643971395,
        2658.785859645384
    ],
    "59": [
        9740.60412620645,
        996.1586305852663
    ]
}