{
    "0": [
        2230.9896203782823,
        12087.666319444445
    ],
    "1": [
        3675.639611816406,
        4043.1500040690103
    ],
    "2": [
        972.6019251400775,
        2952.0531463623047
    ],
    "3": [
        986.8522842446554,
        829.688248125241
    ],
    "4": [
        5557.641845703125,
        1338.1446604857574
    ],
    "5": [
        17788.967895507813,
        1525.9951934814453
    ],
    "6": [
        6855.16506029212,
        19068.610563858696
    ],
    "7": [
        10780.313603940218,
        4925.8223983101225
    ],
    "8": [
        1789.0968000032963,
        14558.366010616986
    ],
    "9": [
        3243.646998697917,
        1135.3493615341185
    ],
    "10": [
        24130.2314453125,
        16571.46494140625
    ],
    "11": [
        14724.248511904761,
        1185.4361261640277
    ],
    "12": [
        25821.87158203125,
        1970.9873553117116
    ],
    "13": [
        5535.440498046875,
        10656.15861328125
    ],
    "14": [
        8885.030407714843,
        14121.635791015626
    ],
    "15": [
        4799.360270182292,
        7109.847601996527
    ],
    "16": [
        11383.671549479166,
        19044.535677083335
    ],
    "17": [
        14869.17054966518,
        24466.373883928572
    ],
    "18": [
        19605.653447690216,
        5817.770051375679
    ],
    "19": [
        1985.1164610726494,
        17834.550362723214
    ],
    "20": [
        17194.176908052883,
        17500.273662860578
    ],
    "21": [
        21660.429325810186,
        2346.9963743421768
    ],
    "22": [
        7951.815185546875,
        8501.591610863095
    ],
    "23": [
        15165.803059895834,
        8826.530490451389
    ],
    "24": [
        7528.048238118489,
        23957.464192708332
    ],
    "25": [
        2307.5315889418125,
        21901.79638671875
    ],
    "26": [
        13603.374229029605,
        14350.14704975329
    ],
    "27": [
        802.3268718343032,
        10144.845009251645
    ],
    "28": [
        11682.282905190677,
        1278.744056790562
    ],
    "29": [
        20902.26513671875,
        23682.255859375
    ],
    "30": [
        5528.187713623047,
        15363.563232421875
    ],
    "31": [
        1895.5653142929077,
        26241.340576171875
    ],
    "32": [
        1130.382669622248,
        5234.426994554924
    ],
    "33": [
        1481.5227698721583,
        7626.443956163194
    ],
    "34": [
        7541.322240369073,
        4108.632568359375
    ],
    "35": [
        11605.8857421875,
        9828.345520019531
    ],
    "36": [
        24846.475060096152,
        9153.391751802885
    ],
    "37": [
        8451.809213789682,
        1204.409566909548
    ],
    "38": [
        19524.43791118421,
        11696.106291118422
    ],
    "39": [
        14474.357198660715,
        5026.822209821428
    ]
}