{
    "0": [
        4556.870398817884,
        1690.2171250299346
    ],
    "1": [
        24188.845946523557,
        3146.159345423944
    ],
    "2": [
        15825.493102000584,
        15609.874914208529
    ],
    "3": [
        21225.325987327757,
        21650.46342119833
    ],
    "4": [
        5872.505995507122,
        6290.222077731614
    ],
    "5": [
        1552.1723225167739,
        5756.566570718993
    ],
    "6": [
        17236.99092892303,
        7570.271795523195
    ],
    "7": [
        11471.021868520438,
        23230.92220360634
    ],
    "8": [
        11266.676674405027,
        11556.77735996812
    ],
    "9": [
        1586.3582419371803,
        10612.875729949934
    ],
    "10": [
        13487.520899182968,
        1857.7176320438166
    ],
    "11": [
        11000.231967929509,
        6275.809138217038
    ],
    "12": [
        8634.334642593052,
        1735.2213856453477
    ],
    "13": [
        23244.194072568615,
        12334.437962643571
    ],
    "14": [
        7587.277864171282,
        17268.64376730617
    ],
    "15": [
        1214.7855201748603,
        1533.8451249200407
    ],
    "16": [
        5975.716062831698,
        11560.19491131256
    ],
    "17": [
        18478.567963359208,
        1999.46371361357
    ],
    "18": [
        2629.536762876534,
        23175.814679677962
    ],
    "19": [
        1806.818098839953,
        16394.58681640625
    ]
}