{
    "0": [
        2911.3085827526747,
        12334.904508023648
    ],
    "1": [
        19005.944312118903,
        7250.524944026296
    ],
    "2": [
        4537.964450073242,
        10786.899084472656
    ],
    "3": [
        5233.75806749132,
        4228.009358723958
    ],
    "4": [
        9983.828331427845,
        2470.524014108549
    ],
    "5": [
        17700.83638392857,
        25532.083816964285
    ],
    "6": [
        19143.0574845679,
        13759.238437982252
    ],
    "7": [
        1840.4063403879413,
        281.4319366480558
    ],
    "8": [
        2435.664755890335,
        27141.713258605072
    ],
    "9": [
        14455.10794953377,
        2356.621579077936
    ],
    "10": [
        6469.5809117759145,
        24032.48651867378
    ],
    "11": [
        7785.9986895699785,
        13964.431699051816
    ],
    "12": [
        25822.139921875,
        5851.7669498697915
    ],
    "13": [
        5248.763750184257,
        8641.786786925119
    ],
    "14": [
        9058.511879660866,
        11323.188998135653
    ],
    "15": [
        9307.098927715037,
        6556.941730159344
    ],
    "16": [
        5952.230368589743,
        518.6893650996379
    ],
    "17": [
        17367.501034989316,
        3760.4923356537124
    ],
    "18": [
        4958.611037681842,
        2858.705240183863
    ],
    "19": [
        6486.650135869565,
        2253.2371359120243
    ],
    "20": [
        3312.505801930147,
        9201.545113357843
    ],
    "21": [
        1289.7445861001809,
        23877.481302897137
    ],
    "22": [
        26147.20166015625,
        1253.1496104374528
    ],
    "23": [
        988.9350677490235,
        3211.056218610491
    ],
    "24": [
        935.2924129227612,
        16163.957843530958
    ],
    "25": [
        1542.1900864545037,
        1038.8186157226562
    ],
    "26": [
        2021.803590165808,
        3747.0416597406916
    ],
    "27": [
        22612.74432908443,
        1301.436681803904
    ],
    "28": [
        11135.759789156626,
        12146.580560523344
    ],
    "29": [
        8647.3884765625,
        8643.241870117188
    ],
    "30": [
        366.9553378889029,
        272.01557361822336
    ],
    "31": [
        2453.5745295771844,
        6242.347945601852
    ],
    "32": [
        11301.792023689517,
        8763.447612147178
    ],
    "33": [
        2322.38080777827,
        4834.118058352126
    ],
    "34": [
        1303.4960177951389,
        1869.9521986219618
    ],
    "35": [
        6824.014235276442,
        5364.7751867273355
    ],
    "36": [
        12398.519197641692,
        936.1053144472727
    ],
    "37": [
        21110.096759406886,
        4740.585616131219
    ],
    "38": [
        13555.600932874178,
        7069.005383943257
    ],
    "39": [
        5732.593328028549,
        17077.824279031636
    ],
    "40": [
        396.1504852697253,
        2462.3604266826924
    ],
    "41": [
        11412.504139587942,
        5547.289831650995
    ],
    "42": [
        7046.080390449043,
        3831.8340503589525
    ],
    "43": [
        2538.38037109375,
        1433.6883248993845
    ],
    "44": [
        6712.069380779656,
        10527.082071109693
    ],
    "45": [
        3020.514205932617,
        415.6162172816694
    ],
    "46": [
        14869.5736328125,
        21239.316165865384
    ],
    "47": [
        3464.4634567786907,
        14829.721048289332
    ],
    "48": [
        16812.90359477124,
        982.2079784605238
    ],
    "49": [
        4953.62160326087,
        1438.2231482464333
    ],
    "50": [
        607.7741825223908,
        842.4615911048228
    ],
    "51": [
        9175.489173372885,
        4326.198596466753
    ],
    "52": [
        281.21305641855105,
        3662.0403096762047
    ],
    "53": [
        7403.03359097961,
        710.7397044770261
    ],
    "54": [
        10856.530967620482,
        20165.5320500753
    ],
    "55": [
        5302.324165092719,
        13029.554515796703
    ],
    "56": [
        11963.1426953125,
        3216.056388671875
    ],
    "57": [
        10688.990872896635,
        25830.4208984375
    ],
    "58": [
        4009.166958512931,
        21009.536458333332
    ],
    "59": [
        8962.04168875558,
        576.4196193950517
    ],
    "60": [
        18107.066370522105,
        10533.47275152439
    ],
    "61": [
        8361.355021848516,
        2243.646145060911
    ],
    "62": [
        668.1670348153394,
        5633.925757314644
    ],
    "63": [
        8503.30818573416,
        17430.046647581337
    ],
    "64": [
        14816.017336998457,
        16264.450557002316
    ],
    "65": [
        6914.658393012152,
        7240.959331597222
    ],
    "66": [
        864.1444336116314,
        10825.789697265625
    ],
    "67": [
        2587.0841263480806,
        10332.829388162365
    ],
    "68": [
        19468.0293125,
        1101.5431710472108
    ],
    "69": [
        915.881808118742,
        14133.855844966702
    ],
    "70": [
        2786.816883042279,
        7770.933042279412
    ],
    "71": [
        23681.405613111412,
        21665.90425441576
    ],
    "72": [
        2075.6207363482604,
        2606.5274746295104
    ],
    "73": [
        3474.083322572314,
        3204.685754697185
    ],
    "74": [
        22589.778975474685,
        9349.330980518196
    ],
    "75": [
        13947.813797962817,
        9860.683667919304
    ],
    "76": [
        433.3534052729607,
        6582.521783447266
    ],
    "77": [
        435.69038681600284,
        7875.905424973061
    ],
    "78": [
        14360.98186248483,
        687.4278020905059
    ],
    "79": [
        909.1981547482809,
        9123.068587239582
    ],
    "80": [
        5321.698896692154,
        6244.630563289561
    ],
    "81": [
        4034.2173834466316,
        6903.948984121347
    ],
    "82": [
        19415.418169806984,
        18436.498793658087
    ],
    "83": [
        383.3002824758228,
        1661.9153410259046
    ],
    "84": [
        2973.3410753038193,
        18039.485112847222
    ],
    "85": [
        1308.7927726314913,
        20955.738512264787
    ],
    "86": [
        699.6191822159421,
        18461.3542239011
    ],
    "87": [
        7311.207392704951,
        20235.58969155844
    ],
    "88": [
        25067.047135416666,
        14807.783333333333
    ],
    "89": [
        16315.721336280907,
        7163.551688058035
    ],
    "90": [
        3811.867850167411,
        1693.3564976283483
    ],
    "91": [
        14323.292250689337,
        4817.1266874425555
    ],
    "92": [
        3700.345604149071,
        5010.7918888126405
    ],
    "93": [
        14439.568359375,
        12612.337199885671
    ],
    "94": [
        11027.490224202475,
        15304.965169270834
    ],
    "95": [
        654.8144221615985,
        4674.575205236915
    ],
    "96": [
        783.2518441493695,
        12411.435513488248
    ],
    "97": [
        10552.90328246124,
        704.0757491237433
    ],
    "98": [
        1546.1446874709357,
        7506.598307291667
    ],
    "99": [
        4291.74910960478,
        416.32286875651164
    ]
}