{
    "0": [
        22353.3531281002,
        22751.284148685514
    ],
    "1": [
        13825.939614623709,
        12821.449508942991
    ],
    "2": [
        15021.154847301137,
        1272.6239883695948
    ],
    "3": [
        18088.437503603553,
        1752.9531729565006
    ],
    "4": [
        8776.454554652308,
        24471.754319749438
    ],
    "5": [
        1313.3364385225398,
        11133.395163143383
    ],
    "6": [
        1133.523278691449,
        5773.791637507635
    ],
    "7": [
        11523.51834810697,
        8450.330435884916
    ],
    "8": [
        2361.450837329793,
        25585.123760132254
    ],
    "9": [
        24821.817949459877,
        8192.755397215793
    ],
    "10": [
        14892.831929908609,
        23411.712780070753
    ],
    "11": [
        25781.23749248798,
        2144.103779503015
    ],
    "12": [
        1575.4263486410102,
        21223.446771832674
    ],
    "13": [
        15620.178084108127,
        8341.731137278322
    ],
    "14": [
        11288.022953440202,
        17891.504677368517
    ],
    "15": [
        2882.0448973194652,
        1084.9340433210923
    ],
    "16": [
        6713.583673297806,
        5026.699776878104
    ],
    "17": [
        6318.770451877316,
        20060.982116534702
    ],
    "18": [
        9377.425876297113,
        12728.296694224118
    ],
    "19": [
        5095.555192814317,
        1376.9320444694304
    ],
    "20": [
        768.0512078459477,
        889.5495046782211
    ],
    "21": [
        10135.680532736498,
        4708.753072539454
    ],
    "22": [
        17257.278468605324,
        16976.901222511573
    ],
    "23": [
        1119.1511904126644,
        8389.236270263376
    ],
    "24": [
        12219.782555422009,
        1292.5952923823625
    ],
    "25": [
        14221.673590627657,
        4673.650453320977
    ],
    "26": [
        21831.337468327703,
        1824.4459325476785
    ],
    "27": [
        5775.019958908493,
        15608.876568768475
    ],
    "28": [
        1458.6978638167923,
        14163.369637910018
    ],
    "29": [
        7609.73102689786,
        8862.570416122388
    ],
    "30": [
        1527.283289025139,
        17633.3734250111
    ],
    "31": [
        19471.818830818964,
        11269.00160627694
    ],
    "32": [
        961.7158073836745,
        3257.6677082788983
    ],
    "33": [
        23863.70833641884,
        15474.326102451125
    ],
    "34": [
        19439.22393204424,
        5877.235935528318
    ],
    "35": [
        7331.365444599419,
        1498.247274238672
    ],
    "36": [
        4051.380032211987,
        7476.22290585646
    ],
    "37": [
        9644.657070604011,
        1208.6156714243675
    ],
    "38": [
        4734.005543806235,
        11470.462648751934
    ],
    "39": [
        3660.2909311256894,
        4052.0859667061377
    ]
}