{
    "0": [
        1971.7553629557292,
        6641.8673828125
    ],
    "1": [
        14057.4544921875,
        2112.423681640625
    ],
    "2": [
        6136.328857421875,
        2377.0321756998696
    ],
    "3": [
        19994.35036892361,
        797.2578367657131
    ],
    "4": [
        2181.302961077009,
        4727.611572265625
    ],
    "5": [
        13738.40069110577,
        680.7787680992714
    ],
    "6": [
        415.704326282848,
        14427.55166903409
    ],
    "7": [
        11800.0458984375,
        2490.783621651786
    ],
    "8": [
        3305.6197219122023,
        826.4377495901925
    ],
    "9": [
        11482.335327148438,
        5288.901229858398
    ],
    "10": [
        13429.340148925781,
        12212.9560546875
    ],
    "11": [
        1866.31469195822,
        560.1916869619619
    ],
    "12": [
        2047.0593566894531,
        3346.9808451334634
    ],
    "13": [
        15487.508544921875,
        24389.560302734375
    ],
    "14": [
        3683.947979266827,
        13897.063100961539
    ],
    "15": [
        17040.54679987981,
        3622.6754619891826
    ],
    "16": [
        6505.158272879465,
        14816.196010044643
    ],
    "17": [
        17625.87087673611,
        17174.500108506945
    ],
    "18": [
        7929.448160807292,
        17401.111897786457
    ],
    "19": [
        24564.837890625,
        21679.8640625
    ],
    "20": [
        13136.123647836539,
        16119.797626201924
    ],
    "21": [
        5788.8529296875,
        6833.806616210937
    ],
    "22": [
        6468.90341796875,
        687.7791379547119
    ],
    "23": [
        4702.0955810546875,
        1187.7981955664497
    ],
    "24": [
        9485.295914713543,
        21523.199869791668
    ],
    "25": [
        549.8929397583008,
        5351.526293945312
    ],
    "26": [
        466.0843397287222,
        3509.093036358173
    ],
    "27": [
        9301.003532858456,
        9220.73885569853
    ],
    "28": [
        430.3507926247337,
        568.9717471960819
    ],
    "29": [
        18231.564453125,
        7018.92236328125
    ],
    "30": [
        632.2037607828776,
        7716.356705729167
    ],
    "31": [
        2918.1029334435098,
        11113.807466947115
    ],
    "32": [
        2696.3094889322915,
        8224.517279730902
    ],
    "33": [
        13594.907421875,
        9091.67294921875
    ],
    "34": [
        1302.8948538643974,
        12553.180245535714
    ],
    "35": [
        3770.868675595238,
        5694.744419642857
    ],
    "36": [
        9182.248273577008,
        12564.944859095982
    ],
    "37": [
        6095.793619791667,
        4877.589572482639
    ],
    "38": [
        9466.506754557291,
        6980.0842692057295
    ],
    "39": [
        8588.137573242188,
        4385.156112670898
    ],
    "40": [
        9430.17822265625,
        2384.2636947631836
    ],
    "41": [
        4078.7323133680557,
        3398.180474175347
    ],
    "42": [
        781.7777478408814,
        1942.244697265625
    ],
    "43": [
        24602.623779296875,
        14538.192749023438
    ],
    "44": [
        24661.048502604168,
        907.0586204528809
    ],
    "45": [
        18352.05841619318,
        11636.45205965909
    ],
    "46": [
        24807.723493303572,
        5306.952985491072
    ],
    "47": [
        21091.4052734375,
        5474.024072265625
    ],
    "48": [
        3861.661679868345,
        19803.810546875
    ],
    "49": [
        13506.719168526786,
        5705.507045200893
    ],
    "50": [
        11254.098754882813,
        439.25219333171844
    ],
    "51": [
        24403.5166015625,
        8828.39453125
    ],
    "52": [
        8391.330775669643,
        754.3102894919259
    ],
    "53": [
        6662.977734375,
        10316.594466145832
    ],
    "54": [
        1069.4581841945649,
        9798.390771484375
    ],
    "55": [
        16526.3193359375,
        1145.904877813239
    ],
    "56": [
        4307.332962036133,
        9132.144012451172
    ],
    "57": [
        14666.052734375,
        3917.7081705729165
    ],
    "58": [
        1106.6408577832308,
        18057.668412642044
    ],
    "59": [
        2925.7556592155906,
        24789.292394301472
    ]
}