{
    "0": [
        8927.556966145834,
        27226.088541666668
    ],
    "1": [
        906.0105168277568,
        9485.282115589489
    ],
    "2": [
        6141.891870117188,
        24246.9474609375
    ],
    "3": [
        13448.655924479166,
        21390.65603298611
    ],
    "4": [
        10473.671875,
        17652.01677911932
    ],
    "5": [
        1910.6666493733724,
        26380.480729166666
    ],
    "6": [
        19643.414248511905,
        1068.4402429489862
    ],
    "7": [
        2034.4656118539663,
        749.3115782297574
    ],
    "8": [
        1068.3160935943981,
        6789.494592054835
    ],
    "9": [
        14624.768132390203,
        1161.9226859840187
    ],
    "10": [
        12012.778820503048,
        893.7876892787655
    ],
    "11": [
        798.0385366039,
        2652.9377777541895
    ],
    "12": [
        21018.983258928572,
        24073.248883928572
    ],
    "13": [
        4350.646154333044,
        763.1130288441976
    ],
    "14": [
        6713.883142089844,
        11277.651733398438
    ],
    "15": [
        9018.83358487216,
        22831.082919034092
    ],
    "16": [
        19960.87081473214,
        10072.615199497768
    ],
    "17": [
        15778.927185058594,
        8334.13150024414
    ],
    "18": [
        3860.6033653846152,
        17226.31648137019
    ],
    "19": [
        14912.268676757813,
        26030.79833984375
    ],
    "20": [
        12436.175734747023,
        7519.8759533110115
    ],
    "21": [
        23738.06907894737,
        1500.7632454320003
    ],
    "22": [
        10423.585316051136,
        13760.374289772728
    ],
    "23": [
        3708.686767578125,
        4806.0362392327725
    ],
    "24": [
        6190.044211647727,
        8378.785925662878
    ],
    "25": [
        458.5589371094337,
        783.1528915206974
    ],
    "26": [
        9409.724564985796,
        1152.1845256306908
    ],
    "27": [
        20230.070556640625,
        15398.349609375
    ],
    "28": [
        1171.142238443548,
        23282.444779829544
    ],
    "29": [
        3027.39712329621,
        2721.383030668218
    ],
    "30": [
        5463.4832956414475,
        2875.960728695518
    ],
    "31": [
        7654.2831624348955,
        18328.55224609375
    ],
    "32": [
        22628.525065104168,
        5202.671088324652
    ],
    "33": [
        8397.80365280878,
        3690.583827427455
    ],
    "34": [
        989.1026136054368,
        4547.884941726435
    ],
    "35": [
        17694.198974609375,
        12253.074584960938
    ],
    "36": [
        9047.136411313657,
        6690.347131799768
    ],
    "37": [
        24602.29659598214,
        17082.854631696428
    ],
    "38": [
        18197.9267578125,
        18819.393619791666
    ],
    "39": [
        11445.040986902573,
        4048.3588005514707
    ],
    "40": [
        5350.688127790178,
        21211.99097842262
    ],
    "41": [
        1040.295502055775,
        17684.827503551136
    ],
    "42": [
        1549.6523686016308,
        20373.890739889706
    ],
    "43": [
        25401.205636160714,
        8620.81333705357
    ],
    "44": [
        1080.337539264134,
        12004.918247767857
    ],
    "45": [
        14710.04296875,
        15743.137950067934
    ],
    "46": [
        6316.042837289663,
        6049.622352013221
    ],
    "47": [
        6823.248805454799,
        1201.4734330177307
    ],
    "48": [
        17121.6895703125,
        1168.7184457397461
    ],
    "49": [
        3559.0852584838867,
        10819.874542236328
    ],
    "50": [
        13595.373572716346,
        10578.819711538461
    ],
    "51": [
        7452.4758864182695,
        15419.840707632211
    ],
    "52": [
        18109.42765925481,
        4626.678870567908
    ],
    "53": [
        3461.6666564941406,
        7428.430224609375
    ],
    "54": [
        25538.80615234375,
        12569.983154296875
    ],
    "55": [
        27395.957741477272,
        2055.4850222847676
    ],
    "56": [
        14354.493684895833,
        4925.958138020834
    ],
    "57": [
        9901.524373372396,
        10216.972086588541
    ],
    "58": [
        1345.9446134978327,
        14388.943258351293
    ],
    "59": [
        3977.2667497907364,
        14022.213483537946
    ]
}