{
    "0": [
        20557.4921875,
        588.5550842285156
    ],
    "1": [
        10054.501790364584,
        17312.064778645832
    ],
    "2": [
        501.1723787307739,
        3116.2998046875
    ],
    "3": [
        7223.991796875,
        7002.620703125
    ],
    "4": [
        556.7240295410156,
        5869.694173177083
    ],
    "5": [
        718.0714721679688,
        13884.375
    ],
    "6": [
        4000.25244140625,
        13712.3876953125
    ],
    "7": [
        16412.24169921875,
        18433.6728515625
    ],
    "8": [
        19017.631640625,
        6032.16943359375
    ],
    "9": [
        2641.15185546875,
        5545.387858072917
    ],
    "10": [
        5001.57646484375,
        698.0720886230469
    ],
    "11": [
        3346.531005859375,
        9254.0703125
    ],
    "12": [
        2084.74072265625,
        24532.23046875
    ],
    "13": [
        7699.757080078125,
        1193.6828918457031
    ],
    "14": [
        6150.4853515625,
        4339.09375
    ],
    "15": [
        24110.70703125,
        14828.900390625
    ],
    "16": [
        13964.2509765625,
        2282.13623046875
    ],
    "17": [
        12797.091796875,
        2611.230224609375
    ],
    "18": [
        15395.15283203125,
        23817.5615234375
    ],
    "19": [
        180.94691467285156,
        26015.1328125
    ],
    "20": [
        10195.1326171875,
        6955.93994140625
    ],
    "21": [
        9673.651041666666,
        1959.1796061197917
    ],
    "22": [
        4379.6923828125,
        3683.1448567708335
    ],
    "23": [
        16696.0625,
        415.6107940673828
    ],
    "24": [
        1742.735107421875,
        13244.35400390625
    ],
    "25": [
        18133.837890625,
        14457.04150390625
    ],
    "26": [
        12322.150390625,
        389.3857930501302
    ],
    "27": [
        13463.9970703125,
        8952.8349609375
    ],
    "28": [
        3041.2796630859375,
        953.35986328125
    ],
    "29": [
        24123.264322916668,
        7465.007161458333
    ],
    "30": [
        12399.5263671875,
        12489.54833984375
    ],
    "31": [
        1830.3060913085938,
        2420.2612915039063
    ],
    "32": [
        4307.3858642578125,
        19575.0185546875
    ],
    "33": [
        17181.12890625,
        1688.544189453125
    ],
    "34": [
        3322.98388671875,
        3073.491943359375
    ],
    "35": [
        893.7231241861979,
        790.6413338979086
    ],
    "36": [
        4835.596923828125,
        1734.4149780273438
    ],
    "37": [
        378.0270673751831,
        9025.3818359375
    ],
    "38": [
        3438.189697265625,
        21996.0
    ],
    "39": [
        14527.5966796875,
        1189.345458984375
    ]
}