{
    "0": [
        12483.729239222515,
        8894.666186229291
    ],
    "1": [
        23038.596618102478,
        4287.813881264076
    ],
    "2": [
        4200.254758562361,
        23056.038469587053
    ],
    "3": [
        13704.084585336539,
        3394.0870897900927
    ],
    "4": [
        6913.092775524172,
        4698.258968516293
    ],
    "5": [
        4811.911538856908,
        5128.88831294545
    ],
    "6": [
        14999.18344116211,
        22884.540435791016
    ],
    "7": [
        926.6934729776075,
        13538.44447375882
    ],
    "8": [
        6222.348821659952,
        2621.914894024254
    ],
    "9": [
        26407.089303523935,
        13139.00041555851
    ],
    "10": [
        11943.332436899038,
        5756.200520833333
    ],
    "11": [
        22888.052756569603,
        10665.687522194603
    ],
    "12": [
        6552.320936414931,
        26295.698486328125
    ],
    "13": [
        19481.556492660984,
        25877.245442708332
    ],
    "14": [
        26110.923095703125,
        6945.868072509766
    ],
    "15": [
        1177.5551067739725,
        23963.813919067383
    ],
    "16": [
        3746.611607233683,
        675.0089612579904
    ],
    "17": [
        25176.37417763158,
        25466.109169407893
    ],
    "18": [
        2976.0893349181924,
        6715.140085753367
    ],
    "19": [
        741.0100108105393,
        3729.5218814510963
    ],
    "20": [
        7397.171127319336,
        9990.139602661133
    ],
    "21": [
        10900.037479222074,
        3536.2113457862365
    ],
    "22": [
        789.15178286274,
        9275.268835616438
    ],
    "23": [
        4376.582984138257,
        2763.151062751539
    ],
    "24": [
        16464.433604661313,
        3500.671888639141
    ],
    "25": [
        717.2486687717303,
        5561.791355358715
    ],
    "26": [
        19265.89481608073,
        3747.6081899007163
    ],
    "27": [
        8918.012238420759,
        18298.26877092634
    ],
    "28": [
        15366.51736758171,
        912.1870067994529
    ],
    "29": [
        9916.818696732955,
        8077.950312943892
    ],
    "30": [
        12140.857971191406,
        19857.975024414063
    ],
    "31": [
        15494.682989921279,
        9872.957810263597
    ],
    "32": [
        5097.892322604939,
        7691.539472159693
    ],
    "33": [
        17723.28785923549,
        6935.8770432245165
    ],
    "34": [
        1875.0494189325968,
        27033.124921875
    ],
    "35": [
        19502.706476984797,
        20675.421716638513
    ],
    "36": [
        23228.087320963543,
        1134.5876003662745
    ],
    "37": [
        10045.834561713837,
        14487.164492433176
    ],
    "38": [
        1373.4019259861248,
        21023.970669833096
    ],
    "39": [
        13067.77903549024,
        994.1546170933096
    ],
    "40": [
        20022.573919802297,
        15045.100316884565
    ],
    "41": [
        25734.319565716913,
        20052.381950827206
    ],
    "42": [
        2172.0444597324263,
        682.2391222774588
    ],
    "43": [
        9178.989416399572,
        5300.933674086872
    ],
    "44": [
        3078.5660850123354,
        12104.922553453947
    ],
    "45": [
        16126.905857460171,
        13282.212603400736
    ],
    "46": [
        667.8616855846371,
        2011.4017922730573
    ],
    "47": [
        14681.590700954861,
        6255.248429361979
    ],
    "48": [
        12924.535194697342,
        15922.30473363681
    ],
    "49": [
        2889.800991990279,
        9274.83477644035
    ],
    "50": [
        17719.94539892146,
        1048.2525196560716
    ],
    "51": [
        6776.066836270419,
        15902.347911487926
    ],
    "52": [
        11001.647627933318,
        951.5957461856998
    ],
    "53": [
        4030.0716501635175,
        14251.246597928779
    ],
    "54": [
        6892.854566924426,
        12972.120874521685
    ],
    "55": [
        26648.020297181374,
        1672.8501112320844
    ],
    "56": [
        10046.765346761522,
        11131.099663931564
    ],
    "57": [
        1053.6608952838596,
        18301.543326500618
    ],
    "58": [
        19078.969221443964,
        10590.970054889547
    ],
    "59": [
        600.6807724281189,
        555.0883154396618
    ],
    "60": [
        5006.395768873763,
        10652.880757851175
    ],
    "61": [
        20357.605941867238,
        1031.371714994774
    ],
    "62": [
        12044.104241071429,
        26232.427762276784
    ],
    "63": [
        872.6474649213975,
        7398.640055338542
    ],
    "64": [
        7261.889527447456,
        7142.244423655282
    ],
    "65": [
        908.6923832011383,
        11286.53999617293
    ],
    "66": [
        5372.598610035532,
        742.7218548542556
    ],
    "67": [
        1263.4087188243866,
        15730.07268825499
    ],
    "68": [
        7138.118152332019,
        775.0931266431694
    ],
    "69": [
        2463.7308935546876,
        2431.7004098307293
    ],
    "70": [
        2718.275596946295,
        4515.30203490462
    ],
    "71": [
        21226.430899784482,
        6950.11275508486
    ],
    "72": [
        23784.41238839286,
        16014.482043207909
    ],
    "73": [
        9245.135279381793,
        22120.279908288045
    ],
    "74": [
        3878.653380705181,
        17377.79507606908
    ],
    "75": [
        8571.261572786922,
        2641.3462400606095
    ],
    "76": [
        5470.907496021412,
        19814.98800636574
    ],
    "77": [
        9071.806580035356,
        771.1867030517463
    ],
    "78": [
        16244.768751972853,
        17443.910738241793
    ],
    "79": [
        12821.492342862215,
        12172.958755030777
    ]
}