{
    "0": [
        680.6183689256509,
        14915.32353515625
    ],
    "1": [
        17314.205647786457,
        25284.825846354168
    ],
    "2": [
        6487.746575771234,
        24131.530974559293
    ],
    "3": [
        10337.847679876511,
        11785.994038243447
    ],
    "4": [
        454.2965839059914,
        2223.6314065372244
    ],
    "5": [
        9516.858094911318,
        3811.6272104624154
    ],
    "6": [
        23719.900220788044,
        6429.375283946161
    ],
    "7": [
        14384.295590444712,
        2299.0684382512018
    ],
    "8": [
        25116.606689453125,
        15445.122965494791
    ],
    "9": [
        23446.10828488372,
        22233.15711300872
    ],
    "10": [
        19119.709099264706,
        8909.160845588236
    ],
    "11": [
        789.2607141149805,
        12830.913827016844
    ],
    "12": [
        648.6698978140547,
        6213.614884660051
    ],
    "13": [
        26882.477151113013,
        3028.541845360847
    ],
    "14": [
        554.8236062590707,
        1066.6424757170198
    ],
    "15": [
        19812.88604403409,
        4941.409528142755
    ],
    "16": [
        11008.844042134082,
        15215.04288528312
    ],
    "17": [
        14134.16423778045,
        21031.89423076923
    ],
    "18": [
        12060.742880544354,
        877.6609596221678
    ],
    "19": [
        2393.0264571507773,
        27077.8037109375
    ],
    "20": [
        6782.556368468237,
        10980.884669569672
    ],
    "21": [
        2900.003814453125,
        1679.1672939453124
    ],
    "22": [
        9213.931249192923,
        6409.075982212035
    ],
    "23": [
        2390.5951488182977,
        7030.770538522012
    ],
    "24": [
        827.7083564977336,
        17737.932124936484
    ],
    "25": [
        4268.427973994502,
        522.8741978443699
    ],
    "26": [
        535.9528120827507,
        3492.4731875137545
    ],
    "27": [
        16765.199503940818,
        3738.0500120990046
    ],
    "28": [
        7243.836693857231,
        880.9139900893168
    ],
    "29": [
        16185.666423860144,
        7277.455342277151
    ],
    "30": [
        11889.75205308809,
        3226.2835433839814
    ],
    "31": [
        5262.564214797247,
        8790.13861374628
    ],
    "32": [
        6680.869859152693,
        6703.456431815294
    ],
    "33": [
        10293.812000093007,
        1270.1958923169545
    ],
    "34": [
        11402.779789259454,
        5736.0603663340335
    ],
    "35": [
        532.4298477879886,
        4855.399235587284
    ],
    "36": [
        14754.865850539434,
        16065.731945219493
    ],
    "37": [
        827.4504329145344,
        9113.252144607843
    ],
    "38": [
        2865.5843195511125,
        15194.790676310911
    ],
    "39": [
        4926.675371590307,
        13569.362544690148
    ],
    "40": [
        2906.2360010084763,
        431.43009619151843
    ],
    "41": [
        702.1093245315552,
        7747.4539140625
    ],
    "42": [
        1312.8848610973357,
        23721.9939453125
    ],
    "43": [
        5145.780730602788,
        20777.20961626838
    ],
    "44": [
        1040.8552608749806,
        10882.467391576522
    ],
    "45": [
        1522.7452833132636,
        1747.3432075672579
    ],
    "46": [
        2866.023316559968,
        12319.519088179977
    ],
    "47": [
        3844.3396773726854,
        10600.385091145834
    ],
    "48": [
        8351.66328059016,
        2304.959440489073
    ],
    "49": [
        2054.018566080729,
        3092.5873681640624
    ],
    "50": [
        5840.392238451087,
        636.1140187356783
    ],
    "51": [
        13993.168017174587,
        686.0680619665413
    ],
    "52": [
        1492.1389976439436,
        20692.788506732722
    ],
    "53": [
        3339.599081888686,
        5257.035851248859
    ],
    "54": [
        1729.9280821334485,
        478.8194271963696
    ],
    "55": [
        4519.9537960297885,
        1910.950899179916
    ],
    "56": [
        4554.599586306595,
        6802.150294506644
    ],
    "57": [
        10661.277937346813,
        25883.662837009804
    ],
    "58": [
        8676.39281592431,
        8768.085509461242
    ],
    "59": [
        409.1966341938709,
        315.7800066368712
    ],
    "60": [
        12238.713507036791,
        8999.686017841312
    ],
    "61": [
        6622.496936359236,
        16951.93741357854
    ],
    "62": [
        14768.110699152543,
        11650.483307402013
    ],
    "63": [
        3768.8228211333785,
        3384.849076865376
    ],
    "64": [
        2035.3585995956205,
        4653.568094602773
    ],
    "65": [
        23171.44555856299,
        1321.6618542126782
    ],
    "66": [
        19678.66283326049,
        1207.0081400271063
    ],
    "67": [
        5387.6819934705745,
        4805.933248032618
    ],
    "68": [
        19207.615287885274,
        18451.167487157534
    ],
    "69": [
        23047.085169057376,
        10985.380763319672
    ],
    "70": [
        16813.286253375773,
        958.9656167619022
    ],
    "71": [
        2846.1294920118594,
        8975.748665130395
    ],
    "72": [
        18698.844329833984,
        13313.281331380209
    ],
    "73": [
        5893.088057429154,
        2779.4020905109664
    ],
    "74": [
        9433.187514467592,
        19783.496296296296
    ],
    "75": [
        7950.3737987417035,
        13769.829196626106
    ],
    "76": [
        13967.0719375,
        5361.179755859375
    ],
    "77": [
        7313.41028438054,
        4260.317741231715
    ],
    "78": [
        3279.3475972722085,
        18213.006846910113
    ],
    "79": [
        8868.752524928042,
        490.9407243838436
    ]
}