{
    "0": [
        1124.1459255852956,
        5796.190512887713
    ],
    "1": [
        1361.312265205428,
        11730.964822946036
    ],
    "2": [
        2083.26514967607,
        25938.328164859693
    ],
    "3": [
        14660.6785145916,
        24276.08045014881
    ],
    "4": [
        3925.914495367753,
        3804.8499696965805
    ],
    "5": [
        10917.869597344345,
        1443.5981850315864
    ],
    "6": [
        8149.074112651504,
        1255.4873700685034
    ],
    "7": [
        7589.079053506701,
        7921.113468324363
    ],
    "8": [
        11074.088432065902,
        9941.231397075038
    ],
    "9": [
        12427.696062613224,
        18952.466039685234
    ],
    "10": [
        14723.898519334847,
        4273.275611124447
    ],
    "11": [
        1142.13892789581,
        8571.03647466321
    ],
    "12": [
        1012.6423386913183,
        3281.7253024827646
    ],
    "13": [
        4085.985347737843,
        6897.933918845872
    ],
    "14": [
        14127.226144748263,
        13082.780278862847
    ],
    "15": [
        17722.47815637144,
        1586.9449648536445
    ],
    "16": [
        1531.2661931938019,
        18205.184945369114
    ],
    "17": [
        5576.881356230945,
        1275.8269207063536
    ],
    "18": [
        1186.9570458850028,
        14800.768955111917
    ],
    "19": [
        19412.62308296045,
        5884.807046586317
    ],
    "20": [
        6516.409241303943,
        18737.75904250372
    ],
    "21": [
        17711.697780198316,
        17107.867176231972
    ],
    "22": [
        19425.72711489899,
        11135.736699679082
    ],
    "23": [
        10989.974805794087,
        5370.307483359707
    ],
    "24": [
        9465.406364477421,
        14863.47708582536
    ],
    "25": [
        21534.125327101032,
        1784.940884770735
    ],
    "26": [
        22543.954077743903,
        22742.3278074187
    ],
    "27": [
        15023.116206447557,
        8184.433759877874
    ],
    "28": [
        3043.9602488077307,
        1068.5155255815591
    ],
    "29": [
        25555.922003406144,
        2151.9597108999337
    ],
    "30": [
        4889.38745956007,
        14624.60012679419
    ],
    "31": [
        4322.275076225256,
        10382.3545659792
    ],
    "32": [
        14128.149461315525,
        1122.007412769333
    ],
    "33": [
        7299.376467981804,
        4492.801043905145
    ],
    "34": [
        7617.273255115987,
        11482.583790447696
    ],
    "35": [
        7914.235872638759,
        23928.856765974815
    ],
    "36": [
        808.7316347520955,
        898.1948548250361
    ],
    "37": [
        23991.413225446428,
        15289.244063654556
    ],
    "38": [
        2074.3936035770744,
        21723.372970193417
    ],
    "39": [
        24839.8486328125,
        8160.674792480469
    ]
}