{
    "0": [
        1063.0186026436943,
        5175.99773297991
    ],
    "1": [
        537.9135530471801,
        2249.187255859375
    ],
    "2": [
        16437.578515625,
        15817.1482421875
    ],
    "3": [
        2338.8556213378906,
        2729.41552734375
    ],
    "4": [
        9271.451253255209,
        3135.2437947591147
    ],
    "5": [
        2700.7165018717446,
        13585.041015625
    ],
    "6": [
        5042.682373046875,
        4869.747000558035
    ],
    "7": [
        12935.163783482143,
        1809.9779096330915
    ],
    "8": [
        20557.4921875,
        588.5550842285156
    ],
    "9": [
        2863.7298126220703,
        22338.680078125
    ],
    "10": [
        1430.1913883421157,
        9121.959743923611
    ],
    "11": [
        24110.70703125,
        14828.900390625
    ],
    "12": [
        1523.4237060546875,
        746.5688648223877
    ],
    "13": [
        16857.751302083332,
        839.9219258626302
    ],
    "14": [
        9338.84716796875,
        8744.223693847656
    ],
    "15": [
        19017.631640625,
        6032.16943359375
    ],
    "16": [
        5179.133719308035,
        688.0026027134487
    ],
    "17": [
        24123.264322916668,
        7465.007161458333
    ],
    "18": [
        4835.596923828125,
        1734.4149780273438
    ],
    "19": [
        12190.76220703125,
        19914.2634765625
    ]
}