{
    "0": [
        8924.1728515625,
        1336.4346923828125
    ],
    "1": [
        4669.04833984375,
        882.4178466796875
    ],
    "2": [
        17181.12890625,
        1688.544189453125
    ],
    "3": [
        18862.51953125,
        7095.57470703125
    ],
    "4": [
        4025.4677734375,
        4261.51318359375
    ],
    "5": [
        9443.907958984375,
        18466.3349609375
    ],
    "6": [
        22150.244140625,
        444.54864501953125
    ],
    "7": [
        13095.7333984375,
        13304.3125
    ],
    "8": [
        714.0751342773438,
        8597.37109375
    ],
    "9": [
        6150.4853515625,
        4339.09375
    ],
    "10": [
        2049.8603515625,
        9836.0888671875
    ],
    "11": [
        16176.3974609375,
        16868.638671875
    ],
    "12": [
        4514.029296875,
        3381.302001953125
    ],
    "13": [
        18511.9423828125,
        5296.738037109375
    ],
    "14": [
        8560.1611328125,
        6560.81201171875
    ],
    "15": [
        12583.658203125,
        10313.8095703125
    ],
    "16": [
        605.3232421875,
        4744.64599609375
    ],
    "17": [
        1327.5601806640625,
        6308.30224609375
    ],
    "18": [
        10275.4443359375,
        5409.546875
    ],
    "19": [
        3927.88916015625,
        13194.970703125
    ],
    "20": [
        4599.580078125,
        3406.619384765625
    ],
    "21": [
        16306.6884765625,
        24584.705078125
    ],
    "22": [
        2228.3857421875,
        9568.4150390625
    ],
    "23": [
        963.2384033203125,
        1051.6942138671875
    ],
    "24": [
        3351.6705322265625,
        8783.1123046875
    ],
    "25": [
        1505.1519165039063,
        1994.554931640625
    ],
    "26": [
        1742.735107421875,
        13244.35400390625
    ],
    "27": [
        17651.541015625,
        15499.85546875
    ],
    "28": [
        5018.97900390625,
        19402.96484375
    ],
    "29": [
        2888.9515380859375,
        2967.77783203125
    ],
    "30": [
        3602.775146484375,
        5496.59912109375
    ],
    "31": [
        16648.0859375,
        19998.70703125
    ],
    "32": [
        2528.46435546875,
        4584.19580078125
    ],
    "33": [
        12322.150390625,
        389.3857930501302
    ],
    "34": [
        3595.792724609375,
        19747.072265625
    ],
    "35": [
        5046.47119140625,
        639.62158203125
    ],
    "36": [
        4908.87890625,
        1532.088623046875
    ],
    "37": [
        2234.299560546875,
        1178.6820068359375
    ],
    "38": [
        7941.864013671875,
        9436.1953125
    ],
    "39": [
        656.0218505859375,
        3740.4990234375
    ],
    "40": [
        18964.740234375,
        732.5615234375
    ],
    "41": [
        1372.733154296875,
        9.330373764038086
    ],
    "42": [
        794.255859375,
        3742.838134765625
    ],
    "43": [
        4762.31494140625,
        1936.7413330078125
    ],
    "44": [
        9185.66796875,
        6662.00341796875
    ],
    "45": [
        173.37676239013672,
        8419.37744140625
    ],
    "46": [
        12290.755859375,
        5418.97607421875
    ],
    "47": [
        6822.4072265625,
        5857.330078125
    ],
    "48": [
        7.529618263244629,
        2420.477783203125
    ],
    "49": [
        3848.259765625,
        728.0377197265625
    ],
    "50": [
        3907.13037109375,
        14581.15234375
    ],
    "51": [
        10169.884765625,
        1895.2313232421875
    ],
    "52": [
        7397.7939453125,
        597.6200561523438
    ],
    "53": [
        11275.689453125,
        15003.5244140625
    ],
    "54": [
        23900.177734375,
        5316.384765625
    ],
    "55": [
        20050.4296875,
        3642.69189453125
    ],
    "56": [
        22182.31640625,
        9138.525390625
    ],
    "57": [
        1856.0013427734375,
        2829.87158203125
    ],
    "58": [
        16696.0625,
        415.6107940673828
    ],
    "59": [
        19151.32421875,
        8829.1044921875
    ],
    "60": [
        414.65333890914917,
        9845.3916015625
    ],
    "61": [
        18616.134765625,
        13414.2275390625
    ],
    "62": [
        26287.298828125,
        7940.111328125
    ],
    "63": [
        4165.73779296875,
        13361.0400390625
    ],
    "64": [
        201.94454956054688,
        6803.20068359375
    ],
    "65": [
        524.0272827148438,
        2838.842041015625
    ],
    "66": [
        8330.58984375,
        5734.63134765625
    ],
    "67": [
        10162.8359375,
        7931.34130859375
    ],
    "68": [
        5271.06884765625,
        1172.3472900390625
    ],
    "69": [
        8001.72021484375,
        1789.7457275390625
    ],
    "70": [
        14483.6171875,
        23050.41796875
    ],
    "71": [
        718.0714721679688,
        13884.375
    ],
    "72": [
        1132.8438186645508,
        25273.681640625
    ],
    "73": [
        5667.5498046875,
        8322.697265625
    ],
    "74": [
        13762.979817708334,
        2027.5706380208333
    ],
    "75": [
        345.19781494140625,
        1310.8994140625
    ],
    "76": [
        24110.70703125,
        14828.900390625
    ],
    "77": [
        4974.82275390625,
        156.35214233398438
    ],
    "78": [
        3438.189697265625,
        21996.0
    ],
    "79": [
        9926.8955078125,
        2645.872802734375
    ]
}