{
    "0": [
        8980.631599955816,
        815.7119808178635
    ],
    "1": [
        6824.764071836644,
        5188.269861817668
    ],
    "2": [
        14508.472202234101,
        21823.75947436952
    ],
    "3": [
        5893.45184543293,
        14902.567251574852
    ],
    "4": [
        17988.46650390625,
        14833.756002103366
    ],
    "5": [
        2034.5080208647846,
        675.0495928180391
    ],
    "6": [
        16095.242660833865,
        8817.572225765307
    ],
    "7": [
        5407.758389291446,
        7105.341960618864
    ],
    "8": [
        5285.225183497755,
        783.9466883771136
    ],
    "9": [
        14626.511767415905,
        783.8035186683617
    ],
    "10": [
        12796.289734983158,
        1197.3613354674355
    ],
    "11": [
        12352.62552632914,
        4630.414175851004
    ],
    "12": [
        2952.7099031615026,
        8802.611622041868
    ],
    "13": [
        7194.158913352273,
        26203.88277304293
    ],
    "14": [
        27278.24871891801,
        1606.4822837973154
    ],
    "15": [
        25354.22650669643,
        18361.042299107143
    ],
    "16": [
        9559.818731134588,
        5241.739109386097
    ],
    "17": [
        15131.955513392857,
        12669.523013392858
    ],
    "18": [
        2941.2252638443656,
        11489.654803732166
    ],
    "19": [
        4169.31550360641,
        2669.229661107826
    ],
    "20": [
        8204.929539880088,
        2985.591806653242
    ],
    "21": [
        18458.342675418215,
        3566.0696299953534
    ],
    "22": [
        5365.227828695167,
        9483.157908943129
    ],
    "23": [
        26302.940763147864,
        11783.138326505335
    ],
    "24": [
        4410.042528263475,
        20287.379309275795
    ],
    "25": [
        4443.626128414042,
        4802.326507650176
    ],
    "26": [
        12214.615977894176,
        25730.764670632103
    ],
    "27": [
        14945.959973872103,
        16894.06878621689
    ],
    "28": [
        19279.107306985294,
        19311.426536239494
    ],
    "29": [
        1111.505695312959,
        15667.764603666727
    ],
    "30": [
        18866.282664646613,
        835.2735475158302
    ],
    "31": [
        9914.530417821741,
        16570.850265667003
    ],
    "32": [
        19464.252012310608,
        7275.136617641257
    ],
    "33": [
        22659.957260131836,
        9446.813125610352
    ],
    "34": [
        14683.289008579372,
        3374.205830018213
    ],
    "35": [
        7928.549148663372,
        10249.214378720239
    ],
    "36": [
        3424.458855124081,
        14136.831230851716
    ],
    "37": [
        882.156425785684,
        7222.833194709732
    ],
    "38": [
        6996.810489294664,
        17989.186809035968
    ],
    "39": [
        2422.2040162986373,
        4496.831419574464
    ],
    "40": [
        10254.52752839417,
        11547.645228794643
    ],
    "41": [
        18857.244622564936,
        10999.940791142451
    ],
    "42": [
        567.3423362834299,
        551.7800553447527
    ],
    "43": [
        22213.820638020832,
        14720.98398844401
    ],
    "44": [
        18160.488828125,
        24606.285572916666
    ],
    "45": [
        766.9206963589012,
        8999.346257936055
    ],
    "46": [
        13430.106610365317,
        6972.912965586488
    ],
    "47": [
        21365.612227052825,
        1221.9644309157607
    ],
    "48": [
        25962.25775,
        6247.992849609375
    ],
    "49": [
        1530.8293163457388,
        26638.539997799297
    ],
    "50": [
        12129.821217606708,
        19333.891212525406
    ],
    "51": [
        5489.8693936112995,
        12064.996153900589
    ],
    "52": [
        3157.0381970761428,
        6612.73436406833
    ],
    "53": [
        8054.525371712698,
        7561.852717869719
    ],
    "54": [
        16707.026501292912,
        1262.9594782842717
    ],
    "55": [
        10656.85315860215,
        8094.550354222671
    ],
    "56": [
        24236.746312978317,
        1670.3979889434972
    ],
    "57": [
        926.3384431456749,
        13304.724351873445
    ],
    "58": [
        819.1319651754912,
        11017.93437307574
    ],
    "59": [
        659.1985274526638,
        3702.25846887168
    ],
    "60": [
        6070.509302738992,
        2801.4987596732785
    ],
    "61": [
        10560.337932692308,
        2984.137450796274
    ],
    "62": [
        21897.401325533174,
        4843.41132257109
    ],
    "63": [
        2362.322138350139,
        2489.416046852289
    ],
    "64": [
        957.0897873550972,
        18101.279665258007
    ],
    "65": [
        12806.44827942929,
        10184.066046246027
    ],
    "66": [
        3501.25682685136,
        808.8196971269873
    ],
    "67": [
        23889.7909375,
        24186.9715234375
    ],
    "68": [
        16385.606607397563,
        5572.666108823911
    ],
    "69": [
        667.7028777064842,
        2045.9161496665467
    ],
    "70": [
        1224.7793266694625,
        23102.84144273695
    ],
    "71": [
        10915.6104186341,
        787.3839309189345
    ],
    "72": [
        12184.062977056394,
        13936.9125078574
    ],
    "73": [
        3903.3903509264246,
        17253.95272464679
    ],
    "74": [
        8487.989029947918,
        13757.195239257813
    ],
    "75": [
        786.4265370180765,
        5497.530454394733
    ],
    "76": [
        4741.724672879787,
        23359.230638096098
    ],
    "77": [
        1068.0032721538932,
        20440.274250637754
    ],
    "78": [
        7130.359190469082,
        832.9530641951632
    ],
    "79": [
        8889.712904656071,
        21484.89361081178
    ]
}