{
    "0": [
        1249.4586935134917,
        1480.1957529643064
    ],
    "1": [
        1511.221596262218,
        5736.505966459002
    ],
    "2": [
        7535.118928461214,
        12518.33815050026
    ],
    "3": [
        1855.137328326486,
        16139.377351180367
    ],
    "4": [
        22469.440966260303,
        18114.447904146633
    ],
    "5": [
        16095.606299212599,
        1858.5532196713245
    ],
    "6": [
        12246.670724378519,
        1892.5506769693816
    ],
    "7": [
        2547.340045523248,
        23514.10275487742
    ],
    "8": [
        1985.8811716342361,
        10511.59756435265
    ],
    "9": [
        20208.223942779437,
        2278.4587884136436
    ],
    "10": [
        13984.595360576923,
        14220.233569711538
    ],
    "11": [
        4697.629417680196,
        1614.902220688555
    ],
    "12": [
        15548.724946218297,
        7356.536066293025
    ],
    "13": [
        13804.101970780368,
        23238.01588983051
    ],
    "14": [
        25130.575544084822,
        3112.196199857459
    ],
    "15": [
        21238.212907318375,
        9988.484059912527
    ],
    "16": [
        7693.576119290866,
        19334.224411057694
    ],
    "17": [
        10152.098527751985,
        7275.645391745646
    ],
    "18": [
        8476.569086255633,
        1911.440217220258
    ],
    "19": [
        5560.308283388225,
        6427.2929938821235
    ]
}