{
    "0": [
        5158.67431604616,
        836.5072205291737
    ],
    "1": [
        13642.389583333334,
        20653.39144965278
    ],
    "2": [
        15446.295039956087,
        7317.55024669373
    ],
    "3": [
        5398.77007412551,
        12569.931127807004
    ],
    "4": [
        6893.816432672145,
        5643.583297399216
    ],
    "5": [
        9563.977524701288,
        4945.622273980615
    ],
    "6": [
        13468.22491479395,
        963.0311002512852
    ],
    "7": [
        3596.0015580484333,
        2695.5442410982573
    ],
    "8": [
        5760.906911438257,
        8755.921089878166
    ],
    "9": [
        1192.4873703070848,
        17631.81218413854
    ],
    "10": [
        14889.65617507193,
        3746.6368570547274
    ],
    "11": [
        9145.839939060153,
        7717.550634618994
    ],
    "12": [
        18246.3652489942,
        4767.943306014923
    ],
    "13": [
        1185.7121203088761,
        23175.4640625
    ],
    "14": [
        8232.549997287326,
        10478.89396701389
    ],
    "15": [
        1001.2510696429165,
        2368.7682577181263
    ],
    "16": [
        7556.058511201654,
        789.0678294275366
    ],
    "17": [
        17293.52471590909,
        24487.601615767046
    ],
    "18": [
        25515.829832522457,
        9218.282293810817
    ],
    "19": [
        24275.587230785473,
        22864.085304054053
    ],
    "20": [
        827.188713171452,
        6397.060545233719
    ],
    "21": [
        5146.592555745443,
        23201.163948567708
    ],
    "22": [
        3033.0286658653845,
        7550.434579702524
    ],
    "23": [
        12759.588899075256,
        12887.881429368623
    ],
    "24": [
        12376.414215522615,
        6301.72908737313
    ],
    "25": [
        647.9551003214139,
        4166.9123819379665
    ],
    "26": [
        2463.077365718289,
        4686.7046684579045
    ],
    "27": [
        8534.042653964429,
        2811.3828860019116
    ],
    "28": [
        16412.486888830743,
        1206.7860886257802
    ],
    "29": [
        4047.870551675053,
        15171.435933086159
    ],
    "30": [
        4909.457580368881,
        18541.76521414846
    ],
    "31": [
        22704.528532608696,
        1254.1893072232497
    ],
    "32": [
        8828.442099883177,
        20902.75512010806
    ],
    "33": [
        7501.0010762117345,
        16176.492978050595
    ],
    "34": [
        11813.59174351093,
        3436.4901069682805
    ],
    "35": [
        759.6168647307725,
        653.0945155940738
    ],
    "36": [
        1479.8221178546999,
        12852.649584221117
    ],
    "37": [
        2094.73530161153,
        26756.216038017516
    ],
    "38": [
        16072.554317989865,
        10913.471736873593
    ],
    "39": [
        19174.114571187034,
        19069.654894472947
    ],
    "40": [
        26450.42938622008,
        2295.5420458722624
    ],
    "41": [
        1404.851321902003,
        20258.92288382132
    ],
    "42": [
        864.6178437336835,
        8521.037909208839
    ],
    "43": [
        16138.384612892476,
        15493.550017587382
    ],
    "44": [
        4519.652940978385,
        5599.618843991664
    ],
    "45": [
        10337.087902159203,
        25949.30396468996
    ],
    "46": [
        11941.837145887426,
        9654.336809741284
    ],
    "47": [
        964.687923606809,
        15155.368063221807
    ],
    "48": [
        788.1641549574035,
        10727.858978060047
    ],
    "49": [
        9360.976040039062,
        13259.855576171874
    ],
    "50": [
        20274.310854704483,
        13223.326983907948
    ],
    "51": [
        5970.589064446049,
        2984.604649861654
    ],
    "52": [
        19949.1187777915,
        8521.8972042521
    ],
    "53": [
        22530.005331070697,
        5036.254726722592
    ],
    "54": [
        24350.255022321428,
        15719.089079772533
    ],
    "55": [
        3281.5918925231667,
        10410.708242441153
    ],
    "56": [
        2866.6883295321236,
        772.4229488947902
    ],
    "57": [
        10477.589197615682,
        915.6043566998525
    ],
    "58": [
        19344.51881421233,
        1352.3689200519698
    ],
    "59": [
        11432.790231687213,
        16864.15555117546
    ]
}