{
    "0": [
        12248.79939236111,
        1139.9945075564915
    ],
    "1": [
        10034.81794984879,
        1524.1044270761552
    ],
    "2": [
        22628.525065104168,
        5202.671088324652
    ],
    "3": [
        10191.139377170139,
        14376.480414496527
    ],
    "4": [
        19960.87081473214,
        10072.615199497768
    ],
    "5": [
        18339.851422991072,
        18905.061104910714
    ],
    "6": [
        19643.414248511905,
        1068.4402429489862
    ],
    "7": [
        458.5589371094337,
        783.1528915206974
    ],
    "8": [
        1256.934273499709,
        23022.438701923078
    ],
    "9": [
        12432.09228515625,
        7431.602206143466
    ],
    "10": [
        5236.437053401296,
        3514.971512957317
    ],
    "11": [
        27395.957741477272,
        2055.4850222847676
    ],
    "12": [
        1589.9174257119496,
        17459.740071614582
    ],
    "13": [
        873.2240584492683,
        19902.650634765625
    ],
    "14": [
        6466.074007601352,
        9340.599437816723
    ],
    "15": [
        2034.4656118539663,
        749.3115782297574
    ],
    "16": [
        17230.433349609375,
        11922.168579101563
    ],
    "17": [
        4897.96533203125,
        21533.811580882353
    ],
    "18": [
        798.0385366039,
        2652.9377777541895
    ],
    "19": [
        14731.12020335478,
        1073.3332476896398
    ],
    "20": [
        8162.246168870192,
        19457.0546875
    ],
    "21": [
        25401.205636160714,
        8620.81333705357
    ],
    "22": [
        21018.983258928572,
        24073.248883928572
    ],
    "23": [
        3552.0085671164775,
        11087.427586410984
    ],
    "24": [
        3717.59375,
        7847.844509548611
    ],
    "25": [
        14983.013232421876,
        16313.907763671876
    ],
    "26": [
        23738.06907894737,
        1500.7632454320003
    ],
    "27": [
        1049.7942135207927,
        6816.033728966346
    ],
    "28": [
        6799.882947198276,
        12150.671942349138
    ],
    "29": [
        3042.2232504790686,
        2912.339733195755
    ],
    "30": [
        15677.72248391544,
        8390.648810891544
    ],
    "31": [
        10931.115263097427,
        4223.395471909467
    ],
    "32": [
        969.1644271850586,
        4538.6500244140625
    ],
    "33": [
        9871.74046875,
        10378.0714453125
    ],
    "34": [
        7953.311303710938,
        3732.6744140625
    ],
    "35": [
        20098.922960069445,
        15177.69140625
    ],
    "36": [
        8674.316064453125,
        25442.3654296875
    ],
    "37": [
        6314.491809475807,
        6735.0958606350805
    ],
    "38": [
        14912.268676757813,
        26030.79833984375
    ],
    "39": [
        1345.9446134978327,
        14388.943258351293
    ],
    "40": [
        13118.855520148027,
        11660.050318667763
    ],
    "41": [
        3206.2892622514205,
        5558.24687795928
    ],
    "42": [
        18179.8533203125,
        4588.662294921875
    ],
    "43": [
        997.9923625673566,
        11962.29185267857
    ],
    "44": [
        4366.133679620151,
        845.8130437259016
    ],
    "45": [
        24602.29659598214,
        17082.854631696428
    ],
    "46": [
        923.6440770903299,
        9455.902207485466
    ],
    "47": [
        7586.79982421875,
        15877.7712109375
    ],
    "48": [
        9084.8379296875,
        6739.058671875
    ],
    "49": [
        6613.207356770833,
        23058.608723958332
    ],
    "50": [
        1910.6666493733724,
        26380.480729166666
    ],
    "51": [
        14418.825699344758,
        4946.962496849798
    ],
    "52": [
        11125.432834201389,
        17944.39431423611
    ],
    "53": [
        25538.80615234375,
        12569.983154296875
    ],
    "54": [
        8468.97817887931,
        823.9559003895727
    ],
    "55": [
        4251.095087890625,
        17533.171015625
    ],
    "56": [
        4002.1204364483174,
        14201.272047776441
    ],
    "57": [
        17121.6895703125,
        1168.7184457397461
    ],
    "58": [
        6552.080478515625,
        1328.2519700622559
    ],
    "59": [
        13190.597113715277,
        21723.694010416668
    ]
}