{
    "0": [
        24407.331380208332,
        7498.037950303819
    ],
    "1": [
        16743.956787109375,
        17520.381266276043
    ],
    "2": [
        10859.007393973214,
        2178.191580636161
    ],
    "3": [
        9152.849479166667,
        1590.9480712890625
    ],
    "4": [
        8150.361181640625,
        18068.891796875
    ],
    "5": [
        276.3895560370551,
        153.7489708794488
    ],
    "6": [
        4223.446946364183,
        6720.483774038462
    ],
    "7": [
        914.0048191070557,
        17964.530810546876
    ],
    "8": [
        13362.65771484375,
        5313.3421875
    ],
    "9": [
        17504.175130208332,
        7844.774739583333
    ],
    "10": [
        1571.0868286132813,
        11308.11298828125
    ],
    "11": [
        8870.335477941177,
        3466.08784754136
    ],
    "12": [
        25070.430575284092,
        1345.4546869451349
    ],
    "13": [
        11625.399291992188,
        12145.774169921875
    ],
    "14": [
        368.7511302403041,
        566.0098179408482
    ],
    "15": [
        458.6540252685547,
        6414.1673828125
    ],
    "16": [
        7162.374131944444,
        24062.797743055555
    ],
    "17": [
        11996.7607421875,
        3079.4523315429688
    ],
    "18": [
        4117.330647786458,
        17221.925889756945
    ],
    "19": [
        1227.879846909467,
        1722.9672348920037
    ],
    "20": [
        10963.846110026041,
        390.43517033259076
    ],
    "21": [
        7038.4294921875,
        10082.730859375
    ],
    "22": [
        611.3419733577305,
        8942.688774956598
    ],
    "23": [
        11623.434215198864,
        5715.024502840909
    ],
    "24": [
        287.7561774253845,
        2621.354230608259
    ],
    "25": [
        24564.837890625,
        21679.8640625
    ],
    "26": [
        9416.1984375,
        5905.43623046875
    ],
    "27": [
        4706.276258680556,
        2231.9331732855903
    ],
    "28": [
        6155.806497012868,
        6715.075453814338
    ],
    "29": [
        9308.498494466146,
        15426.2412109375
    ],
    "30": [
        19797.893391927082,
        6366.5664469401045
    ],
    "31": [
        15923.956612723214,
        24474.168526785714
    ],
    "32": [
        3530.1185302734375,
        1869.0746459960938
    ],
    "33": [
        8397.89738384046,
        275.0096577092221
    ],
    "34": [
        8370.044744318182,
        20086.43767755682
    ],
    "35": [
        1375.0522831508092,
        24705.734933035714
    ],
    "36": [
        2958.6250939002402,
        3415.9339881310098
    ],
    "37": [
        4402.122477213542,
        3360.078409830729
    ],
    "38": [
        20644.684151785714,
        3463.241385323661
    ],
    "39": [
        6502.151041666667,
        4630.37548828125
    ],
    "40": [
        1045.6755812795539,
        13807.197008634868
    ],
    "41": [
        19421.885475852272,
        632.2666260112416
    ],
    "42": [
        12743.290364583334,
        824.1010498046875
    ],
    "43": [
        2724.188739977385,
        5215.704384251645
    ],
    "44": [
        2037.164342244466,
        7156.186747233073
    ],
    "45": [
        18486.546484375,
        11804.64140625
    ],
    "46": [
        6093.174377441406,
        2482.15478515625
    ],
    "47": [
        8566.632774939904,
        12591.313326322115
    ],
    "48": [
        1450.7492599487305,
        3600.5387064615884
    ],
    "49": [
        24462.13107638889,
        14152.695746527777
    ],
    "50": [
        3380.83935546875,
        26414.54736328125
    ],
    "51": [
        12847.49638671875,
        15388.3294921875
    ],
    "52": [
        2801.8993112664475,
        9300.494808799342
    ],
    "53": [
        2425.915628242493,
        21630.3298828125
    ],
    "54": [
        15875.432678222656,
        1099.3888583183289
    ],
    "55": [
        617.0353465360754,
        5067.297593060662
    ],
    "56": [
        4534.15767176011,
        4894.405876608456
    ],
    "57": [
        17707.6751953125,
        1566.7905660629272
    ],
    "58": [
        14225.23798076923,
        2168.6700345552886
    ],
    "59": [
        1281.8883590698242,
        481.4127814769745
    ],
    "60": [
        4776.278137207031,
        486.45193338394165
    ],
    "61": [
        4140.621846516927,
        13594.127278645834
    ],
    "62": [
        9759.66415127841,
        10920.83504971591
    ],
    "63": [
        9154.81558227539,
        8559.670654296875
    ],
    "64": [
        16162.655192057291,
        3982.6109212239585
    ],
    "65": [
        22098.05859375,
        239.5867156982422
    ],
    "66": [
        4874.064371744792,
        1197.7004801432292
    ],
    "67": [
        3630.9710205078127,
        428.7550559997559
    ],
    "68": [
        2461.9513938210225,
        950.8861833052201
    ],
    "69": [
        2043.1254638671876,
        171.01760215759276
    ],
    "70": [
        14037.938654119318,
        12162.902166193182
    ],
    "71": [
        4559.069854736328,
        9390.368072509766
    ],
    "72": [
        4195.488082885742,
        19976.072143554688
    ],
    "73": [
        13594.907421875,
        9091.67294921875
    ],
    "74": [
        6153.055572509766,
        536.6530376672745
    ],
    "75": [
        10777.505554199219,
        21580.153198242188
    ],
    "76": [
        421.43171005249025,
        1271.4926147460938
    ],
    "77": [
        6638.910205078125,
        12896.21474609375
    ],
    "78": [
        7376.920769942434,
        1210.7992103978206
    ],
    "79": [
        6219.971901633523,
        16184.271839488636
    ]
}