{
    "0": [
        13665.005729166667,
        5932.017236328125
    ],
    "1": [
        7525.533372145433,
        873.2689272073599
    ],
    "2": [
        18549.217862215908,
        17422.265003551136
    ],
    "3": [
        6280.015984786184,
        12854.582699424342
    ],
    "4": [
        15840.3771484375,
        881.6830924987793
    ],
    "5": [
        27471.936848958332,
        777.3990138371786
    ],
    "6": [
        26516.51171875,
        9437.4443359375
    ],
    "7": [
        5922.294842694257,
        1263.348799009581
    ],
    "8": [
        1265.066003218941,
        17837.051036005436
    ],
    "9": [
        27704.67822265625,
        4019.7230224609375
    ],
    "10": [
        757.9558468781985,
        3717.5953134390024
    ],
    "11": [
        11835.801990327382,
        3610.9742722284227
    ],
    "12": [
        15085.539245605469,
        9352.8779296875
    ],
    "13": [
        2059.1438816615514,
        594.6690895642553
    ],
    "14": [
        1039.6213703889114,
        20551.57481971154
    ],
    "15": [
        1254.454620810116,
        15186.84627757353
    ],
    "16": [
        994.5700698852539,
        5542.012487792968
    ],
    "17": [
        3359.8301630434785,
        11464.535835597826
    ],
    "18": [
        20974.2484375,
        25148.973828125
    ],
    "19": [
        3382.2319869995117,
        6947.642868041992
    ],
    "20": [
        1131.0751405195756,
        11198.198686079546
    ],
    "21": [
        7735.883321126302,
        5709.550272623698
    ],
    "22": [
        3697.4054963485055,
        14234.13676120924
    ],
    "23": [
        938.7918468015534,
        7154.604408482143
    ],
    "24": [
        11039.220811631945,
        20027.62326388889
    ],
    "25": [
        21844.742838541668,
        10425.7314453125
    ],
    "26": [
        16823.771033653848,
        6402.481032151442
    ],
    "27": [
        4219.1734725288725,
        693.571647229402
    ],
    "28": [
        10229.165771484375,
        5646.396313476563
    ],
    "29": [
        4947.47052734375,
        5170.31556640625
    ],
    "30": [
        1070.2005091953279,
        13176.0227734375
    ],
    "31": [
        2793.511917114258,
        4333.582196044922
    ],
    "32": [
        9229.334698016826,
        3550.1780066856973
    ],
    "33": [
        24145.983685661766,
        1541.7674605425666
    ],
    "34": [
        23456.352864583332,
        5668.731689453125
    ],
    "35": [
        14014.38806733631,
        817.5907952444894
    ],
    "36": [
        2591.6034624148638,
        2384.8015637520034
    ],
    "37": [
        16039.257595486111,
        14472.638780381945
    ],
    "38": [
        8739.713704427084,
        8335.266004774305
    ],
    "39": [
        18333.5830078125,
        10355.225341796875
    ],
    "40": [
        18254.32158203125,
        586.1915405273437
    ],
    "41": [
        6739.98232421875,
        21440.4904296875
    ],
    "42": [
        723.6974205970764,
        9326.967714251894
    ],
    "43": [
        6993.503787478885,
        3031.4809801256333
    ],
    "44": [
        5564.708074396307,
        10259.974964488636
    ],
    "45": [
        468.5564555143699,
        534.4627633637343
    ],
    "46": [
        6014.511444091797,
        7847.412246704102
    ],
    "47": [
        26658.2548828125,
        15074.835693359375
    ],
    "48": [
        696.9034823945591,
        2073.135009765625
    ],
    "49": [
        20817.321126302082,
        1151.086477279663
    ],
    "50": [
        8323.160753038195,
        11052.652018229166
    ],
    "51": [
        1910.6666493733724,
        26380.480729166666
    ],
    "52": [
        11466.203871783087,
        8900.237247242647
    ],
    "53": [
        null,
        null
    ],
    "54": [
        8133.659586588542,
        26472.560221354168
    ],
    "55": [
        14640.184720552885,
        17585.72686298077
    ],
    "56": [
        14186.463448660714,
        23075.64453125
    ],
    "57": [
        960.4494066238403,
        23243.581640625
    ],
    "58": [
        4530.165999348958,
        2674.7734212239584
    ],
    "59": [
        4945.547607421875,
        22835.258056640625
    ],
    "60": [
        17346.8193359375,
        3322.3961639404297
    ],
    "61": [
        19595.224051339286,
        13413.430943080357
    ],
    "62": [
        20510.01697716346,
        3584.0045635516826
    ],
    "63": [
        7061.308565027573,
        15545.035041360294
    ],
    "64": [
        4117.1041481711645,
        16996.88458806818
    ],
    "65": [
        10179.271205357143,
        14029.858119419643
    ],
    "66": [
        19560.502197265625,
        6766.484436035156
    ],
    "67": [
        19532.247488839286,
        20773.359933035714
    ],
    "68": [
        13351.37646484375,
        14679.923217773438
    ],
    "69": [
        14575.204264322916,
        3233.4766710069443
    ],
    "70": [
        12337.030343191964,
        11313.551548549107
    ],
    "71": [
        11896.331104767629,
        948.9133911866409
    ],
    "72": [
        22990.424665178572,
        16853.74051339286
    ],
    "73": [
        7725.35869140625,
        18513.458984375
    ],
    "74": [
        3983.0567515980115,
        19656.074573863636
    ],
    "75": [
        3117.054132634943,
        9003.472589666193
    ],
    "76": [
        9072.393345424107,
        23367.29910714286
    ],
    "77": [
        9442.705775669643,
        16285.18540736607
    ],
    "78": [
        9461.971151815878,
        1020.7445427791492
    ],
    "79": [
        15242.296712239584,
        26531.085611979168
    ]
}