{
    "0": [
        12322.150390625,
        389.3857930501302
    ],
    "1": [
        12290.755859375,
        5418.97607421875
    ],
    "2": [
        9302.93984375,
        6459.6669921875
    ],
    "3": [
        19138.695068359375,
        15152.905517578125
    ],
    "4": [
        268.10374999046326,
        8699.150390625
    ],
    "5": [
        4556.8046875,
        3393.960693359375
    ],
    "6": [
        605.3232421875,
        4744.64599609375
    ],
    "7": [
        1803.516357421875,
        594.0061902999878
    ],
    "8": [
        6185.641438802083,
        5847.3984375
    ],
    "9": [
        22150.244140625,
        444.54864501953125
    ],
    "10": [
        12754.349934895834,
        11310.643880208334
    ],
    "11": [
        7397.7939453125,
        597.6200561523438
    ],
    "12": [
        8924.1728515625,
        1336.4346923828125
    ],
    "13": [
        817.7203369140625,
        10330.3076171875
    ],
    "14": [
        18759.43212890625,
        6629.538818359375
    ],
    "15": [
        19507.5849609375,
        2187.626708984375
    ],
    "16": [
        10048.39013671875,
        2270.5520629882813
    ],
    "17": [
        10054.501790364584,
        17312.064778645832
    ],
    "18": [
        1401.1805623372395,
        13457.6943359375
    ],
    "19": [
        725.1388549804688,
        3741.6685791015625
    ],
    "20": [
        15812.797200520834,
        22544.610026041668
    ],
    "21": [
        12797.091796875,
        2611.230224609375
    ],
    "22": [
        3351.6705322265625,
        8783.1123046875
    ],
    "23": [
        14245.923828125,
        1735.7408447265625
    ],
    "24": [
        952.354970296224,
        6473.268391927083
    ],
    "25": [
        2228.3857421875,
        9568.4150390625
    ],
    "26": [
        3814.1214599609375,
        4879.05615234375
    ],
    "27": [
        24123.264322916668,
        7465.007161458333
    ],
    "28": [
        2863.7298126220703,
        22338.680078125
    ],
    "29": [
        277.5219807624817,
        2505.239013671875
    ],
    "30": [
        4547.12548828125,
        1269.8213806152344
    ],
    "31": [
        500.54022216796875,
        3087.683837890625
    ],
    "32": [
        4000.25244140625,
        13712.3876953125
    ],
    "33": [
        1079.6850128173828,
        1587.9258728027344
    ],
    "34": [
        2540.5921936035156,
        3337.40576171875
    ],
    "35": [
        8001.72021484375,
        1789.7457275390625
    ],
    "36": [
        7211.5986328125,
        9390.671223958334
    ],
    "37": [
        16857.751302083332,
        839.9219258626302
    ],
    "38": [
        5084.70849609375,
        651.9856491088867
    ],
    "39": [
        2049.8603515625,
        9836.0888671875
    ]
}