{
    "0": [
        5816.115192832747,
        1186.91569096833
    ],
    "1": [
        14205.163722446987,
        24659.510777064734
    ],
    "2": [
        7430.914778329794,
        7920.948616694478
    ],
    "3": [
        11244.470156462296,
        8514.266908065132
    ],
    "4": [
        1556.3709784648458,
        14766.558193519468
    ],
    "5": [
        9337.303733781067,
        11873.687165912828
    ],
    "6": [
        22548.825858410495,
        23808.723066165123
    ],
    "7": [
        8543.624385406612,
        15905.692281008687
    ],
    "8": [
        3167.5707271467477,
        910.6015892548231
    ],
    "9": [
        996.4874162189607,
        5941.976709643225
    ],
    "10": [
        1094.7591394613269,
        3266.240817759208
    ],
    "11": [
        17628.551112383262,
        18505.90661480783
    ],
    "12": [
        11492.064162149234,
        1283.8219990165867
    ],
    "13": [
        4043.58015562285,
        6706.5654780676605
    ],
    "14": [
        1227.25213278954,
        11608.888176982591
    ],
    "15": [
        13113.633530798037,
        15366.775669066374
    ],
    "16": [
        1380.848721515949,
        17972.700162259614
    ],
    "17": [
        5036.542481119792,
        13838.1608359375
    ],
    "18": [
        7555.543525752315,
        25209.776938657407
    ],
    "19": [
        1305.2010320885156,
        8713.733404456376
    ],
    "20": [
        10148.969836367374,
        20470.6358496561
    ],
    "21": [
        819.4371020807217,
        899.3015697537478
    ],
    "22": [
        15022.568865094867,
        10856.387979561941
    ],
    "23": [
        2008.6728223180537,
        25444.871478602217
    ],
    "24": [
        14429.823463199013,
        5515.756250642476
    ],
    "25": [
        24443.957552083335,
        7669.888857171474
    ],
    "26": [
        1847.2886590772662,
        21671.47452705939
    ],
    "27": [
        3887.00731291968,
        3641.7654522856405
    ],
    "28": [
        18840.77644206769,
        6855.369856666833
    ],
    "29": [
        5294.94745192046,
        18737.956582099305
    ],
    "30": [
        25717.06337780899,
        1812.186580063252
    ],
    "31": [
        6916.439434382892,
        4484.838284209281
    ],
    "32": [
        10423.367818571063,
        4722.044418615797
    ],
    "33": [
        4719.1796157619965,
        10358.435893994372
    ],
    "34": [
        21303.96623794212,
        2046.6542163247848
    ],
    "35": [
        24910.635108278508,
        15593.974112527412
    ],
    "36": [
        14465.138653049698,
        1369.5999887133219
    ],
    "37": [
        19821.99365477301,
        12552.820093866605
    ],
    "38": [
        17619.78467335817,
        1789.4857360858791
    ],
    "39": [
        8543.615905761719,
        1350.4656411732237
    ]
}