{
    "0": [
        2097.993092256434,
        444.72512012693136
    ],
    "1": [
        10271.197787873642,
        20234.318580163042
    ],
    "2": [
        2061.6724853515625,
        1727.6980704302764
    ],
    "3": [
        1136.4095471589653,
        12175.902393482349
    ],
    "4": [
        7088.748093938253,
        4642.206153226186
    ],
    "5": [
        7425.946668470228,
        13481.024202913852
    ],
    "6": [
        15779.092353877315,
        7009.146513310186
    ],
    "7": [
        7334.751330960182,
        17246.730807396674
    ],
    "8": [
        19421.93076261468,
        13119.56605683773
    ],
    "9": [
        7637.785465162628,
        24847.684171715562
    ],
    "10": [
        9490.07950265067,
        5379.988676525298
    ],
    "11": [
        9115.064190848214,
        8161.8062388392855
    ],
    "12": [
        22662.05379585598,
        7680.6937043563175
    ],
    "13": [
        3591.233935760098,
        9735.231858965612
    ],
    "14": [
        996.5891246542786,
        14764.686286695076
    ],
    "15": [
        744.5669305731335,
        6074.996355246593
    ],
    "16": [
        2236.0888254266038,
        3388.347445518092
    ],
    "17": [
        17046.351488889763,
        1098.5051811711871
    ],
    "18": [
        3901.2089684527855,
        15716.808331918026
    ],
    "19": [
        3691.250696331522,
        697.6763245333796
    ],
    "20": [
        18939.967713155864,
        18634.440441743827
    ],
    "21": [
        12495.469139037094,
        9374.026502159553
    ],
    "22": [
        9259.712450731982,
        737.1915499057856
    ],
    "23": [
        15014.754937941028,
        11999.689933530746
    ],
    "24": [
        11096.945666897682,
        15059.6294890373
    ],
    "25": [
        564.514253573005,
        2268.3617736816404
    ],
    "26": [
        14889.722546523877,
        23825.18396681882
    ],
    "27": [
        10154.65716193704,
        11621.150749655331
    ],
    "28": [
        7229.412815870437,
        866.6698279465194
    ],
    "29": [
        13996.744068444294,
        1230.6675926270693
    ],
    "30": [
        23331.24433992347,
        22471.631457270407
    ],
    "31": [
        926.3284661657309,
        8084.7165852166045
    ],
    "32": [
        5580.9046081542965,
        20397.43212890625
    ],
    "33": [
        2814.2587065028683,
        5193.418424007397
    ],
    "34": [
        6717.762172379033,
        10096.19271673387
    ],
    "35": [
        24673.619262695313,
        1433.7112617976964
    ],
    "36": [
        26096.07622767857,
        5609.092044503348
    ],
    "37": [
        15600.664302996734,
        3684.5369290024487
    ],
    "38": [
        3108.814623380962,
        7330.920363898026
    ],
    "39": [
        4057.1643838115124,
        12572.174445492097
    ],
    "40": [
        4182.221974339978,
        2685.357263499293
    ],
    "41": [
        18863.160400390625,
        8943.425311748799
    ],
    "42": [
        1751.3088345670415,
        22025.719171032935
    ],
    "43": [
        12186.329542590725,
        3625.2496708039316
    ],
    "44": [
        20502.05724344136,
        1256.8612451185415
    ],
    "45": [
        1012.5103220795537,
        9982.01052755838
    ],
    "46": [
        4886.747889927456,
        4970.485149565197
    ],
    "47": [
        14701.893868983478,
        16857.72601248204
    ],
    "48": [
        11501.919178455799,
        1046.6514763767655
    ],
    "49": [
        9155.857558504156,
        2883.0992414841958
    ],
    "50": [
        12514.09489971188,
        6171.03094872008
    ],
    "51": [
        549.8878582156963,
        612.5248863119516
    ],
    "52": [
        6200.465477706319,
        2746.3515948722375
    ],
    "53": [
        5911.841301157995,
        7230.856990601205
    ],
    "54": [
        2081.928401809555,
        26295.15994510135
    ],
    "55": [
        25065.319407393294,
        14784.028034489329
    ],
    "56": [
        1435.748703659716,
        18317.983891369047
    ],
    "57": [
        19246.03201362782,
        4798.837176559563
    ],
    "58": [
        638.2294261124399,
        4219.862986874678
    ],
    "59": [
        5329.464343607667,
        766.6697572228397
    ]
}