{
    "0": [
        15527.51613810911,
        1887.8194306502908
    ],
    "1": [
        968.3538866328622,
        8453.701956925992
    ],
    "2": [
        7886.380114103618,
        21594.730605811405
    ],
    "3": [
        2540.8627051032295,
        791.7494217748814
    ],
    "4": [
        2702.4696015556938,
        26112.046509667267
    ],
    "5": [
        9555.938102276872,
        8072.865840451726
    ],
    "6": [
        6472.996677423945,
        3547.0911404439157
    ],
    "7": [
        9604.698829808729,
        4277.455778556035
    ],
    "8": [
        13549.047548036318,
        10818.762374190597
    ],
    "9": [
        26487.264414911686,
        3242.4512232179227
    ],
    "10": [
        17778.449253941442,
        6696.440247131897
    ],
    "11": [
        2093.82751565279,
        21641.549413118963
    ],
    "12": [
        6448.869338989258,
        17456.540451049805
    ],
    "13": [
        9129.271201129599,
        13059.739405776516
    ],
    "14": [
        18691.81310804835,
        12153.153633549528
    ],
    "15": [
        683.188076051499,
        836.828109248141
    ],
    "16": [
        12452.123071773194,
        1387.583012817264
    ],
    "17": [
        22059.23358154297,
        22698.48306274414
    ],
    "18": [
        6844.282244001116,
        887.4793390887124
    ],
    "19": [
        1183.8675209120365,
        11603.773277461329
    ],
    "20": [
        17249.431529471545,
        18530.713517848068
    ],
    "21": [
        22942.658040364582,
        7688.916725852273
    ],
    "22": [
        1540.5104749197335,
        18021.983058187216
    ],
    "23": [
        12129.51499109101,
        16507.354652092472
    ],
    "24": [
        6696.179886798469,
        9942.87416294643
    ],
    "25": [
        4642.413950737847,
        13290.635972222222
    ],
    "26": [
        4550.310712583975,
        1195.9598713067994
    ],
    "27": [
        24425.918964460783,
        15175.897451363358
    ],
    "28": [
        13211.042177142519,
        5630.624812270656
    ],
    "29": [
        998.4509637847443,
        2924.7157710513097
    ],
    "30": [
        837.1518254273647,
        5450.9067976668075
    ],
    "31": [
        12587.941572265625,
        24582.207421875
    ],
    "32": [
        9420.597916226774,
        1182.9257695346266
    ],
    "33": [
        3512.7419627410122,
        3842.5264222721535
    ],
    "34": [
        3602.574467827292,
        9705.621124267578
    ],
    "35": [
        18633.99289303414,
        1567.938317040515
    ],
    "36": [
        22513.263999214385,
        1690.354857824368
    ],
    "37": [
        3101.463577543963,
        6665.955748417899
    ],
    "38": [
        1319.6538351411405,
        14684.284280045702
    ],
    "39": [
        6046.867752302938,
        6449.967536584655
    ]
}