{
    "0": [
        2652.901728877315,
        5557.416793258102
    ],
    "1": [
        7154.393899356618,
        10647.291475183823
    ],
    "2": [
        24206.53369140625,
        1436.8655214309692
    ],
    "3": [
        1530.5150858561199,
        27143.337890625
    ],
    "4": [
        19930.188616071428,
        20215.047433035714
    ],
    "5": [
        22812.510633680555,
        6762.737413194444
    ],
    "6": [
        13368.771771599264,
        5554.91073069853
    ],
    "7": [
        18311.578741776317,
        612.7813206722861
    ],
    "8": [
        591.4191736493792,
        1962.9442400251116
    ],
    "9": [
        1898.1544652478449,
        1879.7937769396551
    ],
    "10": [
        9259.568777901786,
        883.4645873478481
    ],
    "11": [
        11027.442999588815,
        910.279602728392
    ],
    "12": [
        11817.703404017857,
        7575.457170758928
    ],
    "13": [
        14455.55287388393,
        16661.77001953125
    ],
    "14": [
        3871.9504597981772,
        19770.078938802082
    ],
    "15": [
        3209.8623190487133,
        17543.690142463234
    ],
    "16": [
        22457.98828125,
        23721.5478515625
    ],
    "17": [
        14849.024135044643,
        22618.424944196428
    ],
    "18": [
        19304.443684895832,
        9064.376057942709
    ],
    "19": [
        20784.044170673078,
        1248.1269818819487
    ],
    "20": [
        26519.17822265625,
        8903.98046875
    ],
    "21": [
        5145.193513569079,
        10612.626696134868
    ],
    "22": [
        3290.614430147059,
        2420.4036649816176
    ],
    "23": [
        1008.9040266463631,
        14552.863486842105
    ],
    "24": [
        10659.373046875,
        21679.65234375
    ],
    "25": [
        7636.223828125,
        783.7774332046508
    ],
    "26": [
        549.9890944455799,
        3303.2203818873354
    ],
    "27": [
        724.2747860958701,
        4968.161595394737
    ],
    "28": [
        12342.4212890625,
        3492.5460693359373
    ],
    "29": [
        3053.1695251464844,
        15390.385904947916
    ],
    "30": [
        936.4669820038896,
        8519.121839021382
    ],
    "31": [
        1259.799983631481,
        24597.914417613636
    ],
    "32": [
        522.4283091227213,
        18973.498860677082
    ],
    "33": [
        4579.02967298353,
        670.7484168490848
    ],
    "34": [
        12424.88511439732,
        895.0593038286481
    ],
    "35": [
        938.6555643876394,
        21752.59716796875
    ],
    "36": [
        5391.082101004465,
        16179.64927455357
    ],
    "37": [
        9652.282940204326,
        14204.272310697115
    ],
    "38": [
        650.2644964579878,
        10184.441709321121
    ],
    "39": [
        19327.858723958332,
        11816.288953993055
    ],
    "40": [
        9125.732161458332,
        11535.4138671875
    ],
    "41": [
        8792.730202414772,
        4689.262584339489
    ],
    "42": [
        14791.218224158654,
        2763.9266075721152
    ],
    "43": [
        16122.465942382813,
        14318.77294921875
    ],
    "44": [
        933.5459258620804,
        6866.1651050464525
    ],
    "45": [
        439.357276863522,
        509.93574639740916
    ],
    "46": [
        23284.104817708332,
        16940.7197265625
    ],
    "47": [
        6335.8781174879805,
        1073.2459936875564
    ],
    "48": [
        19652.24140625,
        3760.0828125
    ],
    "49": [
        10117.0625,
        16204.279296875
    ],
    "50": [
        14424.45546875,
        767.277265548706
    ],
    "51": [
        13972.728407118055,
        10815.097330729166
    ],
    "52": [
        4839.867154947917,
        22747.20859375
    ],
    "53": [
        6836.794813368056,
        8237.719672309027
    ],
    "54": [
        1123.6385351816814,
        17190.000651041668
    ],
    "55": [
        9416.585712139424,
        6742.149977463942
    ],
    "56": [
        4836.468896484375,
        6014.282845052084
    ],
    "57": [
        3468.1545538651317,
        13708.149876644737
    ],
    "58": [
        17694.081676136364,
        6674.234108664773
    ],
    "59": [
        7012.647101151316,
        6452.8388671875
    ],
    "60": [
        14261.022010216346,
        7925.103553185096
    ],
    "61": [
        17589.984266493055,
        17971.137369791668
    ],
    "62": [
        27471.936848958332,
        777.3990138371786
    ],
    "63": [
        6495.3907470703125,
        20729.299560546875
    ],
    "64": [
        27357.8798828125,
        16605.748046875
    ],
    "65": [
        26141.03515625,
        12886.382161458334
    ],
    "66": [
        2080.6889610290527,
        3822.7866821289063
    ],
    "67": [
        3014.1668312766337,
        11425.043235085228
    ],
    "68": [
        27704.67822265625,
        4019.7230224609375
    ],
    "69": [
        1834.4792152963034,
        541.4301449263968
    ],
    "70": [
        12094.13154296875,
        13211.5919921875
    ],
    "71": [
        968.4293579433275,
        12541.303626019022
    ],
    "72": [
        3676.9495442708335,
        27007.99609375
    ],
    "73": [
        16099.028686523438,
        743.0597162246704
    ],
    "74": [
        8338.519461495536,
        26224.123604910714
    ],
    "75": [
        5288.502007378473,
        8432.910319010416
    ],
    "76": [
        12174.6279296875,
        19244.664713541668
    ],
    "77": [
        11041.363932291666,
        5072.290771484375
    ],
    "78": [
        6389.256212022569,
        13222.325303819445
    ],
    "79": [
        7587.463313802084,
        16142.305729166666
    ],
    "80": [
        6468.776495682566,
        3975.4127004523025
    ],
    "81": [
        14427.039713541666,
        26381.937825520832
    ],
    "82": [
        19404.5615234375,
        26052.6015625
    ],
    "83": [
        11627.5751953125,
        9566.544015066964
    ],
    "84": [
        17315.140694754464,
        3256.4801025390625
    ],
    "85": [
        22930.189808238636,
        4278.596302379261
    ],
    "86": [
        19948.035993303572,
        15415.852120535714
    ],
    "87": [
        2845.217471852022,
        9182.764878216913
    ],
    "88": [
        7598.129638671875,
        2606.5751436673677
    ],
    "89": [
        22385.13515625,
        10498.5138671875
    ],
    "90": [
        3457.8032497829863,
        7346.867494936342
    ],
    "91": [
        8014.428656684027,
        23074.594184027777
    ],
    "92": [
        3204.2216918945314,
        392.99647974967957
    ],
    "93": [
        9365.145063920454,
        9013.094282670454
    ],
    "94": [
        5288.436279296875,
        2112.2321495643027
    ],
    "95": [
        4370.746806640625,
        4046.261103515625
    ],
    "96": [
        9921.41708984375,
        2959.7457885742188
    ],
    "97": [
        16307.736206054688,
        9582.6923828125
    ],
    "98": [
        15534.115835336539,
        5156.14462515024
    ],
    "99": [
        8538.400732421875,
        18628.6787109375
    ]
}