{
    "0": [
        7700.709138938849,
        12665.002725944245
    ],
    "1": [
        5610.43855613426,
        16550.643858506945
    ],
    "2": [
        5031.553902206907,
        5049.539250659335
    ],
    "3": [
        942.9177262657568,
        7437.5714689555925
    ],
    "4": [
        12436.188229851974,
        20967.21437088816
    ],
    "5": [
        6119.049067879865,
        9763.692786302396
    ],
    "6": [
        11463.320555494425,
        1047.3272870269739
    ],
    "7": [
        5790.402455419703,
        649.8774295703178
    ],
    "8": [
        13194.921477141204,
        15686.21312572338
    ],
    "9": [
        3327.149215245011,
        10221.54430306312
    ],
    "10": [
        19802.648917214912,
        5106.249605948465
    ],
    "11": [
        12193.583970716783,
        3647.310478583916
    ],
    "12": [
        25654.375751201922,
        1380.1268159897772
    ],
    "13": [
        1473.004776003749,
        18275.851789607557
    ],
    "14": [
        15992.262827932098,
        1060.480308473846
    ],
    "15": [
        2250.7524633469925,
        624.6420375358045
    ],
    "16": [
        648.8776874689056,
        2057.461140352137
    ],
    "17": [
        1095.3175799787045,
        12255.077469889324
    ],
    "18": [
        25853.58662109375,
        14200.098909505208
    ],
    "19": [
        8437.61641796875,
        19596.926859375
    ],
    "20": [
        23412.896210252195,
        21426.952131304824
    ],
    "21": [
        20657.82592553491,
        9940.197160050675
    ],
    "22": [
        633.4038557282119,
        5469.377708363756
    ],
    "23": [
        940.2144902741761,
        9546.421044314056
    ],
    "24": [
        17378.703147710756,
        18579.912745276164
    ],
    "25": [
        13183.928285435268,
        9230.559838867188
    ],
    "26": [
        17218.66225,
        7754.2256953125
    ],
    "27": [
        16581.728173828124,
        3700.667470296224
    ],
    "28": [
        6073.452888820482,
        6895.24705969769
    ],
    "29": [
        8836.637691945043,
        6178.945494342673
    ],
    "30": [
        16440.2481640625,
        25127.4225390625
    ],
    "31": [
        4590.772894965277,
        20874.017919146827
    ],
    "32": [
        8060.95031229655,
        24931.532267252605
    ],
    "33": [
        4280.162261634745,
        13109.511697748656
    ],
    "34": [
        14343.080100835756,
        5759.316103439923
    ],
    "35": [
        5154.056018284389,
        2588.683398110526
    ],
    "36": [
        9369.8783203125,
        15417.357676630434
    ],
    "37": [
        11179.3584453125,
        12045.175890625
    ],
    "38": [
        18709.532848011364,
        1069.7559306621552
    ],
    "39": [
        7033.771629607372,
        3911.930388621795
    ],
    "40": [
        9406.458725333774,
        3358.6366178843896
    ],
    "41": [
        9289.607697315705,
        809.6123554227698
    ],
    "42": [
        1325.977493023527,
        22242.559414628624
    ],
    "43": [
        2716.575850938967,
        5490.980131767165
    ],
    "44": [
        2249.6263014475503,
        2427.4478136698403
    ],
    "45": [
        9162.456817626953,
        8986.553289240057
    ],
    "46": [
        13730.332849573206,
        1413.362025519212
    ],
    "47": [
        584.5432648493694,
        578.7676176129854
    ],
    "48": [
        834.5133530776191,
        3782.210470060023
    ],
    "49": [
        3383.9462763347897,
        7763.801734671209
    ],
    "50": [
        1360.0016618190068,
        15012.288918631417
    ],
    "51": [
        3329.6776169740438,
        3618.2148037269467
    ],
    "52": [
        11321.537015335649,
        6110.856029369213
    ],
    "53": [
        16196.524294969513,
        12331.18220433181
    ],
    "54": [
        4015.7067168771405,
        908.9890853770792
    ],
    "55": [
        2245.1394169547343,
        26332.6005859375
    ],
    "56": [
        21939.590680803572,
        1615.9728979436975
    ],
    "57": [
        7492.5651641310305,
        1194.9673799506404
    ],
    "58": [
        20873.21216724537,
        15140.70337818287
    ],
    "59": [
        24785.51136037844,
        6292.349217406107
    ]
}