{
    "0": [
        3245.757037853804,
        5294.345239658043
    ],
    "1": [
        13210.76857591712,
        10685.97057271448
    ],
    "2": [
        5117.421537902066,
        23332.277531707638
    ],
    "3": [
        23314.66968700554,
        10097.538524772548
    ],
    "4": [
        13560.838947610295,
        20959.66796875
    ],
    "5": [
        12017.087555803571,
        17070.05232049851
    ],
    "6": [
        4534.646892971463,
        877.3014783918858
    ],
    "7": [
        14318.153006062246,
        1123.9088496613163
    ],
    "8": [
        15702.493008872336,
        14544.473538184351
    ],
    "9": [
        9478.665047419392,
        9948.93508724595
    ],
    "10": [
        19220.694020917337,
        7257.622286888861
    ],
    "11": [
        10299.120509030665,
        3733.9774152156965
    ],
    "12": [
        6870.262041535364,
        12894.639708617822
    ],
    "13": [
        914.3829311273911,
        5473.1653924935135
    ],
    "14": [
        17067.46198322415,
        1094.9435381052683
    ],
    "15": [
        8520.219646267362,
        6367.484327256944
    ],
    "16": [
        2140.2713405635413,
        27107.25302965059
    ],
    "17": [
        6780.370471703078,
        912.9282209755418
    ],
    "18": [
        2563.0345912892035,
        763.9742528294828
    ],
    "19": [
        14954.11308654595,
        7242.236525871301
    ],
    "20": [
        18710.806002103367,
        18845.98076923077
    ],
    "21": [
        21913.310092659885,
        4767.875825157461
    ],
    "22": [
        17706.55020654729,
        10462.554289961283
    ],
    "23": [
        1239.7667246129777,
        16066.395564532038
    ],
    "24": [
        932.3756280663454,
        7343.926650407149
    ],
    "25": [
        22837.69969512195,
        1200.7999666377418
    ],
    "26": [
        13635.932605910797,
        4012.8839847133013
    ],
    "27": [
        1690.3271841626868,
        21018.31651825717
    ],
    "28": [
        3478.7017503343186,
        8061.190373381193
    ],
    "29": [
        773.9405755897233,
        2080.021662687132
    ],
    "30": [
        26151.577392578125,
        7000.307849121094
    ],
    "31": [
        875.0171715724975,
        3747.482842627992
    ],
    "32": [
        701.3137165273861,
        557.9853803510655
    ],
    "33": [
        17393.81487038352,
        24538.047230113636
    ],
    "34": [
        25310.74472829093,
        15439.766290445243
    ],
    "35": [
        11648.482867324561,
        1028.946395873094
    ],
    "36": [
        911.0583665197832,
        18670.23035272277
    ],
    "37": [
        17084.686368953036,
        4163.406307242011
    ],
    "38": [
        6286.750296153193,
        9286.94591860564
    ],
    "39": [
        20721.780892721035,
        14369.689113709985
    ],
    "40": [
        4294.36271926592,
        14805.178305571933
    ],
    "41": [
        1033.1557140400766,
        11397.416481663504
    ],
    "42": [
        1177.3122455644143,
        13546.28644142316
    ],
    "43": [
        1109.559626272953,
        23836.707587594698
    ],
    "44": [
        7845.58351876395,
        16627.967759486608
    ],
    "45": [
        11606.095975482884,
        6845.49183171718
    ],
    "46": [
        10483.218598617972,
        13376.712380081686
    ],
    "47": [
        8711.55547107515,
        20934.032840401786
    ],
    "48": [
        2929.517205782677,
        2719.3300902019714
    ],
    "49": [
        1083.6420509682762,
        9354.973859180436
    ],
    "50": [
        4669.428412063284,
        18325.14444482854
    ],
    "51": [
        26355.134438222543,
        1956.627005466836
    ],
    "52": [
        19711.42254002109,
        1524.7363338397324
    ],
    "53": [
        24266.62860576923,
        22558.32965244391
    ],
    "54": [
        7580.855042105831,
        3326.884332239275
    ],
    "55": [
        5101.879554942832,
        3111.408054941174
    ],
    "56": [
        3804.2518555709007,
        11396.308544717573
    ],
    "57": [
        9168.706126038458,
        995.0933975791428
    ],
    "58": [
        5813.736344118798,
        5958.1792885958575
    ],
    "59": [
        10302.34370703125,
        25984.503140625
    ]
}