{
    "0": [
        22899.054756433823,
        1276.1754354926302
    ],
    "1": [
        970.3322766487281,
        8954.932498897142
    ],
    "2": [
        12769.807343659577,
        4848.38895896629
    ],
    "3": [
        1136.202626340567,
        19397.207722116025
    ],
    "4": [
        20097.41528125,
        18639.6210234375
    ],
    "5": [
        25542.070360429447,
        9061.57549487155
    ],
    "6": [
        19839.821533203125,
        1473.3411601491464
    ],
    "7": [
        18777.295141763247,
        5231.573198533216
    ],
    "8": [
        10533.52257072855,
        12377.653144068972
    ],
    "9": [
        26481.21211150956,
        2283.395247448989
    ],
    "10": [
        5696.261107825338,
        9049.983632262323
    ],
    "11": [
        7611.187054501488,
        3597.5937653459823
    ],
    "12": [
        17073.987679194477,
        14359.28606170358
    ],
    "13": [
        2284.2387629328546,
        774.1870876650399
    ],
    "14": [
        2751.390493302691,
        2828.7312546979742
    ],
    "15": [
        8640.644590393926,
        9806.823474636883
    ],
    "16": [
        11940.698000672042,
        21738.44110173051
    ],
    "17": [
        4940.7688147503395,
        3201.626053111609
    ],
    "18": [
        6279.627460354478,
        12185.806605643656
    ],
    "19": [
        15341.14152595766,
        18412.2564453125
    ],
    "20": [
        8644.540587838772,
        18896.53214014104
    ],
    "21": [
        11881.62317437066,
        8791.811294216579
    ],
    "22": [
        4757.777268263623,
        18254.769596535516
    ],
    "23": [
        3356.776658630371,
        11363.542260742188
    ],
    "24": [
        6090.397070721104,
        22812.65767194038
    ],
    "25": [
        3196.3891103223023,
        7991.675559968984
    ],
    "26": [
        10111.941165607092,
        6008.420133137088
    ],
    "27": [
        14341.178236383032,
        1222.823001983654
    ],
    "28": [
        7544.647381805364,
        1003.151208966257
    ],
    "29": [
        1220.3688930075764,
        16346.950525386072
    ],
    "30": [
        5741.635044642857,
        986.3671560387652
    ],
    "31": [
        12213.61729694235,
        15770.783998686691
    ],
    "32": [
        15427.489423076922,
        7547.704965444712
    ],
    "33": [
        15714.112350675208,
        3934.5263421647765
    ],
    "34": [
        9611.116578947369,
        862.6210525818875
    ],
    "35": [
        10195.443526047926,
        3237.0550560584434
    ],
    "36": [
        836.5051456285929,
        6712.071956056183
    ],
    "37": [
        618.2851765755469,
        657.6658270649472
    ],
    "38": [
        1662.1015949982864,
        22500.313146686873
    ],
    "39": [
        17210.09462580605,
        1211.4797612814202
    ],
    "40": [
        23647.50611139113,
        23854.821982106856
    ],
    "41": [
        10099.086704147196,
        26470.09807608061
    ],
    "42": [
        25534.84829439975,
        16666.69378480817
    ],
    "43": [
        11955.5497083162,
        1051.0294156566001
    ],
    "44": [
        4334.33369921875,
        14769.231286458333
    ],
    "45": [
        22605.247229667886,
        5211.532206132322
    ],
    "46": [
        14622.618833812261,
        11449.777658045978
    ],
    "47": [
        2138.572935069094,
        26378.40791414222
    ],
    "48": [
        21848.892917798912,
        13593.04888271545
    ],
    "49": [
        7999.94544188683,
        15193.167133896884
    ],
    "50": [
        822.6437920362482,
        4358.0757876895605
    ],
    "51": [
        5509.406716491823,
        5876.850693894206
    ],
    "52": [
        892.1466228965758,
        11191.106632712554
    ],
    "53": [
        2990.36255413553,
        5328.2047776442305
    ],
    "54": [
        17061.530695511123,
        24087.250496557204
    ],
    "55": [
        1142.4855295569926,
        13620.669495629483
    ],
    "56": [
        19523.658069957386,
        9318.025594075521
    ],
    "57": [
        750.0533057094924,
        2423.590953952052
    ],
    "58": [
        3925.521553812878,
        927.7353769335191
    ],
    "59": [
        7836.200426678325,
        6689.037083825399
    ]
}