{
    "0": [
        547.5143432617188,
        2590.000244140625
    ],
    "1": [
        22150.244140625,
        444.54864501953125
    ],
    "2": [
        4025.4677734375,
        4261.51318359375
    ],
    "3": [
        6822.76904296875,
        9514.55859375
    ],
    "4": [
        8001.72021484375,
        1789.7457275390625
    ],
    "5": [
        19151.32421875,
        8829.1044921875
    ],
    "6": [
        5018.97900390625,
        19402.96484375
    ],
    "7": [
        5046.47119140625,
        639.62158203125
    ],
    "8": [
        9060.958984375,
        9357.83203125
    ],
    "9": [
        3351.6705322265625,
        8783.1123046875
    ],
    "10": [
        12797.091796875,
        2611.230224609375
    ],
    "11": [
        22182.31640625,
        9138.525390625
    ],
    "12": [
        8445.37548828125,
        6147.7216796875
    ],
    "13": [
        7.529618263244629,
        2420.477783203125
    ],
    "14": [
        8172.63232421875,
        17700.23046875
    ],
    "15": [
        254.88873291015625,
        8230.2314453125
    ],
    "16": [
        4000.25244140625,
        13712.3876953125
    ],
    "17": [
        2234.299560546875,
        1178.6820068359375
    ],
    "18": [
        1885.5504150390625,
        13679.0126953125
    ],
    "19": [
        91.86479187011719,
        8608.5234375
    ],
    "20": [
        12583.658203125,
        10313.8095703125
    ],
    "21": [
        3322.98388671875,
        3073.491943359375
    ],
    "22": [
        11.58634090423584,
        9360.4755859375
    ],
    "23": [
        4669.04833984375,
        882.4178466796875
    ],
    "24": [
        7397.7939453125,
        597.6200561523438
    ],
    "25": [
        794.255859375,
        3742.838134765625
    ],
    "26": [
        817.7203369140625,
        10330.3076171875
    ],
    "27": [
        17651.541015625,
        15499.85546875
    ],
    "28": [
        11283.10009765625,
        5414.261474609375
    ],
    "29": [
        1327.5601806640625,
        6308.30224609375
    ],
    "30": [
        12322.150390625,
        389.3857930501302
    ],
    "31": [
        13964.2509765625,
        2282.13623046875
    ],
    "32": [
        9926.8955078125,
        2645.872802734375
    ],
    "33": [
        18862.51953125,
        7095.57470703125
    ],
    "34": [
        18964.740234375,
        732.5615234375
    ],
    "35": [
        4514.029296875,
        3381.302001953125
    ],
    "36": [
        6203.219482421875,
        6601.55078125
    ],
    "37": [
        19024.771484375,
        4745.389322916667
    ],
    "38": [
        24110.70703125,
        14828.900390625
    ],
    "39": [
        1132.8438186645508,
        25273.681640625
    ],
    "40": [
        5751.06787109375,
        9299.623046875
    ],
    "41": [
        656.0218505859375,
        3740.4990234375
    ],
    "42": [
        2528.46435546875,
        4584.19580078125
    ],
    "43": [
        16176.3974609375,
        16868.638671875
    ],
    "44": [
        4762.31494140625,
        1936.7413330078125
    ],
    "45": [
        6150.4853515625,
        4339.09375
    ],
    "46": [
        2228.3857421875,
        9568.4150390625
    ],
    "47": [
        2454.919189453125,
        2862.063720703125
    ],
    "48": [
        5271.06884765625,
        1172.3472900390625
    ],
    "49": [
        4974.82275390625,
        156.35214233398438
    ],
    "50": [
        10162.8359375,
        7931.34130859375
    ],
    "51": [
        9185.66796875,
        6662.00341796875
    ],
    "52": [
        10169.884765625,
        1895.2313232421875
    ],
    "53": [
        654.2181091308594,
        1181.2968139648438
    ],
    "54": [
        4599.580078125,
        3406.619384765625
    ],
    "55": [
        1505.1519165039063,
        1994.554931640625
    ],
    "56": [
        17181.12890625,
        1688.544189453125
    ],
    "57": [
        18616.134765625,
        13414.2275390625
    ],
    "58": [
        4908.87890625,
        1532.088623046875
    ],
    "59": [
        201.94454956054688,
        6803.20068359375
    ],
    "60": [
        718.0714721679688,
        13884.375
    ],
    "61": [
        1856.0013427734375,
        2829.87158203125
    ],
    "62": [
        11275.689453125,
        15003.5244140625
    ],
    "63": [
        3848.259765625,
        728.0377197265625
    ],
    "64": [
        3595.792724609375,
        19747.072265625
    ],
    "65": [
        13095.7333984375,
        13304.3125
    ],
    "66": [
        10715.18359375,
        19232.439453125
    ],
    "67": [
        500.54022216796875,
        3087.683837890625
    ],
    "68": [
        8924.1728515625,
        1336.4346923828125
    ],
    "69": [
        605.3232421875,
        4744.64599609375
    ],
    "70": [
        3602.775146484375,
        5496.59912109375
    ],
    "71": [
        14527.5966796875,
        1189.345458984375
    ],
    "72": [
        3438.189697265625,
        21996.0
    ],
    "73": [
        2049.8603515625,
        9836.0888671875
    ],
    "74": [
        15812.797200520834,
        22544.610026041668
    ],
    "75": [
        1372.733154296875,
        9.330373764038086
    ],
    "76": [
        714.0751342773438,
        8597.37109375
    ],
    "77": [
        1599.9197998046875,
        12809.6953125
    ],
    "78": [
        25093.73828125,
        6628.248046875
    ],
    "79": [
        16696.0625,
        415.6107940673828
    ]
}