{
    "0": [
        2629.536762876534,
        23175.814679677962
    ],
    "1": [
        24188.845946523557,
        3146.159345423944
    ],
    "2": [
        18478.567963359208,
        1999.46371361357
    ],
    "3": [
        15825.493102000584,
        15609.874914208529
    ],
    "4": [
        11471.021868520438,
        23230.92220360634
    ],
    "5": [
        1555.6883659373505,
        5762.126602353347
    ],
    "6": [
        4557.166833233454,
        1692.4609458411933
    ],
    "7": [
        1585.1509714382441,
        10617.97449947528
    ],
    "8": [
        17236.99092892303,
        7570.271795523195
    ],
    "9": [
        1214.7855201748603,
        1533.8451249200407
    ],
    "10": [
        21225.325987327757,
        21650.46342119833
    ],
    "11": [
        7587.277864171282,
        17268.64376730617
    ],
    "12": [
        8633.220911485158,
        1734.6137138553897
    ],
    "13": [
        1806.818098839953,
        16394.58681640625
    ],
    "14": [
        23244.194072568615,
        12334.437962643571
    ],
    "15": [
        11266.676674405027,
        11556.77735996812
    ],
    "16": [
        11004.916744696364,
        6274.704087266983
    ],
    "17": [
        5885.554240024124,
        6290.928569674829
    ],
    "18": [
        13485.703221091962,
        1856.3056525334796
    ],
    "19": [
        5973.991570784582,
        11558.095417098637
    ]
}