{
    "0": [
        6512.133735522889,
        812.5119550730053
    ],
    "1": [
        2362.5363764569042,
        2971.0821840860012
    ],
    "2": [
        14474.40409559876,
        3539.586722104604
    ],
    "3": [
        5550.4675432116255,
        6420.306769652688
    ],
    "4": [
        9331.064683809054,
        16598.89911417323
    ],
    "5": [
        17938.015793096823,
        7910.904781153945
    ],
    "6": [
        1960.5405097827577,
        751.622489354485
    ],
    "7": [
        10787.806166992188,
        919.4580451989174
    ],
    "8": [
        15644.222840711805,
        1080.383510597547
    ],
    "9": [
        18492.79294418239,
        977.0851244266678
    ],
    "10": [
        8205.707867391748,
        7488.1560968137255
    ],
    "11": [
        16237.646467391305,
        12370.053413722826
    ],
    "12": [
        3395.8389136434084,
        753.4958128176237
    ],
    "13": [
        16693.644010416665,
        25288.81644965278
    ],
    "14": [
        7539.073869977678,
        20638.315980380637
    ],
    "15": [
        1850.5981243299402,
        26008.36754415761
    ],
    "16": [
        8799.518585555856,
        4835.599380668553
    ],
    "17": [
        13233.092574508102,
        15694.661548755786
    ],
    "18": [
        9829.936686197916,
        9234.05641361705
    ],
    "19": [
        7413.127183112545,
        13583.7675427423
    ],
    "20": [
        9483.41032858456,
        2720.869442928539
    ],
    "21": [
        21844.408203125,
        1531.7703656918966
    ],
    "22": [
        13013.428893472546,
        1101.2723749062725
    ],
    "23": [
        694.8627540477363,
        4348.028438607442
    ],
    "24": [
        20438.784470016893,
        15627.034258868243
    ],
    "25": [
        17117.69069707961,
        18764.05121140253
    ],
    "26": [
        3054.552798316592,
        10184.056966145834
    ],
    "27": [
        25614.115145596592,
        14423.688047466856
    ],
    "28": [
        838.5242909917465,
        8997.662896259015
    ],
    "29": [
        3040.795839039302,
        5040.264056326329
    ],
    "30": [
        20799.643139128988,
        10803.206106632313
    ],
    "31": [
        14657.51772068887,
        6535.795203438641
    ],
    "32": [
        11297.39882950044,
        6336.071464431118
    ],
    "33": [
        1053.620266574891,
        11965.184425636575
    ],
    "34": [
        5161.325000351281,
        17422.48776135342
    ],
    "35": [
        763.4149174875142,
        6550.679446348852
    ],
    "36": [
        668.3267814033848,
        2209.652645884162
    ],
    "37": [
        7538.104918134974,
        25360.886552526597
    ],
    "38": [
        2854.5528529409016,
        7432.399984113337
    ],
    "39": [
        25592.067843031607,
        1260.6064618264122
    ],
    "40": [
        12302.92514038086,
        21518.347798665363
    ],
    "41": [
        4211.005927683776,
        13138.177096826425
    ],
    "42": [
        7186.278059895833,
        2791.788043767756
    ],
    "43": [
        4575.651107484126,
        2639.383659210813
    ],
    "44": [
        1347.1568715289386,
        18050.0530401673
    ],
    "45": [
        7071.748099567221,
        10525.477820087679
    ],
    "46": [
        4898.983643757549,
        774.4326158116982
    ],
    "47": [
        516.877962083988,
        591.6485610506893
    ],
    "48": [
        10730.564959226733,
        12443.52516252281
    ],
    "49": [
        13204.996183206107,
        9784.839243648616
    ],
    "50": [
        23321.571306818183,
        21574.437819602274
    ],
    "51": [
        11820.210592830883,
        3728.3905280618105
    ],
    "52": [
        17876.456488715277,
        4098.187608506944
    ],
    "53": [
        5892.521164371469,
        4362.3717558262715
    ],
    "54": [
        1312.48447537828,
        14803.524310172872
    ],
    "55": [
        2132.4101372422842,
        21588.170585745072
    ],
    "56": [
        5048.500555013021,
        8947.161240234374
    ],
    "57": [
        21776.541946553738,
        6057.174393983645
    ],
    "58": [
        8568.68663908306,
        742.5629327035787
    ],
    "59": [
        25891.030563766893,
        6053.545314479518
    ]
}