{
    "0": [
        1873.8976619944854,
        3765.363489487592
    ],
    "1": [
        24304.14136904762,
        7465.629557291667
    ],
    "2": [
        5727.2055431547615,
        621.8567782810757
    ],
    "3": [
        4016.4156297253026,
        9424.818532636089
    ],
    "4": [
        681.7071084360922,
        2218.4256946194555
    ],
    "5": [
        3424.19541015625,
        5718.14302734375
    ],
    "6": [
        13021.66267641129,
        12292.303458921371
    ],
    "7": [
        10380.556614925987,
        23505.367393092107
    ],
    "8": [
        9289.044732862903,
        1182.5635595014019
    ],
    "9": [
        4189.373994140625,
        19613.32921875
    ],
    "10": [
        6382.430346679687,
        4560.424060058594
    ],
    "11": [
        1189.599343865006,
        9859.27709056713
    ],
    "12": [
        15267.333900669642,
        2106.5969628470284
    ],
    "13": [
        8861.63935546875,
        8741.65205078125
    ],
    "14": [
        2925.7556592155906,
        24789.292394301472
    ],
    "15": [
        8955.52324969952,
        19381.720252403848
    ],
    "16": [
        8280.63517515121,
        12039.459236391129
    ],
    "17": [
        24983.811257102272,
        18171.080788352272
    ],
    "18": [
        1286.3107045491536,
        16419.3912109375
    ],
    "19": [
        7629.1573486328125,
        15616.285086495536
    ],
    "20": [
        4078.673466796875,
        920.7064254760742
    ],
    "21": [
        18730.718487079328,
        6170.412522536058
    ],
    "22": [
        2651.65751953125,
        968.5296244303386
    ],
    "23": [
        18937.34296875,
        12306.852864583334
    ],
    "24": [
        3894.00873046875,
        3535.974248046875
    ],
    "25": [
        7563.612686157227,
        838.5384078621864
    ],
    "26": [
        1723.3537019428454,
        508.4391488526997
    ],
    "27": [
        12078.71027688419,
        1286.3515187431785
    ],
    "28": [
        430.3507926247337,
        568.9717471960819
    ],
    "29": [
        18624.199765625,
        1122.5351788330079
    ],
    "30": [
        2139.508193144927,
        13099.58717799831
    ],
    "31": [
        5682.104654947917,
        6664.798177083333
    ],
    "32": [
        12857.090625,
        5993.812109375
    ],
    "33": [
        16008.73322610294,
        18830.018612132353
    ],
    "34": [
        1615.3353693345014,
        7330.907571231618
    ],
    "35": [
        23815.789636948528,
        935.2022705078125
    ],
    "36": [
        944.7087968190511,
        19337.729296875
    ],
    "37": [
        9501.441695601852,
        4467.940502025463
    ],
    "38": [
        547.4600280761719,
        5225.462666015625
    ],
    "39": [
        5233.210890997024,
        2240.469063895089
    ]
}