{
    "0": [
        4815.9169921875,
        960.9035148620605
    ],
    "1": [
        7.529618263244629,
        2420.477783203125
    ],
    "2": [
        21067.577256944445,
        5888.935255262587
    ],
    "3": [
        2700.7165018717446,
        13585.041015625
    ],
    "4": [
        9336.102661132813,
        6616.559143066406
    ],
    "5": [
        15136.9326171875,
        1101.2578735351563
    ],
    "6": [
        2010.8128662109375,
        2614.723388671875
    ],
    "7": [
        9330.243082682291,
        1476.1300557454426
    ],
    "8": [
        12384.684814453125,
        12233.864013671875
    ],
    "9": [
        17713.31026785714,
        18320.778878348214
    ],
    "10": [
        4106.255126953125,
        4077.5450265066966
    ],
    "11": [
        952.354970296224,
        6473.268391927083
    ],
    "12": [
        1132.8438186645508,
        25273.681640625
    ],
    "13": [
        524.0272827148438,
        2838.842041015625
    ],
    "14": [
        6188.15546875,
        19615.74140625
    ],
    "15": [
        4972.241943359375,
        8745.235546875
    ],
    "16": [
        1803.516357421875,
        594.0061902999878
    ],
    "17": [
        881.1973472322736,
        9218.77329799107
    ],
    "18": [
        685.2003173828125,
        4075.994384765625
    ],
    "19": [
        865.7406616210938,
        1399.8228759765625
    ]
}