{
    "0": [
        10715.18359375,
        19232.439453125
    ],
    "1": [
        17273.039794921875,
        16445.357177734375
    ],
    "2": [
        353.60955301920575,
        8478.708658854166
    ],
    "3": [
        605.3232421875,
        4744.64599609375
    ],
    "4": [
        12290.755859375,
        5418.97607421875
    ],
    "5": [
        4556.8046875,
        3393.960693359375
    ],
    "6": [
        3351.6705322265625,
        8783.1123046875
    ],
    "7": [
        9611.8974609375,
        8644.586669921875
    ],
    "8": [
        13762.979817708334,
        2027.5706380208333
    ],
    "9": [
        20557.4921875,
        588.5550842285156
    ],
    "10": [
        4411.541259765625,
        442.19493103027344
    ],
    "11": [
        18618.8779296875,
        6321.641845703125
    ],
    "12": [
        12322.150390625,
        389.3857930501302
    ],
    "13": [
        4835.596923828125,
        1734.4149780273438
    ],
    "14": [
        15395.15283203125,
        23817.5615234375
    ],
    "15": [
        1901.292444864909,
        24181.12109375
    ],
    "16": [
        20666.8203125,
        8983.81494140625
    ],
    "17": [
        8107.895670572917,
        1241.266825358073
    ],
    "18": [
        650.2726440429688,
        3523.6736653645835
    ],
    "19": [
        3385.569091796875,
        4780.769368489583
    ],
    "20": [
        5595.801350911458,
        18950.089192708332
    ],
    "21": [
        2888.9515380859375,
        2967.77783203125
    ],
    "22": [
        1084.2698274612426,
        2365.89189453125
    ],
    "23": [
        24766.061197916668,
        9361.798828125
    ],
    "24": [
        2139.123046875,
        9702.251953125
    ],
    "25": [
        10048.39013671875,
        2270.5520629882813
    ],
    "26": [
        16857.751302083332,
        839.9219258626302
    ],
    "27": [
        6486.4462890625,
        5098.2119140625
    ],
    "28": [
        8692.1396484375,
        6319.14892578125
    ],
    "29": [
        5008.264892578125,
        833.5020751953125
    ],
    "30": [
        10275.4443359375,
        5409.546875
    ],
    "31": [
        19349.5390625,
        4344.2294921875
    ],
    "32": [
        414.65333890914917,
        9845.3916015625
    ],
    "33": [
        6052.622884114583,
        8719.984375
    ],
    "34": [
        4000.25244140625,
        13712.3876953125
    ],
    "35": [
        952.354970296224,
        6473.268391927083
    ],
    "36": [
        13463.9970703125,
        8952.8349609375
    ],
    "37": [
        1228.8672332763672,
        887.6515021324158
    ],
    "38": [
        12024.9140625,
        13327.540364583334
    ],
    "39": [
        1401.1805623372395,
        13457.6943359375
    ]
}