{
    "0": [
        14319.499889742943,
        896.5745623746226
    ],
    "1": [
        6821.66932065795,
        868.4433679337404
    ],
    "2": [
        17646.075793971504,
        4647.884398010955
    ],
    "3": [
        533.7248912528157,
        553.1662419492549
    ],
    "4": [
        21284.131256913715,
        1092.172144421434
    ],
    "5": [
        5139.835901511143,
        792.0508781894745
    ],
    "6": [
        16647.61361908784,
        8227.429690139357
    ],
    "7": [
        12089.41712191536,
        6068.535747232472
    ],
    "8": [
        5154.979385057136,
        7070.368787896456
    ],
    "9": [
        16650.463935319767,
        1263.9233946119036
    ],
    "10": [
        5358.519960165749,
        9567.626309009309
    ],
    "11": [
        2985.4697894660794,
        6620.465089136241
    ],
    "12": [
        7506.430580357143,
        25964.394921875
    ],
    "13": [
        3541.3624274513936,
        19927.238536487926
    ],
    "14": [
        8467.561546031491,
        833.9190568635887
    ],
    "15": [
        4403.924161458333,
        4844.9075325520835
    ],
    "16": [
        2303.5347774194674,
        2458.402809704274
    ],
    "17": [
        16516.730562460543,
        15127.825792100695
    ],
    "18": [
        12140.895717652376,
        960.6642147253367
    ],
    "19": [
        18752.883352272725,
        1285.0416119906035
    ],
    "20": [
        750.5679482326275,
        9073.054810165777
    ],
    "21": [
        4049.1306978812013,
        17097.439133937256
    ],
    "22": [
        2401.3710581129153,
        4479.215743719363
    ],
    "23": [
        5623.798179512593,
        12154.77000859958
    ],
    "24": [
        10256.165181834795,
        798.7676133984014
    ],
    "25": [
        27221.332535282258,
        1570.6722186406453
    ],
    "26": [
        9459.303254026274,
        5322.240531708275
    ],
    "27": [
        12733.567966701268,
        3591.884675139314
    ],
    "28": [
        770.0021874631393,
        5499.996078522934
    ],
    "29": [
        1775.7654518192098,
        24223.53312588277
    ],
    "30": [
        6760.947358823911,
        15019.856631710321
    ],
    "31": [
        26790.0490036868,
        6673.717463461201
    ],
    "32": [
        13299.43650144285,
        8880.273184561514
    ],
    "33": [
        2992.5137309928214,
        11670.686096510963
    ],
    "34": [
        855.1162812618745,
        18615.30091688368
    ],
    "35": [
        14756.534024439103,
        11679.399088541666
    ],
    "36": [
        19890.71083077186,
        7618.686651511271
    ],
    "37": [
        9146.162810392894,
        13414.561843555497
    ],
    "38": [
        11193.497375488281,
        11227.331966400146
    ],
    "39": [
        5154.5545964645125,
        22691.6865179202
    ],
    "40": [
        15075.976061789772,
        3431.2546599786933
    ],
    "41": [
        5894.99916242845,
        2816.358946243135
    ],
    "42": [
        651.336212295937,
        2050.7643807361915
    ],
    "43": [
        18785.31984314438,
        19095.35492369186
    ],
    "44": [
        12764.659714471727,
        25993.743024553572
    ],
    "45": [
        23521.596897392516,
        5223.757571469447
    ],
    "46": [
        9350.169635840422,
        21405.109791050298
    ],
    "47": [
        26399.012261284723,
        12579.648098415799
    ],
    "48": [
        856.6558866717207,
        11102.515578049879
    ],
    "49": [
        1136.387233315942,
        15966.1417686748
    ],
    "50": [
        10362.22502395342,
        3069.587024616745
    ],
    "51": [
        23931.251528532608,
        24348.871730638588
    ],
    "52": [
        13911.183129095261,
        21737.69068170363
    ],
    "53": [
        1756.4447127514416,
        27225.06931785301
    ],
    "54": [
        4061.15450049867,
        2682.8429586207612
    ],
    "55": [
        3929.3932658450703,
        14358.656992737677
    ],
    "56": [
        23030.57859375,
        9916.75171875
    ],
    "57": [
        25041.18850295608,
        18633.022394953547
    ],
    "58": [
        8065.088842066922,
        10433.944737866761
    ],
    "59": [
        867.3023503482104,
        7272.580763858628
    ],
    "60": [
        18764.428033934048,
        11382.483614120016
    ],
    "61": [
        3422.5408402947105,
        793.1628018716339
    ],
    "62": [
        6818.641795567104,
        18530.97283935547
    ],
    "63": [
        18440.907387262658,
        24094.21756329114
    ],
    "64": [
        2952.6299009299914,
        8892.179281192974
    ],
    "65": [
        7694.727310287369,
        7637.93274694056
    ],
    "66": [
        8072.25435886335,
        3028.296313230577
    ],
    "67": [
        983.7044801727178,
        13482.305648275116
    ],
    "68": [
        1946.6105682026819,
        672.3088210558388
    ],
    "69": [
        13361.864998891844,
        18257.82092891179
    ],
    "70": [
        6792.085786873393,
        5191.341384534664
    ],
    "71": [
        10293.555029111216,
        8323.261130213285
    ],
    "72": [
        14813.023450463219,
        6163.531507103844
    ],
    "73": [
        9898.967946531911,
        16784.40329964451
    ],
    "74": [
        1023.5668651842764,
        21357.245649476932
    ],
    "75": [
        20698.964531652706,
        4224.116327973985
    ],
    "76": [
        12493.041215789985,
        14386.104255628881
    ],
    "77": [
        21818.23081568668,
        14903.38861405222
    ],
    "78": [
        24144.236582880436,
        1423.5495817817587
    ],
    "79": [
        653.946312984853,
        3701.0103382956945
    ]
}