{
    "0": [
        7513.072337962963,
        3968.0300745081017
    ],
    "1": [
        7948.940529847757,
        11437.082982772436
    ],
    "2": [
        8403.704087201288,
        16705.833783318016
    ],
    "3": [
        15799.495535714286,
        25441.400948660714
    ],
    "4": [
        12605.13328758446,
        9393.049461570947
    ],
    "5": [
        4676.055445894282,
        10641.510098071809
    ],
    "6": [
        1994.0023716252024,
        18274.374237804877
    ],
    "7": [
        3186.5231506347654,
        1197.753554880619
    ],
    "8": [
        975.6965193797632,
        835.4831007851153
    ],
    "9": [
        1189.6556740309063,
        22341.06486430921
    ],
    "10": [
        10773.419921875,
        4907.1809771993885
    ],
    "11": [
        24032.3671875,
        7205.507266773897
    ],
    "12": [
        24200.755108173078,
        14881.263296274039
    ],
    "13": [
        1194.6011909716058,
        5299.913544625947
    ],
    "14": [
        17822.474490282013,
        1575.219717630526
    ],
    "15": [
        2098.40011064934,
        15238.878136837122
    ],
    "16": [
        1616.0965420850894,
        12804.78408441311
    ],
    "17": [
        14532.884122522866,
        5388.316227610519
    ],
    "18": [
        4618.463613834021,
        7184.750681751179
    ],
    "19": [
        8451.809213789682,
        1204.409566909548
    ],
    "20": [
        1349.6442981769642,
        7706.082999674479
    ],
    "21": [
        7782.766979980469,
        7758.269689941406
    ],
    "22": [
        18621.422309027777,
        6276.7696533203125
    ],
    "23": [
        8488.533238002232,
        24754.461077008928
    ],
    "24": [
        5557.641845703125,
        1338.1446604857574
    ],
    "25": [
        937.7052542861851,
        3015.321011247306
    ],
    "26": [
        11148.95461107337,
        13675.23781419837
    ],
    "27": [
        11682.282905190677,
        1278.744056790562
    ],
    "28": [
        15877.172272858796,
        16194.226164641204
    ],
    "29": [
        12144.55161830357,
        19681.247628348214
    ],
    "30": [
        18362.740844726563,
        10720.3876953125
    ],
    "31": [
        5541.4195556640625,
        21687.594270833335
    ],
    "32": [
        14724.248511904761,
        1185.4361261640277
    ],
    "33": [
        3716.4590340307204,
        4113.961918200476
    ],
    "34": [
        1910.6666493733724,
        26380.480729166666
    ],
    "35": [
        970.8010995097277,
        10299.753620426829
    ],
    "36": [
        5266.014135742187,
        15203.262923177082
    ],
    "37": [
        25954.671963778408,
        1705.7155204252763
    ],
    "38": [
        20081.032743566175,
        19861.317325367647
    ],
    "39": [
        21476.060546875,
        2357.0075424739293
    ]
}