{
    "0": [
        3428.849110921224,
        5663.153483072917
    ],
    "1": [
        4032.4161055715463,
        3779.3261333264804
    ],
    "2": [
        1125.5043609142303,
        9991.590942382813
    ],
    "3": [
        9740.181949013158,
        2399.76708984375
    ],
    "4": [
        9053.601299579326,
        12159.392728365385
    ],
    "5": [
        4512.187218299279,
        16968.016150841348
    ],
    "6": [
        15995.1672265625,
        1172.0699297332765
    ],
    "7": [
        24453.278515625,
        1294.5584564208984
    ],
    "8": [
        7261.5732421875,
        26194.422526041668
    ],
    "9": [
        3555.9285794771636,
        556.8243214533879
    ],
    "10": [
        4455.144742838542,
        13249.971744791666
    ],
    "11": [
        7071.11279296875,
        15323.972935267857
    ],
    "12": [
        12160.83927837171,
        491.7247109664114
    ],
    "13": [
        228.97373338179156,
        523.9215642755681
    ],
    "14": [
        2026.8004780430947,
        3720.3893097908267
    ],
    "15": [
        2596.4688836960568,
        7823.049246651785
    ],
    "16": [
        5503.32294921875,
        2369.624015299479
    ],
    "17": [
        8224.399017333984,
        18632.709716796875
    ],
    "18": [
        19264.886204769737,
        6703.3428762335525
    ],
    "19": [
        3819.37333984375,
        2147.980704752604
    ],
    "20": [
        2104.429400357333,
        25327.12127130682
    ],
    "21": [
        373.50136246000017,
        2019.6470772879463
    ],
    "22": [
        9319.930612664473,
        594.8405123258892
    ],
    "23": [
        6529.305082775298,
        762.4859790802002
    ],
    "24": [
        8731.172337582237,
        4811.854170949836
    ],
    "25": [
        4779.89794921875,
        19525.8037109375
    ],
    "26": [
        10876.78599330357,
        19944.147879464286
    ],
    "27": [
        1030.4689761891084,
        6530.735380284927
    ],
    "28": [
        1781.4518013000488,
        11839.31787109375
    ],
    "29": [
        1335.0101603190103,
        1770.567032877604
    ],
    "30": [
        4916.152787642045,
        824.3337952006947
    ],
    "31": [
        15923.956612723214,
        24474.168526785714
    ],
    "32": [
        12929.038330078125,
        2384.4169494628904
    ],
    "33": [
        662.4153586939761,
        5097.6526521381575
    ],
    "34": [
        3620.1263834635415,
        9988.476302083332
    ],
    "35": [
        7898.882466634114,
        869.8760468165079
    ],
    "36": [
        8480.902620442708,
        9281.197526041668
    ],
    "37": [
        1853.338623046875,
        267.06615308125816
    ],
    "38": [
        10892.245239257813,
        22680.592529296875
    ],
    "39": [
        15760.430447048611,
        4460.186957465277
    ],
    "40": [
        19563.739583333332,
        1428.3782047430675
    ],
    "41": [
        5727.7167578125,
        6632.499453125
    ],
    "42": [
        14116.159505208334,
        10952.502115885416
    ],
    "43": [
        11644.92453125,
        5618.243173828125
    ],
    "44": [
        447.27267178622157,
        203.72356900301847
    ],
    "45": [
        21860.69580078125,
        13502.2978515625
    ],
    "46": [
        3241.1847262912324,
        21237.856553819445
    ],
    "47": [
        614.8059727061878,
        979.2701083096591
    ],
    "48": [
        4761.179150390625,
        8698.008447265625
    ],
    "49": [
        870.876818429856,
        18104.346214657737
    ],
    "50": [
        6200.880313648897,
        4608.054256663603
    ],
    "51": [
        415.695216438987,
        3416.4241166548295
    ],
    "52": [
        947.6643775491153,
        13914.65877757353
    ],
    "53": [
        8056.648393110795,
        22023.537819602272
    ],
    "54": [
        24933.1396484375,
        20863.418619791668
    ],
    "55": [
        24407.331380208332,
        7498.037950303819
    ],
    "56": [
        10513.604427083334,
        15145.9107421875
    ],
    "57": [
        15440.361393229166,
        17078.394401041667
    ],
    "58": [
        2450.6071333451705,
        1089.3419300426137
    ],
    "59": [
        736.9725510052273,
        8364.577601841518
    ]
}