{
    "0": [
        13214.726941167091,
        1541.3824694399932
    ],
    "1": [
        1604.877832966466,
        5081.795510962702
    ],
    "2": [
        5851.2147004500675,
        7004.0842868970785
    ],
    "3": [
        8647.328908711923,
        2161.938143742185
    ],
    "4": [
        8175.131299628586,
        16577.534836065573
    ],
    "5": [
        2255.8255848911676,
        13397.386796431108
    ],
    "6": [
        11402.828780324835,
        6715.8897705078125
    ],
    "7": [
        18267.329657451923,
        1919.5666833730845
    ],
    "8": [
        14909.676990327382,
        15570.486281622023
    ],
    "9": [
        1733.1096642296761,
        9279.655680338541
    ],
    "10": [
        1295.130594031016,
        1460.084705852698
    ],
    "11": [
        7568.7480061848955,
        11427.867173936633
    ],
    "12": [
        23114.432942708332,
        12634.250831886575
    ],
    "13": [
        4931.197287819602,
        1721.8890227471197
    ],
    "14": [
        11737.854435847355,
        23956.482572115383
    ],
    "15": [
        24327.004264987245,
        3165.050492150443
    ],
    "16": [
        16071.159145422149,
        8194.861482319078
    ],
    "17": [
        2203.96162733956,
        18348.00316220238
    ],
    "18": [
        19752.591574928978,
        21054.761363636364
    ],
    "19": [
        3696.728907302574,
        23828.09816261574
    ]
}