{
    "0": [
        7298.708065257353,
        10408.55060891544
    ],
    "1": [
        23706.902099609375,
        4773.864349365234
    ],
    "2": [
        7476.592176649306,
        22581.36892361111
    ],
    "3": [
        9902.523328993055,
        16299.178819444445
    ],
    "4": [
        19404.5615234375,
        26052.6015625
    ],
    "5": [
        4664.235477570564,
        2256.864096364667
    ],
    "6": [
        19100.795758928572,
        17242.230329241072
    ],
    "7": [
        11074.529348273027,
        2657.85939427426
    ],
    "8": [
        1851.3610320395612,
        662.4600989463481
    ],
    "9": [
        4839.867154947917,
        22747.20859375
    ],
    "10": [
        16465.0609375,
        10835.11015625
    ],
    "11": [
        2470.8538020207334,
        5752.326059194712
    ],
    "12": [
        549.9890944455799,
        3303.2203818873354
    ],
    "13": [
        724.2747860958701,
        4968.161595394737
    ],
    "14": [
        4613.166375054254,
        645.7441377109951
    ],
    "15": [
        17501.471261160714,
        3264.3785226004466
    ],
    "16": [
        4836.468896484375,
        6014.282845052084
    ],
    "17": [
        3105.68408203125,
        11533.505604619566
    ],
    "18": [
        458.31541066556366,
        511.9073695548483
    ],
    "19": [
        5233.58837890625,
        10362.322705078124
    ],
    "20": [
        617.5694259405136,
        10068.616629464286
    ],
    "21": [
        19167.504638671875,
        9430.250549316406
    ],
    "22": [
        8133.659586588542,
        26472.560221354168
    ],
    "23": [
        937.1937473470515,
        20632.905184659092
    ],
    "24": [
        542.5005367824009,
        18095.400809151786
    ],
    "25": [
        2686.185831705729,
        17260.121148003473
    ],
    "26": [
        9213.906955295139,
        19172.332682291668
    ],
    "27": [
        1934.58396089994,
        3847.219961313101
    ],
    "28": [
        9713.106977982954,
        757.8577712449161
    ],
    "29": [
        13682.286458333334,
        10762.4775390625
    ],
    "30": [
        9125.732161458332,
        11535.4138671875
    ],
    "31": [
        1249.8040754530166,
        26614.161675347223
    ],
    "32": [
        7121.854553222656,
        2392.876668294271
    ],
    "33": [
        18254.32158203125,
        586.1915405273437
    ],
    "34": [
        14493.421075994318,
        17033.479936079544
    ],
    "35": [
        13988.907118055555,
        6324.018500434027
    ],
    "36": [
        6733.255920410156,
        8107.888366699219
    ],
    "37": [
        22465.969835069445,
        7076.099283854167
    ],
    "38": [
        1463.3044179280598,
        15627.24658203125
    ],
    "39": [
        6347.209442138672,
        12654.915771484375
    ],
    "40": [
        7660.28826032366,
        16596.542131696428
    ],
    "41": [
        1104.9778370459874,
        13880.100857204861
    ],
    "42": [
        14849.024135044643,
        22618.424944196428
    ],
    "43": [
        9309.373046875,
        6593.21904296875
    ],
    "44": [
        20510.01697716346,
        3584.0045635516826
    ],
    "45": [
        3676.9495442708335,
        27007.99609375
    ],
    "46": [
        12295.868874289772,
        13588.586115056818
    ],
    "47": [
        19326.93191964286,
        13432.038783482143
    ],
    "48": [
        26658.2548828125,
        15074.835693359375
    ],
    "49": [
        6029.694091796875,
        19960.7107421875
    ],
    "50": [
        1229.6468073037954,
        23660.891075721152
    ],
    "51": [
        15814.808268229166,
        14760.125759548611
    ],
    "52": [
        3245.2092497452445,
        540.9477870360664
    ],
    "53": [
        13626.336791992188,
        2757.434150695801
    ],
    "54": [
        11543.10869891827,
        9510.7705078125
    ],
    "55": [
        12435.759440104166,
        4823.694525824652
    ],
    "56": [
        8899.629348028273,
        2744.9962041945682
    ],
    "57": [
        9365.145063920454,
        9013.094282670454
    ],
    "58": [
        16801.476236979168,
        6045.345377604167
    ],
    "59": [
        20817.321126302082,
        1151.086477279663
    ],
    "60": [
        3498.819589468149,
        7368.024752103365
    ],
    "61": [
        14427.039713541666,
        26381.937825520832
    ],
    "62": [
        897.0913746573708,
        12223.740900213068
    ],
    "63": [
        5292.05576171875,
        8233.625716145832
    ],
    "64": [
        19886.0615234375,
        20600.0517578125
    ],
    "65": [
        26516.51171875,
        9437.4443359375
    ],
    "66": [
        26056.423828125,
        19638.179837740383
    ],
    "67": [
        11634.094618055555,
        7240.109809027777
    ],
    "68": [
        17092.111165364582,
        17846.426106770832
    ],
    "69": [
        1090.9163008332253,
        8467.883975074405
    ],
    "70": [
        12291.038248697916,
        19516.978841145832
    ],
    "71": [
        2449.2631225585938,
        2243.646413167318
    ],
    "72": [
        883.6557053958668,
        6895.267879710478
    ],
    "73": [
        22457.98828125,
        23721.5478515625
    ],
    "74": [
        9637.493001302084,
        14192.919921875
    ],
    "75": [
        18538.364583333332,
        6443.052490234375
    ],
    "76": [
        6128.611591045673,
        14837.87469951923
    ],
    "77": [
        15909.343081825658,
        941.5999956632916
    ],
    "78": [
        15220.30108173077,
        8646.453988882211
    ],
    "79": [
        6242.385904947917,
        1130.6885139465332
    ],
    "80": [
        12104.311150045956,
        740.7721854378195
    ],
    "81": [
        659.4406753208326,
        1960.0932192595108
    ],
    "82": [
        27471.936848958332,
        777.3990138371786
    ],
    "83": [
        5615.415501644737,
        3958.3390599300988
    ],
    "84": [
        15370.82315340909,
        4048.2026589133525
    ],
    "85": [
        3528.387062766335,
        14220.725363991478
    ],
    "86": [
        7786.866590711806,
        4426.067884657118
    ],
    "87": [
        4806.637015206473,
        17246.327218191964
    ],
    "88": [
        9921.116570723685,
        4533.584973787007
    ],
    "89": [
        3018.895721435547,
        9292.148681640625
    ],
    "90": [
        9775.436328125,
        23457.350390625
    ],
    "91": [
        21697.71707589286,
        11174.937918526786
    ],
    "92": [
        14276.143863075658,
        776.7800818995426
    ],
    "93": [
        8032.91720703125,
        677.5333183288574
    ],
    "94": [
        3560.8339001885774,
        3979.4556169181033
    ],
    "95": [
        3390.487823486328,
        20002.923828125
    ],
    "96": [
        27704.67822265625,
        4019.7230224609375
    ],
    "97": [
        24206.53369140625,
        1436.8655214309692
    ],
    "98": [
        7012.647101151316,
        6452.8388671875
    ],
    "99": [
        22990.424665178572,
        16853.74051339286
    ]
}