{
    "0": [
        551.3068806330363,
        3609.4521280924478
    ],
    "1": [
        4844.356540256076,
        13350.344943576389
    ],
    "2": [
        877.1933979105066,
        9329.489167390046
    ],
    "3": [
        2293.73273563385,
        23082.731811523438
    ],
    "4": [
        15913.81459263393,
        4112.252022879465
    ],
    "5": [
        739.6257080078125,
        664.5888870239257
    ],
    "6": [
        14494.895795036764,
        1999.8443136776195
    ],
    "7": [
        2469.9163818359375,
        894.6224060058594
    ],
    "8": [
        13385.967982700893,
        12018.991141183036
    ],
    "9": [
        21344.345552884617,
        5362.5259352463945
    ],
    "10": [
        4581.625583814538,
        17794.6591796875
    ],
    "11": [
        7343.201123046875,
        1262.5699188232422
    ],
    "12": [
        286.1572545369466,
        1288.3402303059895
    ],
    "13": [
        8852.779907226563,
        15209.134338378906
    ],
    "14": [
        8650.533203125,
        3742.2796834309897
    ],
    "15": [
        11767.6791015625,
        2584.950960286458
    ],
    "16": [
        14706.115071614584,
        15157.365234375
    ],
    "17": [
        12244.358501233553,
        5590.447060032895
    ],
    "18": [
        24983.811257102272,
        18171.080788352272
    ],
    "19": [
        9324.870654296876,
        2018.7298767089844
    ],
    "20": [
        13594.907421875,
        9091.67294921875
    ],
    "21": [
        6288.540771484375,
        4742.848063151042
    ],
    "22": [
        5358.560579427083,
        2360.019425455729
    ],
    "23": [
        3392.9868896484377,
        2793.2961303710936
    ],
    "24": [
        3519.156037361391,
        9602.70695249496
    ],
    "25": [
        7511.21817555147,
        20917.436465992647
    ],
    "26": [
        5063.742126464844,
        25963.688232421875
    ],
    "27": [
        281.1146307552562,
        313.96113945456113
    ],
    "28": [
        18231.564453125,
        7018.92236328125
    ],
    "29": [
        13355.115885416666,
        634.3718255360922
    ],
    "30": [
        4780.040454101562,
        980.5574426651001
    ],
    "31": [
        1240.2533543904622,
        13083.076985677084
    ],
    "32": [
        1293.307861328125,
        1696.2381510416667
    ],
    "33": [
        24764.77734375,
        1412.5231464930944
    ],
    "34": [
        464.536967424246,
        2317.736130934495
    ],
    "35": [
        12892.80775669643,
        18721.686104910714
    ],
    "36": [
        8693.408672626201,
        9056.350210336539
    ],
    "37": [
        1997.2291041782923,
        4041.2650931222097
    ],
    "38": [
        5856.810107421875,
        7184.41279296875
    ],
    "39": [
        9416.1984375,
        5905.43623046875
    ],
    "40": [
        8793.231377963362,
        11907.232657596982
    ],
    "41": [
        1803.0391496930804,
        266.4479600361415
    ],
    "42": [
        15719.210123697916,
        25012.321614583332
    ],
    "43": [
        7977.218401227678,
        17833.453125
    ],
    "44": [
        11177.589388020833,
        446.62642199198405
    ],
    "45": [
        8449.593540736607,
        346.28801736377534
    ],
    "46": [
        17772.45583767361,
        17829.1513671875
    ],
    "47": [
        2021.592660409433,
        7160.52759693287
    ],
    "48": [
        10446.086704799107,
        22161.61593191964
    ],
    "49": [
        6153.055572509766,
        536.6530376672745
    ],
    "50": [
        570.0976843261719,
        5546.68708984375
    ],
    "51": [
        16988.1994140625,
        1337.7977625846863
    ],
    "52": [
        20085.947954963234,
        747.2333307827221
    ],
    "53": [
        3696.7325592041016,
        736.3222250938416
    ],
    "54": [
        3943.1194069602275,
        6110.519841974432
    ],
    "55": [
        1214.1068248015183,
        18469.607459435098
    ],
    "56": [
        11769.466145833334,
        14709.699055989584
    ],
    "57": [
        18976.607572115383,
        11755.68817608173
    ],
    "58": [
        4138.859228515625,
        4269.512548828125
    ],
    "59": [
        24544.92890625,
        8202.719694010417
    ]
}