{
    "0": [
        9633.282419305098,
        21447.48607113487
    ],
    "1": [
        21903.68564453125,
        15853.967041015625
    ],
    "2": [
        2715.983772163391,
        21259.6651953125
    ],
    "3": [
        1087.5786710327322,
        991.9105001146144
    ],
    "4": [
        1809.5647151781166,
        14510.386782438858
    ],
    "5": [
        7804.354835023271,
        16132.877825797872
    ],
    "6": [
        22648.787109375,
        7618.407581676136
    ],
    "7": [
        21860.50603693182,
        1194.1343409798362
    ],
    "8": [
        8412.81853515625,
        1329.5679019419351
    ],
    "9": [
        2719.7938405756363,
        10014.003143845943
    ],
    "10": [
        8632.711967329546,
        10611.391060014204
    ],
    "11": [
        1592.7555607159932,
        4092.3495076497397
    ],
    "12": [
        10762.87706938244,
        5491.076741536458
    ],
    "13": [
        5253.218207060401,
        5690.043500757929
    ],
    "14": [
        17769.98818359375,
        23959.963671875
    ],
    "15": [
        14123.881026105182,
        12040.054211128048
    ],
    "16": [
        4717.279822716346,
        1450.0317178872915
    ],
    "17": [
        1523.3087772855572,
        7219.011919806985
    ],
    "18": [
        12674.928877160904,
        1405.6607847822474
    ],
    "19": [
        16653.99025390625,
        3157.023738822937
    ]
}