{
    "0": [
        1931.996992488866,
        10859.496391875517
    ],
    "1": [
        7425.889711234826,
        17353.361398611796
    ],
    "2": [
        19362.52306263371,
        1945.0242413262356
    ],
    "3": [
        1019.9727500193369,
        1607.3506544425356
    ],
    "4": [
        14396.608685269382,
        14254.578539905653
    ],
    "5": [
        6265.0698388409,
        6399.391443676133
    ],
    "6": [
        10483.710183801468,
        2134.1765618290824
    ],
    "7": [
        20638.588612432064,
        21129.145615593647
    ],
    "8": [
        11646.172362163901,
        23064.579635655035
    ],
    "9": [
        1607.1117199497576,
        5995.844097807831
    ],
    "10": [
        7026.372393745252,
        1590.7648065325218
    ],
    "11": [
        2646.055069432981,
        23172.480816761363
    ],
    "12": [
        1889.395077340403,
        16349.992656462131
    ],
    "13": [
        24675.425208425353,
        3398.3768829642513
    ],
    "14": [
        17906.585061167214,
        7595.294907653216
    ],
    "15": [
        7680.550790599163,
        11655.629751924227
    ],
    "16": [
        14646.347831144227,
        2092.580661665607
    ],
    "17": [
        11921.539761744376,
        7430.011826748477
    ],
    "18": [
        23000.032662898935,
        12755.258708259456
    ],
    "19": [
        3820.0658896375976,
        1788.1494827072027
    ]
}