{
    "0": [
        3443.7083485921225,
        6003.140407986111
    ],
    "1": [
        24022.739222935266,
        12056.585083007813
    ],
    "2": [
        1518.3828702458366,
        1520.2306496625888
    ],
    "3": [
        10402.679298603429,
        11969.475343957412
    ],
    "4": [
        468.298324723009,
        2051.1524126912645
    ],
    "5": [
        14803.3926775897,
        6656.725034360533
    ],
    "6": [
        3242.4486070998173,
        18255.92256067154
    ],
    "7": [
        16728.760318396227,
        3433.594155365566
    ],
    "8": [
        7542.340087890625,
        13097.913929332386
    ],
    "9": [
        17089.519927978516,
        16986.670974731445
    ],
    "10": [
        825.7749666400723,
        7679.467780266608
    ],
    "11": [
        4962.688506208147,
        4155.073695591518
    ],
    "12": [
        17780.893457998143,
        6750.212803604579
    ],
    "13": [
        5932.557289123535,
        20453.079650878906
    ],
    "14": [
        4048.165969537229,
        529.6189104799105
    ],
    "15": [
        6466.970547970211,
        16901.366064909464
    ],
    "16": [
        25428.681568287036,
        16195.938566984954
    ],
    "17": [
        25553.25711495536,
        1184.1000769762766
    ],
    "18": [
        16455.815735598644,
        10175.591490963856
    ],
    "19": [
        9044.909054778343,
        677.083285053109
    ],
    "20": [
        768.2017979663715,
        6212.266998469481
    ],
    "21": [
        7498.1838227668695,
        10191.701422497235
    ],
    "22": [
        14086.083304073034,
        12827.161308374298
    ],
    "23": [
        701.822334712508,
        4773.79137011167
    ],
    "24": [
        17182.1162109375,
        25199.79486607143
    ],
    "25": [
        1918.3650857220177,
        21050.63025210084
    ],
    "26": [
        19857.71306423611,
        4377.278738064236
    ],
    "27": [
        6421.881618923611,
        2620.4839856515523
    ],
    "28": [
        544.1717644223461,
        532.3675452884199
    ],
    "29": [
        12745.454781668526,
        9434.324951171875
    ],
    "30": [
        7422.618060232579,
        861.3518045743307
    ],
    "31": [
        9645.134424260232,
        19842.36673810841
    ],
    "32": [
        14090.565926387393,
        3771.8167787749194
    ],
    "33": [
        5802.494227375476,
        610.2441321484329
    ],
    "34": [
        9820.362153282462,
        8539.001146893168
    ],
    "35": [
        1320.6906346311473,
        23743.300327493685
    ],
    "36": [
        1028.1822354587719,
        10757.799741456834
    ],
    "37": [
        4737.6205855389035,
        13950.919044961734
    ],
    "38": [
        18468.13427734375,
        954.8128856271505
    ],
    "39": [
        7187.70905219184,
        4437.02146742079
    ],
    "40": [
        2824.9536468710676,
        7569.165927144505
    ],
    "41": [
        21894.06866939484,
        1415.0709305925975
    ],
    "42": [
        9092.449296486318,
        2718.705814190765
    ],
    "43": [
        10885.408804510946,
        932.09167792164
    ],
    "44": [
        6423.257389719894,
        24127.888338414636
    ],
    "45": [
        20150.34113769531,
        9365.483660888673
    ],
    "46": [
        2942.6500464906085,
        15234.393804022606
    ],
    "47": [
        764.7345707658994,
        12397.440860037077
    ],
    "48": [
        1875.4313750824372,
        3153.735844599736
    ],
    "49": [
        14306.652253803453,
        21104.99796977796
    ],
    "50": [
        5130.773115370009,
        8757.637081570096
    ],
    "51": [
        2285.5047126873587,
        416.8976272576535
    ],
    "52": [
        11753.05131199049,
        3217.4877699699955
    ],
    "53": [
        792.1942465231591,
        16214.433754832475
    ],
    "54": [
        18929.538443216465,
        13245.191203791921
    ],
    "55": [
        7968.417255108173,
        7389.994880558894
    ],
    "56": [
        15511.811400669643,
        1069.1896162714277
    ],
    "57": [
        900.8870831271013,
        14116.640893554688
    ],
    "58": [
        3082.4531150059393,
        9764.719498126828
    ],
    "59": [
        11994.238961641906,
        6073.286268890881
    ],
    "60": [
        5081.720923330269,
        11494.714604396446
    ],
    "61": [
        2581.5367972458466,
        4758.164699119858
    ],
    "62": [
        22803.81815905449,
        6401.927437024239
    ],
    "63": [
        9522.897936934945,
        5061.795109203027
    ],
    "64": [
        23614.358642578125,
        23344.780822753906
    ],
    "65": [
        12988.583961664244,
        16285.654671602471
    ],
    "66": [
        4670.016358748726,
        2044.8209022853684
    ],
    "67": [
        9742.187168337265,
        15295.840442585495
    ],
    "68": [
        801.0192484126508,
        18509.405453580097
    ],
    "69": [
        3481.9169619064924,
        3237.4181598988616
    ],
    "70": [
        13079.997578729059,
        1012.5438755812104
    ],
    "71": [
        2847.8993460056,
        12269.108795976217
    ],
    "72": [
        10726.5945703125,
        25843.9609765625
    ],
    "73": [
        2979.300493382696,
        1633.6407343166977
    ],
    "74": [
        2393.0264571507773,
        27077.8037109375
    ],
    "75": [
        873.4886556673961,
        9075.153506916799
    ],
    "76": [
        463.89419729934707,
        3407.1674668105334
    ],
    "77": [
        26307.364722079918,
        5637.5384501472845
    ],
    "78": [
        5729.806080537684,
        6320.270145909926
    ],
    "79": [
        20710.711983816964,
        18659.970284598214
    ]
}