{
    "0": [
        2378.271098811452,
        7120.631186880716
    ],
    "1": [
        6324.380699099475,
        6018.07864682729
    ],
    "2": [
        14311.456208304073,
        12396.926867538623
    ],
    "3": [
        1528.5715483401684,
        25974.418384308512
    ],
    "4": [
        11184.976453993055,
        708.5362495669613
    ],
    "5": [
        9249.38966480447,
        643.7387461995279
    ],
    "6": [
        10270.407515285326,
        11901.923539402174
    ],
    "7": [
        15424.229387822043,
        952.2594047211509
    ],
    "8": [
        662.3772516764632,
        5330.584920620699
    ],
    "9": [
        7426.300600298713,
        753.6425945899066
    ],
    "10": [
        13025.300079641991,
        9679.308186058859
    ],
    "11": [
        1465.6478463900942,
        18744.385358537947
    ],
    "12": [
        16573.101981026786,
        3406.291151397082
    ],
    "13": [
        1092.1017928052831,
        16233.031438078704
    ],
    "14": [
        13534.7962890625,
        25186.05401278409
    ],
    "15": [
        14817.26169338474,
        16547.0711622362
    ],
    "16": [
        19874.212336359797,
        16474.863439611487
    ],
    "17": [
        9930.66611919981,
        2633.2983675870028
    ],
    "18": [
        21412.598291603917,
        1279.0243656060782
    ],
    "19": [
        13708.592685797275,
        7294.661571013622
    ],
    "20": [
        1951.7539376740408,
        1913.345813109143
    ],
    "21": [
        5640.072946016906,
        8207.556724673412
    ],
    "22": [
        9806.602171642946,
        9100.19080677599
    ],
    "23": [
        7127.607171967274,
        10468.985328494095
    ],
    "24": [
        10934.531728108725,
        6649.549102783203
    ],
    "25": [
        8251.691124131945,
        2459.61820384838
    ],
    "26": [
        22878.463363155242,
        7582.386655745968
    ],
    "27": [
        2697.588845110954,
        5039.09487720246
    ],
    "28": [
        22239.86318359375,
        4385.035909016927
    ],
    "29": [
        588.2828252561276,
        578.3131270687396
    ],
    "30": [
        1313.9977692365646,
        22217.033854166668
    ],
    "31": [
        3959.8222008293837,
        568.9809029582552
    ],
    "32": [
        11908.7869140625,
        4569.633001443614
    ],
    "33": [
        2270.506869057352,
        518.3094336570696
    ],
    "34": [
        5775.1212382413905,
        603.9223068830918
    ],
    "35": [
        824.869168212362,
        3664.587904424253
    ],
    "36": [
        25607.547413793105,
        16120.873147898707
    ],
    "37": [
        4285.93927921661,
        6346.3596693065065
    ],
    "38": [
        19367.001819957386,
        8955.426580255682
    ],
    "39": [
        7472.1518795814045,
        20070.87282986111
    ],
    "40": [
        631.2448724852018,
        7260.3488245302915
    ],
    "41": [
        16766.694766773897,
        7330.220741421569
    ],
    "42": [
        7712.726590064264,
        13838.61943201865
    ],
    "43": [
        9239.557122171336,
        4820.306689453125
    ],
    "44": [
        14077.389927455357,
        2451.889358956473
    ],
    "45": [
        4038.3110268332744,
        20891.46746271307
    ],
    "46": [
        4352.617135972833,
        1977.793184059948
    ],
    "47": [
        7034.107686647227,
        4118.535061688491
    ],
    "48": [
        17435.888614430147,
        1015.6118914753783
    ],
    "49": [
        5091.3878594406515,
        12605.067776720063
    ],
    "50": [
        11230.786988467262,
        15129.378822544642
    ],
    "51": [
        862.6747024286999,
        11189.52705846208
    ],
    "52": [
        6719.77187738186,
        27543.56102324695
    ],
    "53": [
        26886.263243140245,
        1398.8765026418175
    ],
    "54": [
        16789.349411423143,
        20786.93018897804
    ],
    "55": [
        23913.554265202703,
        1137.1112709754223
    ],
    "56": [
        26356.43783674569,
        5848.138617153825
    ],
    "57": [
        833.8304334865527,
        9014.408255244909
    ],
    "58": [
        17687.204573006464,
        12257.024391612787
    ],
    "59": [
        11926.398307291667,
        2362.915550595238
    ],
    "60": [
        11166.524966032608,
        20396.658181895382
    ],
    "61": [
        2779.6641959256904,
        11481.357603561046
    ],
    "62": [
        6777.865840314383,
        23713.7855092244
    ],
    "63": [
        518.9036556890958,
        2096.498279288346
    ],
    "64": [
        5231.08024468823,
        17211.63663660923
    ],
    "65": [
        2820.6659622757525,
        9069.154369212964
    ],
    "66": [
        874.0531253289369,
        13597.729801156427
    ],
    "67": [
        19244.309331597222,
        960.1488624519772
    ],
    "68": [
        14450.373924794823,
        5103.980330650253
    ],
    "69": [
        6062.909990026596,
        2451.1454861688276
    ],
    "70": [
        3376.2898952907985,
        14485.039048032408
    ],
    "71": [
        13160.236405629961,
        704.6703046200768
    ],
    "72": [
        8352.201563979641,
        7505.753262606534
    ],
    "73": [
        19129.969324448528,
        4788.001864564185
    ],
    "74": [
        22649.471898915817,
        22757.924585459183
    ],
    "75": [
        8537.957168970353,
        17143.1399989984
    ],
    "76": [
        4830.157628312895,
        4023.0347081437894
    ],
    "77": [
        2898.218008457929,
        3241.404751481681
    ],
    "78": [
        22939.757782451925,
        12128.880408653846
    ],
    "79": [
        4345.96356355042,
        9856.629160648634
    ]
}