{
    "0": [
        12842.370390050552,
        15685.931590360753
    ],
    "1": [
        20401.54123813291,
        16072.897374406646
    ],
    "2": [
        2168.605512868539,
        683.7297607984088
    ],
    "3": [
        20359.424260853295,
        1104.9626266513756
    ],
    "4": [
        7549.025248865927,
        7464.383388536867
    ],
    "5": [
        10518.286881345177,
        7813.360215240324
    ],
    "6": [
        18986.58954944349,
        20789.92358732877
    ],
    "7": [
        9509.368783244681,
        5280.876096035572
    ],
    "8": [
        17425.0693359375,
        25351.212543402777
    ],
    "9": [
        8637.697576503027,
        2714.5301872702207
    ],
    "10": [
        5544.86705801105,
        13808.52605425587
    ],
    "11": [
        6277.373873697917,
        2720.443006591797
    ],
    "12": [
        11208.79529587766,
        3473.987166514295
    ],
    "13": [
        7386.751133661684,
        18987.372010869567
    ],
    "14": [
        751.5414265516278,
        3834.7646989676946
    ],
    "15": [
        954.0320923243587,
        14184.558894824604
    ],
    "16": [
        5404.246714809485,
        727.6433977683386
    ],
    "17": [
        937.5152309292855,
        9904.803160353302
    ],
    "18": [
        16210.774287683824,
        3177.7323716107535
    ],
    "19": [
        17610.015927269345,
        10464.662721664186
    ],
    "20": [
        13965.714768182665,
        3484.936249505906
    ],
    "21": [
        12477.787658998115,
        5752.807170618718
    ],
    "22": [
        2429.5388745977302,
        2444.3849098598407
    ],
    "23": [
        3731.0534677580586,
        11902.348148375984
    ],
    "24": [
        14252.655820904356,
        11886.204915364584
    ],
    "25": [
        904.8019074204649,
        7839.66474031973
    ],
    "26": [
        11796.721199682202,
        26482.967194120763
    ],
    "27": [
        25712.843211206895,
        10671.737321524784
    ],
    "28": [
        5750.7927480844355,
        9751.418241060697
    ],
    "29": [
        16026.148216011597,
        17598.055200950388
    ],
    "30": [
        11900.733807538007,
        9952.540085251267
    ],
    "31": [
        25268.27318548387,
        15515.265246975807
    ],
    "32": [
        15810.397829861111,
        6319.019352213541
    ],
    "33": [
        12946.01864126219,
        982.613056247116
    ],
    "34": [
        23878.7646484375,
        25955.50830078125
    ],
    "35": [
        6269.717009171196,
        26708.264945652172
    ],
    "36": [
        23331.84237989739,
        1329.734656184467
    ],
    "37": [
        14295.335824819711,
        8422.852644230768
    ],
    "38": [
        3050.530389279735,
        6710.951695033482
    ],
    "39": [
        5768.518036511479,
        16631.65359933036
    ],
    "40": [
        3115.4344482421875,
        15003.7588998067
    ],
    "41": [
        757.6534256763574,
        5856.991831411967
    ],
    "42": [
        17010.270438878677,
        13914.847817095588
    ],
    "43": [
        10867.413792304842,
        951.2780512406421
    ],
    "44": [
        22087.823980564026,
        4447.9132705316315
    ],
    "45": [
        8599.50274426424,
        15220.121112292325
    ],
    "46": [
        18662.609216638513,
        3884.9418631888725
    ],
    "47": [
        7148.039975821253,
        790.9196021208562
    ],
    "48": [
        22424.766493055555,
        7792.934900765467
    ],
    "49": [
        664.7723653431098,
        2048.195367817266
    ],
    "50": [
        13257.386039402174,
        22007.29598335598
    ],
    "51": [
        17749.560994286894,
        1024.5056977103986
    ],
    "52": [
        4526.867473196476,
        23526.310110538565
    ],
    "53": [
        21337.178186677633,
        11802.144027549342
    ],
    "54": [
        7196.285853232107,
        5028.289479901714
    ],
    "55": [
        8971.311210766173,
        22149.68671189693
    ],
    "56": [
        3726.0231846639554,
        615.5104509930088
    ],
    "57": [
        1012.8158728891894,
        19467.041015625
    ],
    "58": [
        10661.893880208334,
        12662.238575268817
    ],
    "59": [
        26753.297182233146,
        1430.237243438035
    ],
    "60": [
        15281.98920489532,
        771.6141176810993
    ],
    "61": [
        5237.614138430961,
        7023.406856587279
    ],
    "62": [
        9040.531304053275,
        782.6487750688162
    ],
    "63": [
        915.032842675214,
        16806.6334015377
    ],
    "64": [
        2734.717360705864,
        4526.079860035966
    ],
    "65": [
        7473.144926390896,
        12026.502782920881
    ],
    "66": [
        4315.357260862012,
        2479.8598262108176
    ],
    "67": [
        26028.351953125,
        5812.427569580078
    ],
    "68": [
        1401.064390692698,
        22478.31397545856
    ],
    "69": [
        1340.111816265272,
        26088.00968070652
    ],
    "70": [
        596.0290949887675,
        563.3536938885379
    ],
    "71": [
        8727.550841906055,
        9778.39314222632
    ],
    "72": [
        18990.418169806984,
        7292.901905732996
    ],
    "73": [
        1016.7022297128632,
        11947.508535024283
    ],
    "74": [
        4865.982549252717,
        4684.201912462113
    ],
    "75": [
        24986.51787109375,
        20684.086279296876
    ],
    "76": [
        4408.708429117119,
        20178.50044939159
    ],
    "77": [
        3202.789131336642,
        17867.0273143797
    ],
    "78": [
        10397.777860278926,
        18303.956918259297
    ],
    "79": [
        3152.6331390881146,
        9158.992214715676
    ]
}