{
    "0": [
        17917.340874565973,
        1338.0602281358506
    ],
    "1": [
        2217.408872331892,
        11495.983816964286
    ],
    "2": [
        24846.475060096152,
        9153.391751802885
    ],
    "3": [
        6396.924525669643,
        18954.238420758928
    ],
    "4": [
        5106.0991853412825,
        10218.54289165296
    ],
    "5": [
        21645.613467261905,
        1813.80504826137
    ],
    "6": [
        3954.0811543367345,
        7294.132045200893
    ],
    "7": [
        7329.980698529412,
        3363.3774868834253
    ],
    "8": [
        1895.5653142929077,
        26241.340576171875
    ],
    "9": [
        8817.938802083334,
        15296.446614583334
    ],
    "10": [
        893.2750020585954,
        9245.714975992838
    ],
    "11": [
        2947.748939997033,
        1261.105416056476
    ],
    "12": [
        7528.048238118489,
        23957.464192708332
    ],
    "13": [
        8717.12143049569,
        998.4909595374403
    ],
    "14": [
        5396.607036072531,
        1254.7777462476565
    ],
    "15": [
        14939.095928485576,
        24695.615234375
    ],
    "16": [
        11630.531519396553,
        8910.476343615303
    ],
    "17": [
        7260.012396364796,
        7372.8321308992345
    ],
    "18": [
        16954.625553385416,
        17231.68125
    ],
    "19": [
        1180.4702504873276,
        13965.970805921053
    ],
    "20": [
        14832.532822027439,
        1166.3244012972204
    ],
    "21": [
        20902.26513671875,
        23682.255859375
    ],
    "22": [
        24130.2314453125,
        16571.46494140625
    ],
    "23": [
        980.667810633631,
        3291.5395314433786
    ],
    "24": [
        1111.3387805889179,
        6150.9718509030035
    ],
    "25": [
        3871.810446817367,
        4208.4282987000515
    ],
    "26": [
        12800.180517578125,
        13346.80537109375
    ],
    "27": [
        25821.87158203125,
        1970.9873553117116
    ],
    "28": [
        11714.47935267857,
        19518.792550223214
    ],
    "29": [
        8145.204840244391,
        11334.943384415064
    ],
    "30": [
        15588.23486328125,
        8843.599459134615
    ],
    "31": [
        2088.910334833207,
        21910.446887600807
    ],
    "32": [
        4523.758761935764,
        14484.443088107639
    ],
    "33": [
        20182.123119212964,
        5324.039071542245
    ],
    "34": [
        10456.253500884433,
        4785.035165462854
    ],
    "35": [
        19378.629296875,
        11783.11318359375
    ],
    "36": [
        14602.01006610577,
        4908.32418744992
    ],
    "37": [
        2055.141981818459,
        17685.948885830967
    ],
    "38": [
        11870.550397600446,
        1329.28122988769
    ],
    "39": [
        902.0143192575333,
        855.742850539215
    ]
}