{
    "0": [
        8664.451232910156,
        1631.7266311645508
    ],
    "1": [
        25321.68798828125,
        15621.69091796875
    ],
    "2": [
        14918.630777994791,
        16675.344563802082
    ],
    "3": [
        13413.091715494791,
        5284.0556233723955
    ],
    "4": [
        370.52723901922053,
        1297.553505637429
    ],
    "5": [
        9354.671243106617,
        20591.614545036766
    ],
    "6": [
        3267.3960876464844,
        8736.489990234375
    ],
    "7": [
        5078.206787109375,
        6036.762776692708
    ],
    "8": [
        697.838972568512,
        8884.709147135416
    ],
    "9": [
        2405.3990376790366,
        4988.38232421875
    ],
    "10": [
        388.33917117118835,
        2277.0847676595054
    ],
    "11": [
        558.2828856574165,
        10156.438042534723
    ],
    "12": [
        3544.4640066964284,
        4343.693394252232
    ],
    "13": [
        418.5983639526367,
        397.7650720214844
    ],
    "14": [
        3025.2430284288193,
        6718.419162326389
    ],
    "15": [
        4486.069912997159,
        2003.9072376598012
    ],
    "16": [
        10926.63166360294,
        5525.49165613511
    ],
    "17": [
        426.57504738701715,
        3559.7628038194443
    ],
    "18": [
        1758.209698016827,
        273.6361331939697
    ],
    "19": [
        13594.907421875,
        9091.67294921875
    ],
    "20": [
        10298.08837890625,
        2039.0433959960938
    ],
    "21": [
        13660.87827845982,
        12346.72279575893
    ],
    "22": [
        19996.94050480769,
        5385.110764723558
    ],
    "23": [
        9985.349254261364,
        8155.813520951705
    ],
    "24": [
        3609.5908203125,
        725.2339346749442
    ],
    "25": [
        4972.745947265625,
        21058.030859375
    ],
    "26": [
        7016.822048611111,
        10203.598198784723
    ],
    "27": [
        10928.293511284723,
        14900.318250868055
    ],
    "28": [
        9511.55390625,
        16895.8232421875
    ],
    "29": [
        3082.3920288085938,
        10390.03662109375
    ],
    "30": [
        8573.99658203125,
        15325.4203125
    ],
    "31": [
        2343.7362467447915,
        1119.2093912760417
    ],
    "32": [
        4338.024576822917,
        8338.239827473959
    ],
    "33": [
        4734.370738636364,
        4254.316739169034
    ],
    "34": [
        4442.488818359375,
        9908.5173828125
    ],
    "35": [
        12005.727294921875,
        22113.7490234375
    ],
    "36": [
        2278.1568775177,
        21650.284071180555
    ],
    "37": [
        6571.10009765625,
        16473.71796875
    ],
    "38": [
        17793.88427734375,
        25455.319661458332
    ],
    "39": [
        10963.846110026041,
        390.43517033259076
    ],
    "40": [
        18648.72119140625,
        11682.829833984375
    ],
    "41": [
        1294.8662902832032,
        1892.697216796875
    ],
    "42": [
        2168.909469604492,
        3100.2701110839844
    ],
    "43": [
        4958.680148654514,
        16921.960069444445
    ],
    "44": [
        21854.952473958332,
        1102.428931342231
    ],
    "45": [
        6593.6316324869795,
        1714.3060709635417
    ],
    "46": [
        866.0374625069754,
        4683.262834821428
    ],
    "47": [
        4862.890342310855,
        934.5788664566843
    ],
    "48": [
        3347.498833550347,
        3140.0361056857637
    ],
    "49": [
        926.6434020996094,
        11649.594401041666
    ],
    "50": [
        1464.6259460449219,
        12525.872802734375
    ],
    "51": [
        19712.388020833332,
        19153.2060546875
    ],
    "52": [
        18804.12925091912,
        751.0194405948414
    ],
    "53": [
        883.7819463941786,
        18013.23904079861
    ],
    "54": [
        2150.7628716362847,
        9548.939344618055
    ],
    "55": [
        2811.1747131347656,
        462.425968170166
    ],
    "56": [
        1643.6532156808037,
        3664.897443498884
    ],
    "57": [
        25070.430575284092,
        1345.4546869451349
    ],
    "58": [
        1410.735107421875,
        1163.6277669270833
    ],
    "59": [
        2065.2894287109375,
        13295.620361328125
    ],
    "60": [
        3380.83935546875,
        26414.54736328125
    ],
    "61": [
        10220.283081054688,
        11139.573974609375
    ],
    "62": [
        9384.843098958334,
        3294.3116319444443
    ],
    "63": [
        4393.869140625,
        13184.82109375
    ],
    "64": [
        7708.806884765625,
        18425.0138671875
    ],
    "65": [
        667.4704988919772,
        7579.958158052885
    ],
    "66": [
        6727.792829241072,
        14321.909737723214
    ],
    "67": [
        18050.1328125,
        7527.192826704545
    ],
    "68": [
        2292.1697110262785,
        7682.444691051136
    ],
    "69": [
        5769.1466796875,
        7110.945703125
    ],
    "70": [
        1634.9025573730469,
        6479.273986816406
    ],
    "71": [
        3719.2681803385417,
        19376.299348958335
    ],
    "72": [
        6076.155412946428,
        512.8286819458008
    ],
    "73": [
        3480.552908761161,
        14799.923409598214
    ],
    "74": [
        3316.06640625,
        2180.1649169921875
    ],
    "75": [
        12782.73193359375,
        598.5725708007813
    ],
    "76": [
        4581.178466796875,
        11242.774658203125
    ],
    "77": [
        7609.287570529514,
        573.4654584460789
    ],
    "78": [
        9320.00390625,
        12788.846875
    ],
    "79": [
        7406.32880859375,
        23994.608984375
    ],
    "80": [
        497.49413681030273,
        5491.843444824219
    ],
    "81": [
        1375.0522831508092,
        24705.734933035714
    ],
    "82": [
        8085.3074951171875,
        4094.196492513021
    ],
    "83": [
        564.4381313323975,
        13842.521362304688
    ],
    "84": [
        12950.10099712171,
        2508.424695466694
    ],
    "85": [
        8275.549967447916,
        8594.224609375
    ],
    "86": [
        5592.85986328125,
        9137.290690104166
    ],
    "87": [
        133.90470504760742,
        15263.9912109375
    ],
    "88": [
        2000.8419799804688,
        13911.85302734375
    ],
    "89": [
        2482.6383231026784,
        11438.21595982143
    ],
    "90": [
        7174.2322265625,
        5903.930729166666
    ],
    "91": [
        4015.0247192382813,
        390.8813991546631
    ],
    "92": [
        6215.019205729167,
        12114.220377604166
    ],
    "93": [
        8764.358575994318,
        232.50428511879662
    ],
    "94": [
        3788.4673073508525,
        5562.605513139205
    ],
    "95": [
        7955.862646484375,
        12505.8673828125
    ],
    "96": [
        15497.900442023027,
        1142.9456365484941
    ],
    "97": [
        24351.060752467107,
        7685.9685701069075
    ],
    "98": [
        5293.231489701705,
        3285.154940518466
    ],
    "99": [
        16629.97983685662,
        3359.930965647978
    ]
}