{
    "0": [
        6486.4462890625,
        5098.2119140625
    ],
    "1": [
        19349.5390625,
        4344.2294921875
    ],
    "2": [
        9060.958984375,
        9357.83203125
    ],
    "3": [
        3927.88916015625,
        13194.970703125
    ],
    "4": [
        4165.73779296875,
        13361.0400390625
    ],
    "5": [
        8924.1728515625,
        1336.4346923828125
    ],
    "6": [
        1856.0013427734375,
        2829.87158203125
    ],
    "7": [
        8001.72021484375,
        1789.7457275390625
    ],
    "8": [
        1792.216064453125,
        6555.36865234375
    ],
    "9": [
        13003.720703125,
        247.64288330078125
    ],
    "10": [
        3602.775146484375,
        5496.59912109375
    ],
    "11": [
        10162.8359375,
        7931.34130859375
    ],
    "12": [
        14527.5966796875,
        1189.345458984375
    ],
    "13": [
        2528.46435546875,
        4584.19580078125
    ],
    "14": [
        51.725566387176514,
        8984.49951171875
    ],
    "15": [
        1288.7857666015625,
        1836.875
    ],
    "16": [
        11275.689453125,
        15003.5244140625
    ],
    "17": [
        5046.47119140625,
        639.62158203125
    ],
    "18": [
        656.0218505859375,
        3740.4990234375
    ],
    "19": [
        1721.51806640625,
        2152.23486328125
    ],
    "20": [
        3322.98388671875,
        3073.491943359375
    ],
    "21": [
        11981.365234375,
        460.2572479248047
    ],
    "22": [
        10169.884765625,
        1895.2313232421875
    ],
    "23": [
        9926.8955078125,
        2645.872802734375
    ],
    "24": [
        2228.3857421875,
        9568.4150390625
    ],
    "25": [
        963.2384033203125,
        1051.6942138671875
    ],
    "26": [
        7397.7939453125,
        597.6200561523438
    ],
    "27": [
        6286.91845703125,
        9407.0908203125
    ],
    "28": [
        25093.73828125,
        6628.248046875
    ],
    "29": [
        4974.82275390625,
        156.35214233398438
    ],
    "30": [
        13095.7333984375,
        13304.3125
    ],
    "31": [
        5271.06884765625,
        1172.3472900390625
    ],
    "32": [
        254.88873291015625,
        8230.2314453125
    ],
    "33": [
        817.7203369140625,
        10330.3076171875
    ],
    "34": [
        2234.299560546875,
        1178.6820068359375
    ],
    "35": [
        18618.8779296875,
        6321.641845703125
    ],
    "36": [
        22182.31640625,
        9138.525390625
    ],
    "37": [
        2454.919189453125,
        2862.063720703125
    ],
    "38": [
        4669.04833984375,
        882.4178466796875
    ],
    "39": [
        605.3232421875,
        4744.64599609375
    ],
    "40": [
        2049.8603515625,
        9836.0888671875
    ],
    "41": [
        3398.240966796875,
        9150.28125
    ],
    "42": [
        22150.244140625,
        444.54864501953125
    ],
    "43": [
        11283.10009765625,
        5414.261474609375
    ],
    "44": [
        1372.733154296875,
        9.330373764038086
    ],
    "45": [
        3305.10009765625,
        8415.943359375
    ],
    "46": [
        16562.455078125,
        296.6864318847656
    ],
    "47": [
        8692.1396484375,
        6319.14892578125
    ],
    "48": [
        13463.9970703125,
        8952.8349609375
    ],
    "49": [
        1742.735107421875,
        13244.35400390625
    ],
    "50": [
        3907.13037109375,
        14581.15234375
    ],
    "51": [
        5584.03173828125,
        7345.771484375
    ],
    "52": [
        4514.029296875,
        3381.302001953125
    ],
    "53": [
        718.0714721679688,
        13884.375
    ],
    "54": [
        16648.0859375,
        19998.70703125
    ],
    "55": [
        19151.32421875,
        8829.1044921875
    ],
    "56": [
        3848.259765625,
        728.0377197265625
    ],
    "57": [
        4599.580078125,
        3406.619384765625
    ],
    "58": [
        345.19781494140625,
        1310.8994140625
    ],
    "59": [
        7.529618263244629,
        2420.477783203125
    ],
    "60": [
        500.54022216796875,
        3087.683837890625
    ],
    "61": [
        1132.8438186645508,
        25273.681640625
    ],
    "62": [
        15395.15283203125,
        23817.5615234375
    ],
    "63": [
        11703.3193359375,
        11674.7841796875
    ],
    "64": [
        8172.63232421875,
        17700.23046875
    ],
    "65": [
        862.904296875,
        6061.23583984375
    ],
    "66": [
        16913.96923828125,
        16184.2470703125
    ],
    "67": [
        13380.67138671875,
        2446.6832275390625
    ],
    "68": [
        18072.9345703125,
        1210.5528564453125
    ],
    "69": [
        16829.669921875,
        534.53515625
    ],
    "70": [
        10715.18359375,
        19232.439453125
    ],
    "71": [
        4025.4677734375,
        4261.51318359375
    ],
    "72": [
        547.5143432617188,
        2590.000244140625
    ],
    "73": [
        794.255859375,
        3742.838134765625
    ],
    "74": [
        18616.134765625,
        13414.2275390625
    ],
    "75": [
        4017.65380859375,
        20382.012369791668
    ],
    "76": [
        714.0751342773438,
        8597.37109375
    ],
    "77": [
        201.94454956054688,
        6803.20068359375
    ],
    "78": [
        4835.596923828125,
        1734.4149780273438
    ],
    "79": [
        24110.70703125,
        14828.900390625
    ]
}