{
    "0": [
        15604.376789716136,
        3945.3548316499628
    ],
    "1": [
        7525.394940350507,
        26717.106023015203
    ],
    "2": [
        10147.651292741031,
        5817.476409227858
    ],
    "3": [
        7591.490773737981,
        2907.16006648137
    ],
    "4": [
        6900.10236430921,
        11659.086723889803
    ],
    "5": [
        26477.561478365384,
        12314.39852764423
    ],
    "6": [
        2642.184430028522,
        7860.970121837798
    ],
    "7": [
        874.1654344885957,
        19103.900007659315
    ],
    "8": [
        5806.799474767737,
        2544.5693641639687
    ],
    "9": [
        13838.903098366478,
        9466.50940557923
    ],
    "10": [
        1265.323140555904,
        15298.795693049355
    ],
    "11": [
        778.7965730175986,
        8680.5782991822
    ],
    "12": [
        8735.70351164805,
        10269.524082649887
    ],
    "13": [
        5689.116841920664,
        4546.992029324384
    ],
    "14": [
        9311.092803955078,
        2219.1598925590515
    ],
    "15": [
        10491.399887084961,
        8418.455881754557
    ],
    "16": [
        20696.987690172697,
        19710.186137952303
    ],
    "17": [
        3461.9715999580058,
        616.2249453778683
    ],
    "18": [
        6626.387038730053,
        9039.235638297872
    ],
    "19": [
        18335.833922511312,
        3178.4347437517677
    ],
    "20": [
        18479.810200352822,
        15101.997298702117
    ],
    "21": [
        12220.36873176299,
        886.6020280481821
    ],
    "22": [
        671.9405034398787,
        10335.186984963613
    ],
    "23": [
        2513.059193046138,
        9882.46303434552
    ],
    "24": [
        23955.059616815477,
        24654.767764136905
    ],
    "25": [
        16517.480192843865,
        1173.9933907250047
    ],
    "26": [
        23372.118523848683,
        9491.62537263569
    ],
    "27": [
        18268.164352829393,
        24210.86449535473
    ],
    "28": [
        3435.7340963224087,
        17629.23593273628
    ],
    "29": [
        4457.659628785686,
        8284.777657214507
    ],
    "30": [
        20549.454977964742,
        7262.92441030649
    ],
    "31": [
        19845.098307291668,
        11573.429604227229
    ],
    "32": [
        5860.695232780612,
        21042.30839445153
    ],
    "33": [
        555.6658397453418,
        7178.267650305706
    ],
    "34": [
        603.4625365158113,
        4115.091569753794
    ],
    "35": [
        3171.9981822318773,
        20773.882560055274
    ],
    "36": [
        2064.475321132935,
        3329.2134699806525
    ],
    "37": [
        12621.03339092548,
        18790.867998798076
    ],
    "38": [
        26045.249373525945,
        18741.648234817218
    ],
    "39": [
        12951.154903527462,
        26452.12227746212
    ],
    "40": [
        17764.140646822627,
        5793.027630171962
    ],
    "41": [
        759.6371984701408,
        11919.160769072621
    ],
    "42": [
        5167.726385366945,
        651.32013809937
    ],
    "43": [
        4718.423546856999,
        12522.682041150634
    ],
    "44": [
        10347.320445943324,
        690.5646903040987
    ],
    "45": [
        3998.9961762886455,
        14818.51189251557
    ],
    "46": [
        5930.371699892241,
        6668.763849601892
    ],
    "47": [
        914.587007016926,
        21601.78654060783
    ],
    "48": [
        9491.185453142438,
        13318.156188964844
    ],
    "49": [
        17627.663241708204,
        8818.656022335123
    ],
    "50": [
        7433.840215226715,
        5241.352935431985
    ],
    "51": [
        1159.5111308904795,
        24227.745372596153
    ],
    "52": [
        8300.658038943095,
        7431.499562892331
    ],
    "53": [
        1574.3497442452594,
        27229.371448863636
    ],
    "54": [
        1618.801740986592,
        1790.9625588906779
    ],
    "55": [
        2684.439085188687,
        12099.913934822218
    ],
    "56": [
        618.6908482734855,
        5515.63527782781
    ],
    "57": [
        12496.379947916666,
        4870.702663845486
    ],
    "58": [
        18688.569787367334,
        769.5806831100358
    ],
    "59": [
        8727.995057091346,
        19547.875946514425
    ],
    "60": [
        8372.157542089273,
        651.5759166730078
    ],
    "61": [
        21159.296772801597,
        4293.326773710029
    ],
    "62": [
        11230.157446289062,
        3062.0180435180664
    ],
    "63": [
        24176.752256944445,
        4852.300531684028
    ],
    "64": [
        27005.809782608696,
        7034.001231317935
    ],
    "65": [
        16746.574324065565,
        19186.848824295343
    ],
    "66": [
        5836.117015742776,
        17562.41014152795
    ],
    "67": [
        839.9086801761805,
        16932.870866642443
    ],
    "68": [
        412.25222602168816,
        1677.6242953476747
    ],
    "69": [
        4482.095425612635,
        24138.311600719426
    ],
    "70": [
        6772.01592092803,
        14395.981539023043
    ],
    "71": [
        2417.581598321955,
        4776.996356952655
    ],
    "72": [
        9288.501212565105,
        22834.387548828126
    ],
    "73": [
        27234.04261924342,
        1627.5928682728818
    ],
    "74": [
        15858.830393536491,
        11870.345114761258
    ],
    "75": [
        8280.570869140625,
        16556.84115234375
    ],
    "76": [
        620.1181690602326,
        2907.2785979626224
    ],
    "77": [
        21263.867671535325,
        1142.65629885715
    ],
    "78": [
        9287.058303526606,
        4217.125626529556
    ],
    "79": [
        939.9273452018016,
        13575.895610772764
    ],
    "80": [
        3925.999670790545,
        5988.520402686791
    ],
    "81": [
        10937.716911315918,
        16106.408241271973
    ],
    "82": [
        15153.175354863557,
        15617.883679027289
    ],
    "83": [
        4695.43278933794,
        10287.59686748798
    ],
    "84": [
        4311.251308418319,
        2101.0280487608766
    ],
    "85": [
        11298.147264712325,
        10925.465195129966
    ],
    "86": [
        2884.73825970818,
        2016.506216773375
    ],
    "87": [
        12810.05736590826,
        13228.05682908443
    ],
    "88": [
        13623.437195384175,
        22271.610736811926
    ],
    "89": [
        24150.398145653737,
        1311.4027886281924
    ],
    "90": [
        2004.7328694661458,
        462.68131479105364
    ],
    "91": [
        15037.984674043062,
        6716.639933462919
    ],
    "92": [
        14405.873566060127,
        748.0307172393497
    ],
    "93": [
        12425.133324484223,
        7058.660992964958
    ],
    "94": [
        566.4054441399212,
        468.9792263175868
    ],
    "95": [
        22638.28076923077,
        15148.786996694711
    ],
    "96": [
        13743.438773936796,
        2892.7504180678748
    ],
    "97": [
        3949.836950683594,
        3686.7041885375975
    ],
    "98": [
        6770.748366865139,
        844.6639492112456
    ],
    "99": [
        1987.5856557286772,
        6319.609507166353
    ]
}