{
    "0": [
        23900.177734375,
        5316.384765625
    ],
    "1": [
        500.54022216796875,
        3087.683837890625
    ],
    "2": [
        2139.123046875,
        9702.251953125
    ],
    "3": [
        7.529618263244629,
        2420.477783203125
    ],
    "4": [
        201.94454956054688,
        6803.20068359375
    ],
    "5": [
        22150.244140625,
        444.54864501953125
    ],
    "6": [
        4509.610168457031,
        8552.90478515625
    ],
    "7": [
        6150.4853515625,
        4339.09375
    ],
    "8": [
        12754.349934895834,
        11310.643880208334
    ],
    "9": [
        7576.49853515625,
        5795.980712890625
    ],
    "10": [
        7397.7939453125,
        597.6200561523438
    ],
    "11": [
        1288.7857666015625,
        1836.875
    ],
    "12": [
        4025.4677734375,
        4261.51318359375
    ],
    "13": [
        180.94691467285156,
        26015.1328125
    ],
    "14": [
        3322.98388671875,
        3073.491943359375
    ],
    "15": [
        714.0751342773438,
        8597.37109375
    ],
    "16": [
        4974.82275390625,
        156.35214233398438
    ],
    "17": [
        7941.864013671875,
        9436.1953125
    ],
    "18": [
        3848.259765625,
        728.0377197265625
    ],
    "19": [
        1721.51806640625,
        2152.23486328125
    ],
    "20": [
        9443.907958984375,
        18466.3349609375
    ],
    "21": [
        414.65333890914917,
        9845.3916015625
    ],
    "22": [
        2234.299560546875,
        1178.6820068359375
    ],
    "23": [
        17384.49853515625,
        813.0818252563477
    ],
    "24": [
        893.7231241861979,
        790.6413338979086
    ],
    "25": [
        4556.8046875,
        3393.960693359375
    ],
    "26": [
        2454.919189453125,
        2862.063720703125
    ],
    "27": [
        13042.565104166666,
        1208.4782155354817
    ],
    "28": [
        24110.70703125,
        14828.900390625
    ],
    "29": [
        18862.51953125,
        7095.57470703125
    ],
    "30": [
        18133.837890625,
        14457.04150390625
    ],
    "31": [
        718.0714721679688,
        13884.375
    ],
    "32": [
        5271.06884765625,
        1172.3472900390625
    ],
    "33": [
        18511.9423828125,
        5296.738037109375
    ],
    "34": [
        2084.74072265625,
        24532.23046875
    ],
    "35": [
        16412.24169921875,
        18433.6728515625
    ],
    "36": [
        14483.6171875,
        23050.41796875
    ],
    "37": [
        5046.47119140625,
        639.62158203125
    ],
    "38": [
        20050.4296875,
        3642.69189453125
    ],
    "39": [
        16306.6884765625,
        24584.705078125
    ],
    "40": [
        11275.689453125,
        15003.5244140625
    ],
    "41": [
        5018.97900390625,
        19402.96484375
    ],
    "42": [
        1327.5601806640625,
        6308.30224609375
    ],
    "43": [
        8872.91455078125,
        6611.40771484375
    ],
    "44": [
        1856.0013427734375,
        2829.87158203125
    ],
    "45": [
        547.5143432617188,
        2590.000244140625
    ],
    "46": [
        685.2003173828125,
        4075.994384765625
    ],
    "47": [
        26287.298828125,
        7940.111328125
    ],
    "48": [
        4000.25244140625,
        13712.3876953125
    ],
    "49": [
        173.37676239013672,
        8419.37744140625
    ],
    "50": [
        11283.10009765625,
        5414.261474609375
    ],
    "51": [
        9255.668334960938,
        1916.8211364746094
    ],
    "52": [
        20666.8203125,
        8983.81494140625
    ],
    "53": [
        10162.8359375,
        7931.34130859375
    ],
    "54": [
        4762.31494140625,
        1936.7413330078125
    ],
    "55": [
        3065.6197509765625,
        5040.3974609375
    ],
    "56": [
        4908.87890625,
        1532.088623046875
    ],
    "57": [
        3516.9912109375,
        20871.5361328125
    ],
    "58": [
        4669.04833984375,
        882.4178466796875
    ],
    "59": [
        1742.735107421875,
        13244.35400390625
    ]
}