{
    "0": [
        9823.063373766447,
        8989.06428393983
    ],
    "1": [
        19869.152593397557,
        11651.257085585057
    ],
    "2": [
        7864.056663487667,
        3048.622889285901
    ],
    "3": [
        9333.640673027663,
        22699.752017161885
    ],
    "4": [
        18424.527685072815,
        3234.2816019891534
    ],
    "5": [
        26477.561478365384,
        12314.39852764423
    ],
    "6": [
        6561.082424747243,
        26330.793910845587
    ],
    "7": [
        6103.114981107623,
        6911.239910375292
    ],
    "8": [
        3410.329172257897,
        746.037899073937
    ],
    "9": [
        23955.059616815477,
        24654.767764136905
    ],
    "10": [
        24237.408169058865,
        1297.272220262348
    ],
    "11": [
        12463.476634837964,
        13704.868121865355
    ],
    "12": [
        555.6478925256438,
        465.53089441878075
    ],
    "13": [
        5308.707141572961,
        5306.77463470842
    ],
    "14": [
        21371.351235506223,
        1124.9702686939843
    ],
    "15": [
        8350.412152325665,
        7161.486952039931
    ],
    "16": [
        4819.1895645805025,
        10322.698429008153
    ],
    "17": [
        1457.9922021238428,
        27270.101521381577
    ],
    "18": [
        11571.89374593099,
        3396.204241943359
    ],
    "19": [
        1898.0498912517842,
        1857.8619651794434
    ],
    "20": [
        2913.707863181338,
        12100.294979888615
    ],
    "21": [
        1181.3370510866057,
        15282.576009728773
    ],
    "22": [
        654.7529107302828,
        2931.358532003223
    ],
    "23": [
        18919.71292051977,
        802.8297191105631
    ],
    "24": [
        27005.809782608696,
        7034.001231317935
    ],
    "25": [
        15767.524685016257,
        12173.205281340317
    ],
    "26": [
        4385.310908450356,
        8513.5550295029
    ],
    "27": [
        11204.113040647644,
        16937.661854619564
    ],
    "28": [
        18317.952298677883,
        15225.858067908654
    ],
    "29": [
        5289.078678309361,
        12403.500971999123
    ],
    "30": [
        756.6523778493724,
        8691.142629139458
    ],
    "31": [
        26045.249373525945,
        18741.648234817218
    ],
    "32": [
        20674.197716346152,
        19786.90434695513
    ],
    "33": [
        11877.872909545898,
        26709.013397216797
    ],
    "34": [
        20767.70772879464,
        7160.302024147727
    ],
    "35": [
        14953.400983364429,
        6258.204295903296
    ],
    "36": [
        1613.361522581842,
        24460.87422688802
    ],
    "37": [
        11552.097130408654,
        898.208306861163
    ],
    "38": [
        576.5438671265041,
        4195.000691042108
    ],
    "39": [
        9703.710116890446,
        2417.7551729035467
    ],
    "40": [
        5742.0818070392215,
        17445.505062181124
    ],
    "41": [
        1108.9249933817807,
        21772.146245021446
    ],
    "42": [
        12483.39896824049,
        8004.560931661855
    ],
    "43": [
        10488.022721695026,
        6428.244989365183
    ],
    "44": [
        4613.062313151042,
        2507.0503388671873
    ],
    "45": [
        3899.6722273679125,
        6502.560241489476
    ],
    "46": [
        4996.019883510045,
        694.109265314965
    ],
    "47": [
        12681.72463416085,
        10623.348588197969
    ],
    "48": [
        16879.946199544273,
        1080.460059817632
    ],
    "49": [
        27296.38115985577,
        1675.044505936759
    ],
    "50": [
        21138.593727156433,
        4211.635373834978
    ],
    "51": [
        6805.325498710558,
        14370.155491504855
    ],
    "52": [
        6729.866278815162,
        8935.883526310257
    ],
    "53": [
        2498.0928135256795,
        7716.249442377034
    ],
    "54": [
        14949.560717951643,
        16010.531114564325
    ],
    "55": [
        13886.304718338815,
        22906.346587171054
    ],
    "56": [
        14932.853271484375,
        874.2071427436017
    ],
    "57": [
        3279.3524261802754,
        17275.577195690523
    ],
    "58": [
        7335.280790107195,
        5162.63000961422
    ],
    "59": [
        14991.556829427083,
        8842.613072916667
    ],
    "60": [
        7639.44892578125,
        10933.266658528646
    ],
    "61": [
        675.1879822934667,
        7135.965485890706
    ],
    "62": [
        22636.81134033203,
        15192.200736999512
    ],
    "63": [
        12507.15414630369,
        5513.042697721641
    ],
    "64": [
        10166.367506936333,
        11626.057160849883
    ],
    "65": [
        17726.950486662638,
        5837.866739684047
    ],
    "66": [
        9282.252880859374,
        13931.387814670139
    ],
    "67": [
        635.6776852903981,
        5616.394681936202
    ],
    "68": [
        808.6200525554237,
        11908.536212609435
    ],
    "69": [
        496.82858799699704,
        1674.2165203691773
    ],
    "70": [
        4946.606592638739,
        22921.561265265806
    ],
    "71": [
        8138.217041015625,
        861.448564503826
    ],
    "72": [
        3894.710044266935,
        20066.310453312126
    ],
    "73": [
        5878.078141075103,
        3661.8085425106096
    ],
    "74": [
        17943.162096934713,
        8771.250422969746
    ],
    "75": [
        7698.42821301912,
        19869.26841334293
    ],
    "76": [
        9846.500404206332,
        614.829929903643
    ],
    "77": [
        12550.133866841814,
        19852.41957618916
    ],
    "78": [
        933.6209232603065,
        19310.55975650535
    ],
    "79": [
        6413.4875998543,
        1990.776131682074
    ],
    "80": [
        2502.308679784796,
        9874.243596488699
    ],
    "81": [
        2056.8124668324363,
        3630.478083420868
    ],
    "82": [
        6600.891051862225,
        531.4656791409607
    ],
    "83": [
        2234.9567318708537,
        5478.285183528282
    ],
    "84": [
        671.9405034398787,
        10335.186984963613
    ],
    "85": [
        15898.422597388699,
        3648.0086028913383
    ],
    "86": [
        993.1209672706468,
        13527.4826171875
    ],
    "87": [
        24210.064335643798,
        4841.884732583411
    ],
    "88": [
        23401.97362401464,
        9571.401226421734
    ],
    "89": [
        16759.122698793315,
        19458.459931930694
    ],
    "90": [
        3197.802777255223,
        2389.586149826266
    ],
    "91": [
        3696.0977910279476,
        4382.267157617804
    ],
    "92": [
        13851.962916227762,
        3246.062451537629
    ],
    "93": [
        9484.930653710247,
        4575.23241411081
    ],
    "94": [
        8387.154599609376,
        16833.446354166666
    ],
    "95": [
        4017.6363889459976,
        14678.911636513158
    ],
    "96": [
        826.9899439780197,
        17094.03860648403
    ],
    "97": [
        1980.3641989167204,
        467.9209520091716
    ],
    "98": [
        13233.290672019675,
        939.9741374845858
    ],
    "99": [
        18148.808359925177,
        24714.836350132042
    ]
}