{
    "0": [
        2089.7199503580728,
        7123.4097900390625
    ],
    "1": [
        1281.8883590698242,
        481.4127814769745
    ],
    "2": [
        19769.994255514706,
        5817.876723345588
    ],
    "3": [
        8526.244559151786,
        1905.2932826450892
    ],
    "4": [
        378.6263071695964,
        547.9175598144532
    ],
    "5": [
        18832.164605034723,
        1079.3881985346477
    ],
    "6": [
        1296.471101888021,
        1718.7817789713542
    ],
    "7": [
        470.10066413879395,
        1351.9702046712239
    ],
    "8": [
        4303.190412248884,
        6379.43244280134
    ],
    "9": [
        9538.738740808823,
        742.5190903158749
    ],
    "10": [
        2043.1254638671876,
        171.01760215759276
    ],
    "11": [
        9782.487731933594,
        7712.683380126953
    ],
    "12": [
        4395.596862792969,
        13415.485656738281
    ],
    "13": [
        11846.751798930922,
        15131.339638157895
    ],
    "14": [
        16168.725068933823,
        4830.718635110294
    ],
    "15": [
        24092.532063802082,
        5847.024515787761
    ],
    "16": [
        3737.0662144252233,
        2110.0466918945313
    ],
    "17": [
        246.32840251922607,
        136.13934898376465
    ],
    "18": [
        3665.9864971454326,
        557.7267849261945
    ],
    "19": [
        5478.61767578125,
        7346.674967447917
    ],
    "20": [
        7338.778618706598,
        9587.280815972223
    ],
    "21": [
        6178.239778645833,
        4569.332942708334
    ],
    "22": [
        5567.783804086538,
        2460.555889423077
    ],
    "23": [
        8995.620425575658,
        3646.5900750411183
    ],
    "24": [
        9791.04541015625,
        11469.294363839286
    ],
    "25": [
        3170.2344644719906,
        24070.17560369318
    ],
    "26": [
        553.4259577212126,
        5344.461531929348
    ],
    "27": [
        21521.41434151786,
        836.9908316476004
    ],
    "28": [
        11515.880326704546,
        511.0010826804421
    ],
    "29": [
        4293.843519422743,
        4210.5749104817705
    ],
    "30": [
        3049.6679338727677,
        3303.01082938058
    ],
    "31": [
        2809.036036441201,
        5271.054224917763
    ],
    "32": [
        6621.436791204637,
        17906.132056451614
    ],
    "33": [
        13032.788411458334,
        574.2996181911892
    ],
    "34": [
        7872.587668678977,
        13852.876908735796
    ],
    "35": [
        1481.0898364257812,
        3630.379111328125
    ],
    "36": [
        6898.482680376838,
        778.9990311790915
    ],
    "37": [
        14191.9822265625,
        2233.407014973958
    ],
    "38": [
        7437.3212890625,
        6089.331167367788
    ],
    "39": [
        24827.55060369318,
        979.4364873712713
    ],
    "40": [
        18385.686383928572,
        10984.984444754464
    ],
    "41": [
        12011.41001674107,
        5487.126953125
    ],
    "42": [
        287.7561774253845,
        2621.354230608259
    ],
    "43": [
        2461.9513938210225,
        950.8861833052201
    ],
    "44": [
        8087.716681985294,
        432.07830653471103
    ],
    "45": [
        641.6142397456699,
        8201.850124782986
    ],
    "46": [
        975.0278519340184,
        13692.885529891304
    ],
    "47": [
        5980.744954427083,
        911.3581593831381
    ],
    "48": [
        1590.3718654491283,
        10656.679759837964
    ],
    "49": [
        3614.429473876953,
        9440.538248697916
    ],
    "50": [
        4811.288682725694,
        1151.2565239800347
    ],
    "51": [
        9956.058670043945,
        22052.018676757813
    ],
    "52": [
        16091.865902549342,
        1093.8985634853966
    ],
    "53": [
        24281.76154119318,
        9889.200639204546
    ],
    "54": [
        13708.319557883522,
        10681.317737926136
    ],
    "55": [
        16610.49253216912,
        19161.322208180147
    ],
    "56": [
        11767.6791015625,
        2584.950960286458
    ],
    "57": [
        5435.030482700893,
        226.8430530003139
    ],
    "58": [
        24983.811257102272,
        18171.080788352272
    ],
    "59": [
        1877.294090959761,
        18715.26638454861
    ]
}