{
    "0": [
        19049.117838541668,
        6542.661244710286
    ],
    "1": [
        9245.822631835938,
        7558.085414341518
    ],
    "2": [
        3792.5217013888887,
        20374.297200520832
    ],
    "3": [
        8984.413757324219,
        14889.253011067709
    ],
    "4": [
        3347.47421875,
        5278.405322265625
    ],
    "5": [
        11964.355213994566,
        5339.301014775815
    ],
    "6": [
        20177.854910714286,
        1046.2068188076928
    ],
    "7": [
        6024.267985026042,
        17082.180757068454
    ],
    "8": [
        15923.956612723214,
        24474.168526785714
    ],
    "9": [
        11967.638644748264,
        1166.2718291282654
    ],
    "10": [
        15906.864977384868,
        16765.64674136513
    ],
    "11": [
        15080.2094921875,
        3240.992724609375
    ],
    "12": [
        14505.196393694196,
        10916.156040736607
    ],
    "13": [
        855.2432595661709,
        19240.573660714286
    ],
    "14": [
        2496.2917552274816,
        633.7200673047234
    ],
    "15": [
        24877.5966796875,
        19567.921752929688
    ],
    "16": [
        759.4060324699648,
        2142.4756410660284
    ],
    "17": [
        7577.982491629465,
        20860.542410714286
    ],
    "18": [
        23492.502418154763,
        10497.690848214286
    ],
    "19": [
        1925.8636181171123,
        13778.057466947115
    ],
    "20": [
        530.9730550405142,
        566.670696103895
    ],
    "21": [
        16383.380033052885,
        1222.3410109740037
    ],
    "22": [
        1419.9815746307372,
        11310.86123046875
    ],
    "23": [
        1076.7802166938782,
        7167.184524536133
    ],
    "24": [
        814.9124148873722,
        4552.589764763327
    ],
    "25": [
        1892.341792496768,
        9689.330433238636
    ],
    "26": [
        5488.231803385416,
        3934.595914713542
    ],
    "27": [
        2745.1694107055664,
        3169.6074829101563
    ],
    "28": [
        1622.6423514229912,
        16778.458914620536
    ],
    "29": [
        9143.394892939816,
        3080.809023256655
    ],
    "30": [
        8042.744863656851,
        836.619464800908
    ],
    "31": [
        5915.484243539663,
        10722.644756610576
    ],
    "32": [
        10341.246988932291,
        23033.216959635418
    ],
    "33": [
        5055.235906862745,
        1101.8706181096095
    ],
    "34": [
        10093.627103365385,
        19272.82256610577
    ],
    "35": [
        2925.7556592155906,
        24789.292394301472
    ],
    "36": [
        24703.577097039473,
        2726.18384270919
    ],
    "37": [
        9674.0591796875,
        11793.527180989584
    ],
    "38": [
        3297.864952674279,
        8025.342210036058
    ],
    "39": [
        5795.972237723215,
        6618.9554443359375
    ]
}