{
    "0": [
        5781.999750962572,
        12495.713702095272
    ],
    "1": [
        3219.369017496886,
        5028.531716278975
    ],
    "2": [
        6356.470775707348,
        23268.55928878097
    ],
    "3": [
        962.3156167622602,
        19325.58029764049
    ],
    "4": [
        6008.981816218449,
        5761.750448843149
    ],
    "5": [
        19604.860986627686,
        1403.92465599768
    ],
    "6": [
        3285.783157817579,
        10131.30901161717
    ],
    "7": [
        4107.854036845858,
        19615.046440972223
    ],
    "8": [
        4734.842690056139,
        16070.113470692451
    ],
    "9": [
        8527.228149414063,
        10567.368548849354
    ],
    "10": [
        918.9951681563733,
        6456.32707279884
    ],
    "11": [
        18148.31370587677,
        8908.699082347546
    ],
    "12": [
        4484.371221398795,
        897.6885667520185
    ],
    "13": [
        2955.4405833990127,
        2728.6324739751126
    ],
    "14": [
        16003.36996203271,
        14789.653124087325
    ],
    "15": [
        14719.11587231521,
        7244.790574206656
    ],
    "16": [
        14099.110022548954,
        978.7060276116424
    ],
    "17": [
        24055.98354928862,
        17543.447472052845
    ],
    "18": [
        8629.927518047863,
        7050.762946251978
    ],
    "19": [
        3438.3437059898306,
        7401.628862703095
    ],
    "20": [
        911.9414079166113,
        13590.991126019022
    ],
    "21": [
        20425.29323358051,
        13864.532038974223
    ],
    "22": [
        14539.250708633814,
        3723.790618739984
    ],
    "23": [
        913.3452782523968,
        11062.099420362903
    ],
    "24": [
        798.6485791630183,
        2379.900293810614
    ],
    "25": [
        14710.484659830729,
        11197.605126953125
    ],
    "26": [
        1514.398135007496,
        22629.70021981407
    ],
    "27": [
        22669.083455709588,
        1461.6966254693784
    ],
    "28": [
        11487.028246840713,
        9169.397320116575
    ],
    "29": [
        2149.101895093918,
        26407.308229436527
    ],
    "30": [
        10593.472308915914,
        26471.77180653995
    ],
    "31": [
        6774.327649292516,
        990.8772995076296
    ],
    "32": [
        1265.949400433627,
        16302.3103626598
    ],
    "33": [
        849.5861460849416,
        4266.64317236576
    ],
    "34": [
        23473.96298076923,
        23781.335546875
    ],
    "35": [
        25664.10346554487,
        6060.5071536333135
    ],
    "36": [
        17012.516988668354,
        24251.836834881757
    ],
    "37": [
        8429.555227330004,
        14675.83301354014
    ],
    "38": [
        26247.217732007575,
        1538.5583015152902
    ],
    "39": [
        9058.927912159455,
        1112.065234494413
    ],
    "40": [
        12074.156061455755,
        21531.086014851484
    ],
    "41": [
        17776.217223011365,
        18917.334126420454
    ],
    "42": [
        2516.34763039636,
        761.7104118959138
    ],
    "43": [
        11454.29347375321,
        12798.060958235232
    ],
    "44": [
        11558.555165501644,
        6005.617183645148
    ],
    "45": [
        21268.750826322117,
        5170.334055739183
    ],
    "46": [
        11423.542669380946,
        869.5135711192077
    ],
    "47": [
        675.967041665527,
        652.2599119570755
    ],
    "48": [
        16912.10206709913,
        1275.5645755717105
    ],
    "49": [
        7756.215311839168,
        18711.255242598683
    ],
    "50": [
        3205.7328981164383,
        13023.136023116438
    ],
    "51": [
        25824.926339285714,
        11944.016871279762
    ],
    "52": [
        8349.463946656093,
        3804.289390615169
    ],
    "53": [
        11392.383161095728,
        3452.767392083663
    ],
    "54": [
        5380.133583258006,
        3091.5751131924717
    ],
    "55": [
        947.1077804545326,
        8608.827561788576
    ],
    "56": [
        5895.869493654636,
        9006.424256803844
    ],
    "57": [
        12036.093851821683,
        17109.8536267032
    ],
    "58": [
        21890.564416503905,
        9364.11354675293
    ],
    "59": [
        17602.73215195555,
        4776.786953943857
    ]
}