{
    "0": [
        19404.5615234375,
        26052.6015625
    ],
    "1": [
        591.4191736493792,
        1962.9442400251116
    ],
    "2": [
        15016.900607638889,
        17623.151692708332
    ],
    "3": [
        11604.564716045674,
        901.2390516354487
    ],
    "4": [
        6842.6531982421875,
        14266.009684244791
    ],
    "5": [
        20827.204427083332,
        7053.722005208333
    ],
    "6": [
        1869.223477991616,
        535.9125772220333
    ],
    "7": [
        12085.385044642857,
        18957.612444196428
    ],
    "8": [
        10809.855919471154,
        4940.263596754808
    ],
    "9": [
        17211.660381610578,
        3318.564434344952
    ],
    "10": [
        27014.6806640625,
        9520.82470703125
    ],
    "11": [
        27704.67822265625,
        4019.7230224609375
    ],
    "12": [
        19562.072620738636,
        3640.9283558238635
    ],
    "13": [
        19886.0615234375,
        20600.0517578125
    ],
    "14": [
        2895.2725143432617,
        14878.083190917969
    ],
    "15": [
        549.9890944455799,
        3303.2203818873354
    ],
    "16": [
        2725.7462672183387,
        9137.934518914473
    ],
    "17": [
        7909.897203947368,
        11087.584446957237
    ],
    "18": [
        522.4283091227213,
        18973.498860677082
    ],
    "19": [
        5543.760986328125,
        10155.939697265625
    ],
    "20": [
        22870.851207386364,
        4064.2441850142045
    ],
    "21": [
        6468.776495682566,
        3975.4127004523025
    ],
    "22": [
        3522.524260344329,
        7341.4462890625
    ],
    "23": [
        740.9561735987663,
        14897.877034505209
    ],
    "24": [
        7396.713666130515,
        6363.425809972427
    ],
    "25": [
        3295.00483586238,
        11380.541015625
    ],
    "26": [
        9252.440887451172,
        809.3955493718386
    ],
    "27": [
        772.2273754092955,
        7474.300891507057
    ],
    "28": [
        3871.9504597981772,
        19770.078938802082
    ],
    "29": [
        16200.167426215277,
        9714.079644097223
    ],
    "30": [
        10659.373046875,
        21679.65234375
    ],
    "31": [
        3320.8605608258927,
        2414.852755301339
    ],
    "32": [
        13577.3869140625,
        13723.5537109375
    ],
    "33": [
        8014.428656684027,
        23074.594184027777
    ],
    "34": [
        8622.472771139706,
        16077.19100413603
    ],
    "35": [
        11858.254261363636,
        7993.740678267045
    ],
    "36": [
        1259.799983631481,
        24597.914417613636
    ],
    "37": [
        3034.4288496537642,
        5273.772349964489
    ],
    "38": [
        458.31541066556366,
        511.9073695548483
    ],
    "39": [
        4451.243121603261,
        3991.702923318614
    ],
    "40": [
        15345.871202256945,
        859.4128271738688
    ],
    "41": [
        18549.217862215908,
        17422.265003551136
    ],
    "42": [
        14297.601106770833,
        2916.764599609375
    ],
    "43": [
        1898.1544652478449,
        1879.7937769396551
    ],
    "44": [
        1177.3674184481304,
        13047.486083984375
    ],
    "45": [
        5054.633150540865,
        5890.141751802885
    ],
    "46": [
        15544.29296875,
        5046.865182059152
    ],
    "47": [
        13095.67684659091,
        743.4840614145452
    ],
    "48": [
        26106.61662212171,
        19676.328125
    ],
    "49": [
        1123.6385351816814,
        17190.000651041668
    ],
    "50": [
        2080.6889610290527,
        3822.7866821289063
    ],
    "51": [
        8841.956649116848,
        4500.814017917799
    ],
    "52": [
        938.6555643876394,
        21752.59716796875
    ],
    "53": [
        20693.52859933036,
        1218.643847329276
    ],
    "54": [
        23373.762890625,
        9654.9474609375
    ],
    "55": [
        9441.999782986111,
        13557.945855034723
    ],
    "56": [
        7080.321194556452,
        762.7757453918457
    ],
    "57": [
        23436.46065848214,
        6336.021344866072
    ],
    "58": [
        707.6024383968777,
        4921.566989474826
    ],
    "59": [
        19384.170479910714,
        9940.40541294643
    ],
    "60": [
        20235.221354166668,
        12528.102322048611
    ],
    "61": [
        10405.8671875,
        9938.272277832031
    ],
    "62": [
        9957.870425575658,
        2555.770167300576
    ],
    "63": [
        3676.9495442708335,
        27007.99609375
    ],
    "64": [
        22990.424665178572,
        16853.74051339286
    ],
    "65": [
        24257.604947916665,
        1347.6101857503256
    ],
    "66": [
        4700.307461825284,
        687.1179148934104
    ],
    "67": [
        14193.744891826924,
        7733.623197115385
    ],
    "68": [
        14980.280924479166,
        15732.290364583334
    ],
    "69": [
        8338.519461495536,
        26224.123604910714
    ],
    "70": [
        13262.973090277777,
        5415.182562934027
    ],
    "71": [
        5882.85773577009,
        16685.951590401786
    ],
    "72": [
        1530.5150858561199,
        27143.337890625
    ],
    "73": [
        596.2689832496643,
        9568.593125
    ],
    "74": [
        14427.039713541666,
        26381.937825520832
    ],
    "75": [
        7598.129638671875,
        2606.5751436673677
    ],
    "76": [
        22457.98828125,
        23721.5478515625
    ],
    "77": [
        10808.379231770834,
        14873.311740451389
    ],
    "78": [
        4839.867154947917,
        22747.20859375
    ],
    "79": [
        985.480353907535,
        11166.846731085527
    ],
    "80": [
        17075.443522135418,
        13788.53076171875
    ],
    "81": [
        6202.236966646635,
        12142.625600961539
    ],
    "82": [
        1431.170120521828,
        6334.159975405092
    ],
    "83": [
        17761.9521484375,
        6800.174723307292
    ],
    "84": [
        6495.3907470703125,
        20729.299560546875
    ],
    "85": [
        7356.017693014706,
        8579.884794347427
    ],
    "86": [
        18063.159970238095,
        588.7059631347656
    ],
    "87": [
        9507.566536458333,
        7064.7318359375
    ],
    "88": [
        8515.505154079861,
        18778.775390625
    ],
    "89": [
        4226.809195963541,
        13798.722526041667
    ],
    "90": [
        11431.144694010416,
        12554.625651041666
    ],
    "91": [
        5594.146218039773,
        7830.435857599432
    ],
    "92": [
        14849.024135044643,
        22618.424944196428
    ],
    "93": [
        27471.936848958332,
        777.3990138371786
    ],
    "94": [
        11988.858513327206,
        3363.858829273897
    ],
    "95": [
        13450.019938151041,
        10563.289876302084
    ],
    "96": [
        3400.9539184570313,
        407.5304692188899
    ],
    "97": [
        5567.05120171441,
        1913.4602983262803
    ],
    "98": [
        26658.2548828125,
        15074.835693359375
    ],
    "99": [
        3233.5517700195314,
        17372.646923828124
    ]
}