{
    "0": [
        5271.887722314228,
        20975.891156033987
    ],
    "1": [
        11070.847934422349,
        9054.9146484375
    ],
    "2": [
        9848.935491030517,
        11913.412613407258
    ],
    "3": [
        18965.376415307972,
        19050.150546308876
    ],
    "4": [
        1232.447047831239,
        26428.50192673142
    ],
    "5": [
        12169.055365513394,
        6183.139386160714
    ],
    "6": [
        16592.389710771276,
        14793.959491356383
    ],
    "7": [
        4423.655004318791,
        17612.437793291047
    ],
    "8": [
        12110.219824002217,
        981.3585105005759
    ],
    "9": [
        5797.589878716432,
        11515.860841092552
    ],
    "10": [
        4252.60491545304,
        14525.453966223675
    ],
    "11": [
        18969.93290005388,
        5363.969871363147
    ],
    "12": [
        3301.175936612216,
        5604.916729746063
    ],
    "13": [
        15198.201813022417,
        7565.408280300152
    ],
    "14": [
        793.9430814972043,
        10994.776250352708
    ],
    "15": [
        742.1627939153377,
        2440.8497772767655
    ],
    "16": [
        14128.555631725992,
        11348.16176660803
    ],
    "17": [
        21371.69736607143,
        14035.916612723215
    ],
    "18": [
        19001.533062559185,
        9562.13104617957
    ],
    "19": [
        3029.3647791834246,
        11440.01518009681
    ],
    "20": [
        7383.972072394319,
        3204.962654527768
    ],
    "21": [
        9808.157575061274,
        1052.1251598783567
    ],
    "22": [
        13454.828861102387,
        19596.47083071608
    ],
    "23": [
        925.0441127358282,
        6684.864327051791
    ],
    "24": [
        5990.700008589269,
        5923.9203532056645
    ],
    "25": [
        5258.8271484375,
        24971.805924093936
    ],
    "26": [
        8862.1407337587,
        6192.7597169101655
    ],
    "27": [
        2718.5456005323645,
        2897.173524479881
    ],
    "28": [
        904.2454865835879,
        4414.16203898409
    ],
    "29": [
        4842.578764061839,
        3224.4325132934778
    ],
    "30": [
        11809.568519650526,
        15191.051418624762
    ],
    "31": [
        619.4459736273844,
        658.9270678948093
    ],
    "32": [
        23482.810288373163,
        23651.361902573528
    ],
    "33": [
        20783.646737339986,
        1427.9896391989237
    ],
    "34": [
        16679.3480194344,
        24133.024389850205
    ],
    "35": [
        7674.1786437988285,
        14677.518688964843
    ],
    "36": [
        1165.5067431791774,
        16289.071989239386
    ],
    "37": [
        10057.407903149524,
        3709.6990479610427
    ],
    "38": [
        1122.210187814949,
        19384.437857985176
    ],
    "39": [
        1518.7977602571473,
        22481.345196487313
    ],
    "40": [
        7707.253078988882,
        840.1945177976902
    ],
    "41": [
        13211.734760899697,
        3536.277093046455
    ],
    "42": [
        3924.642680283134,
        8388.113563483488
    ],
    "43": [
        25055.391000176554,
        9773.106781867938
    ],
    "44": [
        22577.315615110758,
        5443.272987333531
    ],
    "45": [
        27122.093968633395,
        3228.3507825580996
    ],
    "46": [
        9732.206384519868,
        22174.661798944537
    ],
    "47": [
        1142.4982680731132,
        8761.234167680585
    ],
    "48": [
        2294.542446714459,
        789.4882904817962
    ],
    "49": [
        16031.564131400328,
        4125.502619351312
    ],
    "50": [
        14732.200266335227,
        1015.466189219193
    ],
    "51": [
        1055.5986764449435,
        13533.47684640786
    ],
    "52": [
        3941.3270501184247,
        927.6598028940673
    ],
    "53": [
        5773.625242513021,
        976.2805853195986
    ],
    "54": [
        25204.87236422937,
        16923.064272982403
    ],
    "55": [
        8296.028085783712,
        18198.280550258365
    ],
    "56": [
        17707.01594054024,
        1302.0248775910234
    ],
    "57": [
        10899.9442251933,
        26324.919740657217
    ],
    "58": [
        7378.919296875,
        9060.445278862848
    ],
    "59": [
        24207.99598721591,
        1400.9674216574565
    ]
}