{
    "0": [
        16486.125388524866,
        1693.9419566328806
    ],
    "1": [
        11879.460268373843,
        23860.01837384259
    ],
    "2": [
        2254.5399149103264,
        13234.930835212628
    ],
    "3": [
        1665.3870032979296,
        4447.141192547687
    ],
    "4": [
        6232.479668339596,
        10154.531651750396
    ],
    "5": [
        6322.248469320576,
        5907.651172423631
    ],
    "6": [
        2203.96162733956,
        18348.00316220238
    ],
    "7": [
        20284.761108398438,
        21985.14111328125
    ],
    "8": [
        11947.02118296682,
        5803.229504243827
    ],
    "9": [
        7902.447159830729,
        16587.476106770835
    ],
    "10": [
        17086.908498364824,
        8155.289732467297
    ],
    "11": [
        1474.5558061875795,
        1272.0806713215616
    ],
    "12": [
        23569.57917668269,
        12528.563100961539
    ],
    "13": [
        5743.688219656352,
        1596.2557124966888
    ],
    "14": [
        16121.248422475961,
        16293.405799278846
    ],
    "15": [
        10642.265123755531,
        1529.897553481887
    ],
    "16": [
        23589.008014547413,
        2812.3784116876536
    ],
    "17": [
        1535.4060969509862,
        8393.38936434659
    ],
    "18": [
        10982.843110795455,
        11658.0240234375
    ],
    "19": [
        3696.728907302574,
        23828.09816261574
    ]
}