{
    "0": [
        10095.735595703125,
        1429.8387451171875
    ],
    "1": [
        25824.240234375,
        17256.4931640625
    ],
    "2": [
        3916.3444310238488,
        10105.749280427632
    ],
    "3": [
        24438.78310546875,
        7512.375341796875
    ],
    "4": [
        15075.190952845982,
        1616.0141795022148
    ],
    "5": [
        12830.09600360577,
        812.2562514085037
    ],
    "6": [
        8031.4041015625,
        1670.91240234375
    ],
    "7": [
        10135.237437855114,
        11007.078480113636
    ],
    "8": [
        23815.789636948528,
        935.2022705078125
    ],
    "9": [
        12682.42885044643,
        13616.409877232143
    ],
    "10": [
        11205.846147017046,
        338.3561226237904
    ],
    "11": [
        666.3206477165222,
        19172.85302734375
    ],
    "12": [
        581.871002960205,
        3444.1185384114583
    ],
    "13": [
        776.5969075134823,
        1866.7347368512835
    ],
    "14": [
        15924.4958984375,
        4294.83896484375
    ],
    "15": [
        9756.158970424107,
        22660.11397879464
    ],
    "16": [
        15840.081298828125,
        26206.62060546875
    ],
    "17": [
        5442.558532714844,
        2352.9065475463867
    ],
    "18": [
        19236.419709578804,
        6345.848038383152
    ],
    "19": [
        8831.717230902777,
        4058.428656684028
    ],
    "20": [
        15099.728590745191,
        16803.94305889423
    ],
    "21": [
        16188.8642578125,
        21622.85107421875
    ],
    "22": [
        21056.3447265625,
        18797.962076822918
    ],
    "23": [
        800.087823232015,
        16432.561197916668
    ],
    "24": [
        18976.607572115383,
        11755.68817608173
    ],
    "25": [
        5450.5588785807295,
        26326.509114583332
    ],
    "26": [
        4570.462022569444,
        22216.572699652777
    ],
    "27": [
        9776.193229166667,
        19792.1375
    ],
    "28": [
        7655.1985505756575,
        9500.038240131578
    ],
    "29": [
        1590.5033382839626,
        24642.944010416668
    ],
    "30": [
        1350.0984078920806,
        10996.058556189904
    ],
    "31": [
        7133.282145182292,
        3763.2250162760415
    ],
    "32": [
        13866.345833333333,
        9857.4123046875
    ],
    "33": [
        5877.564270019531,
        4993.530868530273
    ],
    "34": [
        735.2322825113932,
        5710.601692708334
    ],
    "35": [
        9097.723999023438,
        152.577388048172
    ],
    "36": [
        5606.715413411458,
        570.0502033233643
    ],
    "37": [
        3301.3995636970767,
        5896.311665196573
    ],
    "38": [
        4951.937514361213,
        16852.816923253675
    ],
    "39": [
        8925.135397518383,
        15706.790785845587
    ],
    "40": [
        1606.4748009545463,
        8244.705636160714
    ],
    "41": [
        4434.310529436384,
        7836.738316127232
    ],
    "42": [
        2161.7897240423385,
        625.8752555231894
    ],
    "43": [
        6932.96337890625,
        893.2366796731949
    ],
    "44": [
        6866.654994419643,
        18999.924246651786
    ],
    "45": [
        4155.00431876347,
        1033.6922352231782
    ],
    "46": [
        3065.3533841646636,
        19982.44921875
    ],
    "47": [
        11727.08363560268,
        2652.6579938616073
    ],
    "48": [
        2039.9084178003773,
        3792.4039601293102
    ],
    "49": [
        18710.105794270832,
        1156.9455432891846
    ],
    "50": [
        7990.206298828125,
        340.37027804056805
    ],
    "51": [
        9056.70326450893,
        1120.142586844308
    ],
    "52": [
        6168.283233642578,
        6772.690948486328
    ],
    "53": [
        9469.45693359375,
        6549.198168945312
    ],
    "54": [
        9346.026774088541,
        2612.007008870443
    ],
    "55": [
        12297.504069010416,
        5486.346489800348
    ],
    "56": [
        7359.00244140625,
        12914.221168154761
    ],
    "57": [
        428.30058190130416,
        523.4743071525328
    ],
    "58": [
        2172.4472283935547,
        13669.26046875
    ],
    "59": [
        3870.3240831163193,
        3448.5653935185187
    ]
}