{
    "0": [
        4974.82275390625,
        156.35214233398438
    ],
    "1": [
        20050.4296875,
        3642.69189453125
    ],
    "2": [
        2234.299560546875,
        1178.6820068359375
    ],
    "3": [
        18133.837890625,
        14457.04150390625
    ],
    "4": [
        4762.31494140625,
        1936.7413330078125
    ],
    "5": [
        654.2181091308594,
        1181.2968139648438
    ],
    "6": [
        5271.06884765625,
        1172.3472900390625
    ],
    "7": [
        16306.6884765625,
        24584.705078125
    ],
    "8": [
        1505.1519165039063,
        1994.554931640625
    ],
    "9": [
        4025.4677734375,
        4261.51318359375
    ],
    "10": [
        4920.66357421875,
        720.5536702473959
    ],
    "11": [
        656.0218505859375,
        3740.4990234375
    ],
    "12": [
        3438.189697265625,
        21996.0
    ],
    "13": [
        10275.4443359375,
        5409.546875
    ],
    "14": [
        6822.4072265625,
        5857.330078125
    ],
    "15": [
        16562.455078125,
        296.6864318847656
    ],
    "16": [
        3907.13037109375,
        14581.15234375
    ],
    "17": [
        7397.7939453125,
        597.6200561523438
    ],
    "18": [
        14483.6171875,
        23050.41796875
    ],
    "19": [
        3305.10009765625,
        8415.943359375
    ],
    "20": [
        13003.720703125,
        247.64288330078125
    ],
    "21": [
        1856.0013427734375,
        2829.87158203125
    ],
    "22": [
        18072.9345703125,
        1210.5528564453125
    ],
    "23": [
        12399.5263671875,
        12489.54833984375
    ],
    "24": [
        18862.51953125,
        7095.57470703125
    ],
    "25": [
        12401.7392578125,
        328.6387634277344
    ],
    "26": [
        2454.919189453125,
        2862.063720703125
    ],
    "27": [
        10169.884765625,
        1895.2313232421875
    ],
    "28": [
        714.0751342773438,
        8597.37109375
    ],
    "29": [
        1742.735107421875,
        13244.35400390625
    ],
    "30": [
        91.86479187011719,
        8608.5234375
    ],
    "31": [
        4556.8046875,
        3393.960693359375
    ],
    "32": [
        718.0714721679688,
        13884.375
    ],
    "33": [
        8172.63232421875,
        17700.23046875
    ],
    "34": [
        8692.1396484375,
        6319.14892578125
    ],
    "35": [
        4165.73779296875,
        13361.0400390625
    ],
    "36": [
        5667.5498046875,
        8322.697265625
    ],
    "37": [
        16412.24169921875,
        18433.6728515625
    ],
    "38": [
        13964.2509765625,
        2282.13623046875
    ],
    "39": [
        24110.70703125,
        14828.900390625
    ],
    "40": [
        180.94691467285156,
        26015.1328125
    ],
    "41": [
        414.65333890914917,
        9845.3916015625
    ],
    "42": [
        22150.244140625,
        444.54864501953125
    ],
    "43": [
        8924.1728515625,
        1336.4346923828125
    ],
    "44": [
        4908.87890625,
        1532.088623046875
    ],
    "45": [
        18511.9423828125,
        5296.738037109375
    ],
    "46": [
        3602.775146484375,
        5496.59912109375
    ],
    "47": [
        3322.98388671875,
        3073.491943359375
    ],
    "48": [
        2084.74072265625,
        24532.23046875
    ],
    "49": [
        12797.091796875,
        2611.230224609375
    ],
    "50": [
        10715.18359375,
        19232.439453125
    ],
    "51": [
        3398.240966796875,
        9150.28125
    ],
    "52": [
        12290.755859375,
        5418.97607421875
    ],
    "53": [
        26287.298828125,
        7940.111328125
    ],
    "54": [
        16829.669921875,
        534.53515625
    ],
    "55": [
        794.255859375,
        3742.838134765625
    ],
    "56": [
        13463.9970703125,
        8952.8349609375
    ],
    "57": [
        3927.88916015625,
        13194.970703125
    ],
    "58": [
        14527.5966796875,
        1189.345458984375
    ],
    "59": [
        2139.123046875,
        9702.251953125
    ],
    "60": [
        4307.3858642578125,
        19575.0185546875
    ],
    "61": [
        9926.8955078125,
        2645.872802734375
    ],
    "62": [
        23900.177734375,
        5316.384765625
    ],
    "63": [
        605.3232421875,
        4744.64599609375
    ],
    "64": [
        19151.32421875,
        8829.1044921875
    ],
    "65": [
        7941.864013671875,
        9436.1953125
    ],
    "66": [
        11560.9912109375,
        591.875732421875
    ],
    "67": [
        1372.733154296875,
        9.330373764038086
    ],
    "68": [
        10162.8359375,
        7931.34130859375
    ],
    "69": [
        11275.689453125,
        15003.5244140625
    ],
    "70": [
        952.354970296224,
        6473.268391927083
    ],
    "71": [
        547.5143432617188,
        2590.000244140625
    ],
    "72": [
        6150.4853515625,
        4339.09375
    ],
    "73": [
        254.88873291015625,
        8230.2314453125
    ],
    "74": [
        500.54022216796875,
        3087.683837890625
    ],
    "75": [
        8001.72021484375,
        1789.7457275390625
    ],
    "76": [
        3848.259765625,
        728.0377197265625
    ],
    "77": [
        7.529618263244629,
        2420.477783203125
    ],
    "78": [
        22182.31640625,
        9138.525390625
    ],
    "79": [
        2528.46435546875,
        4584.19580078125
    ]
}