{
    "0": [
        25147.4341796875,
        14834.55322265625
    ],
    "1": [
        9781.800113075658,
        1232.7565632452045
    ],
    "2": [
        8406.364705403646,
        16726.767171223957
    ],
    "3": [
        14951.86376953125,
        9924.9638671875
    ],
    "4": [
        20612.99822443182,
        20876.98455255682
    ],
    "5": [
        4061.1643501177227,
        911.000979044666
    ],
    "6": [
        12947.525037042025,
        1171.9195671081543
    ],
    "7": [
        17638.420859375,
        16454.421171875
    ],
    "8": [
        5061.2484375,
        9980.341137695312
    ],
    "9": [
        1180.992194999348,
        21702.208540482956
    ],
    "10": [
        1364.0245160420736,
        17725.649609375
    ],
    "11": [
        6976.666432698567,
        7208.6070556640625
    ],
    "12": [
        1109.8776543658712,
        5649.799649003623
    ],
    "13": [
        1571.3308446590718,
        11320.415940504809
    ],
    "14": [
        25387.689592633928,
        1823.3479001862663
    ],
    "15": [
        13900.748647836539,
        5177.447922926683
    ],
    "16": [
        17312.617635091145,
        5848.58056640625
    ],
    "17": [
        1611.6622312558004,
        14329.03821113782
    ],
    "18": [
        10252.699509640957,
        4711.434372922207
    ],
    "19": [
        4483.163224283854,
        17501.680696614585
    ],
    "20": [
        7307.637563069661,
        3553.7536977132163
    ],
    "21": [
        986.4294696935673,
        3099.624934560245
    ],
    "22": [
        8614.095947265625,
        25054.6552734375
    ],
    "23": [
        6616.274280178932,
        1235.5601830636301
    ],
    "24": [
        16605.362180019947,
        1198.9080175846182
    ],
    "25": [
        976.3386317149357,
        8477.594581886575
    ],
    "26": [
        3690.508128446691,
        6875.230267693015
    ],
    "27": [
        3786.589840359158,
        3547.2718844943574
    ],
    "28": [
        8112.027125308388,
        11010.272229646382
    ],
    "29": [
        1976.8891520780676,
        26090.148552389706
    ],
    "30": [
        1186.0295315610952,
        866.1739486186154
    ],
    "31": [
        11511.368426983174,
        13780.46660907452
    ],
    "32": [
        20241.57889441288,
        2204.8820999607897
    ],
    "33": [
        4913.915249294705,
        13488.37318250868
    ],
    "34": [
        19697.979894301472,
        11086.271685431986
    ],
    "35": [
        11381.895149739583,
        8706.401643880208
    ],
    "36": [
        15799.495535714286,
        25441.400948660714
    ],
    "37": [
        23695.49677734375,
        7009.253393554687
    ],
    "38": [
        13078.4248046875,
        18884.85703125
    ],
    "39": [
        5765.277666364397,
        22101.99588448661
    ]
}