{
    "0": [
        26715.695963541668,
        11471.063802083334
    ],
    "1": [
        10214.711873372396,
        1611.0647873282433
    ],
    "2": [
        4202.100921630859,
        2651.1069259643555
    ],
    "3": [
        629.2667607508207,
        2192.9179751747533
    ],
    "4": [
        21764.368303571428,
        16969.354631696428
    ],
    "5": [
        6952.247741699219,
        919.4562638998032
    ],
    "6": [
        4672.919359290082,
        4845.43943189538
    ],
    "7": [
        3231.06037109375,
        11540.2365625
    ],
    "8": [
        901.8991084098816,
        20754.695703125
    ],
    "9": [
        14319.918294270834,
        1085.2776244481404
    ],
    "10": [
        1122.8345423984529,
        13255.9721484375
    ],
    "11": [
        1214.3736020256492,
        15437.153377757353
    ],
    "12": [
        12079.08935546875,
        758.5657917393578
    ],
    "13": [
        723.6974205970764,
        9326.967714251894
    ],
    "14": [
        8365.06396484375,
        10951.87143049569
    ],
    "15": [
        5277.624823676215,
        22380.743706597223
    ],
    "16": [
        20449.328369140625,
        12614.867919921875
    ],
    "17": [
        7255.8575246710525,
        16037.247584292763
    ],
    "18": [
        14616.327903053978,
        5593.870183771307
    ],
    "19": [
        12451.443892045454,
        10910.68758877841
    ],
    "20": [
        18219.6318359375,
        17164.6646484375
    ],
    "21": [
        9676.816813151041,
        14465.556532118055
    ],
    "22": [
        20005.002511160714,
        9368.326241629464
    ],
    "23": [
        13472.424438476563,
        21726.848388671875
    ],
    "24": [
        11230.458054315477,
        4049.6822684151784
    ],
    "25": [
        26850.8875,
        6128.1607421875
    ],
    "26": [
        8684.7471484375,
        3232.228388671875
    ],
    "27": [
        23755.9619140625,
        9822.490966796875
    ],
    "28": [
        16616.697208180147,
        3584.3426298253676
    ],
    "29": [
        12813.220052083334,
        6750.778678385416
    ],
    "30": [
        27566.88037109375,
        1562.2479298114777
    ],
    "31": [
        7330.633984375,
        25484.691015625
    ],
    "32": [
        9868.971754807691,
        17996.18464543269
    ],
    "33": [
        11317.747802734375,
        26908.79638671875
    ],
    "34": [
        25908.8328125,
        16319.7197265625
    ],
    "35": [
        7667.49853515625,
        8156.362377929688
    ],
    "36": [
        1375.9627893992833,
        23661.618582589286
    ],
    "37": [
        3670.7055451766305,
        14317.030825407608
    ],
    "38": [
        3810.3867508737662,
        578.5318421564604
    ],
    "39": [
        18225.954427083332,
        655.955089750744
    ],
    "40": [
        9632.440599524456,
        5665.781653362772
    ],
    "41": [
        16962.44064670139,
        26053.431206597223
    ],
    "42": [
        11074.9765625,
        8908.50697157118
    ],
    "43": [
        14553.293875558036,
        17494.41043526786
    ],
    "44": [
        15909.343081825658,
        941.5999956632916
    ],
    "45": [
        7129.967529296875,
        19372.843505859375
    ],
    "46": [
        17761.9521484375,
        6800.174723307292
    ],
    "47": [
        753.3217461480035,
        3824.5568467881944
    ],
    "48": [
        6797.897308349609,
        3012.3504371643066
    ],
    "49": [
        2740.0790983501233,
        4315.471917403372
    ],
    "50": [
        22457.98828125,
        23721.5478515625
    ],
    "51": [
        8851.725548377404,
        806.4546235891489
    ],
    "52": [
        938.7918468015534,
        7154.604408482143
    ],
    "53": [
        1917.5890033428486,
        659.7589396788524
    ],
    "54": [
        454.2710457337208,
        553.6156486051204
    ],
    "55": [
        15085.539245605469,
        9352.8779296875
    ],
    "56": [
        19532.247488839286,
        20773.359933035714
    ],
    "57": [
        5301.242116044207,
        1208.504244246134
    ],
    "58": [
        3099.162400018601,
        9137.732398623511
    ],
    "59": [
        3301.3073966733873,
        6956.160376764113
    ],
    "60": [
        8861.26416015625,
        22852.301106770832
    ],
    "61": [
        17738.06808035714,
        11385.89174107143
    ],
    "62": [
        19449.716471354168,
        3614.4848022460938
    ],
    "63": [
        994.5700698852539,
        5542.012487792968
    ],
    "64": [
        1180.8908190519912,
        18068.571756114132
    ],
    "65": [
        12505.64453125,
        13877.99405184659
    ],
    "66": [
        2325.2273457845054,
        2373.265150282118
    ],
    "67": [
        13156.935317095587,
        3394.248233570772
    ],
    "68": [
        7593.2822265625,
        5721.358374023437
    ],
    "69": [
        22760.98166232639,
        5178.520494249132
    ],
    "70": [
        20784.044170673078,
        1248.1269818819487
    ],
    "71": [
        6406.567511307566,
        13142.347142269737
    ],
    "72": [
        5583.419514973958,
        7423.183382161458
    ],
    "73": [
        4117.1041481711645,
        16996.88458806818
    ],
    "74": [
        15814.808268229166,
        14760.125759548611
    ],
    "75": [
        5585.803466796875,
        10275.347506009615
    ],
    "76": [
        1002.9453074137369,
        11258.114955357143
    ],
    "77": [
        3871.9504597981772,
        19770.078938802082
    ],
    "78": [
        1856.5904426574707,
        26712.620279947918
    ],
    "79": [
        24206.53369140625,
        1436.8655214309692
    ]
}