{
    "0": [
        13484.796325569509,
        14564.348970502337
    ],
    "1": [
        10505.578551155035,
        2454.9810665924842
    ],
    "2": [
        24438.487589233682,
        3613.463015231775
    ],
    "3": [
        22538.994853670636,
        13094.819360739088
    ],
    "4": [
        7469.8124373024075,
        17834.021197486018
    ],
    "5": [
        2424.023822145615,
        23355.59396143922
    ],
    "6": [
        1734.451652991724,
        10335.55629453125
    ],
    "7": [
        20501.43856148098,
        21474.28005170592
    ],
    "8": [
        3986.598923784561,
        1647.821685979136
    ],
    "9": [
        1051.2424475108953,
        1503.888741081502
    ],
    "10": [
        11206.055863155241,
        7972.234821068549
    ],
    "11": [
        1888.5001463751707,
        16155.973955426898
    ],
    "12": [
        17379.254148183205,
        7969.29233742795
    ],
    "13": [
        7208.320165967894,
        1485.9654788349264
    ],
    "14": [
        6689.052470439189,
        11977.720781048905
    ],
    "15": [
        14428.363278680099,
        2037.453157822082
    ],
    "16": [
        18901.500794764208,
        1890.6147880153562
    ],
    "17": [
        6074.446951864313,
        6231.023757611167
    ],
    "18": [
        1550.4740080505285,
        5705.068341698151
    ],
    "19": [
        11234.319358209978,
        23706.68153097588
    ]
}