{
    "0": [
        6121.641109793527,
        2509.792906842913
    ],
    "1": [
        1891.7589733647364,
        3446.384531058517
    ],
    "2": [
        10945.754213169643,
        20521.618898809524
    ],
    "3": [
        19145.733416863208,
        5081.866319188532
    ],
    "4": [
        2453.9982676900877,
        7270.476929488455
    ],
    "5": [
        5020.352205971415,
        4138.593827595082
    ],
    "6": [
        22894.052845982143,
        7705.35546875
    ],
    "7": [
        687.7788850769164,
        7768.550750248016
    ],
    "8": [
        13259.659015405958,
        15513.587863244744
    ],
    "9": [
        3222.919524750152,
        11284.82237976867
    ],
    "10": [
        17625.452696683114,
        985.0429522823869
    ],
    "11": [
        6495.206495436947,
        20665.795440403763
    ],
    "12": [
        452.61690808290786,
        3608.6089422052555
    ],
    "13": [
        674.146505125417,
        6271.354236577181
    ],
    "14": [
        755.0668084148533,
        15117.238402311466
    ],
    "15": [
        488.3914309722536,
        1308.2636184692383
    ],
    "16": [
        7738.49073066086,
        13739.985527663934
    ],
    "17": [
        3759.4487816063133,
        570.3967722299936
    ],
    "18": [
        4474.7550048828125,
        2190.7872932629707
    ],
    "19": [
        2674.0226950840643,
        5166.7634091739765
    ],
    "20": [
        7246.394862983063,
        10534.396484375
    ],
    "21": [
        2193.6032398664033,
        20406.89721053686
    ],
    "22": [
        891.4885576029492,
        9133.578653712182
    ],
    "23": [
        26356.43783674569,
        5848.138617153825
    ],
    "24": [
        5627.627306256975,
        17265.259041922433
    ],
    "25": [
        14090.711948029892,
        5655.355698029892
    ],
    "26": [
        15492.312939453124,
        1000.0179263046809
    ],
    "27": [
        4921.774203875207,
        735.0481190989349
    ],
    "28": [
        1406.5539247110912,
        17687.009815848214
    ],
    "29": [
        7459.606625909674,
        773.941649600251
    ],
    "30": [
        13281.947174781977,
        9865.522763747578
    ],
    "31": [
        15181.815197960805,
        24991.66489009534
    ],
    "32": [
        1493.2696825110395,
        547.9795668288048
    ],
    "33": [
        19756.255088404607,
        1288.6874036705285
    ],
    "34": [
        6134.564725499575,
        613.073626959405
    ],
    "35": [
        23191.447063577587,
        21839.041924838362
    ],
    "36": [
        10724.92055020591,
        12386.19578185562
    ],
    "37": [
        2549.9858810331193,
        472.544899286668
    ],
    "38": [
        22673.019284539474,
        985.0721400637376
    ],
    "39": [
        2869.064955188382,
        1815.252693422379
    ],
    "40": [
        25225.25015625,
        14671.135013020834
    ],
    "41": [
        16379.291821856832,
        19512.085642260176
    ],
    "42": [
        1562.0635972864488,
        1889.6782190659467
    ],
    "43": [
        714.3258456998243,
        4918.973931044162
    ],
    "44": [
        391.1073567912878,
        387.7856290796415
    ],
    "45": [
        13028.105243389424,
        691.6891173816227
    ],
    "46": [
        926.8646888747905,
        10981.284744742532
    ],
    "47": [
        11424.923960092905,
        6792.948994404561
    ],
    "48": [
        9941.694820547462,
        2614.455594858729
    ],
    "49": [
        6164.921253255208,
        6397.597275390625
    ],
    "50": [
        16496.484988839286,
        3634.940171595982
    ],
    "51": [
        8188.330142550998,
        2683.0018073187935
    ],
    "52": [
        26228.888671875,
        1248.3513615248633
    ],
    "53": [
        3434.579761646412,
        3510.310205078125
    ],
    "54": [
        3363.833111572266,
        14630.346030970983
    ],
    "55": [
        20807.58640391791,
        11852.283859025187
    ],
    "56": [
        22502.108940972223,
        3989.0206240699404
    ],
    "57": [
        12035.032847259004,
        4239.08206849179
    ],
    "58": [
        16201.818624848302,
        7344.0508381371355
    ],
    "59": [
        18971.52640964674,
        8830.037464971128
    ],
    "60": [
        5127.519090528612,
        8910.655758548093
    ],
    "61": [
        9300.012983842329,
        16562.819779829544
    ],
    "62": [
        1432.2942581757254,
        23290.72090692935
    ],
    "63": [
        3037.5018795365136,
        9229.80678607048
    ],
    "64": [
        2348.622090566726,
        26811.625534784227
    ],
    "65": [
        11887.298406862745,
        2065.6045316808363
    ],
    "66": [
        7047.106636379076,
        4393.8424603006115
    ],
    "67": [
        9828.9998046875,
        9233.533620383523
    ],
    "68": [
        4231.444721330915,
        6313.912416294643
    ],
    "69": [
        14084.033829599057,
        2452.6743624705186
    ],
    "70": [
        9418.060738357843,
        4960.11372644761
    ],
    "71": [
        971.8912251721258,
        12979.564835258152
    ],
    "72": [
        9003.794204160391,
        706.5810686349869
    ],
    "73": [
        5123.1579000538795,
        12701.8697383486
    ],
    "74": [
        8333.972129327787,
        7525.760650854317
    ],
    "75": [
        7679.640282164229,
        24936.959088264626
    ],
    "76": [
        10758.69537712546,
        641.0471989722813
    ],
    "77": [
        16202.585387073863,
        12396.834854403409
    ],
    "78": [
        19585.228433098593,
        16324.716054137323
    ],
    "79": [
        487.02649896291945,
        2371.9611570680295
    ]
}