{
    "0": [
        2403.681215230865,
        25574.04805871212
    ],
    "1": [
        1014.8707521714156,
        3288.8356923741426
    ],
    "2": [
        1220.5487983849498,
        5765.695083429784
    ],
    "3": [
        17902.294315613977,
        1693.4333660573661
    ],
    "4": [
        23244.275688559323,
        22170.03962526483
    ],
    "5": [
        23408.851958403717,
        14828.754935599662
    ],
    "6": [
        4366.489961354326,
        7185.915090272485
    ],
    "7": [
        8944.691751302084,
        24519.560130208334
    ],
    "8": [
        9361.58327291811,
        16008.117866494978
    ],
    "9": [
        12669.552788185587,
        8978.821757413903
    ],
    "10": [
        2885.999871674845,
        1094.3592938877334
    ],
    "11": [
        20353.126490542763,
        5728.165894839638
    ],
    "12": [
        7322.4323474418825,
        1309.7028702849295
    ],
    "13": [
        12823.802959442139,
        19571.1063079834
    ],
    "14": [
        13820.216703125,
        13290.1433125
    ],
    "15": [
        9218.884137103643,
        11954.399815333465
    ],
    "16": [
        1402.452155272294,
        11264.695500010068
    ],
    "17": [
        21592.834842891483,
        1415.278169134202
    ],
    "18": [
        769.7353138597551,
        897.5751136563296
    ],
    "19": [
        15777.583865887966,
        5811.3746927936945
    ],
    "20": [
        4043.1508876921175,
        3918.1830495586833
    ],
    "21": [
        16058.232609908773,
        24162.184273097828
    ],
    "22": [
        1353.9405548784448,
        14193.45901983264
    ],
    "23": [
        12095.973350899174,
        1077.6115625156547
    ],
    "24": [
        7571.197092438649,
        4754.834673355483
    ],
    "25": [
        5192.978139371715,
        15059.16114709495
    ],
    "26": [
        25565.630878971573,
        2401.484930048021
    ],
    "27": [
        24826.920440403763,
        8702.465232646571
    ],
    "28": [
        1585.3202530860901,
        21242.57372159091
    ],
    "29": [
        6305.919111985427,
        19810.343717134914
    ],
    "30": [
        17784.14600170618,
        16721.50638694325
    ],
    "31": [
        14695.701629498468,
        1707.9278628767722
    ],
    "32": [
        18354.682278143548,
        10391.586880737666
    ],
    "33": [
        1218.7457597255707,
        8429.809358560653
    ],
    "34": [
        11610.90392444505,
        4930.29690733886
    ],
    "35": [
        9669.548808895921,
        1500.9158674061048
    ],
    "36": [
        1521.1136747265032,
        17656.767062862076
    ],
    "37": [
        4959.144153617279,
        10932.153290330318
    ],
    "38": [
        8330.530808069507,
        8324.412973257211
    ],
    "39": [
        5123.941890015047,
        1263.3768621155175
    ]
}