{
    "0": [
        1574.9140450383577,
        4071.135996643926
    ],
    "1": [
        5277.9124533913355,
        5671.972352923769
    ],
    "2": [
        8529.494106359649,
        10570.07114343476
    ],
    "3": [
        1635.677074656767,
        7103.135483685662
    ],
    "4": [
        14668.978247070312,
        11732.553173828124
    ],
    "5": [
        23268.997544642858,
        9752.616531808037
    ],
    "6": [
        1087.5786710327322,
        991.9105001146144
    ],
    "7": [
        2556.309333714572,
        9934.991060014205
    ],
    "8": [
        2473.6622840274463,
        18649.447709517044
    ],
    "9": [
        4740.4602267108385,
        1439.63912070552
    ],
    "10": [
        16846.012038010816,
        3384.4582130358767
    ],
    "11": [
        10913.509479801829,
        5640.9279189691315
    ],
    "12": [
        12721.162251790365,
        1417.1323801676433
    ],
    "13": [
        1925.2557430782833,
        13623.359348606418
    ],
    "14": [
        8217.630609556685,
        15777.355559593023
    ],
    "15": [
        9989.878621419271,
        20692.64382595486
    ],
    "16": [
        8448.98486328125,
        1406.7077981296338
    ],
    "17": [
        3780.940111013559,
        24018.36906550481
    ],
    "18": [
        18917.89535361842,
        21233.460886101973
    ],
    "19": [
        22113.088270399305,
        1489.2621839841206
    ]
}