{
    "0": [
        12819.815234375,
        981.6169343948364
    ],
    "1": [
        6382.1441650390625,
        12085.8759765625
    ],
    "2": [
        17686.27734375,
        723.634409223284
    ],
    "3": [
        5852.77592198989,
        7471.965389476103
    ],
    "4": [
        4975.493179321289,
        22450.376342773438
    ],
    "5": [
        8988.609954833984,
        17635.254821777344
    ],
    "6": [
        9552.979736328125,
        22881.9091796875
    ],
    "7": [
        7077.152072482639,
        22283.52907986111
    ],
    "8": [
        6956.016528320312,
        15142.421533203125
    ],
    "9": [
        15097.335539641204,
        862.0384849972195
    ],
    "10": [
        13785.63218470982,
        5929.32990373884
    ],
    "11": [
        26529.300390625,
        758.2139978408813
    ],
    "12": [
        8133.659586588542,
        26472.560221354168
    ],
    "13": [
        18970.206705729168,
        3787.9925740559897
    ],
    "14": [
        972.4038401709663,
        5317.243177625868
    ],
    "15": [
        12218.575150923296,
        3451.0401611328125
    ],
    "16": [
        5642.933783637152,
        1329.1373897128635
    ],
    "17": [
        22990.424665178572,
        16853.74051339286
    ],
    "18": [
        19636.807198660714,
        14998.789341517857
    ],
    "19": [
        10484.8677734375,
        5538.1347265625
    ],
    "20": [
        8402.308170572916,
        10768.257096354168
    ],
    "21": [
        23431.495954241072,
        1517.8761618477959
    ],
    "22": [
        9774.19198069853,
        14462.072150735294
    ],
    "23": [
        19246.902669270832,
        19720.389485677082
    ],
    "24": [
        4672.919359290082,
        4845.43943189538
    ],
    "25": [
        3269.0993290653937,
        11338.037037037036
    ],
    "26": [
        12008.349975585938,
        19180.391845703125
    ],
    "27": [
        4022.9031451681385,
        594.4460246459297
    ],
    "28": [
        2614.0708587646486,
        2403.3248596191406
    ],
    "29": [
        1255.4608005849939,
        14743.423879523027
    ],
    "30": [
        6947.550537109375,
        2947.2979363335503
    ],
    "31": [
        5969.990559895833,
        18262.156119791667
    ],
    "32": [
        9237.887582632211,
        3453.3195143479566
    ],
    "33": [
        18302.377387152777,
        11017.087348090277
    ],
    "34": [
        21198.60518973214,
        11140.75390625
    ],
    "35": [
        19554.4736328125,
        7247.1614990234375
    ],
    "36": [
        922.844609941755,
        10433.539585658482
    ],
    "37": [
        757.8419286877502,
        3634.029009650735
    ],
    "38": [
        27014.6806640625,
        9520.82470703125
    ],
    "39": [
        7209.401123046875,
        763.5142117909023
    ],
    "40": [
        11120.10988136574,
        1027.7657187249924
    ],
    "41": [
        25400.534405048078,
        19867.488243689902
    ],
    "42": [
        9146.490263967804,
        986.0338955503521
    ],
    "43": [
        8181.628931949013,
        7594.845240542763
    ],
    "44": [
        14427.039713541666,
        26381.937825520832
    ],
    "45": [
        1944.7587068997896,
        635.4165315719752
    ],
    "46": [
        15908.150756835938,
        14220.42626953125
    ],
    "47": [
        3403.7786587801847,
        17005.441539417614
    ],
    "48": [
        15085.539245605469,
        9352.8779296875
    ],
    "49": [
        7863.0029529389885,
        5210.545793805803
    ],
    "50": [
        15808.07421875,
        3342.6030828302555
    ],
    "51": [
        14422.300944010416,
        22752.627604166668
    ],
    "52": [
        16823.771033653848,
        6402.481032151442
    ],
    "53": [
        3279.0060017903647,
        8504.685668945313
    ],
    "54": [
        971.8706377029418,
        6958.026379394531
    ],
    "55": [
        11287.881130642361,
        8762.879665798611
    ],
    "56": [
        22367.285546875,
        4197.4674072265625
    ],
    "57": [
        844.0983473125257,
        17708.653268914473
    ],
    "58": [
        1375.9627893992833,
        23661.618582589286
    ],
    "59": [
        23126.099609375,
        7745.335015190973
    ],
    "60": [
        905.4413804213206,
        20512.195475260418
    ],
    "61": [
        5569.49287553267,
        10048.33584872159
    ],
    "62": [
        18793.618489583332,
        25207.919270833332
    ],
    "63": [
        699.2932863853596,
        2044.222280996817
    ],
    "64": [
        3262.9638671875,
        19589.090234375
    ],
    "65": [
        4544.607241030092,
        2628.031720196759
    ],
    "66": [
        12301.41489955357,
        11105.69580078125
    ],
    "67": [
        448.63189330853913,
        533.7529564837092
    ],
    "68": [
        22051.122395833332,
        25343.248046875
    ],
    "69": [
        26658.2548828125,
        15074.835693359375
    ],
    "70": [
        1038.5084981565121,
        12775.105360243055
    ],
    "71": [
        12711.7740234375,
        14364.5361328125
    ],
    "72": [
        1856.5904426574707,
        26712.620279947918
    ],
    "73": [
        15521.330078125,
        17220.06201171875
    ],
    "74": [
        792.3887127922928,
        8887.646123471468
    ],
    "75": [
        3302.561720628005,
        6706.8126878004805
    ],
    "76": [
        3944.10595703125,
        14143.3497265625
    ],
    "77": [
        20001.961669921875,
        1123.9126539230347
    ],
    "78": [
        2720.8708199165962,
        4283.979327227618
    ],
    "79": [
        26272.968505859375,
        4247.692901611328
    ]
}