{
    "0": [
        5478.582027112024,
        15564.956142412606
    ],
    "1": [
        13727.466173188026,
        21583.1022108062
    ],
    "2": [
        6745.912066587468,
        1063.2058210615644
    ],
    "3": [
        14153.277137731,
        1292.5419363733938
    ],
    "4": [
        14248.952225167412,
        5037.724468558175
    ],
    "5": [
        6776.1967194642575,
        4872.872528114655
    ],
    "6": [
        1446.374804648136,
        16756.336106308056
    ],
    "7": [
        9307.23537202938,
        12488.933276026073
    ],
    "8": [
        16460.76387640579,
        8824.11385019128
    ],
    "9": [
        1062.0575168297078,
        6603.982699723404
    ],
    "10": [
        4089.044440560542,
        7524.911896736391
    ],
    "11": [
        16945.80324440157,
        16960.13485655997
    ],
    "12": [
        2367.7100317928293,
        25302.34458540745
    ],
    "13": [
        9555.176056061558,
        25095.44434084485
    ],
    "14": [
        19580.8096772354,
        6091.694569979851
    ],
    "15": [
        4912.307932867006,
        11346.53468992248
    ],
    "16": [
        11919.0847900876,
        8652.558413192719
    ],
    "17": [
        944.6150716807371,
        3592.7324990536886
    ],
    "18": [
        6380.45047691716,
        20429.36919557225
    ],
    "19": [
        11332.964867038454,
        1199.184647157575
    ],
    "20": [
        1267.8782117700064,
        9720.516203061996
    ],
    "21": [
        3482.97693809003,
        4299.382031193157
    ],
    "22": [
        1524.1068994704992,
        20588.76669902764
    ],
    "23": [
        24824.845574524177,
        8752.405850131816
    ],
    "24": [
        19768.628764204546,
        1200.4069042602916
    ],
    "25": [
        8866.351934962517,
        1636.8764488822367
    ],
    "26": [
        756.8466178171508,
        990.1421190374645
    ],
    "27": [
        7816.034541935116,
        8662.12357320414
    ],
    "28": [
        2828.5356354890046,
        1079.515686517586
    ],
    "29": [
        10360.390320635617,
        4872.168123817162
    ],
    "30": [
        26256.722148820467,
        2016.2767163678711
    ],
    "31": [
        4823.267788224231,
        1676.6089952978953
    ],
    "32": [
        1429.3049041119566,
        13063.889614642378
    ],
    "33": [
        20562.111552991366,
        23563.517603824013
    ],
    "34": [
        13785.684977428265,
        12953.322572250165
    ],
    "35": [
        10207.376907033555,
        16974.124328793325
    ],
    "36": [
        24037.628298389667,
        16479.656862842792
    ],
    "37": [
        16955.554396569616,
        2155.146344338694
    ],
    "38": [
        22854.667384582703,
        2601.7872624556194
    ],
    "39": [
        19797.01538486168,
        12484.34620741547
    ]
}