{
    "0": [
        18824.39021260997,
        7282.77872124725
    ],
    "1": [
        2920.2145062514714,
        24684.646941654264
    ],
    "2": [
        1374.0769908647208,
        1084.217798089191
    ],
    "3": [
        6570.758972351257,
        6023.6644767325915
    ],
    "4": [
        19895.767697065305,
        20668.757843800082
    ],
    "5": [
        5471.561152590981,
        1495.8380563735711
    ],
    "6": [
        11331.263601762821,
        23052.84328926282
    ],
    "7": [
        2539.7544417547247,
        10518.290231390598
    ],
    "8": [
        2012.0887846079288,
        14264.704243681783
    ],
    "9": [
        12319.29321909759,
        6638.139947406316
    ],
    "10": [
        10223.510229146705,
        1764.5243743525923
    ],
    "11": [
        8002.5951066531525,
        17321.071451348398
    ],
    "12": [
        23707.419314500763,
        2711.750253727523
    ],
    "13": [
        14589.32045200893,
        13557.320977393618
    ],
    "14": [
        23317.294180628764,
        13536.341085043297
    ],
    "15": [
        1841.2934788157506,
        4116.146054179252
    ],
    "16": [
        8224.026239304316,
        11176.923227813853
    ],
    "17": [
        2063.719242349973,
        19227.584892931754
    ],
    "18": [
        1553.0505624281352,
        7383.391175581888
    ],
    "19": [
        16144.980875516529,
        1722.7670654486033
    ]
}