{
    "0": [
        24933.1396484375,
        20863.418619791668
    ],
    "1": [
        4585.757481166294,
        2797.443904331752
    ],
    "2": [
        823.9486934661866,
        19133.851041666665
    ],
    "3": [
        22655.14171875,
        1084.4755503082276
    ],
    "4": [
        7475.203298611111,
        867.3160430484348
    ],
    "5": [
        16775.37823016827,
        17806.909630408652
    ],
    "6": [
        8884.988376193576,
        11719.107096354166
    ],
    "7": [
        9408.484636579242,
        21207.333565848214
    ],
    "8": [
        4967.937101665296,
        13403.192434210527
    ],
    "9": [
        7409.247894287109,
        16995.496612548828
    ],
    "10": [
        682.2937037348747,
        8376.378326416016
    ],
    "11": [
        1080.6596294900646,
        13361.231275475544
    ],
    "12": [
        758.226475189472,
        1896.6780248181574
    ],
    "13": [
        683.0662525721958,
        5579.17529296875
    ],
    "14": [
        2355.8660107421874,
        7142.42134765625
    ],
    "15": [
        10079.967055376837,
        1012.9499526304357
    ],
    "16": [
        3920.9734919621396,
        9314.51846078726
    ],
    "17": [
        14207.660047743055,
        25084.654296875
    ],
    "18": [
        1561.619176228841,
        16611.650472005207
    ],
    "19": [
        2161.7897240423385,
        625.8752555231894
    ],
    "20": [
        2925.7556592155906,
        24789.292394301472
    ],
    "21": [
        4021.1241251627603,
        19832.197265625
    ],
    "22": [
        24352.43896484375,
        7285.475048828125
    ],
    "23": [
        13252.35913745777,
        1684.0615828230575
    ],
    "24": [
        16978.02659847862,
        1672.8926523610164
    ],
    "25": [
        3802.6430094401044,
        5261.3056640625
    ],
    "26": [
        1688.2281163533528,
        10492.18138744213
    ],
    "27": [
        2450.5293095029633,
        3602.4347639412717
    ],
    "28": [
        18641.6795703125,
        6262.584697265625
    ],
    "29": [
        14434.813125,
        10607.9891015625
    ],
    "30": [
        12046.3037109375,
        14654.530810546876
    ],
    "31": [
        12003.82802734375,
        5437.22451171875
    ],
    "32": [
        855.6460683822631,
        3626.360986328125
    ],
    "33": [
        428.30058190130416,
        523.4743071525328
    ],
    "34": [
        6500.223608398437,
        4844.0876953125
    ],
    "35": [
        8711.3824609375,
        8441.803671875
    ],
    "36": [
        5710.229936079545,
        6957.833074396307
    ],
    "37": [
        22165.852120535714,
        13057.49183872768
    ],
    "38": [
        4680.126226251776,
        881.6286620226773
    ],
    "39": [
        8964.626109730114,
        3612.773026899858
    ]
}