{
    "0": [
        6783.6453144337875,
        2547.07592169129
    ],
    "1": [
        2988.5805587768555,
        12134.0615234375
    ],
    "2": [
        7483.7175329959755,
        689.2849656813072
    ],
    "3": [
        1301.410193529996,
        27109.14093572443
    ],
    "4": [
        6685.589694552951,
        4163.301586009838
    ],
    "5": [
        4138.505342086943,
        9575.294950881807
    ],
    "6": [
        6659.942143866357,
        5755.565377742686
    ],
    "7": [
        2040.015968322754,
        9334.235880533854
    ],
    "8": [
        609.7688385392283,
        14059.457471239697
    ],
    "9": [
        17622.068335262345,
        18514.841820987655
    ],
    "10": [
        4601.961747018914,
        13822.901392886513
    ],
    "11": [
        2742.23175797001,
        5059.242137096774
    ],
    "12": [
        9416.22670990566,
        9472.816304908609
    ],
    "13": [
        4935.084973787007,
        516.1930746812569
    ],
    "14": [
        14322.181602328432,
        4467.858915441177
    ],
    "15": [
        7039.667974632906,
        15635.558840832078
    ],
    "16": [
        5696.595360165551,
        18218.522484188987
    ],
    "17": [
        19058.37995049505,
        9195.370677985768
    ],
    "18": [
        17861.4151658888,
        13523.384423193993
    ],
    "19": [
        3665.0795332745806,
        20969.10868426067
    ],
    "20": [
        16400.449287887168,
        7154.7248340707965
    ],
    "21": [
        455.46013597691996,
        9585.140921260534
    ],
    "22": [
        5323.197870669158,
        8452.122654127039
    ],
    "23": [
        14635.344283215107,
        1515.222312742947
    ],
    "24": [
        441.4048592848856,
        15857.364065701844
    ],
    "25": [
        9817.753176769578,
        18152.624341114457
    ],
    "26": [
        3782.742103407118,
        6651.965939670139
    ],
    "27": [
        2978.732081679047,
        17930.51732197746
    ],
    "28": [
        16884.455217633928,
        929.4269648895782
    ],
    "29": [
        2339.2329331550045,
        14572.061381906702
    ],
    "30": [
        6073.125989759291,
        23331.282120988177
    ],
    "31": [
        434.1019385512571,
        1903.293575310559
    ],
    "32": [
        813.5813431459314,
        8211.070240693934
    ],
    "33": [
        13216.261474609375,
        21037.58216688368
    ],
    "34": [
        10453.383362926137,
        25542.31622869318
    ],
    "35": [
        10659.70958891369,
        12010.525455729166
    ],
    "36": [
        4511.5269082559125,
        4878.134673247466
    ],
    "37": [
        459.8189688428243,
        12297.883515625
    ],
    "38": [
        1805.6559690278152,
        3944.708165662042
    ],
    "39": [
        19490.924615431202,
        1177.5489838437516
    ],
    "40": [
        8248.493907839753,
        20656.411110101744
    ],
    "41": [
        1701.181554723669,
        16765.807291666668
    ],
    "42": [
        14842.73373046875,
        11680.7919140625
    ],
    "43": [
        16855.304346177185,
        3554.5209344660193
    ],
    "44": [
        8371.37192290684,
        2122.063955630896
    ],
    "45": [
        1688.9823046551635,
        424.731681239526
    ],
    "46": [
        420.8422013420596,
        503.24019186205
    ],
    "47": [
        10802.168880208334,
        4902.278929501488
    ],
    "48": [
        3834.894123046875,
        510.29095234680176
    ],
    "49": [
        21549.622295673078,
        12895.794365985577
    ],
    "50": [
        4086.7038292518027,
        1806.090629695012
    ],
    "51": [
        2580.23806677132,
        1490.3147046811114
    ],
    "52": [
        1291.2224783490794,
        1392.0770585407583
    ],
    "53": [
        26089.49884588068,
        1224.5663770401115
    ],
    "54": [
        19566.8987029733,
        4982.2517824635925
    ],
    "55": [
        411.70814865405583,
        4267.850369883849
    ],
    "56": [
        2972.7579988178454,
        10496.606997841283
    ],
    "57": [
        1568.456848376138,
        24449.22388392857
    ],
    "58": [
        8670.829358782086,
        3927.428665161133
    ],
    "59": [
        5399.456571975557,
        1823.3762110341893
    ],
    "60": [
        22977.832233297413,
        18034.08917025862
    ],
    "61": [
        5047.332568908006,
        11878.538930828652
    ],
    "62": [
        26138.5211328125,
        13597.20185546875
    ],
    "63": [
        1875.5646155491347,
        2624.2136694537708
    ],
    "64": [
        22567.463337905534,
        1698.906504527303
    ],
    "65": [
        3827.6075017755684,
        15535.654669744317
    ],
    "66": [
        5322.109619140625,
        27320.27814797794
    ],
    "67": [
        12889.257830925708,
        9417.043853183963
    ],
    "68": [
        6184.804450236576,
        619.6281425919332
    ],
    "69": [
        2041.6116784137228,
        6758.756356148097
    ],
    "70": [
        966.9899053976569,
        22097.719657790494
    ],
    "71": [
        6799.197577722294,
        10157.109052835052
    ],
    "72": [
        9081.355166786596,
        574.7621437985646
    ],
    "73": [
        23505.542846679688,
        23394.91424560547
    ],
    "74": [
        3362.9281126997853,
        3194.798183295563
    ],
    "75": [
        13531.994995117188,
        15588.451202392578
    ],
    "76": [
        1641.1358081448464,
        12834.441232988911
    ],
    "77": [
        602.2149371267998,
        18199.012227097603
    ],
    "78": [
        510.02014682110206,
        3043.1992062756617
    ],
    "79": [
        12855.318232548701,
        789.7438098300587
    ],
    "80": [
        7711.868815104167,
        12695.204947916667
    ],
    "81": [
        5531.663628472223,
        6678.168960108902
    ],
    "82": [
        10772.871452945403,
        7268.420073410561
    ],
    "83": [
        10125.179609818892,
        14881.305009321733
    ],
    "84": [
        7998.381508923452,
        7826.124332532971
    ],
    "85": [
        13222.999697970361,
        6350.9033203125
    ],
    "86": [
        749.1872765625778,
        5426.927258943257
    ],
    "87": [
        1067.9774725348861,
        11006.828830295139
    ],
    "88": [
        12165.08959029103,
        3007.3980274928435
    ],
    "89": [
        22653.439139660495,
        7353.41616632909
    ],
    "90": [
        427.26471229835795,
        6794.4018057364
    ],
    "91": [
        8920.216875448994,
        5887.5451463721265
    ],
    "92": [
        9966.138734879032,
        2533.808602609942
    ],
    "93": [
        2765.4290830550653,
        387.59603056407747
    ],
    "94": [
        5032.36226171875,
        3257.724021484375
    ],
    "95": [
        1414.912694958278,
        19991.620982142857
    ],
    "96": [
        10889.831608072916,
        809.4352356115977
    ],
    "97": [
        26103.758474042337,
        5605.991978799143
    ],
    "98": [
        16997.17873535156,
        24946.806396484375
    ],
    "99": [
        2837.065174336336,
        7993.123948700574
    ]
}