{
    "0": [
        25474.100911458332,
        9030.196126302084
    ],
    "1": [
        10108.5192578125,
        10217.1890234375
    ],
    "2": [
        862.6350899109474,
        2348.385086763822
    ],
    "3": [
        5186.808722245066,
        21041.240542763157
    ],
    "4": [
        21937.06123046875,
        1971.532534790039
    ],
    "5": [
        1040.295502055775,
        17684.827503551136
    ],
    "6": [
        12143.450172601744,
        888.2996962569481
    ],
    "7": [
        20974.2484375,
        25148.973828125
    ],
    "8": [
        1910.6666493733724,
        26380.480729166666
    ],
    "9": [
        17694.198974609375,
        12253.074584960938
    ],
    "10": [
        24602.29659598214,
        17082.854631696428
    ],
    "11": [
        8901.0169921875,
        13780.8501171875
    ],
    "12": [
        4374.786205394848,
        8194.476866026182
    ],
    "13": [
        6417.374154897837,
        23117.15339543269
    ],
    "14": [
        13197.38818359375,
        21421.436328125
    ],
    "15": [
        12361.772836538461,
        13534.505258413461
    ],
    "16": [
        14912.268676757813,
        26030.79833984375
    ],
    "17": [
        986.6504414466119,
        4116.207035187752
    ],
    "18": [
        18007.873046875,
        3835.7346484375
    ],
    "19": [
        4495.17052770544,
        14062.95460792824
    ],
    "20": [
        3297.5466565583883,
        5696.1251413445725
    ],
    "21": [
        4365.489448686079,
        781.2187662991611
    ],
    "22": [
        3764.8333364633413,
        17307.66368689904
    ],
    "23": [
        12754.660920516304,
        7320.445546025815
    ],
    "24": [
        1171.142238443548,
        23282.444779829544
    ],
    "25": [
        7136.7412109375,
        8169.864438657408
    ],
    "26": [
        25538.80615234375,
        12569.983154296875
    ],
    "27": [
        1578.4422451991302,
        14637.775728665865
    ],
    "28": [
        20072.58954326923,
        10217.776254507211
    ],
    "29": [
        5353.682012648809,
        3148.6009143647693
    ],
    "30": [
        6126.329861111111,
        5964.766185619213
    ],
    "31": [
        3072.1558460582387,
        2914.6191450639203
    ],
    "32": [
        2064.563387596001,
        644.6984453120474
    ],
    "33": [
        7222.2841796875,
        16478.09423828125
    ],
    "34": [
        6800.384148848684,
        1209.6262407135546
    ],
    "35": [
        8674.316064453125,
        25442.3654296875
    ],
    "36": [
        781.5225960927851,
        10153.104721966913
    ],
    "37": [
        9385.74021629051,
        6358.056767216435
    ],
    "38": [
        15422.250594429348,
        16603.848165760868
    ],
    "39": [
        11557.032440185547,
        3782.5366744995117
    ],
    "40": [
        974.7579132715861,
        6203.751312255859
    ],
    "41": [
        8397.80365280878,
        3690.583827427455
    ],
    "42": [
        18395.187138310186,
        694.9873309665256
    ],
    "43": [
        1372.4193462651026,
        8102.9104646381575
    ],
    "44": [
        19246.902669270832,
        19720.389485677082
    ],
    "45": [
        452.3565551837285,
        711.8678597553322
    ],
    "46": [
        15020.885546875,
        1121.94076089859
    ],
    "47": [
        9026.25674715909,
        19546.459872159092
    ],
    "48": [
        26124.325,
        1653.8742886543273
    ],
    "49": [
        20230.070556640625,
        15398.349609375
    ],
    "50": [
        22961.992553710938,
        5600.180999755859
    ],
    "51": [
        3371.383961397059,
        11194.93798828125
    ],
    "52": [
        16804.32177734375,
        7584.7132568359375
    ],
    "53": [
        10421.15859375,
        16820.75478515625
    ],
    "54": [
        13884.848828125,
        10201.490494791668
    ],
    "55": [
        1449.8845326304436,
        20450.664794921875
    ],
    "56": [
        6551.373919862689,
        11002.199248342804
    ],
    "57": [
        14320.066623263889,
        4787.31494140625
    ],
    "58": [
        914.6991804504395,
        12631.9109765625
    ],
    "59": [
        9409.724564985796,
        1152.1845256306908
    ]
}