{
    "0": [
        5035.243239182692,
        2716.8414118840146
    ],
    "1": [
        371.29408772786456,
        481.37118275960285
    ],
    "2": [
        823.9486934661866,
        19133.851041666665
    ],
    "3": [
        20027.681846217107,
        1061.0666155564159
    ],
    "4": [
        246.32840251922607,
        136.13934898376465
    ],
    "5": [
        1690.3301879882813,
        6549.117626953125
    ],
    "6": [
        23003.537109375,
        5829.312164306641
    ],
    "7": [
        17057.63687294408,
        1369.6898638072767
    ],
    "8": [
        15913.81459263393,
        4112.252022879465
    ],
    "9": [
        14595.8333984375,
        1771.3365215301515
    ],
    "10": [
        9130.021740141368,
        20457.91238839286
    ],
    "11": [
        13594.907421875,
        9091.67294921875
    ],
    "12": [
        15840.081298828125,
        26206.62060546875
    ],
    "13": [
        2043.1254638671876,
        171.01760215759276
    ],
    "14": [
        11043.037109375,
        5327.565212673611
    ],
    "15": [
        3492.7129720052085,
        3584.6005045572915
    ],
    "16": [
        2918.1029334435098,
        11113.807466947115
    ],
    "17": [
        7502.40487132353,
        13485.43767233456
    ],
    "18": [
        2374.9983520507813,
        7533.61847795759
    ],
    "19": [
        25120.271875,
        18551.79755859375
    ],
    "20": [
        6576.7926839192705,
        6316.3598225911455
    ],
    "21": [
        6777.990234375,
        542.5173989401924
    ],
    "22": [
        1080.6596294900646,
        13361.231275475544
    ],
    "23": [
        12653.797141335228,
        5991.195623224432
    ],
    "24": [
        6704.331325954861,
        23427.087239583332
    ],
    "25": [
        4127.527898615057,
        13767.882191051136
    ],
    "26": [
        9081.960266113281,
        3409.696090698242
    ],
    "27": [
        18021.654436383928,
        17031.200753348214
    ],
    "28": [
        6786.247958096591,
        4154.438809481534
    ],
    "29": [
        711.2909250259399,
        10429.863932291666
    ],
    "30": [
        18493.83122702206,
        6942.90926585478
    ],
    "31": [
        381.7006259494358,
        6408.038140190973
    ],
    "32": [
        12954.193892045454,
        629.2509821111506
    ],
    "33": [
        9681.283804086539,
        9124.104041466346
    ],
    "34": [
        5199.887727864583,
        7210.525162760417
    ],
    "35": [
        1834.6554898348722,
        3459.5784135298295
    ],
    "36": [
        14214.613037109375,
        15480.646850585938
    ],
    "37": [
        10696.66552734375,
        205.7190625667572
    ],
    "38": [
        11985.359552556818,
        3292.757390802557
    ],
    "39": [
        7095.63154296875,
        11034.53671875
    ],
    "40": [
        3787.264827473958,
        2087.519767252604
    ],
    "41": [
        1167.4137244591345,
        1881.8817044771636
    ],
    "42": [
        24772.16075721154,
        1161.4467268723708
    ],
    "43": [
        679.2793807249802,
        8321.969463641826
    ],
    "44": [
        8415.162957442435,
        309.3184337615967
    ],
    "45": [
        171.2970085144043,
        1373.2772115071614
    ],
    "46": [
        8560.971842447916,
        17071.632421875
    ],
    "47": [
        669.3659172058105,
        957.118896484375
    ],
    "48": [
        11439.87290736607,
        23902.989118303572
    ],
    "49": [
        1222.0341430664062,
        368.55278434753416
    ],
    "50": [
        2099.357179429796,
        25663.747395833332
    ],
    "51": [
        5164.8747151692705,
        920.0331365267435
    ],
    "52": [
        2084.3849609375,
        9485.89375
    ],
    "53": [
        9216.414184570313,
        1609.9657745361328
    ],
    "54": [
        7224.89306640625,
        1693.800258091518
    ],
    "55": [
        589.5715983072917,
        5123.0279296875
    ],
    "56": [
        10010.94935825893,
        11797.504952566964
    ],
    "57": [
        1561.619176228841,
        16611.650472005207
    ],
    "58": [
        10562.126953125,
        14773.717664930555
    ],
    "59": [
        14610.721557617188,
        19760.578857421875
    ],
    "60": [
        4854.651340060764,
        10058.821506076389
    ],
    "61": [
        5440.727973090277,
        17391.700629340277
    ],
    "62": [
        3229.4041137695313,
        5490.380859375
    ],
    "63": [
        3762.368961588542,
        595.1245986938477
    ],
    "64": [
        3574.7863566080728,
        8651.009969075521
    ],
    "65": [
        18352.05841619318,
        11636.45205965909
    ],
    "66": [
        3634.836604817708,
        20247.5296875
    ],
    "67": [
        9196.53662109375,
        6008.842854817708
    ],
    "68": [
        7872.18701171875,
        8772.739790482954
    ],
    "69": [
        13311.501822916667,
        12120.26640625
    ],
    "70": [
        318.5730576515198,
        2347.8146484375
    ],
    "71": [
        11637.141682942709,
        1370.286112467448
    ],
    "72": [
        2527.78720703125,
        935.5656463623047
    ],
    "73": [
        3792.3499930245534,
        6477.715959821428
    ],
    "74": [
        409.91220207214354,
        3637.38828125
    ],
    "75": [
        1528.7973807198662,
        1028.461661202567
    ],
    "76": [
        24226.548502604168,
        10262.093343098959
    ],
    "77": [
        2769.695068359375,
        23011.738606770832
    ],
    "78": [
        4858.734892003677,
        4811.156953699448
    ],
    "79": [
        2114.9179132634945,
        4789.892356178977
    ]
}