{
    "0": [
        25040.78886217949,
        14774.40032802484
    ],
    "1": [
        5352.624875123473,
        6698.464405980603
    ],
    "2": [
        4692.76512298584,
        4253.942289733886
    ],
    "3": [
        10380.297677521658,
        1083.2959657093086
    ],
    "4": [
        1028.134511881824,
        11381.482063949377
    ],
    "5": [
        1544.1699258886654,
        22398.754791479318
    ],
    "6": [
        2472.086176228641,
        3425.169791987377
    ],
    "7": [
        7096.364974153256,
        12009.813277741392
    ],
    "8": [
        16683.84221227845,
        3973.2191981984606
    ],
    "9": [
        1039.9851232404803,
        13915.136120366114
    ],
    "10": [
        18404.213402609224,
        17289.893184921115
    ],
    "11": [
        9058.222503800198,
        3341.126693518453
    ],
    "12": [
        19699.443304357395,
        1249.9879422758665
    ],
    "13": [
        26788.063222388697,
        2841.014057642793
    ],
    "14": [
        12544.79947290665,
        9055.424488556691
    ],
    "15": [
        15786.820552884616,
        12480.693028846154
    ],
    "16": [
        24145.01912788723,
        7260.391346807065
    ],
    "17": [
        2124.8426039826636,
        26477.753331801472
    ],
    "18": [
        5775.31743840888,
        22806.5899791151
    ],
    "19": [
        20438.051352446935,
        11403.946279849646
    ],
    "20": [
        4109.053693498884,
        13974.623132726649
    ],
    "21": [
        5411.247404320839,
        9234.8524132477
    ],
    "22": [
        10887.761515006745,
        12146.383304294064
    ],
    "23": [
        19899.288330078125,
        5713.245470832376
    ],
    "24": [
        706.3804718527349,
        4629.535106851897
    ],
    "25": [
        13845.166071965145,
        5590.788123497596
    ],
    "26": [
        1304.0522811248159,
        16816.31564550242
    ],
    "27": [
        10300.561616704705,
        5982.341613083743
    ],
    "28": [
        5473.226821549976,
        17704.598371898854
    ],
    "29": [
        8643.906930106026,
        15262.077078683036
    ],
    "30": [
        1892.4831598455255,
        493.856245943633
    ],
    "31": [
        1920.1717552659613,
        1852.396405525755
    ],
    "32": [
        12506.442556073589,
        868.3949928052964
    ],
    "33": [
        752.0108589638604,
        6682.266575520834
    ],
    "34": [
        23070.69953734486,
        1596.2509090629876
    ],
    "35": [
        8666.452056729853,
        8689.812985802664
    ],
    "36": [
        16919.00590209961,
        989.1221758782864
    ],
    "37": [
        16878.81170877053,
        8119.984692204608
    ],
    "38": [
        6500.082084693719,
        3133.8693616876553
    ],
    "39": [
        2905.2870037372295,
        7682.764305701623
    ],
    "40": [
        4361.23918980986,
        2300.410038638877
    ],
    "41": [
        521.4699984694666,
        2563.3322740442613
    ],
    "42": [
        11926.19208531664,
        3451.077964934292
    ],
    "43": [
        6548.041097005208,
        825.2841067185273
    ],
    "44": [
        4954.835165218431,
        714.2961438352964
    ],
    "45": [
        492.47668542794673,
        671.319924426303
    ],
    "46": [
        23276.32536969866,
        21223.599748883928
    ],
    "47": [
        8474.216310603138,
        879.0725219269349
    ],
    "48": [
        8925.505121446193,
        19743.17465049342
    ],
    "49": [
        14476.598338847258,
        1615.928718807746
    ],
    "50": [
        9771.610961914063,
        25635.113482306984
    ],
    "51": [
        12741.159467424664,
        15933.584803989956
    ],
    "52": [
        948.599173854609,
        8898.288866387038
    ],
    "53": [
        7258.447209176301,
        5584.725049674856
    ],
    "54": [
        3390.2328656684026,
        640.4578246010674
    ],
    "55": [
        3399.153480459791,
        10669.781393348623
    ],
    "56": [
        2832.7763950081758,
        5347.9842818859015
    ],
    "57": [
        13914.646799045138,
        20998.210221354166
    ],
    "58": [
        17383.782299804687,
        25397.15654296875
    ],
    "59": [
        1928.0444227854412,
        19473.097898794935
    ]
}