{
    "0": [
        949.6926044561924,
        5251.834147135417
    ],
    "1": [
        1038.5084981565121,
        12775.105360243055
    ],
    "2": [
        736.7151867922614,
        3538.1470109528186
    ],
    "3": [
        3123.2844970703127,
        8774.210864257813
    ],
    "4": [
        9140.276724008414,
        3602.7607703575723
    ],
    "5": [
        3224.4725167410716,
        11326.345424107143
    ],
    "6": [
        2614.0708587646486,
        2403.3248596191406
    ],
    "7": [
        1856.5904426574707,
        26712.620279947918
    ],
    "8": [
        23539.329817708334,
        1616.2404235839845
    ],
    "9": [
        17691.9068359375,
        640.5136150360107
    ],
    "10": [
        2793.511917114258,
        4333.582196044922
    ],
    "11": [
        15814.808268229166,
        14760.125759548611
    ],
    "12": [
        4922.7671461838945,
        5124.288799579327
    ],
    "13": [
        8323.160753038195,
        11052.652018229166
    ],
    "14": [
        19449.716471354168,
        3614.4848022460938
    ],
    "15": [
        16485.28759765625,
        21582.5791015625
    ],
    "16": [
        12180.88405299831,
        808.540505125716
    ],
    "17": [
        792.3887127922928,
        8887.646123471468
    ],
    "18": [
        3097.5633737664475,
        16868.381938733553
    ],
    "19": [
        8430.012032645089,
        847.2126016616821
    ],
    "20": [
        3407.059019027218,
        6919.226956275202
    ],
    "21": [
        1375.9627893992833,
        23661.618582589286
    ],
    "22": [
        2059.1438816615514,
        594.6690895642553
    ],
    "23": [
        21198.60518973214,
        11140.75390625
    ],
    "24": [
        14322.036946614584,
        3054.6378580729165
    ],
    "25": [
        971.8706377029418,
        6958.026379394531
    ],
    "26": [
        8679.99015727796,
        8272.899028577303
    ],
    "27": [
        5349.601985677084,
        21564.727213541668
    ],
    "28": [
        8338.519461495536,
        26224.123604910714
    ],
    "29": [
        23099.66015625,
        4435.756327311198
    ],
    "30": [
        8682.632771809896,
        22516.965169270832
    ],
    "31": [
        9606.606162623355,
        14496.99568256579
    ],
    "32": [
        13988.080078125,
        23649.17801339286
    ],
    "33": [
        1079.9093725681305,
        20665.506998697918
    ],
    "34": [
        6280.015984786184,
        12854.582699424342
    ],
    "35": [
        478.5094740516261,
        513.210739429844
    ],
    "36": [
        12008.349975585938,
        19180.391845703125
    ],
    "37": [
        27795.75078125,
        4776.76845703125
    ],
    "38": [
        6432.649213741987,
        1051.6982729007036
    ],
    "39": [
        3739.4521135602677,
        18965.109514508928
    ],
    "40": [
        26141.03515625,
        12886.382161458334
    ],
    "41": [
        1187.4575513336395,
        14768.132432725695
    ],
    "42": [
        9222.197791466346,
        17515.496619591348
    ],
    "43": [
        14854.004622395832,
        767.779700978597
    ],
    "44": [
        6065.998851102941,
        7779.274715647978
    ],
    "45": [
        6538.800952148437,
        15950.67626953125
    ],
    "46": [
        20974.2484375,
        25148.973828125
    ],
    "47": [
        15456.250390625,
        26763.966015625
    ],
    "48": [
        3697.4054963485055,
        14234.13676120924
    ],
    "49": [
        4685.450017755682,
        2488.1787257339015
    ],
    "50": [
        12711.7740234375,
        14364.5361328125
    ],
    "51": [
        709.580187018101,
        1984.9855276254507
    ],
    "52": [
        5205.283935546875,
        23568.484933035714
    ],
    "53": [
        10229.165771484375,
        5646.396313476563
    ],
    "54": [
        19413.951704545456,
        19530.133167613636
    ],
    "55": [
        16076.337775735294,
        5984.379337086397
    ],
    "56": [
        18759.893663194445,
        7583.414876302083
    ],
    "57": [
        15477.27720424107,
        17430.101422991072
    ],
    "58": [
        19989.69609375,
        1023.1937611897787
    ],
    "59": [
        18122.8146484375,
        11549.3001953125
    ],
    "60": [
        4295.296333007813,
        715.8466613006592
    ],
    "61": [
        19948.035993303572,
        15415.852120535714
    ],
    "62": [
        25450.34619140625,
        9456.22900390625
    ],
    "63": [
        22465.969835069445,
        7076.099283854167
    ],
    "64": [
        13364.284743088941,
        6068.100360576923
    ],
    "65": [
        26529.300390625,
        758.2139978408813
    ],
    "66": [
        12371.841947115385,
        11179.802584134615
    ],
    "67": [
        827.1945953369141,
        10429.345102163461
    ],
    "68": [
        10107.049737338362,
        1332.8637825373946
    ],
    "69": [
        16814.327278645833,
        3312.944783528646
    ],
    "70": [
        15085.539245605469,
        9352.8779296875
    ],
    "71": [
        7033.722113715277,
        18480.90842013889
    ],
    "72": [
        11402.923400878906,
        8989.178192138672
    ],
    "73": [
        27357.8798828125,
        16605.748046875
    ],
    "74": [
        781.5035147415964,
        17847.332339638157
    ],
    "75": [
        23284.104817708332,
        16940.7197265625
    ],
    "76": [
        5564.708074396307,
        10259.974964488636
    ],
    "77": [
        11776.76796875,
        3643.493933105469
    ],
    "78": [
        6967.2030607524675,
        2950.61133776213
    ],
    "79": [
        7822.697079613095,
        5547.655459449405
    ]
}