{
    "0": [
        13428.80717572774,
        10930.18242990154
    ],
    "1": [
        9473.522511839406,
        7975.96753589527
    ],
    "2": [
        16930.268990786022,
        1755.3165477978364
    ],
    "3": [
        7129.569153771034,
        4301.711634239784
    ],
    "4": [
        635.6025896476343,
        768.4233640630098
    ],
    "5": [
        4892.691184530453,
        3345.7942010788693
    ],
    "6": [
        15919.247515190973,
        6809.683224826389
    ],
    "7": [
        9740.418507543103,
        4012.6647930510658
    ],
    "8": [
        1521.6405310909524,
        17099.676294120953
    ],
    "9": [
        2108.226112374125,
        21169.587305547906
    ],
    "10": [
        6910.26624304969,
        18839.575837556305
    ],
    "11": [
        12698.25832802441,
        5303.479040579735
    ],
    "12": [
        20721.679807692308,
        1264.538051596666
    ],
    "13": [
        25385.585727768455,
        2450.9523100532942
    ],
    "14": [
        2290.0191523126655,
        25753.230825063343
    ],
    "15": [
        16663.456099415554,
        17231.0176079437
    ],
    "16": [
        5092.879233940972,
        14151.774153645832
    ],
    "17": [
        8908.95289044798,
        1055.5433912385267
    ],
    "18": [
        8248.839629626666,
        11606.90003842213
    ],
    "19": [
        11504.427104111259,
        1289.7439091104143
    ],
    "20": [
        729.9322276528065,
        5644.561025766226
    ],
    "21": [
        980.3987897869121,
        9057.3028109936
    ],
    "22": [
        23834.462890625,
        8169.631236683239
    ],
    "23": [
        2357.7339162058643,
        877.278330518673
    ],
    "24": [
        12061.90517412606,
        20659.407623808263
    ],
    "25": [
        18848.20880463957,
        11593.140822708972
    ],
    "26": [
        10846.462055821572,
        15149.17471018145
    ],
    "27": [
        2740.199829470355,
        3962.064643421922
    ],
    "28": [
        8757.663744245257,
        24793.380562918526
    ],
    "29": [
        3009.989038873488,
        6838.048135080645
    ],
    "30": [
        1284.0573617506152,
        12957.71779920432
    ],
    "31": [
        19765.57876441592,
        23516.917015438987
    ],
    "32": [
        799.2941251993179,
        2815.954310048925
    ],
    "33": [
        19585.641754518074,
        5661.437289686088
    ],
    "34": [
        4322.244235026042,
        962.1328252420425
    ],
    "35": [
        3910.251776464237,
        10227.015185243596
    ],
    "36": [
        14088.410711196955,
        1473.5049826474208
    ],
    "37": [
        24162.588184457964,
        16081.55626901272
    ],
    "38": [
        6547.062328880287,
        1013.0646145523855
    ],
    "39": [
        5916.648163500449,
        7281.517439368818
    ]
}