{
    "0": [
        2228.3857421875,
        9568.4150390625
    ],
    "1": [
        16412.24169921875,
        18433.6728515625
    ],
    "2": [
        10275.4443359375,
        5409.546875
    ],
    "3": [
        24110.70703125,
        14828.900390625
    ],
    "4": [
        6286.91845703125,
        9407.0908203125
    ],
    "5": [
        12797.091796875,
        2611.230224609375
    ],
    "6": [
        656.0218505859375,
        3740.4990234375
    ],
    "7": [
        6203.219482421875,
        6601.55078125
    ],
    "8": [
        201.94454956054688,
        6803.20068359375
    ],
    "9": [
        26287.298828125,
        7940.111328125
    ],
    "10": [
        4025.4677734375,
        4261.51318359375
    ],
    "11": [
        7699.757080078125,
        1193.6828918457031
    ],
    "12": [
        16829.669921875,
        534.53515625
    ],
    "13": [
        5595.801350911458,
        18950.089192708332
    ],
    "14": [
        5046.47119140625,
        639.62158203125
    ],
    "15": [
        3322.98388671875,
        3073.491943359375
    ],
    "16": [
        4762.31494140625,
        1936.7413330078125
    ],
    "17": [
        3602.775146484375,
        5496.59912109375
    ],
    "18": [
        22182.31640625,
        9138.525390625
    ],
    "19": [
        1792.216064453125,
        6555.36865234375
    ],
    "20": [
        5271.06884765625,
        1172.3472900390625
    ],
    "21": [
        2761.4652099609375,
        23264.115234375
    ],
    "22": [
        20050.4296875,
        3642.69189453125
    ],
    "23": [
        7.529618263244629,
        2420.477783203125
    ],
    "24": [
        6150.4853515625,
        4339.09375
    ],
    "25": [
        10162.8359375,
        7931.34130859375
    ],
    "26": [
        2454.919189453125,
        2862.063720703125
    ],
    "27": [
        4974.82275390625,
        156.35214233398438
    ],
    "28": [
        4669.04833984375,
        882.4178466796875
    ],
    "29": [
        8924.1728515625,
        1336.4346923828125
    ],
    "30": [
        18133.837890625,
        14457.04150390625
    ],
    "31": [
        180.94691467285156,
        26015.1328125
    ],
    "32": [
        12290.755859375,
        5418.97607421875
    ],
    "33": [
        3305.10009765625,
        8415.943359375
    ],
    "34": [
        14483.6171875,
        23050.41796875
    ],
    "35": [
        14527.5966796875,
        1189.345458984375
    ],
    "36": [
        547.5143432617188,
        2590.000244140625
    ],
    "37": [
        10995.4365234375,
        17117.98193359375
    ],
    "38": [
        51.725566387176514,
        8984.49951171875
    ],
    "39": [
        254.88873291015625,
        8230.2314453125
    ],
    "40": [
        3398.240966796875,
        9150.28125
    ],
    "41": [
        11560.9912109375,
        591.875732421875
    ],
    "42": [
        4599.580078125,
        3406.619384765625
    ],
    "43": [
        12401.7392578125,
        328.6387634277344
    ],
    "44": [
        3848.259765625,
        728.0377197265625
    ],
    "45": [
        605.3232421875,
        4744.64599609375
    ],
    "46": [
        17181.12890625,
        1688.544189453125
    ],
    "47": [
        18375.236328125,
        5547.708984375
    ],
    "48": [
        1401.1805623372395,
        13457.6943359375
    ],
    "49": [
        18648.6484375,
        5045.76708984375
    ],
    "50": [
        817.7203369140625,
        10330.3076171875
    ],
    "51": [
        4514.029296875,
        3381.302001953125
    ],
    "52": [
        13003.720703125,
        247.64288330078125
    ],
    "53": [
        16306.6884765625,
        24584.705078125
    ],
    "54": [
        19006.921875,
        7962.339599609375
    ],
    "55": [
        2528.46435546875,
        4584.19580078125
    ],
    "56": [
        3927.88916015625,
        13194.970703125
    ],
    "57": [
        9926.8955078125,
        2645.872802734375
    ],
    "58": [
        1856.0013427734375,
        2829.87158203125
    ],
    "59": [
        714.0751342773438,
        8597.37109375
    ],
    "60": [
        20557.4921875,
        588.5550842285156
    ],
    "61": [
        4908.87890625,
        1532.088623046875
    ],
    "62": [
        12399.5263671875,
        12489.54833984375
    ],
    "63": [
        10169.884765625,
        1895.2313232421875
    ],
    "64": [
        2049.8603515625,
        9836.0888671875
    ],
    "65": [
        1372.733154296875,
        9.330373764038086
    ],
    "66": [
        862.904296875,
        6061.23583984375
    ],
    "67": [
        794.255859375,
        3742.838134765625
    ],
    "68": [
        8692.1396484375,
        6319.14892578125
    ],
    "69": [
        16562.455078125,
        296.6864318847656
    ],
    "70": [
        3907.13037109375,
        14581.15234375
    ],
    "71": [
        2234.299560546875,
        1178.6820068359375
    ],
    "72": [
        1505.1519165039063,
        1994.554931640625
    ],
    "73": [
        23900.177734375,
        5316.384765625
    ],
    "74": [
        4165.73779296875,
        13361.0400390625
    ],
    "75": [
        500.54022216796875,
        3087.683837890625
    ],
    "76": [
        13964.2509765625,
        2282.13623046875
    ],
    "77": [
        9060.958984375,
        9357.83203125
    ],
    "78": [
        13463.9970703125,
        8952.8349609375
    ],
    "79": [
        654.2181091308594,
        1181.2968139648438
    ]
}