{
    "0": [
        3411.369062943892,
        8215.761918501421
    ],
    "1": [
        1080.6596294900646,
        13361.231275475544
    ],
    "2": [
        14081.46328125,
        16591.59482421875
    ],
    "3": [
        19140.726725260418,
        11905.782307942709
    ],
    "4": [
        24351.060752467107,
        7685.9685701069075
    ],
    "5": [
        1212.6988164265952,
        7402.909619140625
    ],
    "6": [
        24696.662353515625,
        16342.39599609375
    ],
    "7": [
        10340.833618164063,
        20986.246459960938
    ],
    "8": [
        574.7220778031783,
        5287.689364346591
    ],
    "9": [
        1709.6998583929878,
        10286.740262276786
    ],
    "10": [
        3335.0731388972354,
        21549.44816706731
    ],
    "11": [
        3621.967025756836,
        18965.471923828125
    ],
    "12": [
        20085.947954963234,
        747.2333307827221
    ],
    "13": [
        7291.610440340909,
        14211.26278409091
    ],
    "14": [
        9905.142052283654,
        1088.9906773200403
    ],
    "15": [
        3197.1840942382814,
        2970.708544921875
    ],
    "16": [
        15913.81459263393,
        4112.252022879465
    ],
    "17": [
        10090.921316964286,
        15264.239467075893
    ],
    "18": [
        2104.429400357333,
        25327.12127130682
    ],
    "19": [
        14244.269466145834,
        2140.486865234375
    ],
    "20": [
        5727.7167578125,
        6632.499453125
    ],
    "21": [
        12274.221337890625,
        603.3629932403564
    ],
    "22": [
        15927.730538504464,
        793.6042097636631
    ],
    "23": [
        9117.1072265625,
        3467.450732421875
    ],
    "24": [
        3965.8596700032554,
        841.5513900121053
    ],
    "25": [
        8944.657443576389,
        8627.315375434027
    ],
    "26": [
        2907.2403423602764,
        5564.259502704327
    ],
    "27": [
        10213.124368106617,
        11255.39315257353
    ],
    "28": [
        6669.712510850694,
        1090.5308074951172
    ],
    "29": [
        2110.8286414513223,
        556.3746274067805
    ],
    "30": [
        5469.803518194902,
        10244.39494243421
    ],
    "31": [
        8099.131998697917,
        12138.569986979166
    ],
    "32": [
        11727.08363560268,
        2652.6579938616073
    ],
    "33": [
        25749.541666666668,
        23047.573567708332
    ],
    "34": [
        7716.78505859375,
        523.6846243540446
    ],
    "35": [
        4504.1078768643465,
        4418.9179132634945
    ],
    "36": [
        14818.25146484375,
        24760.048095703125
    ],
    "37": [
        17963.219889322918,
        7729.473307291667
    ],
    "38": [
        20183.647879464286,
        5277.2471923828125
    ],
    "39": [
        269.2724365346572,
        2441.2459932215074
    ],
    "40": [
        6728.275948660715,
        4418.470511300223
    ],
    "41": [
        8039.991339432566,
        18908.051809210527
    ],
    "42": [
        4994.5674856085525,
        2284.7108989514804
    ],
    "43": [
        12244.358501233553,
        5590.447060032895
    ],
    "44": [
        1213.1775444878472,
        1685.674289279514
    ],
    "45": [
        5714.585223858173,
        16762.59435096154
    ],
    "46": [
        1516.2400207519531,
        3622.151846078726
    ],
    "47": [
        13594.907421875,
        9091.67294921875
    ],
    "48": [
        4075.43212890625,
        13945.408203125
    ],
    "49": [
        413.6980547904968,
        553.8866701126099
    ],
    "50": [
        775.362141654605,
        17946.837797619046
    ],
    "51": [
        8353.669840494791,
        1871.7612406412761
    ],
    "52": [
        17499.203835227272,
        1816.3010919744318
    ],
    "53": [
        13660.87827845982,
        12346.72279575893
    ],
    "54": [
        5387.458840762868,
        649.7223297567929
    ],
    "55": [
        8791.489107572115,
        354.1855388054481
    ],
    "56": [
        24772.16075721154,
        1161.4467268723708
    ],
    "57": [
        17772.45583767361,
        17829.1513671875
    ],
    "58": [
        9416.1984375,
        5905.43623046875
    ],
    "59": [
        7406.32880859375,
        23994.608984375
    ]
}