{
    "0": [
        3953.7569593918297,
        739.8185326936834
    ],
    "1": [
        12096.093111478365,
        13985.34296123798
    ],
    "2": [
        16116.319932725695,
        20239.974544270834
    ],
    "3": [
        9155.561253493393,
        22802.456666031503
    ],
    "4": [
        2907.2096161253426,
        11049.654829899153
    ],
    "5": [
        4741.5152713921925,
        2319.9229138579694
    ],
    "6": [
        12091.604572610295,
        7485.953799977022
    ],
    "7": [
        3639.297050696577,
        5695.491464956647
    ],
    "8": [
        4108.482706978817,
        3863.658972413748
    ],
    "9": [
        25803.11122881356,
        18598.695527674787
    ],
    "10": [
        3806.1726041666666,
        17929.960442708332
    ],
    "11": [
        7535.868740676036,
        13982.958302253455
    ],
    "12": [
        5592.607015830592,
        5961.984841008772
    ],
    "13": [
        7525.394940350507,
        26717.106023015203
    ],
    "14": [
        23384.163309919724,
        9594.74583393062
    ],
    "15": [
        9990.376124855324,
        624.2571999894249
    ],
    "16": [
        388.4630239647214,
        494.4725577255287
    ],
    "17": [
        23444.596060739437,
        5320.433951364436
    ],
    "18": [
        18307.220186121325,
        24401.77326516544
    ],
    "19": [
        18553.451069617146,
        764.0428598964713
    ],
    "20": [
        8395.218283801822,
        7797.63131575848
    ],
    "21": [
        5172.749458126906,
        14643.262328506098
    ],
    "22": [
        8375.59214259238,
        19598.464587135037
    ],
    "23": [
        2270.841107296744,
        3960.204055998651
    ],
    "24": [
        6400.660032594359,
        2129.8570770660003
    ],
    "25": [
        22395.798368566175,
        14975.688203699448
    ],
    "26": [
        20006.591457201088,
        11364.12925441576
    ],
    "27": [
        9692.32370376587,
        2400.729407310486
    ],
    "28": [
        15645.62344234246,
        3922.438677322766
    ],
    "29": [
        912.2609726164037,
        12186.623043977188
    ],
    "30": [
        4403.798685844371,
        24064.973302980132
    ],
    "31": [
        504.3963896462836,
        1794.0270022962945
    ],
    "32": [
        18282.70352115271,
        3168.4398561873527
    ],
    "33": [
        14726.915736607143,
        790.3632148342691
    ],
    "34": [
        10226.209243774414,
        9112.33517964681
    ],
    "35": [
        14742.552363432655,
        16054.039395591086
    ],
    "36": [
        17579.738934685203,
        13926.813038545497
    ],
    "37": [
        12994.249985203598,
        26456.463452888256
    ],
    "38": [
        724.8727145945088,
        10253.60273382637
    ],
    "39": [
        7715.469932154605,
        10324.393650140977
    ],
    "40": [
        5495.493512246177,
        12087.528303830433
    ],
    "41": [
        4048.426673504946,
        7761.145239082171
    ],
    "42": [
        1549.628832037009,
        27171.408260012136
    ],
    "43": [
        20827.61519072975,
        4406.348631448586
    ],
    "44": [
        1081.486816572663,
        23901.77735685822
    ],
    "45": [
        20052.33823529412,
        7649.71085133272
    ],
    "46": [
        24757.638618364726,
        1762.2648705129754
    ],
    "47": [
        12508.474583562775,
        5362.446182587073
    ],
    "48": [
        14738.357652698864,
        12090.821259469696
    ],
    "49": [
        5142.661760046127,
        20904.461966007315
    ],
    "50": [
        22644.957939040494,
        1163.5708684989474
    ],
    "51": [
        10088.967533052884,
        6335.001862980769
    ],
    "52": [
        1847.7933323199932,
        2211.0198760399453
    ],
    "53": [
        559.9194792692261,
        4631.117735229203
    ],
    "54": [
        27492.95744243421,
        1508.9542435972314
    ],
    "55": [
        20705.39376553622,
        1066.2411534948783
    ],
    "56": [
        549.3191230221806,
        6535.129566192627
    ],
    "57": [
        20724.44211154514,
        19943.523898654516
    ],
    "58": [
        9719.026175746834,
        12129.225844059747
    ],
    "59": [
        2223.3942121674745,
        7380.895942011966
    ],
    "60": [
        6967.753213837793,
        604.2940609199945
    ],
    "61": [
        13791.139280288939,
        3091.7793332054503
    ],
    "62": [
        14019.270370015338,
        9095.495958948428
    ],
    "63": [
        3126.1174385502654,
        15267.292913472877
    ],
    "64": [
        26798.59598214286,
        6401.228309268043
    ],
    "65": [
        11520.928118537455,
        895.7370772817555
    ],
    "66": [
        635.2243353291313,
        3215.8642462097773
    ],
    "67": [
        6269.963175273262,
        8064.953545403588
    ],
    "68": [
        11532.678894564637,
        3379.4394885984243
    ],
    "69": [
        14947.23046875,
        6651.172566924615
    ],
    "70": [
        16614.053950095662,
        1188.0502524083975
    ],
    "71": [
        1459.335804107601,
        564.5325705006178
    ],
    "72": [
        1893.7161973423783,
        5505.521621551004
    ],
    "73": [
        909.7176370435494,
        14090.611853966346
    ],
    "74": [
        23955.059616815477,
        24654.767764136905
    ],
    "75": [
        2667.1071142782002,
        636.0272919870368
    ],
    "76": [
        5094.39246470534,
        9850.892666553887
    ],
    "77": [
        17188.556119392255,
        9315.553054903183
    ],
    "78": [
        7847.663723372187,
        3100.91066101663
    ],
    "79": [
        3200.605793165124,
        2242.3882101307745
    ],
    "80": [
        930.5332132456076,
        18841.860886177008
    ],
    "81": [
        26551.694422104778,
        12189.139490464155
    ],
    "82": [
        5457.252338192327,
        626.2052416775608
    ],
    "83": [
        7562.094018075981,
        5641.439232919731
    ],
    "84": [
        11982.100521193024,
        10781.498440737223
    ],
    "85": [
        662.5189721057941,
        8333.170095627029
    ],
    "86": [
        11941.443020290799,
        18414.049194335938
    ],
    "87": [
        6055.8017362706805,
        4058.812262142406
    ],
    "88": [
        9489.589491900275,
        4501.781117158777
    ],
    "89": [
        917.1926253061653,
        16409.62984948272
    ],
    "90": [
        8353.73468951057,
        855.982075232618
    ],
    "91": [
        1387.3138801926061,
        21158.332893155366
    ],
    "92": [
        13206.473021320093,
        22217.49448744159
    ],
    "93": [
        17641.65901782631,
        5899.7475505006905
    ],
    "94": [
        18210.102604898173,
        17119.811863588482
    ],
    "95": [
        13046.176773563508,
        964.3324902230694
    ],
    "96": [
        3114.142429284882,
        12868.739279228344
    ],
    "97": [
        2612.791552467068,
        9247.918278826413
    ],
    "98": [
        6534.096279967065,
        17244.293174594055
    ],
    "99": [
        9517.193139268944,
        15754.719164912565
    ]
}