{
    "0": [
        19113.468841911767,
        16115.280710018382
    ],
    "1": [
        5909.897254205519,
        20198.804797757057
    ],
    "2": [
        19662.50831147354,
        5050.129765197308
    ],
    "3": [
        17017.6941986084,
        1735.7828450649977
    ],
    "4": [
        6315.80856838474,
        9824.579735693993
    ],
    "5": [
        1951.3615199497767,
        1833.4636669246831
    ],
    "6": [
        8411.463876517715,
        7100.152303319069
    ],
    "7": [
        8891.280963639567,
        15909.892159598214
    ],
    "8": [
        14688.947884908537,
        1438.6534193992616
    ],
    "9": [
        2013.2489377672428,
        26338.25846962617
    ],
    "10": [
        13456.872269081858,
        16070.331642353429
    ],
    "11": [
        20519.841854888615,
        10995.546928179147
    ],
    "12": [
        926.4567228383937,
        9206.31669383938
    ],
    "13": [
        1193.0605636165255,
        11572.75070219494
    ],
    "14": [
        2317.5645032051284,
        3486.1674278846153
    ],
    "15": [
        17477.782007189766,
        7811.790573341259
    ],
    "16": [
        2829.359701851818,
        5331.044073087032
    ],
    "17": [
        14717.205510853293,
        5289.571175032747
    ],
    "18": [
        667.7438733059815,
        4787.4535282435045
    ],
    "19": [
        11335.016661199905,
        12436.006336474236
    ],
    "20": [
        1077.71214246621,
        13804.753552576014
    ],
    "21": [
        494.4162539634911,
        679.0473934651898
    ],
    "22": [
        26698.786525974025,
        2942.681140763419
    ],
    "23": [
        22839.891636439734,
        22231.095249720984
    ],
    "24": [
        3529.550082919834,
        9836.563168637387
    ],
    "25": [
        3449.386844519413,
        646.521927061535
    ],
    "26": [
        16652.888427734375,
        20783.912923177082
    ],
    "27": [
        4750.101924133301,
        4414.496272277832
    ],
    "28": [
        11142.37487716195,
        5989.755223688089
    ],
    "29": [
        7730.876836362092,
        12739.453202841938
    ],
    "30": [
        10288.377544696514,
        1146.6559750896233
    ],
    "31": [
        521.3956367926164,
        2589.700408380682
    ],
    "32": [
        13173.174396571829,
        24837.085121268658
    ],
    "33": [
        790.7634295447398,
        6977.95020772643
    ],
    "34": [
        4184.061823117225,
        2515.60017865077
    ],
    "35": [
        1751.5549951415312,
        22196.342118112665
    ],
    "36": [
        4962.408453162741,
        820.655234462973
    ],
    "37": [
        24065.5568296371,
        7406.359332997312
    ],
    "38": [
        19642.997400418135,
        1136.9973738462152
    ],
    "39": [
        6466.624449437978,
        2702.000787228954
    ],
    "40": [
        9473.922637114654,
        9419.961976747256
    ],
    "41": [
        23085.801276607788,
        1550.9706093902173
    ],
    "42": [
        7121.736004317434,
        24691.036513157895
    ],
    "43": [
        6846.676008157169,
        4960.596606445312
    ],
    "44": [
        13145.610167176574,
        9060.896661931818
    ],
    "45": [
        15890.055922809828,
        12126.819386017629
    ],
    "46": [
        10082.77647662985,
        19965.177195581895
    ],
    "47": [
        6568.282417629076,
        714.0952953900692
    ],
    "48": [
        5378.285969172297,
        7016.131558804898
    ],
    "49": [
        12459.164321289063,
        908.0801202559471
    ],
    "50": [
        4200.480197625411,
        12895.05244140625
    ],
    "51": [
        12234.961365145016,
        3437.0050998263887
    ],
    "52": [
        1907.793235848803,
        478.82650184740714
    ],
    "53": [
        1606.91094594142,
        18859.1388389873
    ],
    "54": [
        9189.359423828126,
        3626.0868291440215
    ],
    "55": [
        2896.233512589738,
        7514.2655590160475
    ],
    "56": [
        8471.248352301955,
        929.6040201805256
    ],
    "57": [
        5197.29421484375,
        16348.40815625
    ],
    "58": [
        1467.6775674101818,
        16089.820406626506
    ],
    "59": [
        25126.100647745254,
        15110.924940664558
    ]
}