{
    "0": [
        12362.6455078125,
        10846.655924479166
    ],
    "1": [
        7197.43798828125,
        21856.675944010418
    ],
    "2": [
        19562.072620738636,
        3640.9283558238635
    ],
    "3": [
        11039.220811631945,
        20027.62326388889
    ],
    "4": [
        26789.780598958332,
        15912.821940104166
    ],
    "5": [
        12397.2341796875,
        13720.42685546875
    ],
    "6": [
        4417.565054086538,
        2757.8843947190503
    ],
    "7": [
        20974.2484375,
        25148.973828125
    ],
    "8": [
        8278.324527994791,
        10685.795735677084
    ],
    "9": [
        971.8706377029418,
        6958.026379394531
    ],
    "10": [
        4947.47052734375,
        5170.31556640625
    ],
    "11": [
        7860.5029296875,
        5275.053686523437
    ],
    "12": [
        7209.401123046875,
        763.5142117909023
    ],
    "13": [
        13730.985107421875,
        6000.156354631697
    ],
    "14": [
        1090.6259254108775,
        23094.040305397728
    ],
    "15": [
        15242.296712239584,
        26531.085611979168
    ],
    "16": [
        5634.451261821546,
        1389.9031528673675
    ],
    "17": [
        7475.254557291667,
        18564.36767578125
    ],
    "18": [
        10318.738536005434,
        5548.899074388587
    ],
    "19": [
        17237.595377604168,
        17778.288194444445
    ],
    "20": [
        1038.5084981565121,
        12775.105360243055
    ],
    "21": [
        871.3558541757089,
        10450.87572337963
    ],
    "22": [
        19948.035993303572,
        15415.852120535714
    ],
    "23": [
        22910.874674479168,
        4422.251037597656
    ],
    "24": [
        2019.4885344328704,
        615.3182540911215
    ],
    "25": [
        17196.591796875,
        6427.947601318359
    ],
    "26": [
        9811.93505859375,
        13787.66748046875
    ],
    "27": [
        21333.2177734375,
        11368.436848958334
    ],
    "28": [
        709.580187018101,
        1984.9855276254507
    ],
    "29": [
        22790.3869140625,
        7680.03076171875
    ],
    "30": [
        770.2641319795089,
        20413.428977272728
    ],
    "31": [
        11867.52607421875,
        3557.9286987304686
    ],
    "32": [
        27471.936848958332,
        777.3990138371786
    ],
    "33": [
        970.707893371582,
        5293.881796347128
    ],
    "34": [
        2591.6034624148638,
        2384.8015637520034
    ],
    "35": [
        1040.295502055775,
        17684.827503551136
    ],
    "36": [
        23284.104817708332,
        16940.7197265625
    ],
    "37": [
        26540.58984375,
        10709.806396484375
    ],
    "38": [
        3697.4054963485055,
        14234.13676120924
    ],
    "39": [
        8133.659586588542,
        26472.560221354168
    ],
    "40": [
        10142.5283203125,
        24120.4078125
    ],
    "41": [
        8992.194603704636,
        3313.4927939138106
    ],
    "42": [
        2793.511917114258,
        4333.582196044922
    ],
    "43": [
        15085.539245605469,
        9352.8779296875
    ],
    "44": [
        14422.300944010416,
        22752.627604166668
    ],
    "45": [
        3871.9504597981772,
        19770.078938802082
    ],
    "46": [
        3244.6754525991587,
        11385.843975360576
    ],
    "47": [
        15753.80791015625,
        14930.39599609375
    ],
    "48": [
        19531.817491319445,
        20212.082682291668
    ],
    "49": [
        1910.6666493733724,
        26380.480729166666
    ],
    "50": [
        3382.2319869995117,
        6947.642868041992
    ],
    "51": [
        478.5094740516261,
        513.210739429844
    ],
    "52": [
        16942.297721354167,
        3415.1085611979165
    ],
    "53": [
        20693.52859933036,
        1218.643847329276
    ],
    "54": [
        15323.963831018518,
        859.8670643700493
    ],
    "55": [
        19304.443684895832,
        9064.376057942709
    ],
    "56": [
        3856.8175659179688,
        17094.647216796875
    ],
    "57": [
        14397.098403033087,
        3344.1283892463234
    ],
    "58": [
        11120.10988136574,
        1027.7657187249924
    ],
    "59": [
        11370.223403033087,
        8813.017118566177
    ],
    "60": [
        4945.547607421875,
        22835.258056640625
    ],
    "61": [
        7061.308565027573,
        15545.035041360294
    ],
    "62": [
        6029.893968986742,
        7784.040749289773
    ],
    "63": [
        9175.2978515625,
        950.9790008068085
    ],
    "64": [
        730.0810197254397,
        3573.4604307930426
    ],
    "65": [
        5564.708074396307,
        10259.974964488636
    ],
    "66": [
        4104.149569424716,
        635.9408422816883
    ],
    "67": [
        3187.860803222656,
        8887.536889648438
    ],
    "68": [
        6280.015984786184,
        12854.582699424342
    ],
    "69": [
        18050.966796875,
        11738.2333984375
    ],
    "70": [
        9280.611778846154,
        16212.099759615385
    ],
    "71": [
        24206.53369140625,
        1436.8655214309692
    ],
    "72": [
        1260.244826078415,
        14817.920949835527
    ],
    "73": [
        6816.959869384766,
        2956.6305503845215
    ],
    "74": [
        18044.771395596592,
        655.1841500022194
    ],
    "75": [
        12868.678112399193,
        906.4574468674198
    ],
    "76": [
        27323.7646484375,
        5008.059814453125
    ],
    "77": [
        8482.866440716913,
        7599.00106272978
    ],
    "78": [
        13814.164225260416,
        17347.005696614582
    ],
    "79": [
        792.3887127922928,
        8887.646123471468
    ]
}