{
    "0": [
        17658.54153960305,
        7554.041860874266
    ],
    "1": [
        14357.05664718792,
        14111.122741042927
    ],
    "2": [
        23021.776423832656,
        12681.237335275884
    ],
    "3": [
        7740.0345388979895,
        11232.531352381553
    ],
    "4": [
        8871.259945337642,
        1914.2413298316417
    ],
    "5": [
        13525.061742889748,
        1960.3114664554596
    ],
    "6": [
        20628.47097981771,
        21108.6912109375
    ],
    "7": [
        1778.9488210730806,
        8867.65486156559
    ],
    "8": [
        1696.9797051815835,
        18432.760294193482
    ],
    "9": [
        11757.65447817305,
        22888.376730673404
    ],
    "10": [
        1319.4355428884203,
        1276.5002331597568
    ],
    "11": [
        11590.619280256306,
        7097.082941423383
    ],
    "12": [
        3041.54191391038,
        24046.019920638846
    ],
    "13": [
        1505.9363145104392,
        4779.421924120655
    ],
    "14": [
        2154.758378566974,
        13307.387233590482
    ],
    "15": [
        24225.562550155777,
        3196.060700500142
    ],
    "16": [
        18479.667600830868,
        1959.8489057481675
    ],
    "17": [
        7427.256997313563,
        17034.19419829321
    ],
    "18": [
        5970.535777294477,
        6192.147307986051
    ],
    "19": [
        4821.11302071453,
        1648.0968307054825
    ]
}