{
    "0": [
        23722.882291666665,
        17564.6470703125
    ],
    "1": [
        14222.91104664522,
        14000.945743336397
    ],
    "2": [
        18261.448784722223,
        8372.697826244214
    ],
    "3": [
        5837.647415726273,
        1076.740635306747
    ],
    "4": [
        12430.097113715277,
        1572.8816075642903
    ],
    "5": [
        2133.791552770138,
        9584.175927734375
    ],
    "6": [
        11045.619083180147,
        6705.763432521446
    ],
    "7": [
        8363.590878244173,
        11374.949599443857
    ],
    "8": [
        16268.487152777778,
        2297.0557769351535
    ],
    "9": [
        21860.50603693182,
        1194.1343409798362
    ],
    "10": [
        7318.826796311599,
        17460.573955829328
    ],
    "11": [
        12265.379512392241,
        22288.141971982757
    ],
    "12": [
        1706.6031670570374,
        15322.181131998697
    ],
    "13": [
        5214.043125437267,
        5823.650707643424
    ],
    "14": [
        923.0039880552957,
        1102.7814560158308
    ],
    "15": [
        3267.4857341159473,
        22292.280539772728
    ],
    "16": [
        23933.235921223957,
        7560.76025390625
    ],
    "17": [
        1443.5619363307953,
        5114.664682006836
    ],
    "18": [
        3567.0052550268956,
        2102.2103630441134
    ],
    "19": [
        8767.072043678978,
        1611.2044166796136
    ]
}