{
    "0": [
        905.2118165097918,
        7602.241241629465
    ],
    "1": [
        16550.774484536083,
        13722.008013853092
    ],
    "2": [
        12777.464190711273,
        9211.664841353528
    ],
    "3": [
        5435.057384177907,
        703.5941424174149
    ],
    "4": [
        678.8459534650575,
        2041.3416501787892
    ],
    "5": [
        2877.1123704479587,
        9251.955030871975
    ],
    "6": [
        1204.914475440592,
        21283.44840706169
    ],
    "7": [
        7168.189103929924,
        797.3484773025368
    ],
    "8": [
        4358.931844368255,
        19641.69626798561
    ],
    "9": [
        6763.157253689236,
        26348.437337239582
    ],
    "10": [
        1937.5363826889923,
        27152.051885190216
    ],
    "11": [
        18092.712353515624,
        7031.504641723633
    ],
    "12": [
        5284.840756339823,
        9474.78727126504
    ],
    "13": [
        612.0276217157307,
        560.5129669068971
    ],
    "14": [
        4315.764992796345,
        2418.083250069324
    ],
    "15": [
        3767.287149039303,
        586.0531859546483
    ],
    "16": [
        15444.071830649564,
        989.5839421114026
    ],
    "17": [
        17733.53959263393,
        920.8349844047001
    ],
    "18": [
        12940.375204763104,
        20196.18107358871
    ],
    "19": [
        13119.6736752113,
        1052.36285814102
    ],
    "20": [
        760.885003590158,
        5781.7780961017215
    ],
    "21": [
        14543.684160632622,
        3642.808028058308
    ],
    "22": [
        12288.379375,
        5747.23095703125
    ],
    "23": [
        9079.33055733039,
        750.7776051168105
    ],
    "24": [
        10114.35702886814,
        14463.603527534298
    ],
    "25": [
        24278.031344811894,
        4769.178097030492
    ],
    "26": [
        4820.141991860891,
        4619.855613274718
    ],
    "27": [
        743.2925082094409,
        9471.579387223639
    ],
    "28": [
        23255.013551682692,
        1242.476732143989
    ],
    "29": [
        7683.099362292922,
        9728.951218938253
    ],
    "30": [
        16594.45362519055,
        17637.651522008386
    ],
    "31": [
        15858.820667613636,
        23289.537073863637
    ],
    "32": [
        19384.993819962685,
        20804.932981576494
    ],
    "33": [
        4250.299443539387,
        11722.766304543491
    ],
    "34": [
        21856.470683787127,
        7430.103418935643
    ],
    "35": [
        8616.40326474946,
        2646.0882576778017
    ],
    "36": [
        15064.735815293296,
        6617.391304229225
    ],
    "37": [
        6240.945524144091,
        2671.1029306873934
    ],
    "38": [
        7101.095331200133,
        4884.413925365691
    ],
    "39": [
        1100.298194805113,
        24185.249425551472
    ],
    "40": [
        19804.312849339432,
        10899.969845655487
    ],
    "41": [
        17612.05016473327,
        3542.0793950244633
    ],
    "42": [
        2730.2078014645413,
        4556.388338543682
    ],
    "43": [
        13108.947520697295,
        12392.668580923508
    ],
    "44": [
        830.7967991869674,
        13543.669692341078
    ],
    "45": [
        9776.113300323486,
        18442.170288085938
    ],
    "46": [
        22095.169596354168,
        26275.327962239582
    ],
    "47": [
        740.0387882617925,
        3818.2490202038493
    ],
    "48": [
        11297.054296067923,
        3455.0106059933496
    ],
    "49": [
        20875.128360037077,
        4307.770197464248
    ],
    "50": [
        25123.424256859755,
        20813.466653963416
    ],
    "51": [
        10262.483680680996,
        11029.278066293353
    ],
    "52": [
        12890.914380450582,
        27246.194313226744
    ],
    "53": [
        3821.626768948739,
        16842.089449698466
    ],
    "54": [
        26821.588878412356,
        1397.1312962236075
    ],
    "55": [
        27115.81689453125,
        7665.865985576923
    ],
    "56": [
        13193.026669456845,
        16132.766772073413
    ],
    "57": [
        3833.5448044996997,
        23313.113994891828
    ],
    "58": [
        7395.558987087674,
        12342.652821180556
    ],
    "59": [
        5978.342188573146,
        14439.12201665522
    ],
    "60": [
        2217.43703649798,
        730.2997169906002
    ],
    "61": [
        20461.290581597223,
        15506.086360677084
    ],
    "62": [
        7441.057893880208,
        7320.366052827381
    ],
    "63": [
        7060.6938235435955,
        17019.56596619406
    ],
    "64": [
        1100.5307502277897,
        15865.618556356838
    ],
    "65": [
        7459.281378979953,
        21380.67434404481
    ],
    "66": [
        1169.3383586162474,
        18498.439405487807
    ],
    "67": [
        11001.714581657858,
        960.4505328991834
    ],
    "68": [
        24016.999248798078,
        11189.43384415064
    ],
    "69": [
        25377.609721522178,
        15504.6236296623
    ],
    "70": [
        20292.468911797336,
        1133.202729800749
    ],
    "71": [
        5231.941704035875,
        6908.880874702214
    ],
    "72": [
        10271.79972442209,
        7932.734832066923
    ],
    "73": [
        1162.607095529699,
        11447.844471536624
    ],
    "74": [
        16042.940009014423,
        10253.989753605769
    ],
    "75": [
        3233.398046996463,
        13918.706249028295
    ],
    "76": [
        9380.132526534488,
        5196.250238304594
    ],
    "77": [
        10805.52632773043,
        23065.120225694445
    ],
    "78": [
        2438.618417777267,
        2522.465299889487
    ],
    "79": [
        3086.96909889015,
        6764.76643495302
    ]
}