{
    "0": [
        4559.299098557693,
        17800.39415189303
    ],
    "1": [
        16942.281938825334,
        24067.747593470984
    ],
    "2": [
        8526.978640499377,
        1342.3180010723117
    ],
    "3": [
        14446.88799659242,
        10512.56868835882
    ],
    "4": [
        5798.915339493783,
        1185.0918585253642
    ],
    "5": [
        7322.870071954795,
        8126.168350328459
    ],
    "6": [
        1234.9639293579255,
        9085.453036911937
    ],
    "7": [
        18348.6228515625,
        6553.275889008621
    ],
    "8": [
        10201.65942488501,
        4725.501132981602
    ],
    "9": [
        5050.24767088582,
        13651.60714934593
    ],
    "10": [
        7082.458019037356,
        20806.873372395832
    ],
    "11": [
        25746.81554822977,
        1736.2779509759362
    ],
    "12": [
        1069.7229735520073,
        3423.3790696926458
    ],
    "13": [
        24861.604161286155,
        14011.626549586777
    ],
    "14": [
        8636.002583045085,
        16334.926750357825
    ],
    "15": [
        17675.289306640625,
        1758.2437064374258
    ],
    "16": [
        24279.8375,
        22325.067354910716
    ],
    "17": [
        4477.270702297405,
        10245.142682165557
    ],
    "18": [
        9416.6520195969,
        12184.0629349396
    ],
    "19": [
        21298.53264327158,
        2032.9338125545737
    ],
    "20": [
        18541.394868192616,
        17400.494386193346
    ],
    "21": [
        819.890653397206,
        956.9412986462171
    ],
    "22": [
        1418.2688891553878,
        15907.459021267361
    ],
    "23": [
        6869.057281802399,
        4500.584474135891
    ],
    "24": [
        14124.331821621401,
        5356.007016166966
    ],
    "25": [
        1484.07330420499,
        20424.362733914084
    ],
    "26": [
        11540.106142635233,
        21003.520513523392
    ],
    "27": [
        987.4921838395221,
        6187.0735684253395
    ],
    "28": [
        23990.221731085527,
        7166.433572723535
    ],
    "29": [
        14544.527061060855,
        1362.714125584187
    ],
    "30": [
        8885.034100393963,
        26046.19038795406
    ],
    "31": [
        3991.9563623046874,
        6711.922990056818
    ],
    "32": [
        19320.935077019458,
        11463.5005481648
    ],
    "33": [
        11516.391165390316,
        1319.2739158600216
    ],
    "34": [
        13523.397408693416,
        15392.207159850823
    ],
    "35": [
        2265.306047871765,
        24977.58942679073
    ],
    "36": [
        10973.12906358507,
        8373.131452094183
    ],
    "37": [
        1238.150576672811,
        12275.347133480484
    ],
    "38": [
        3147.0909035760506,
        922.6553418093999
    ],
    "39": [
        3856.6305489392785,
        3641.72327394563
    ]
}