{
    "0": [
        3262.0693076728976,
        4892.6455151858745
    ],
    "1": [
        9022.735817816025,
        3873.774537968456
    ],
    "2": [
        10818.490501083246,
        6116.590860318737
    ],
    "3": [
        11522.183907350352,
        1615.4582413512217
    ],
    "4": [
        6221.622245323701,
        6637.604917464718
    ],
    "5": [
        1117.8730368843578,
        12825.542114613703
    ],
    "6": [
        2855.038530492071,
        7397.077509182603
    ],
    "7": [
        6135.546764787947,
        18515.07002232143
    ],
    "8": [
        1076.7028094146042,
        2982.16967543598
    ],
    "9": [
        18971.95561427696,
        6320.900856167663
    ],
    "10": [
        22995.153381347656,
        21557.097869873047
    ],
    "11": [
        8678.124001063426,
        993.108827353809
    ],
    "12": [
        790.5130088126548,
        847.172106448735
    ],
    "13": [
        6238.8623453776045,
        3640.930381000906
    ],
    "14": [
        2979.5322509765624,
        738.4616484501782
    ],
    "15": [
        987.6452195168845,
        9160.769874114156
    ],
    "16": [
        7593.250622164818,
        24326.657762096773
    ],
    "17": [
        745.8652543157583,
        5663.9700764752215
    ],
    "18": [
        24419.259371054293,
        14489.464025015783
    ],
    "19": [
        4250.998012591423,
        13968.909021775266
    ],
    "20": [
        1401.0656602369215,
        17151.79333220747
    ],
    "21": [
        14378.161467161017,
        1383.1521826647095
    ],
    "22": [
        4271.607436716376,
        10110.025930851063
    ],
    "23": [
        14798.532979329428,
        23748.93975830078
    ],
    "24": [
        17197.704563347866,
        17690.055929021317
    ],
    "25": [
        18802.842785203313,
        11529.425222373871
    ],
    "26": [
        5816.7587540064105,
        841.7707081901722
    ],
    "27": [
        10274.251508663861,
        18971.135760967547
    ],
    "28": [
        8500.718312013814,
        13689.198200274946
    ],
    "29": [
        4101.621779745134,
        2534.6301065413677
    ],
    "30": [
        8597.689780996165,
        9492.400152653994
    ],
    "31": [
        25619.137342087764,
        1442.1124732088535
    ],
    "32": [
        17700.283330829327,
        1585.6624376425377
    ],
    "33": [
        1969.2753547328387,
        25951.440800629844
    ],
    "34": [
        24529.263076782227,
        6656.214422225952
    ],
    "35": [
        12989.658494475138,
        13717.89399710808
    ],
    "36": [
        14677.035486230023,
        5309.628343277326
    ],
    "37": [
        2057.17903565719,
        21241.64993518778
    ],
    "38": [
        21535.489999058736,
        1609.304314807237
    ],
    "39": [
        13566.589152018229,
        9420.241203308105
    ]
}