{
    "0": [
        8682.18798828125,
        8934.577311197916
    ],
    "1": [
        2700.7165018717446,
        13585.041015625
    ],
    "2": [
        7699.757080078125,
        1193.6828918457031
    ],
    "3": [
        9673.651041666666,
        1959.1796061197917
    ],
    "4": [
        15812.797200520834,
        22544.610026041668
    ],
    "5": [
        1198.1705017089844,
        5749.72939453125
    ],
    "6": [
        24193.440755208332,
        10635.845703125
    ],
    "7": [
        10054.501790364584,
        17312.064778645832
    ],
    "8": [
        9728.523828125,
        5957.1939453125
    ],
    "9": [
        1240.8509399414063,
        1077.4962017059327
    ],
    "10": [
        15117.853841145834,
        13285.775553385416
    ],
    "11": [
        881.1973472322736,
        9218.77329799107
    ],
    "12": [
        4719.675537109375,
        4259.421351841518
    ],
    "13": [
        19831.389322916668,
        5912.871988932292
    ],
    "14": [
        4815.9169921875,
        960.9035148620605
    ],
    "15": [
        1067.2875615358353,
        2928.2086486816406
    ],
    "16": [
        4509.610168457031,
        8552.90478515625
    ],
    "17": [
        13042.565104166666,
        1208.4782155354817
    ],
    "18": [
        18337.64765625,
        739.3751892089844
    ],
    "19": [
        2863.7298126220703,
        22338.680078125
    ]
}