{
    "0": [
        13311.018880208334,
        588.5423685709635
    ],
    "1": [
        13463.9970703125,
        8952.8349609375
    ],
    "2": [
        268.10374999046326,
        8699.150390625
    ],
    "3": [
        19024.771484375,
        4745.389322916667
    ],
    "4": [
        13380.67138671875,
        2446.6832275390625
    ],
    "5": [
        18964.740234375,
        732.5615234375
    ],
    "6": [
        524.0272827148438,
        2838.842041015625
    ],
    "7": [
        685.2003173828125,
        4075.994384765625
    ],
    "8": [
        1698.6554768880208,
        9911.603841145834
    ],
    "9": [
        22150.244140625,
        444.54864501953125
    ],
    "10": [
        7.529618263244629,
        2420.477783203125
    ],
    "11": [
        6052.622884114583,
        8719.984375
    ],
    "12": [
        2863.7298126220703,
        22338.680078125
    ],
    "13": [
        16857.751302083332,
        839.9219258626302
    ],
    "14": [
        9443.907958984375,
        18466.3349609375
    ],
    "15": [
        19006.921875,
        7962.339599609375
    ],
    "16": [
        3848.259765625,
        728.0377197265625
    ],
    "17": [
        15395.15283203125,
        23817.5615234375
    ],
    "18": [
        6486.4462890625,
        5098.2119140625
    ],
    "19": [
        3385.569091796875,
        4780.769368489583
    ],
    "20": [
        24110.70703125,
        14828.900390625
    ],
    "21": [
        1401.1805623372395,
        13457.6943359375
    ],
    "22": [
        4954.153738839285,
        994.1700570242746
    ],
    "23": [
        8692.1396484375,
        6319.14892578125
    ],
    "24": [
        2066.684539794922,
        2255.7130432128906
    ],
    "25": [
        4000.25244140625,
        13712.3876953125
    ],
    "26": [
        4556.8046875,
        3393.960693359375
    ],
    "27": [
        201.94454956054688,
        6803.20068359375
    ],
    "28": [
        3351.6705322265625,
        8783.1123046875
    ],
    "29": [
        10552.590494791666,
        1710.9932861328125
    ],
    "30": [
        11283.10009765625,
        5414.261474609375
    ],
    "31": [
        1327.5601806640625,
        6308.30224609375
    ],
    "32": [
        992.4887847900391,
        1052.1997504234314
    ],
    "33": [
        9611.8974609375,
        8644.586669921875
    ],
    "34": [
        16648.0859375,
        19998.70703125
    ],
    "35": [
        8107.895670572917,
        1241.266825358073
    ],
    "36": [
        24123.264322916668,
        7465.007161458333
    ],
    "37": [
        12024.9140625,
        13327.540364583334
    ],
    "38": [
        3322.98388671875,
        3073.491943359375
    ],
    "39": [
        17481.357747395832,
        15260.9072265625
    ]
}