{
    "0": [
        2558.557182134331,
        24505.889919498575
    ],
    "1": [
        15101.699309755824,
        13900.892840641802
    ],
    "2": [
        4639.311700272234,
        5037.703120819509
    ],
    "3": [
        1830.7868171742607,
        8945.525910604067
    ],
    "4": [
        16840.29812034117,
        1935.9214756939389
    ],
    "5": [
        18254.880046622984,
        21887.244228830645
    ],
    "6": [
        11317.202690190472,
        1425.0594639699123
    ],
    "7": [
        9481.411033790428,
        21570.203015734267
    ],
    "8": [
        7042.015485205777,
        9020.665999648518
    ],
    "9": [
        5756.053783823478,
        1254.6250329583581
    ],
    "10": [
        1502.7828625199838,
        1254.4791175663522
    ],
    "11": [
        19537.43414463141,
        7910.337228628306
    ],
    "12": [
        2541.4081059443465,
        18534.310047546664
    ],
    "13": [
        8721.35053207434,
        14070.086719686751
    ],
    "14": [
        23838.871418230832,
        2682.779042147219
    ],
    "15": [
        8847.509940854965,
        4306.716938387963
    ],
    "16": [
        23498.7314334032,
        15109.002459270198
    ],
    "17": [
        2167.8798569276614,
        13313.901197832252
    ],
    "18": [
        1199.421068450371,
        4838.206059809331
    ],
    "19": [
        13019.202794335497,
        7334.048475416196
    ]
}