{
    "0": [
        6096.13701171875,
        984.9934936523438
    ],
    "1": [
        1385.0056660970051,
        419.1843983332316
    ],
    "2": [
        10834.9984375,
        2118.2154296875
    ],
    "3": [
        869.8968815803528,
        17611.419006347656
    ],
    "4": [
        18797.952414772728,
        11839.94540127841
    ],
    "5": [
        13865.431274414063,
        5432.381042480469
    ],
    "6": [
        3911.8672119140624,
        15229.8205078125
    ],
    "7": [
        13301.705322265625,
        628.3453826904297
    ],
    "8": [
        25070.430575284092,
        1345.4546869451349
    ],
    "9": [
        5570.8123046875,
        2995.038232421875
    ],
    "10": [
        5195.686279296875,
        7823.511047363281
    ],
    "11": [
        20644.684151785714,
        3463.241385323661
    ],
    "12": [
        4767.5537109375,
        11992.885031960228
    ],
    "13": [
        3508.7307250976564,
        9182.640869140625
    ],
    "14": [
        15753.9408203125,
        24166.665234375
    ],
    "15": [
        409.91220207214354,
        3637.38828125
    ],
    "16": [
        19339.82763671875,
        716.8839437166849
    ],
    "17": [
        5321.57509765625,
        1236.4250732421874
    ],
    "18": [
        22098.05859375,
        239.5867156982422
    ],
    "19": [
        14869.362141927084,
        15701.588216145834
    ],
    "20": [
        265.4529134576971,
        473.7988586425781
    ],
    "21": [
        18940.40185546875,
        16614.421142578125
    ],
    "22": [
        19797.893391927082,
        6366.5664469401045
    ],
    "23": [
        2104.429400357333,
        25327.12127130682
    ],
    "24": [
        13767.947716346154,
        12255.07684795673
    ],
    "25": [
        15657.288330078125,
        1305.7757027943928
    ],
    "26": [
        16766.02801983173,
        3656.912823016827
    ],
    "27": [
        8943.999389648438,
        240.18969559669495
    ],
    "28": [
        13255.7451171875,
        18636.560546875
    ],
    "29": [
        2461.9513938210225,
        950.8861833052201
    ],
    "30": [
        3305.3292236328125,
        2273.2965545654297
    ],
    "31": [
        6889.037337239583,
        15436.96171875
    ],
    "32": [
        5990.079729352678,
        210.2823202950614
    ],
    "33": [
        11882.427734375,
        3146.3412039620534
    ],
    "34": [
        7010.002328725962,
        802.5126584859995
    ],
    "35": [
        12648.7470703125,
        243.0408447265625
    ],
    "36": [
        8013.4166259765625,
        1583.7602081298828
    ],
    "37": [
        11828.619349888393,
        5528.27947126116
    ],
    "38": [
        14277.590401785714,
        1704.39599609375
    ],
    "39": [
        9322.9287109375,
        27681.50390625
    ],
    "40": [
        752.0822792053223,
        723.7287826538086
    ],
    "41": [
        1293.307861328125,
        1696.2381510416667
    ],
    "42": [
        7033.225748697917,
        2002.3050537109375
    ],
    "43": [
        4942.595126065341,
        6366.390225497159
    ],
    "44": [
        2098.140132359096,
        11342.052455357143
    ],
    "45": [
        10465.952298677885,
        11591.368990384615
    ],
    "46": [
        2924.763446514423,
        6312.849646935096
    ],
    "47": [
        6813.8583984375,
        9974.5712890625
    ],
    "48": [
        17504.175130208332,
        7844.774739583333
    ],
    "49": [
        10898.890358664772,
        14747.894886363636
    ],
    "50": [
        17003.5244140625,
        19284.009765625
    ],
    "51": [
        9416.1984375,
        5905.43623046875
    ],
    "52": [
        4950.871012369792,
        23702.6328125
    ],
    "53": [
        9653.992553710938,
        20631.739990234375
    ],
    "54": [
        10696.66552734375,
        205.7190625667572
    ],
    "55": [
        5946.67841796875,
        2114.368505859375
    ],
    "56": [
        24564.837890625,
        21679.8640625
    ],
    "57": [
        1162.1525537967682,
        20522.331298828125
    ],
    "58": [
        24780.89599609375,
        14397.659545898438
    ],
    "59": [
        11670.203776041666,
        841.1359456380209
    ],
    "60": [
        24407.331380208332,
        7498.037950303819
    ],
    "61": [
        328.1937473842076,
        108.90291704450335
    ],
    "62": [
        14257.83677455357,
        2832.0138811383927
    ],
    "63": [
        2043.1254638671876,
        171.01760215759276
    ],
    "64": [
        13594.907421875,
        9091.67294921875
    ],
    "65": [
        8114.352233886719,
        12596.242370605469
    ],
    "66": [
        569.1025791168213,
        5161.615051269531
    ],
    "67": [
        10852.027018229166,
        23295.197265625
    ],
    "68": [
        12563.110188802084,
        1874.534200032552
    ],
    "69": [
        9709.18798828125,
        9217.912638346354
    ],
    "70": [
        388.33917117118835,
        2277.0847676595054
    ],
    "71": [
        1834.6554898348722,
        3459.5784135298295
    ],
    "72": [
        1049.0799485842388,
        9800.376790364584
    ],
    "73": [
        7887.047509765625,
        3878.535791015625
    ],
    "74": [
        1963.7571655273437,
        13277.31923828125
    ],
    "75": [
        2160.436513264974,
        4821.2642008463545
    ],
    "76": [
        15545.556640625,
        29240.603515625
    ],
    "77": [
        3612.8119506835938,
        561.9521198272705
    ],
    "78": [
        8522.848876953125,
        17546.481096540178
    ],
    "79": [
        916.482905796596,
        6501.855398995535
    ],
    "80": [
        7044.80322265625,
        21436.98025173611
    ],
    "81": [
        286.1572545369466,
        1288.3402303059895
    ],
    "82": [
        9358.65811434659,
        3167.0958140980115
    ],
    "83": [
        2359.6476017878604,
        7596.70849609375
    ],
    "84": [
        9258.453200120191,
        1567.5827167217549
    ],
    "85": [
        6498.705908203125,
        6590.4734375
    ],
    "86": [
        3838.894864169034,
        5353.346857244318
    ],
    "87": [
        4896.297607421875,
        18264.724772135418
    ],
    "88": [
        7990.206298828125,
        340.37027804056805
    ],
    "89": [
        3337.680382361779,
        20333.619891826922
    ],
    "90": [
        17089.2857421875,
        777.4180654525757
    ],
    "91": [
        4956.170263671875,
        4323.796728515625
    ],
    "92": [
        3511.4661167689733,
        3631.6992536272323
    ],
    "93": [
        720.1888694763184,
        8089.7662353515625
    ],
    "94": [
        8441.565979003906,
        8374.208190917969
    ],
    "95": [
        4496.4921468098955,
        1709.2748413085938
    ],
    "96": [
        6329.548828125,
        5132.603949652777
    ],
    "97": [
        4472.875453404018,
        2947.5783342633927
    ],
    "98": [
        449.40192941518933,
        13835.300631009615
    ],
    "99": [
        4726.329427083333,
        633.4196869532267
    ]
}