{
    "0": [
        2124.47963264439,
        14700.900467340101
    ],
    "1": [
        14794.824682370581,
        14015.620136916035
    ],
    "2": [
        23428.81574378655,
        15272.64730103253
    ],
    "3": [
        8576.508614992446,
        19382.80098482345
    ],
    "4": [
        24147.593913327528,
        2820.0549347683113
    ],
    "5": [
        12427.113360102872,
        7284.28327186853
    ],
    "6": [
        3721.8888163868387,
        25260.725771360758
    ],
    "7": [
        1602.7841067842242,
        7540.797632869758
    ],
    "8": [
        6675.6751129980175,
        6565.541545948593
    ],
    "9": [
        1771.3393830623681,
        4316.48557771055
    ],
    "10": [
        13001.714985672577,
        1892.1694454816798
    ],
    "11": [
        2054.4887193447853,
        19678.924828506097
    ],
    "12": [
        1302.3981618056607,
        1138.0411723738457
    ],
    "13": [
        8286.248357319078,
        12342.098920641447
    ],
    "14": [
        8847.85131868019,
        1878.3930041952922
    ],
    "15": [
        19352.89738815023,
        8020.696272382084
    ],
    "16": [
        17761.735063432574,
        1956.8020255769695
    ],
    "17": [
        2459.3507689910707,
        10776.21844152772
    ],
    "18": [
        4970.485998072974,
        1638.0298085025531
    ],
    "19": [
        17003.700881545607,
        22359.053388935812
    ]
}