{
    "0": [
        999.3107324080033,
        5172.715061257102
    ],
    "1": [
        3048.462335891724,
        23701.954140625
    ],
    "2": [
        16560.417065429687,
        10100.849267578125
    ],
    "3": [
        13344.809478183963,
        1680.2383756817512
    ],
    "4": [
        2233.4606727780524,
        8852.271952861065
    ],
    "5": [
        2090.3885478144107,
        13163.368248980978
    ],
    "6": [
        2922.747783954327,
        747.4940104362292
    ],
    "7": [
        8166.704833984375,
        10337.241630859375
    ],
    "8": [
        18377.052734375,
        2077.671297144007
    ],
    "9": [
        5900.155433067908,
        6040.865224984976
    ],
    "10": [
        21356.235691236412,
        18243.120371942936
    ],
    "11": [
        8869.85585530599,
        1536.7936763763428
    ],
    "12": [
        24030.303103885137,
        5315.127160149652
    ],
    "13": [
        10034.159678141275,
        21095.78153483073
    ],
    "14": [
        5579.168643043155,
        1315.7073303404309
    ],
    "15": [
        3256.4390908007354,
        18144.419940300708
    ],
    "16": [
        11408.454345703125,
        5663.292738172743
    ],
    "17": [
        3222.775069173177,
        4005.031131998698
    ],
    "18": [
        10465.119486490885,
        14122.34375
    ],
    "19": [
        693.8380595445633,
        1233.702762471305
    ]
}