{
    "0": [
        905.4413804213206,
        20512.195475260418
    ],
    "1": [
        2720.8708199165962,
        4283.979327227618
    ],
    "2": [
        4667.422444661458,
        22929.972493489582
    ],
    "3": [
        13765.696204144022,
        5596.242994225543
    ],
    "4": [
        10355.32417629076,
        5373.814049762228
    ],
    "5": [
        19554.4736328125,
        7247.1614990234375
    ],
    "6": [
        3768.4826151529946,
        14136.835978190104
    ],
    "7": [
        20974.2484375,
        25148.973828125
    ],
    "8": [
        23641.559375,
        7829.611279296875
    ],
    "9": [
        19449.716471354168,
        3614.4848022460938
    ],
    "10": [
        8588.842310855263,
        7587.7263826069075
    ],
    "11": [
        16793.370659722223,
        14162.34375
    ],
    "12": [
        1910.6666493733724,
        26380.480729166666
    ],
    "13": [
        19820.009114583332,
        10927.38427734375
    ],
    "14": [
        971.8706377029418,
        6958.026379394531
    ],
    "15": [
        8778.348377046132,
        15955.352120535714
    ],
    "16": [
        2614.0708587646486,
        2403.3248596191406
    ],
    "17": [
        12349.4525390625,
        10527.7513671875
    ],
    "18": [
        7860.5029296875,
        5275.053686523437
    ],
    "19": [
        12180.88405299831,
        808.540505125716
    ],
    "20": [
        16359.158203125,
        3595.583238389757
    ],
    "21": [
        5778.9485270182295,
        8964.792134602865
    ],
    "22": [
        844.0983473125257,
        17708.653268914473
    ],
    "23": [
        23990.429361979168,
        17176.07421875
    ],
    "24": [
        10322.24227627841,
        19238.669921875
    ],
    "25": [
        14129.42196377841,
        8098.865056818182
    ],
    "26": [
        6363.318584735577,
        11379.838040865385
    ],
    "27": [
        5843.62423828125,
        7078.037734375
    ],
    "28": [
        922.844609941755,
        10433.539585658482
    ],
    "29": [
        4610.959049479166,
        2554.311348470052
    ],
    "30": [
        3254.529933763587,
        8443.451766304348
    ],
    "31": [
        9339.77099609375,
        27783.953125
    ],
    "32": [
        9305.341491699219,
        23158.694091796875
    ],
    "33": [
        8585.866596422697,
        10172.288034539473
    ],
    "34": [
        6093.660305447049,
        1190.1281723446316
    ],
    "35": [
        478.5094740516261,
        513.210739429844
    ],
    "36": [
        13721.138671875,
        14154.381138392857
    ],
    "37": [
        10925.580924479167,
        13846.048893229166
    ],
    "38": [
        13550.614929199219,
        3143.4290618896484
    ],
    "39": [
        15895.654829545454,
        9879.780095880682
    ],
    "40": [
        1187.4575513336395,
        14768.132432725695
    ],
    "41": [
        8798.43123046875,
        3337.226962890625
    ],
    "42": [
        14193.661830357143,
        22445.726004464286
    ],
    "43": [
        6460.673940805288,
        21573.33563701923
    ],
    "44": [
        3302.561720628005,
        6706.8126878004805
    ],
    "45": [
        9702.789167131696,
        1007.6670443500791
    ],
    "46": [
        11199.806884765625,
        3103.9004974365234
    ],
    "47": [
        11631.03466796875,
        8239.2333984375
    ],
    "48": [
        16823.771033653848,
        6402.481032151442
    ],
    "49": [
        27795.75078125,
        4776.76845703125
    ],
    "50": [
        3255.854041058084,
        17141.383449388588
    ],
    "51": [
        7938.387076822916,
        822.006877009074
    ],
    "52": [
        14377.143404447115,
        17268.927509014422
    ],
    "53": [
        17623.003018465908,
        772.1578018882058
    ],
    "54": [
        2059.1438816615514,
        594.6690895642553
    ],
    "55": [
        26301.048177083332,
        12847.4140625
    ],
    "56": [
        14874.640014648438,
        863.8379490375519
    ],
    "57": [
        20226.168402777777,
        15676.868706597223
    ],
    "58": [
        26529.300390625,
        758.2139978408813
    ],
    "59": [
        8508.220084635417,
        12651.459895833334
    ],
    "60": [
        6568.944298377404,
        17752.85126201923
    ],
    "61": [
        6194.010114397322,
        15064.42787388393
    ],
    "62": [
        3373.9386962890626,
        11227.765983072917
    ],
    "63": [
        4258.823094685872,
        695.0193061033884
    ],
    "64": [
        1038.5084981565121,
        12775.105360243055
    ],
    "65": [
        22910.874674479168,
        4422.251037597656
    ],
    "66": [
        23539.329817708334,
        1616.2404235839845
    ],
    "67": [
        736.7151867922614,
        3538.1470109528186
    ],
    "68": [
        7330.633984375,
        25484.691015625
    ],
    "69": [
        949.6926044561924,
        5251.834147135417
    ],
    "70": [
        4672.919359290082,
        4845.43943189538
    ],
    "71": [
        3871.9504597981772,
        19770.078938802082
    ],
    "72": [
        709.580187018101,
        1984.9855276254507
    ],
    "73": [
        14889.316964285714,
        26314.322823660714
    ],
    "74": [
        19532.247488839286,
        20773.359933035714
    ],
    "75": [
        17589.984266493055,
        17971.137369791668
    ],
    "76": [
        792.3887127922928,
        8887.646123471468
    ],
    "77": [
        6816.959869384766,
        2956.6305503845215
    ],
    "78": [
        960.4494066238403,
        23243.581640625
    ],
    "79": [
        19989.69609375,
        1023.1937611897787
    ]
}