{
    "0": [
        1184.3489171862602,
        8743.688029837102
    ],
    "1": [
        1754.7954840943926,
        14193.127208891368
    ],
    "2": [
        4502.176198323567,
        10845.394571940104
    ],
    "3": [
        8397.8310546875,
        24643.210416666665
    ],
    "4": [
        25954.671963778408,
        1705.7155204252763
    ],
    "5": [
        15799.495535714286,
        25441.400948660714
    ],
    "6": [
        1241.445421854655,
        6115.259070763221
    ],
    "7": [
        1200.1388137123802,
        11316.199995561079
    ],
    "8": [
        17976.29942908654,
        1618.710950802534
    ],
    "9": [
        1976.8891520780676,
        26090.148552389706
    ],
    "10": [
        24200.755108173078,
        14881.263296274039
    ],
    "11": [
        959.3219260225693,
        3309.9698918660483
    ],
    "12": [
        7926.045014880952,
        11352.716099330357
    ],
    "13": [
        20081.032743566175,
        19861.317325367647
    ],
    "14": [
        5104.364087653883,
        15221.043235085228
    ],
    "15": [
        9537.058550347223,
        1199.5836219681635
    ],
    "16": [
        1076.28082770393,
        21770.146298363095
    ],
    "17": [
        4719.863368772111,
        7252.783663767688
    ],
    "18": [
        15877.172272858796,
        16194.226164641204
    ],
    "19": [
        12144.55161830357,
        19681.247628348214
    ],
    "20": [
        11148.95461107337,
        13675.23781419837
    ],
    "21": [
        3734.8412525614754,
        4181.002149237961
    ],
    "22": [
        2542.791328889778,
        1153.8935691017703
    ],
    "23": [
        5416.483902994792,
        21593.921419270835
    ],
    "24": [
        12748.613888302365,
        9417.841981630068
    ],
    "25": [
        18621.422309027777,
        6276.7696533203125
    ],
    "26": [
        14561.09267578125,
        5439.154675292969
    ],
    "27": [
        4830.681002604167,
        1271.4041073608398
    ],
    "28": [
        14974.576410060976,
        1154.7744499764792
    ],
    "29": [
        2053.359167941781,
        17768.56640625
    ],
    "30": [
        10814.874370659722,
        4894.746945529514
    ],
    "31": [
        24032.3671875,
        7205.507266773897
    ],
    "32": [
        21553.52640335648,
        2310.2098979243524
    ],
    "33": [
        7819.145532852564,
        7782.135980068109
    ],
    "34": [
        18494.181003736412,
        10718.440302309782
    ],
    "35": [
        684.0880107879639,
        936.0419581898406
    ],
    "36": [
        7136.095569957386,
        1360.8732129877264
    ],
    "37": [
        7583.542940027573,
        4061.6136354932596
    ],
    "38": [
        8403.704087201288,
        16705.833783318016
    ],
    "39": [
        12149.689284104566,
        1336.1019152494578
    ]
}