{
    "0": [
        9828.37112437391,
        621.4629777075937
    ],
    "1": [
        24022.481230945123,
        24679.748475609755
    ],
    "2": [
        11494.844485648404,
        6561.901926452368
    ],
    "3": [
        1021.5740476742855,
        16701.903589122387
    ],
    "4": [
        2338.0688511842936,
        5254.8260702673415
    ],
    "5": [
        17148.081581372895,
        20072.772449964887
    ],
    "6": [
        12894.0765390625,
        907.4257139110565
    ],
    "7": [
        15564.622144911023,
        13173.225524902344
    ],
    "8": [
        3478.9389911726407,
        20467.030011744282
    ],
    "9": [
        5806.037320689995,
        10315.390596277573
    ],
    "10": [
        5030.221606241295,
        2611.071346187326
    ],
    "11": [
        20800.43051838743,
        4461.726590825708
    ],
    "12": [
        15674.772209705654,
        3929.039029069956
    ],
    "13": [
        3184.0982291666664,
        15202.168936631944
    ],
    "14": [
        9139.822953464674,
        7484.671713654891
    ],
    "15": [
        529.8608247488737,
        1717.1467579029224
    ],
    "16": [
        9370.75263195503,
        14145.754108708079
    ],
    "17": [
        1258.2122555518972,
        27329.82549838362
    ],
    "18": [
        6800.653220578458,
        8329.876281998006
    ],
    "19": [
        18202.033443794433,
        3216.620529102488
    ],
    "20": [
        9313.617056779036,
        22849.916969119095
    ],
    "21": [
        13229.188261625299,
        5399.198148736543
    ],
    "22": [
        923.1035047508504,
        19041.973860914688
    ],
    "23": [
        7342.429558325066,
        13061.370773396164
    ],
    "24": [
        4046.3556153903755,
        4501.405953599241
    ],
    "25": [
        5921.786891496514,
        6396.605826693227
    ],
    "26": [
        13764.929258241758,
        22938.322609031595
    ],
    "27": [
        871.154147390364,
        14468.290114688552
    ],
    "28": [
        4015.306653065287,
        6439.329442115346
    ],
    "29": [
        5455.462383515424,
        696.9173302993677
    ],
    "30": [
        599.3252931935524,
        4298.913701524584
    ],
    "31": [
        2212.5237087673613,
        3628.8460891593218
    ],
    "32": [
        13454.703677993222,
        11183.39416650979
    ],
    "33": [
        12315.741402762276,
        19977.165649414063
    ],
    "34": [
        10987.787483881979,
        9312.645723509557
    ],
    "35": [
        4334.3391398408985,
        8602.349203067974
    ],
    "36": [
        7454.695324265813,
        19724.890895613706
    ],
    "37": [
        7806.846589417017,
        5645.43799853926
    ],
    "38": [
        669.3166409069476,
        2981.8969639001516
    ],
    "39": [
        3063.5685373553792,
        10763.029729246184
    ],
    "40": [
        5334.634845859008,
        14704.519210313967
    ],
    "41": [
        6915.62436606197,
        586.1907364594734
    ],
    "42": [
        19585.810923032408,
        12141.67611400463
    ],
    "43": [
        11386.354721966913,
        930.5704310781815
    ],
    "44": [
        725.3175348343922,
        5828.832905863667
    ],
    "45": [
        4891.9688278264875,
        12253.599984647926
    ],
    "46": [
        2112.1169016701833,
        1992.6254215240479
    ],
    "47": [
        14290.431271530511,
        17046.893216350887
    ],
    "48": [
        23238.208901615468,
        9723.745208222987
    ],
    "49": [
        978.7511047679599,
        21678.091477800124
    ],
    "50": [
        18428.788037909835,
        760.1292153813474
    ],
    "51": [
        22542.596402751864,
        15149.656497784516
    ],
    "52": [
        3583.429274391993,
        2538.385083904374
    ],
    "53": [
        16556.97709368462,
        1174.2593315316044
    ],
    "54": [
        1724.3071136596097,
        24432.24506120621
    ],
    "55": [
        13832.394091796876,
        2909.9225056966147
    ],
    "56": [
        27342.768658088236,
        1599.250608814464
    ],
    "57": [
        5089.97768976659,
        22801.242199556327
    ],
    "58": [
        2384.253286030478,
        7360.993048570827
    ],
    "59": [
        18420.585865693934,
        24471.717974494484
    ],
    "60": [
        6665.586434029244,
        2199.3883431924355
    ],
    "61": [
        9655.275547694493,
        4755.3613153204215
    ],
    "62": [
        26592.281337453358,
        12187.381019706158
    ],
    "63": [
        19974.161944653613,
        7986.670216020331
    ],
    "64": [
        22086.374870653974,
        1213.4752910231912
    ],
    "65": [
        775.7773189351783,
        12502.775712985436
    ],
    "66": [
        12308.622525601773,
        14049.716367979307
    ],
    "67": [
        1468.3324425511494,
        544.5611046511815
    ],
    "68": [
        20923.78305951287,
        19588.78725298713
    ],
    "69": [
        8268.7514427162,
        928.0942618335482
    ],
    "70": [
        2271.698808513704,
        9125.203237064548
    ],
    "71": [
        10353.861721286527,
        17064.443517907872
    ],
    "72": [
        6223.233337402344,
        26348.121030061142
    ],
    "73": [
        2738.585748355263,
        608.9312963716608
    ],
    "74": [
        26045.249373525945,
        18741.648234817218
    ],
    "75": [
        595.6942411366631,
        7311.424396829044
    ],
    "76": [
        2643.9638095164864,
        12739.951279527559
    ],
    "77": [
        20329.586493769777,
        1152.8435891730876
    ],
    "78": [
        7273.670290527344,
        16630.5294921875
    ],
    "79": [
        24420.02410851227,
        1425.5641541525813
    ],
    "80": [
        13547.519444444444,
        8492.109657118055
    ],
    "81": [
        12322.581535456731,
        26883.10399639423
    ],
    "82": [
        15418.171227555249,
        6824.540149667645
    ],
    "83": [
        11664.701876089392,
        3550.3344911370145
    ],
    "84": [
        7956.332956051237,
        3257.6049312955497
    ],
    "85": [
        784.7219475513256,
        10637.722885320216
    ],
    "86": [
        8366.562718602903,
        10237.128415925732
    ],
    "87": [
        23537.420982512416,
        5225.737008808464
    ],
    "88": [
        10384.206282717323,
        11775.662030060279
    ],
    "89": [
        3986.390860721983,
        830.0789261254771
    ],
    "90": [
        9763.762687914299,
        2499.9802666866417
    ],
    "91": [
        16797.299906537577,
        9709.14928525211
    ],
    "92": [
        14668.665011060708,
        761.4170673457525
    ],
    "93": [
        17800.50117842179,
        6033.899452252095
    ],
    "94": [
        599.2767130541496,
        8868.95883569962
    ],
    "95": [
        4322.925358926096,
        17800.619561964464
    ],
    "96": [
        26785.76328125,
        6429.085480813419
    ],
    "97": [
        6099.389313052399,
        4408.9152519662775
    ],
    "98": [
        387.53242918630923,
        477.9388498218079
    ],
    "99": [
        17733.369579370472,
        15742.170551687048
    ]
}