{
    "0": [
        13523.164529964473,
        1962.890549660264
    ],
    "1": [
        7435.000448076708,
        16950.72195004848
    ],
    "2": [
        11758.05716739689,
        22845.041587485925
    ],
    "3": [
        5976.073458797374,
        6104.192174860095
    ],
    "4": [
        17654.73590032187,
        7551.6381269353
    ],
    "5": [
        7626.092094203404,
        11120.948917497908
    ],
    "6": [
        3046.8343528484656,
        24041.556773301738
    ],
    "7": [
        4807.790454855157,
        1637.271282671305
    ],
    "8": [
        1787.0438925331932,
        8850.947643823087
    ],
    "9": [
        18479.667600830868,
        1959.8489057481675
    ],
    "10": [
        8864.401709299025,
        1895.9330668727348
    ],
    "11": [
        1502.2236696657985,
        4779.550218383789
    ],
    "12": [
        23021.776423832656,
        12681.237335275884
    ],
    "13": [
        24225.562550155777,
        3196.060700500142
    ],
    "14": [
        1707.2675992820346,
        18433.834012215597
    ],
    "15": [
        20595.208626624382,
        21075.61420946782
    ],
    "16": [
        11575.712502734033,
        7100.074374248141
    ],
    "17": [
        2131.8291747682815,
        13302.076080856912
    ],
    "18": [
        14287.984877566074,
        14051.101480686919
    ],
    "19": [
        1316.6064868344295,
        1277.7970725425637
    ]
}