{
    "0": [
        6652.965058379121,
        10821.509111006182
    ],
    "1": [
        4015.4775834517045,
        3644.3865380225243
    ],
    "2": [
        3701.0212201286763,
        7275.522989430147
    ],
    "3": [
        17089.220157090054,
        3634.0365055863576
    ],
    "4": [
        1437.2678017405283,
        1707.9555026704231
    ],
    "5": [
        20547.14045621142,
        10787.097378954475
    ],
    "6": [
        14722.487912326389,
        3646.188983832465
    ],
    "7": [
        8233.85511997768,
        8723.587174479168
    ],
    "8": [
        5230.479582134046,
        13038.970538651316
    ],
    "9": [
        1562.7095343621222,
        3798.74652837397
    ],
    "10": [
        24433.282877604168,
        18125.71309407552
    ],
    "11": [
        7771.282958984375,
        14252.117431640625
    ],
    "12": [
        3897.165752704327,
        393.47910665039325
    ],
    "13": [
        2938.8423560357865,
        9070.47802734375
    ],
    "14": [
        5215.031537960737,
        8784.930772569445
    ],
    "15": [
        10180.988291422525,
        2833.753672281901
    ],
    "16": [
        10516.78196674312,
        15978.590703841743
    ],
    "17": [
        11078.288452148438,
        12532.320134943182
    ],
    "18": [
        2881.058449161863,
        12398.03796268204
    ],
    "19": [
        10256.413908305922,
        9033.77986225329
    ],
    "20": [
        7858.402212491599,
        2231.6048583984375
    ],
    "21": [
        11679.420625,
        26342.490859375
    ],
    "22": [
        1574.3730305150611,
        5132.06884765625
    ],
    "23": [
        3134.3452056884767,
        2903.756219482422
    ],
    "24": [
        20188.41097861842,
        4294.2895687705595
    ],
    "25": [
        779.5380028665883,
        11754.098733144263
    ],
    "26": [
        8917.98427734375,
        11597.94140625
    ],
    "27": [
        18905.528519081858,
        966.6029426059891
    ],
    "28": [
        9188.668095703126,
        382.3601227164269
    ],
    "29": [
        14561.35833502435,
        16895.337269176136
    ],
    "30": [
        26849.220238095237,
        1367.9719692638942
    ],
    "31": [
        1789.0937639017036,
        17983.394842617752
    ],
    "32": [
        411.0549450804447,
        4846.686241412985
    ],
    "33": [
        9198.060158242984,
        1722.0246370276627
    ],
    "34": [
        1188.5351533232065,
        20492.546740301725
    ],
    "35": [
        4674.211979792668,
        2397.3534135084888
    ],
    "36": [
        10749.865069110578,
        767.4200814613929
    ],
    "37": [
        886.2783815707636,
        16075.680063790138
    ],
    "38": [
        12976.453085140307,
        9618.919413663903
    ],
    "39": [
        2522.672873317605,
        1467.8872390595993
    ],
    "40": [
        354.8166362002809,
        3643.450330369016
    ],
    "41": [
        18592.26559860642,
        14369.219436233108
    ],
    "42": [
        16610.654632112874,
        944.973806772659
    ],
    "43": [
        4235.493544145064,
        5374.0386297052555
    ],
    "44": [
        8796.486453821164,
        3796.8361671372213
    ],
    "45": [
        26271.948126324154,
        5728.978610798464
    ],
    "46": [
        14179.994231468023,
        12999.51431913154
    ],
    "47": [
        5973.47505070613,
        2368.070797259991
    ],
    "48": [
        5904.8769938151045,
        17183.98469147859
    ],
    "49": [
        2391.9970954816367,
        10557.968397632088
    ],
    "50": [
        5355.205450439453,
        6798.3373352050785
    ],
    "51": [
        7133.533592430321,
        7224.210983688767
    ],
    "52": [
        4361.7690984552555,
        10711.42471590909
    ],
    "53": [
        12684.888118717221,
        714.8487970745647
    ],
    "54": [
        4167.14431640625,
        20753.14779296875
    ],
    "55": [
        2879.3809678819443,
        4510.969430428964
    ],
    "56": [
        23793.394598599138,
        1550.9970563417194
    ],
    "57": [
        3769.31020923371,
        1598.4381824249917
    ],
    "58": [
        6602.605984774503,
        24093.67988725142
    ],
    "59": [
        1306.5841864689742,
        23706.22826423267
    ],
    "60": [
        21367.28785342262,
        1177.5200109339896
    ],
    "61": [
        15199.309952059659,
        6806.335116299716
    ],
    "62": [
        1994.2012488100709,
        7474.777942817752
    ],
    "63": [
        589.550286135775,
        976.1052081601839
    ],
    "64": [
        12916.223296790995,
        4884.164692540323
    ],
    "65": [
        414.2111042879396,
        1920.4859029478946
    ],
    "66": [
        9609.065723832831,
        6840.9343644107685
    ],
    "67": [
        11299.645672686689,
        20862.0858106737
    ],
    "68": [
        14514.812028104026,
        1311.3468837962055
    ],
    "69": [
        7838.93440303096,
        507.2756301473688
    ],
    "70": [
        541.1427636259795,
        2717.242526855469
    ],
    "71": [
        2418.8465476885235,
        27052.71396083048
    ],
    "72": [
        5338.319272933468,
        4001.665755733367
    ],
    "73": [
        5928.449913459095,
        438.95296001434326
    ],
    "74": [
        8219.561593191964,
        5430.070477374188
    ],
    "75": [
        2747.9948329925537,
        384.2659917976707
    ],
    "76": [
        8043.946568080357,
        19746.34300595238
    ],
    "77": [
        562.2235819830823,
        6279.049112348414
    ],
    "78": [
        10660.699448529413,
        4970.244581035539
    ],
    "79": [
        6228.641535726826,
        5528.37890625
    ],
    "80": [
        4878.590996237363,
        908.2220801281578
    ],
    "81": [
        361.503083398553,
        300.74210318091775
    ],
    "82": [
        1644.1437053438983,
        451.5284337605102
    ],
    "83": [
        1966.5918859863282,
        2795.5197607421874
    ],
    "84": [
        2710.173898925781,
        6076.278754882813
    ],
    "85": [
        780.0779662055354,
        9536.92931577621
    ],
    "86": [
        12128.137807377048,
        2623.1176677766393
    ],
    "87": [
        19076.885053790982,
        18672.521932633197
    ],
    "88": [
        603.3777340063408,
        7963.798711520522
    ],
    "89": [
        6928.747143326519,
        3816.6611419392525
    ],
    "90": [
        3416.1673255728074,
        14867.886398700106
    ],
    "91": [
        25024.097944415982,
        13445.605532786885
    ],
    "92": [
        16688.33936656605,
        10454.636274857954
    ],
    "93": [
        18330.703481820914,
        7075.032024676983
    ],
    "94": [
        6822.569469572369,
        1057.6809131823088
    ],
    "95": [
        16024.336989182691,
        22348.66463341346
    ],
    "96": [
        22820.137606534092,
        23920.797111742424
    ],
    "97": [
        12173.154943517737,
        7020.315271326013
    ],
    "98": [
        22700.471894054877,
        7187.7160049066315
    ],
    "99": [
        852.9662772819913,
        13848.695716594828
    ]
}