{
    "0": [
        21026.260048454576,
        6183.876023256063
    ],
    "1": [
        7122.542406981605,
        23454.837322324416
    ],
    "2": [
        13422.396333760884,
        24076.754547574626
    ],
    "3": [
        1063.4468445075643,
        8581.195411339962
    ],
    "4": [
        25262.3705859375,
        9429.102065429688
    ],
    "5": [
        25654.228621557202,
        2429.081020772255
    ],
    "6": [
        6579.410730744633,
        6556.137173329655
    ],
    "7": [
        11012.717108332672,
        1366.8341268172258
    ],
    "8": [
        21579.917644088062,
        1488.1561436968066
    ],
    "9": [
        8118.062804875115,
        1061.8415614862747
    ],
    "10": [
        1938.06772383185,
        21616.19011029412
    ],
    "11": [
        4821.05780118908,
        13130.069364613071
    ],
    "12": [
        13077.453864565405,
        5158.5164868458205
    ],
    "13": [
        1016.6570612521399,
        3375.9738447885666
    ],
    "14": [
        7756.363539604292,
        9935.01694937928
    ],
    "15": [
        1422.5965215155222,
        18197.924381826455
    ],
    "16": [
        1140.3632920574087,
        5993.780340069767
    ],
    "17": [
        9063.400480784816,
        14047.797405828578
    ],
    "18": [
        11043.692709370023,
        18742.601920158242
    ],
    "19": [
        11614.223450921112,
        9337.319829516557
    ],
    "20": [
        17850.823327352835,
        1368.0915849726907
    ],
    "21": [
        808.287141423935,
        913.2045801212466
    ],
    "22": [
        5304.596191900462,
        1221.9381703353122
    ],
    "23": [
        3757.135886775637,
        4713.5562260863335
    ],
    "24": [
        19673.31780561542,
        12677.982885835729
    ],
    "25": [
        1362.7326548277401,
        14811.148036193848
    ],
    "26": [
        3017.678241584006,
        1255.9762799770199
    ],
    "27": [
        23864.15106266801,
        16631.445674773186
    ],
    "28": [
        16939.354515438987,
        17846.898801773314
    ],
    "29": [
        5845.851933931867,
        17654.37414277304
    ],
    "30": [
        16431.59848920037,
        8781.382584026152
    ],
    "31": [
        2042.8172607451431,
        25953.868026859505
    ],
    "32": [
        6802.7154647323105,
        3440.885996225718
    ],
    "33": [
        21155.881805419922,
        23656.230758666992
    ],
    "34": [
        9658.074809787826,
        5060.076043991816
    ],
    "35": [
        13847.013600852273,
        13287.294919338474
    ],
    "36": [
        4007.216305640436,
        8744.706721480175
    ],
    "37": [
        1407.3767760743033,
        11604.249470681714
    ],
    "38": [
        14277.471357929913,
        1395.049842299409
    ],
    "39": [
        16866.36380297517,
        4719.605857814284
    ]
}