{
    "0": [
        12244.358501233553,
        5590.447060032895
    ],
    "1": [
        1300.737743030895,
        12322.486061789772
    ],
    "2": [
        3184.7051866319443,
        8682.317925347223
    ],
    "3": [
        749.125112261091,
        14065.74525669643
    ],
    "4": [
        12084.186810661764,
        2678.788818359375
    ],
    "5": [
        3949.5672137920674,
        13906.760892427885
    ],
    "6": [
        422.4848010916459,
        1786.6458033511512
    ],
    "7": [
        1297.3875803629558,
        17236.137044270832
    ],
    "8": [
        24983.811257102272,
        18171.080788352272
    ],
    "9": [
        734.920467376709,
        8235.427286783854
    ],
    "10": [
        13210.625919117647,
        15463.2509765625
    ],
    "11": [
        2291.013951982771,
        24789.154157366072
    ],
    "12": [
        4042.9857352120534,
        20017.85574776786
    ],
    "13": [
        597.3148990207249,
        5104.693386501736
    ],
    "14": [
        6649.3779296875,
        3195.2486368815103
    ],
    "15": [
        6264.478344726563,
        6504.0411376953125
    ],
    "16": [
        1999.7054036458333,
        2524.1115451388887
    ],
    "17": [
        4579.566880967882,
        2560.5553995768228
    ],
    "18": [
        451.13191091603244,
        443.04282004257726
    ],
    "19": [
        8301.805930397728,
        1920.4272904829545
    ],
    "20": [
        19311.527734375,
        6883.36982421875
    ],
    "21": [
        14378.1962890625,
        10389.937233664772
    ],
    "22": [
        9202.139184570313,
        8880.430859375
    ],
    "23": [
        9416.1984375,
        5905.43623046875
    ],
    "24": [
        4084.570166015625,
        6224.85107421875
    ],
    "25": [
        6364.359517415364,
        801.3518365224203
    ],
    "26": [
        12315.055710565477,
        657.785521371024
    ],
    "27": [
        9293.843977864582,
        15908.323046875
    ],
    "28": [
        4534.15966796875,
        8225.388427734375
    ],
    "29": [
        19410.408653846152,
        1386.7646112442017
    ],
    "30": [
        2629.4357838350184,
        5214.623506433823
    ],
    "31": [
        2380.101411707261,
        7281.878762637868
    ],
    "32": [
        15234.6533203125,
        23932.4341796875
    ],
    "33": [
        9778.58156419837,
        20631.534646739132
    ],
    "34": [
        1377.0741402762276,
        1242.2179696219307
    ],
    "35": [
        24466.748168945313,
        1505.9308404922485
    ],
    "36": [
        9142.894592285156,
        3390.165771484375
    ],
    "37": [
        18297.4072265625,
        14901.367257254464
    ],
    "38": [
        828.7355041503906,
        6553.79607282366
    ],
    "39": [
        15873.312212775736,
        4401.174488740809
    ],
    "40": [
        918.1839705380527,
        19725.91796875
    ],
    "41": [
        4854.651340060764,
        10058.821506076389
    ],
    "42": [
        7018.9373779296875,
        10326.312418619791
    ],
    "43": [
        7406.32880859375,
        23994.608984375
    ],
    "44": [
        1767.5554970189144,
        3680.5208418996713
    ],
    "45": [
        5108.720266241777,
        4754.0313142475325
    ],
    "46": [
        9532.460751488095,
        813.7266967410133
    ],
    "47": [
        24141.230859375,
        8308.992993164062
    ],
    "48": [
        2918.1029334435098,
        11113.807466947115
    ],
    "49": [
        6374.194056919643,
        17400.63318452381
    ],
    "50": [
        581.805884881453,
        10139.68368252841
    ],
    "51": [
        4392.1833711511945,
        900.890261818381
    ],
    "52": [
        3439.405287000868,
        3443.9561903211807
    ],
    "53": [
        10463.135145399305,
        11846.795681423611
    ],
    "54": [
        15529.498430524554,
        1337.3137974739075
    ],
    "55": [
        7481.915201822917,
        13227.821234809027
    ],
    "56": [
        2084.3849609375,
        9485.89375
    ],
    "57": [
        426.68014367421466,
        3347.555460611979
    ],
    "58": [
        7901.038647460938,
        431.69214391708374
    ],
    "59": [
        2334.8496942934785,
        534.0728174292523
    ]
}