{
    "0": [
        15551.324584960938,
        6052.651580810547
    ],
    "1": [
        10953.850325520832,
        13926.548046875
    ],
    "2": [
        4205.892399088541,
        678.264271291097
    ],
    "3": [
        9047.647640830592,
        17324.61831825658
    ],
    "4": [
        10717.192122395832,
        8162.146451822917
    ],
    "5": [
        13743.957877604167,
        8008.217643229166
    ],
    "6": [
        20826.7306640625,
        10700.5876953125
    ],
    "7": [
        5320.397995721726,
        9360.19103422619
    ],
    "8": [
        10719.071841032608,
        2878.561825959579
    ],
    "9": [
        23328.65144230769,
        3881.188176081731
    ],
    "10": [
        1315.0725602763039,
        14636.050548735118
    ],
    "11": [
        2845.148962933084,
        8659.689644191576
    ],
    "12": [
        1119.7745751274956,
        26477.81662326389
    ],
    "13": [
        19740.291852678572,
        20312.930524553572
    ],
    "14": [
        2318.6819606471704,
        2349.692267340583
    ],
    "15": [
        10790.684500558036,
        10343.855747767857
    ],
    "16": [
        8516.392578125,
        13343.355102539063
    ],
    "17": [
        23329.025716145832,
        1288.68177541097
    ],
    "18": [
        1171.142238443548,
        23282.444779829544
    ],
    "19": [
        9939.4838671875,
        5333.04826171875
    ],
    "20": [
        892.1063971268503,
        5528.529900801809
    ],
    "21": [
        26658.2548828125,
        15074.835693359375
    ],
    "22": [
        3983.0567515980115,
        19656.074573863636
    ],
    "23": [
        2717.314753605769,
        6511.549654447115
    ],
    "24": [
        5222.881252712674,
        22303.101453993055
    ],
    "25": [
        3245.765035695043,
        11277.611631196121
    ],
    "26": [
        19989.69609375,
        1023.1937611897787
    ],
    "27": [
        7859.514515269886,
        22746.541903409092
    ],
    "28": [
        473.55651507377627,
        553.8111430101096
    ],
    "29": [
        7244.350383890086,
        786.8396705101276
    ],
    "30": [
        20411.020751953125,
        15802.581909179688
    ],
    "31": [
        19319.158954326922,
        3685.4754544771636
    ],
    "32": [
        4675.331451416016,
        4796.711161295573
    ],
    "33": [
        3097.0047607421875,
        26234.476888020832
    ],
    "34": [
        13694.02178485577,
        11561.2587890625
    ],
    "35": [
        20974.2484375,
        25148.973828125
    ],
    "36": [
        15242.296712239584,
        26531.085611979168
    ],
    "37": [
        9329.03724888393,
        897.4729314122882
    ],
    "38": [
        5118.984041341146,
        7129.338590494792
    ],
    "39": [
        6720.957300646552,
        2988.353124158136
    ],
    "40": [
        723.8599401283265,
        3742.9628515625
    ],
    "41": [
        6197.363513764881,
        11537.016322544643
    ],
    "42": [
        3944.10595703125,
        14143.3497265625
    ],
    "43": [
        18082.998604910714,
        13014.762974330357
    ],
    "44": [
        11423.586100260416,
        22561.159505208332
    ],
    "45": [
        8073.976236979167,
        10402.721214657739
    ],
    "46": [
        12870.451978600544,
        5257.066342561141
    ],
    "47": [
        14804.867154947917,
        778.4762504577636
    ],
    "48": [
        844.0983473125257,
        17708.653268914473
    ],
    "49": [
        4185.045803931452,
        2618.047119140625
    ],
    "50": [
        831.6002532635864,
        7503.690648129112
    ],
    "51": [
        23500.06328125,
        17273.697265625
    ],
    "52": [
        962.7360377678505,
        12663.575157752404
    ],
    "53": [
        2720.8708199165962,
        4283.979327227618
    ],
    "54": [
        2058.709259588068,
        578.1891006209634
    ],
    "55": [
        18431.878018465908,
        6930.892578125
    ],
    "56": [
        15135.09716796875,
        22449.062174479168
    ],
    "57": [
        754.186319909777,
        10090.128180803571
    ],
    "58": [
        27704.67822265625,
        4019.7230224609375
    ],
    "59": [
        13165.958658854166,
        2991.1053263346353
    ],
    "60": [
        8338.519461495536,
        26224.123604910714
    ],
    "61": [
        6855.405578613281,
        15264.472534179688
    ],
    "62": [
        15042.834879557291,
        15514.916259765625
    ],
    "63": [
        7362.49853515625,
        7821.052867542614
    ],
    "64": [
        26077.878580729168,
        9533.527669270834
    ],
    "65": [
        6228.702073317308,
        17659.638221153848
    ],
    "66": [
        7700.60517578125,
        5414.2033203125
    ],
    "67": [
        16653.322531960228,
        9799.1455078125
    ],
    "68": [
        16201.503773082386,
        3123.3670598810368
    ],
    "69": [
        660.8938318918337,
        2102.2574508954895
    ],
    "70": [
        3255.854041058084,
        17141.383449388588
    ],
    "71": [
        16501.392352764422,
        17718.74158653846
    ],
    "72": [
        8477.174947102865,
        3134.9423624674478
    ],
    "73": [
        26529.300390625,
        758.2139978408813
    ],
    "74": [
        1039.6213703889114,
        20551.57481971154
    ],
    "75": [
        12100.22509765625,
        728.3395988411373
    ],
    "76": [
        5690.482700892857,
        1434.3297533307757
    ],
    "77": [
        12495.449327256945,
        18665.421223958332
    ],
    "78": [
        22741.3853515625,
        6625.31748046875
    ],
    "79": [
        17691.9068359375,
        640.5136150360107
    ]
}