{
    "0": [
        20644.684151785714,
        3463.241385323661
    ],
    "1": [
        823.8302978515625,
        6067.128434244792
    ],
    "2": [
        24564.837890625,
        21679.8640625
    ],
    "3": [
        10511.202582465277,
        5650.070873119213
    ],
    "4": [
        6077.005419921875,
        10074.269384765625
    ],
    "5": [
        14129.119600183823,
        4816.138470818015
    ],
    "6": [
        916.5674729780717,
        14499.363503196022
    ],
    "7": [
        9037.74462890625,
        3111.393540602464
    ],
    "8": [
        24142.730577256945,
        6953.940321180556
    ],
    "9": [
        16346.75186695772,
        1710.6244923647712
    ],
    "10": [
        1271.3526443243027,
        4018.4358444213867
    ],
    "11": [
        8674.989965820312,
        743.7129360198975
    ],
    "12": [
        741.717630036672,
        2105.957625325521
    ],
    "13": [
        3067.20818359375,
        2977.326533203125
    ],
    "14": [
        3870.8962783813477,
        23866.834510216348
    ],
    "15": [
        11250.212007068452,
        13497.978794642857
    ],
    "16": [
        24661.048502604168,
        907.0586204528809
    ],
    "17": [
        12476.416658727134,
        1393.1035567492972
    ],
    "18": [
        885.7026933387474,
        9199.668547453704
    ],
    "19": [
        2180.9401575724282,
        11452.209187825521
    ],
    "20": [
        7950.029994419643,
        13544.232352120536
    ],
    "21": [
        24785.346235795456,
        13446.621537642046
    ],
    "22": [
        7742.554357192095,
        18604.261431525734
    ],
    "23": [
        18694.4337890625,
        6754.275244140625
    ],
    "24": [
        4439.193731689453,
        1076.5722834587098
    ],
    "25": [
        2114.288767168599,
        598.3200009868991
    ],
    "26": [
        19900.18310546875,
        608.8326078653336
    ],
    "27": [
        3053.8116722106934,
        8247.795364379883
    ],
    "28": [
        16035.7041015625,
        17518.425010279607
    ],
    "29": [
        6007.7836756552415,
        6359.065083165323
    ],
    "30": [
        3354.3554608744957,
        5532.053978704637
    ],
    "31": [
        9338.66556640625,
        9332.080078125
    ],
    "32": [
        6503.595170454545,
        978.6156226071445
    ],
    "33": [
        5123.412814670139,
        3794.6886574074074
    ],
    "34": [
        1952.2886744468442,
        19213.144909274193
    ],
    "35": [
        4346.816010974702,
        15086.793433779761
    ],
    "36": [
        11715.062455610796,
        22945.02716619318
    ],
    "37": [
        18089.129801432293,
        11800.356119791666
    ],
    "38": [
        430.3507926247337,
        568.9717471960819
    ],
    "39": [
        13723.0615234375,
        10305.645764802632
    ]
}