{
    "0": [
        5599.007602624726,
        1262.8831687510362
    ],
    "1": [
        22280.12490625,
        22916.79365625
    ],
    "2": [
        809.2333588912384,
        896.6707446577708
    ],
    "3": [
        6456.533599632907,
        18703.77957219503
    ],
    "4": [
        21528.56417611929,
        1798.0820447344404
    ],
    "5": [
        4315.040998492324,
        10371.685493919458
    ],
    "6": [
        11005.597597272208,
        5364.842752520958
    ],
    "7": [
        1183.8791845145424,
        14803.190813881065
    ],
    "8": [
        15013.135890015768,
        8201.142479572822
    ],
    "9": [
        3941.951645099119,
        3789.0638675101527
    ],
    "10": [
        3049.506923060658,
        1069.9261394365367
    ],
    "11": [
        7712.130263000954,
        23918.399257514313
    ],
    "12": [
        7617.273255115987,
        11482.583790447696
    ],
    "13": [
        14129.279115629328,
        13144.7086056527
    ],
    "14": [
        11079.89294678715,
        9947.888786591679
    ],
    "15": [
        2041.3374874857968,
        21724.60694494913
    ],
    "16": [
        19385.515182291667,
        11255.757652994791
    ],
    "17": [
        24807.196558320473,
        8202.896817933384
    ],
    "18": [
        1357.8298764459955,
        11723.264376899548
    ],
    "19": [
        23989.85839367378,
        15406.929020579268
    ],
    "20": [
        14410.073910361842,
        24281.891282894736
    ],
    "21": [
        9451.457196352294,
        14860.568663818945
    ],
    "22": [
        7299.376467981804,
        4492.801043905145
    ],
    "23": [
        19436.3491245243,
        5939.438864786117
    ],
    "24": [
        25568.53428443988,
        2164.992734932157
    ],
    "25": [
        12070.872452920943,
        19041.59528772155
    ],
    "26": [
        1141.2975970634207,
        8540.232559403998
    ],
    "27": [
        1526.9026134485775,
        18203.610470309664
    ],
    "28": [
        1015.0423138982768,
        3265.6253429453063
    ],
    "29": [
        17723.53552435187,
        1596.3476220146206
    ],
    "30": [
        8169.322608974713,
        1257.4958702023937
    ],
    "31": [
        1135.395764228374,
        5752.432619768268
    ],
    "32": [
        2079.691190997269,
        25955.289930555555
    ],
    "33": [
        7589.079053506701,
        7921.113468324363
    ],
    "34": [
        4090.486620324803,
        6886.45849609375
    ],
    "35": [
        4877.186444868608,
        14609.066589133523
    ],
    "36": [
        14778.038211886682,
        4274.8435848057825
    ],
    "37": [
        14122.942648575885,
        1125.670233587136
    ],
    "38": [
        17526.432353153934,
        17335.40230758102
    ],
    "39": [
        10922.817428782999,
        1448.3917866129304
    ]
}