{
    "0": [
        6303.003824415154,
        1111.4286624313067
    ],
    "1": [
        7706.443658322704,
        7790.949602399553
    ],
    "2": [
        17677.294102260046,
        16224.549093191965
    ],
    "3": [
        842.8466691482067,
        835.6518618461436
    ],
    "4": [
        9106.790350413603,
        15827.887157628677
    ],
    "5": [
        1587.3339836784735,
        20922.80164377654
    ],
    "6": [
        16780.703653907476,
        1528.7940867306954
    ],
    "7": [
        3259.496722363281,
        964.6232122329712
    ],
    "8": [
        23876.47476407797,
        21886.929880878713
    ],
    "9": [
        4141.094034062991,
        6357.869803950472
    ],
    "10": [
        12943.527880486641,
        19499.0968474177
    ],
    "11": [
        8977.875401843514,
        11507.951096471868
    ],
    "12": [
        1141.9912013329142,
        17217.151986471035
    ],
    "13": [
        10729.612082607775,
        4553.766928799181
    ],
    "14": [
        10114.801734804483,
        25137.971378026832
    ],
    "15": [
        11669.022534080845,
        8383.421148508667
    ],
    "16": [
        4961.719114532995,
        13346.962680882196
    ],
    "17": [
        23830.04323050902,
        15013.76451755799
    ],
    "18": [
        2364.563837830923,
        25466.896631318574
    ],
    "19": [
        9436.635776706813,
        1221.1798278855897
    ],
    "20": [
        1193.7837424874936,
        8007.413230460492
    ],
    "21": [
        14545.103033458185,
        4501.611081800648
    ],
    "22": [
        7306.264028621879,
        4277.1863636713615
    ],
    "23": [
        4630.1812584240215,
        9720.909170327475
    ],
    "24": [
        12971.927575799222,
        1130.1701518524644
    ],
    "25": [
        4885.334906245489,
        17293.624386547344
    ],
    "26": [
        19569.69592584215,
        5573.81260548615
    ],
    "27": [
        6893.09081737988,
        21150.97388208521
    ],
    "28": [
        1297.4776572358608,
        13867.137349759616
    ],
    "29": [
        13610.256400858807,
        12923.693964701877
    ],
    "30": [
        1196.229258948675,
        5296.7138882643885
    ],
    "31": [
        15611.789094172298,
        8306.641288798564
    ],
    "32": [
        1054.8628142004789,
        3021.996998733064
    ],
    "33": [
        25190.51979051438,
        2154.376907830437
    ],
    "34": [
        20722.137118944876,
        1478.5701021484383
    ],
    "35": [
        19585.230171535328,
        10710.696726038836
    ],
    "36": [
        24951.65871227297,
        8120.800735343216
    ],
    "37": [
        4132.994532435672,
        3312.04860365575
    ],
    "38": [
        1345.8080084525623,
        10921.096486879007
    ],
    "39": [
        17421.649080300635,
        23527.071771162973
    ]
}