{
    "0": [
        1942.6563617341658,
        27173.650476792278
    ],
    "1": [
        3835.151476469494,
        23311.012983630953
    ],
    "2": [
        18160.969105113636,
        25100.7294921875
    ],
    "3": [
        7692.873777565381,
        12678.601223127216
    ],
    "4": [
        2660.1944370990436,
        2682.4830103953477
    ],
    "5": [
        12742.357068900603,
        9137.703360316265
    ],
    "6": [
        1006.6101464629173,
        18640.668170431385
    ],
    "7": [
        752.6259461739111,
        3754.546332044242
    ],
    "8": [
        10142.57993249726,
        7975.539445843613
    ],
    "9": [
        3942.257697249258,
        557.0157324836574
    ],
    "10": [
        4929.171562605006,
        4147.390805261537
    ],
    "11": [
        7569.908268903821,
        9961.281771170661
    ],
    "12": [
        19271.392214439657,
        3760.507874797953
    ],
    "13": [
        794.9256457087156,
        5618.590326752534
    ],
    "14": [
        14868.080170871159,
        6539.084854552199
    ],
    "15": [
        13776.649248798078,
        12328.464685997596
    ],
    "16": [
        5500.773053231324,
        14425.45802514793
    ],
    "17": [
        14324.027092633929,
        21480.565290178572
    ],
    "18": [
        4992.513558613885,
        11634.76136134826
    ],
    "19": [
        819.6645659694304,
        9376.377767427884
    ],
    "20": [
        2809.7162959906204,
        4869.975763101494
    ],
    "21": [
        13978.071734512061,
        3532.7058362458883
    ],
    "22": [
        2316.91153745298,
        734.1645938372661
    ],
    "23": [
        743.0884330020232,
        7391.283290728401
    ],
    "24": [
        1130.375235215673,
        24372.189250442218
    ],
    "25": [
        20548.72112008427,
        15447.833742977527
    ],
    "26": [
        760.9417613976633,
        2020.324837589069
    ],
    "27": [
        4555.215792569247,
        2172.4583756087663
    ],
    "28": [
        6505.933219291069,
        2501.0792669347816
    ],
    "29": [
        9365.145276732896,
        5268.136388205697
    ],
    "30": [
        13317.840304242885,
        16176.41412601626
    ],
    "31": [
        12830.334981282553,
        26914.91866048177
    ],
    "32": [
        10671.002967247596,
        22790.153001051684
    ],
    "33": [
        636.4905982093695,
        563.7703908399802
    ],
    "34": [
        26648.020297181374,
        1672.8501112320844
    ],
    "35": [
        12159.603988958865,
        5710.786770567602
    ],
    "36": [
        6578.879625822368,
        17912.025052866542
    ],
    "37": [
        6776.968830265411,
        26314.706683433218
    ],
    "38": [
        17648.91105109179,
        1018.8863442053855
    ],
    "39": [
        1175.6430990753265,
        21508.068459535258
    ],
    "40": [
        4703.72146675282,
        6353.029577728501
    ],
    "41": [
        2795.192978896104,
        7508.133820769075
    ],
    "42": [
        16497.16419813368,
        3430.5860209147136
    ],
    "43": [
        3839.0328306768934,
        19506.474723426094
    ],
    "44": [
        3617.5464979727058,
        16700.68241940269
    ],
    "45": [
        3176.445887561093,
        13574.03271715788
    ],
    "46": [
        10628.04448432427,
        14238.48091898336
    ],
    "47": [
        21662.821231617647,
        7081.3933905593485
    ],
    "48": [
        10102.531820255474,
        18512.389099566604
    ],
    "49": [
        19826.494365320796,
        10612.31135059458
    ],
    "50": [
        7855.934353298611,
        15535.260401165675
    ],
    "51": [
        7075.454841195279,
        4887.682129936379
    ],
    "52": [
        20365.743477527005,
        1042.2030747908134
    ],
    "53": [
        23225.392336002067,
        1148.1332469735264
    ],
    "54": [
        2852.248885764215,
        10051.565495770677
    ],
    "55": [
        17930.028742141272,
        6948.646732849482
    ],
    "56": [
        8014.872695965355,
        765.3541337890878
    ],
    "57": [
        984.1880545658863,
        11569.821880725774
    ],
    "58": [
        25112.228885135137,
        20221.902502111487
    ],
    "59": [
        11193.553214309562,
        3389.9517102363784
    ],
    "60": [
        24545.65633491848,
        25743.434697690216
    ],
    "61": [
        7240.612648292824,
        21295.480902777777
    ],
    "62": [
        7191.463703041888,
        7255.80986328125
    ],
    "63": [
        26641.387044270832,
        7287.468002781723
    ],
    "64": [
        5903.998394487968,
        630.5992766149817
    ],
    "65": [
        874.8997955241787,
        13799.216697982594
    ],
    "66": [
        23210.114697265624,
        4448.232114664714
    ],
    "67": [
        19417.569779829544,
        20772.195933948864
    ],
    "68": [
        10426.870111701193,
        11100.879389044943
    ],
    "69": [
        5050.202914767795,
        8957.221473976419
    ],
    "70": [
        12640.813560748922,
        955.6355180444389
    ],
    "71": [
        10303.526725988419,
        902.2428455535596
    ],
    "72": [
        1136.4880005612092,
        16065.766208286199
    ],
    "73": [
        15038.53577260502,
        935.9123703436774
    ],
    "74": [
        17146.64659988239,
        13730.556262600807
    ],
    "75": [
        23962.77822265625,
        11205.617858886719
    ],
    "76": [
        16579.150438262193,
        17630.47421636814
    ],
    "77": [
        8752.406041789505,
        2737.9604777785967
    ],
    "78": [
        25455.01674564549,
        15395.382764472337
    ],
    "79": [
        16132.470577116936,
        10145.51908234627
    ]
}