{
    "0": [
        11006.669484991777,
        1546.9516006770887
    ],
    "1": [
        24118.961077008928,
        9340.264857700893
    ],
    "2": [
        19224.782523777172,
        808.9282929793648
    ],
    "3": [
        10040.38662997159,
        18027.35236150568
    ],
    "4": [
        15621.1900390625,
        7289.07890625
    ],
    "5": [
        4534.741930280413,
        1003.1302129881723
    ],
    "6": [
        2104.429400357333,
        25327.12127130682
    ],
    "7": [
        1572.4136295318604,
        3395.601764181386
    ],
    "8": [
        989.7865343213082,
        923.6751413583755
    ],
    "9": [
        1045.3267612457275,
        13455.352132161459
    ],
    "10": [
        14459.382891680743,
        1450.80602676804
    ],
    "11": [
        3983.6426948879075,
        8933.388778023098
    ],
    "12": [
        7840.121934234119,
        954.4368646965652
    ],
    "13": [
        24467.909705528848,
        871.4809300349309
    ],
    "14": [
        3023.9771622657777,
        20896.39794921875
    ],
    "15": [
        13996.835223858174,
        11310.823091947115
    ],
    "16": [
        4301.34671098758,
        3543.6980919471152
    ],
    "17": [
        1091.7037361546566,
        5515.834279913652
    ],
    "18": [
        24533.113525390625,
        5127.961456298828
    ],
    "19": [
        24983.811257102272,
        18171.080788352272
    ],
    "20": [
        9023.942716899672,
        20589.744140625
    ],
    "21": [
        10633.584402901786,
        23921.8125
    ],
    "22": [
        1100.6492416308477,
        9867.645920973559
    ],
    "23": [
        9103.320379849138,
        12549.435849946121
    ],
    "24": [
        914.0048191070557,
        17964.530810546876
    ],
    "25": [
        3557.9283599853516,
        11087.576354980469
    ],
    "26": [
        4775.249104817708,
        13712.300520833332
    ],
    "27": [
        4686.961819118924,
        17589.81081814236
    ],
    "28": [
        17514.55517578125,
        3632.204245827415
    ],
    "29": [
        11741.388537176725,
        5510.983129040948
    ],
    "30": [
        6437.423034667969,
        23457.700439453125
    ],
    "31": [
        17953.945475260418,
        16136.338785807291
    ],
    "32": [
        7469.584662543402,
        16355.367241753473
    ],
    "33": [
        19810.48361545139,
        7702.513373480902
    ],
    "34": [
        8545.998818674396,
        9322.145444808468
    ],
    "35": [
        4939.1787704839935,
        6225.530201981707
    ],
    "36": [
        13074.184500558036,
        15935.39208984375
    ],
    "37": [
        8042.695202242943,
        4731.152784778225
    ],
    "38": [
        1797.262368774414,
        7463.077718098958
    ],
    "39": [
        15923.956612723214,
        24474.168526785714
    ]
}