{
    "0": [
        18511.9423828125,
        5296.738037109375
    ],
    "1": [
        25093.73828125,
        6628.248046875
    ],
    "2": [
        180.94691467285156,
        26015.1328125
    ],
    "3": [
        12877.37646484375,
        7185.905517578125
    ],
    "4": [
        16829.669921875,
        534.53515625
    ],
    "5": [
        4046.8134765625,
        13278.00537109375
    ],
    "6": [
        20050.4296875,
        3642.69189453125
    ],
    "7": [
        7699.757080078125,
        1193.6828918457031
    ],
    "8": [
        8172.63232421875,
        17700.23046875
    ],
    "9": [
        725.1388549804688,
        3741.6685791015625
    ],
    "10": [
        1742.735107421875,
        13244.35400390625
    ],
    "11": [
        10162.8359375,
        7931.34130859375
    ],
    "12": [
        16562.455078125,
        296.6864318847656
    ],
    "13": [
        2528.46435546875,
        4584.19580078125
    ],
    "14": [
        14483.6171875,
        23050.41796875
    ],
    "15": [
        414.65333890914917,
        9845.3916015625
    ],
    "16": [
        718.0714721679688,
        13884.375
    ],
    "17": [
        6052.622884114583,
        8719.984375
    ],
    "18": [
        3907.13037109375,
        14581.15234375
    ],
    "19": [
        16306.6884765625,
        24584.705078125
    ],
    "20": [
        3848.259765625,
        728.0377197265625
    ],
    "21": [
        17481.357747395832,
        15260.9072265625
    ],
    "22": [
        4017.65380859375,
        20382.012369791668
    ],
    "23": [
        22150.244140625,
        444.54864501953125
    ],
    "24": [
        2139.123046875,
        9702.251953125
    ],
    "25": [
        7576.49853515625,
        5795.980712890625
    ],
    "26": [
        2888.9515380859375,
        2967.77783203125
    ],
    "27": [
        4025.4677734375,
        4261.51318359375
    ],
    "28": [
        2234.299560546875,
        1178.6820068359375
    ],
    "29": [
        6150.4853515625,
        4339.09375
    ],
    "30": [
        10715.18359375,
        19232.439453125
    ],
    "31": [
        4556.8046875,
        3393.960693359375
    ],
    "32": [
        12322.150390625,
        389.3857930501302
    ],
    "33": [
        19006.921875,
        7962.339599609375
    ],
    "34": [
        3351.6705322265625,
        8783.1123046875
    ],
    "35": [
        353.60955301920575,
        8478.708658854166
    ],
    "36": [
        4980.754231770833,
        1547.05908203125
    ],
    "37": [
        9060.958984375,
        9357.83203125
    ],
    "38": [
        9547.02880859375,
        1615.8330078125
    ],
    "39": [
        16648.0859375,
        19998.70703125
    ],
    "40": [
        23146.51171875,
        11983.712890625
    ],
    "41": [
        1167.9857788085938,
        530.5122938156128
    ],
    "42": [
        952.354970296224,
        6473.268391927083
    ],
    "43": [
        14527.5966796875,
        1189.345458984375
    ],
    "44": [
        605.3232421875,
        4744.64599609375
    ],
    "45": [
        12399.5263671875,
        12489.54833984375
    ],
    "46": [
        9926.8955078125,
        2645.872802734375
    ],
    "47": [
        1622.1017252604167,
        2272.9938151041665
    ],
    "48": [
        18072.9345703125,
        1210.5528564453125
    ],
    "49": [
        5046.47119140625,
        639.62158203125
    ],
    "50": [
        11275.689453125,
        15003.5244140625
    ],
    "51": [
        8872.91455078125,
        6611.40771484375
    ],
    "52": [
        4669.04833984375,
        882.4178466796875
    ],
    "53": [
        4974.82275390625,
        156.35214233398438
    ],
    "54": [
        524.0272827148438,
        2838.842041015625
    ],
    "55": [
        10275.4443359375,
        5409.546875
    ],
    "56": [
        13380.67138671875,
        2446.6832275390625
    ],
    "57": [
        3602.775146484375,
        5496.59912109375
    ],
    "58": [
        176.36371660232544,
        1865.6885986328125
    ],
    "59": [
        2084.74072265625,
        24532.23046875
    ]
}