{
    "0": [
        23973.1318359375,
        20672.728515625
    ],
    "1": [
        8618.071940104166,
        6108.125081380208
    ],
    "2": [
        14666.052734375,
        3917.7081705729165
    ],
    "3": [
        9948.282769097223,
        5770.310329861111
    ],
    "4": [
        11813.432842548076,
        2400.000544621394
    ],
    "5": [
        183.1065673828125,
        15872.318359375
    ],
    "6": [
        5990.079729352678,
        210.2823202950614
    ],
    "7": [
        13506.719168526786,
        5705.507045200893
    ],
    "8": [
        6135.298549107143,
        2586.375802176339
    ],
    "9": [
        6564.743977864583,
        5167.284261067708
    ],
    "10": [
        20064.3302734375,
        6898.072509765625
    ],
    "11": [
        10010.600226151315,
        21389.24177631579
    ],
    "12": [
        1294.5433088030134,
        1734.2486572265625
    ],
    "13": [
        589.7113865443638,
        5333.007068452381
    ],
    "14": [
        9031.5546875,
        368.6276878010143
    ],
    "15": [
        7587.32958984375,
        3895.06494140625
    ],
    "16": [
        9193.171944754464,
        3311.2826625279017
    ],
    "17": [
        2240.209883256392,
        9360.941850142046
    ],
    "18": [
        7261.5732421875,
        26194.422526041668
    ],
    "19": [
        1901.3005235460068,
        7095.800455729167
    ],
    "20": [
        4675.386681189904,
        2378.263192983774
    ],
    "21": [
        3003.9200927734373,
        6808.989453125
    ],
    "22": [
        4127.527898615057,
        13767.882191051136
    ],
    "23": [
        7064.628995028409,
        997.2109153053977
    ],
    "24": [
        17339.867745535714,
        7402.758510044643
    ],
    "25": [
        3504.0557955228364,
        5531.610990084135
    ],
    "26": [
        14399.480887276786,
        15238.493722098214
    ],
    "27": [
        9325.338671875,
        10002.34375
    ],
    "28": [
        4512.187218299279,
        16968.016150841348
    ],
    "29": [
        11554.93540736607,
        6136.200125558035
    ],
    "30": [
        1627.2199452718098,
        24254.896484375
    ],
    "31": [
        1068.403781467014,
        17123.180772569445
    ],
    "32": [
        171.2970085144043,
        1373.2772115071614
    ],
    "33": [
        581.805884881453,
        10139.68368252841
    ],
    "34": [
        4894.554865056818,
        1133.4629849520597
    ],
    "35": [
        19421.885475852272,
        632.2666260112416
    ],
    "36": [
        5868.804578993056,
        22470.770399305555
    ],
    "37": [
        13255.7451171875,
        18636.560546875
    ],
    "38": [
        18352.05841619318,
        11636.45205965909
    ],
    "39": [
        1056.838996887207,
        12052.907470703125
    ],
    "40": [
        11059.314630681818,
        418.06362828341395
    ],
    "41": [
        24602.623779296875,
        14538.192749023438
    ],
    "42": [
        16776.04376775568,
        3717.059170809659
    ],
    "43": [
        7990.206298828125,
        340.37027804056805
    ],
    "44": [
        2620.6670166015624,
        11125.57958984375
    ],
    "45": [
        17849.958374023438,
        17402.139038085938
    ],
    "46": [
        10709.8478515625,
        11481.98291015625
    ],
    "47": [
        1803.0391496930804,
        266.4479600361415
    ],
    "48": [
        3230.381634880515,
        2829.5878619025734
    ],
    "49": [
        3380.83935546875,
        26414.54736328125
    ],
    "50": [
        16268.7236328125,
        1108.8049591064453
    ],
    "51": [
        2469.9163818359375,
        894.6224060058594
    ],
    "52": [
        4615.417805989583,
        511.7493544684516
    ],
    "53": [
        8752.349330357143,
        12918.959402901786
    ],
    "54": [
        9387.363525390625,
        1685.5784810384114
    ],
    "55": [
        7046.402587890625,
        19379.467633928572
    ],
    "56": [
        763.1485076904297,
        941.7859008789062
    ],
    "57": [
        3625.530988420759,
        774.5660503932407
    ],
    "58": [
        13542.721604567309,
        12250.062950721154
    ],
    "59": [
        8177.373840332031,
        8498.773681640625
    ],
    "60": [
        8889.502034505209,
        11698.481608072916
    ],
    "61": [
        4934.758544921875,
        6438.302978515625
    ],
    "62": [
        5519.720424107143,
        4538.299351283482
    ],
    "63": [
        10221.185772235576,
        15225.021259014424
    ],
    "64": [
        540.180409749349,
        7435.896430121527
    ],
    "65": [
        26931.662109375,
        25708.40625
    ],
    "66": [
        14098.30859375,
        8548.774609375
    ],
    "67": [
        25036.960774739582,
        1623.0431798299153
    ],
    "68": [
        5836.7724609375,
        1221.1098371233259
    ],
    "69": [
        15487.508544921875,
        24389.560302734375
    ],
    "70": [
        350.82693154471264,
        337.3742428734189
    ],
    "71": [
        11857.754272460938,
        4541.101318359375
    ],
    "72": [
        14057.4544921875,
        2112.423681640625
    ],
    "73": [
        2390.27695534446,
        4792.20263671875
    ],
    "74": [
        388.33917117118835,
        2277.0847676595054
    ],
    "75": [
        6553.865173339844,
        6333.1243896484375
    ],
    "76": [
        21854.952473958332,
        1102.428931342231
    ],
    "77": [
        840.6783123016357,
        8538.472412109375
    ],
    "78": [
        6702.53662109375,
        10187.186442057291
    ],
    "79": [
        1745.5719459170386,
        3539.5780436197915
    ],
    "80": [
        630.0757806777954,
        19103.0330078125
    ],
    "81": [
        13091.50625,
        9634.5712890625
    ],
    "82": [
        7945.445095486111,
        1637.8592529296875
    ],
    "83": [
        1980.394496372768,
        13402.268973214286
    ],
    "84": [
        7072.71611328125,
        13184.6205078125
    ],
    "85": [
        5931.851981026785,
        7446.813406808035
    ],
    "86": [
        6716.3922119140625,
        484.92587518692017
    ],
    "87": [
        12782.73193359375,
        598.5725708007813
    ],
    "88": [
        409.91220207214354,
        3637.38828125
    ],
    "89": [
        15030.6611328125,
        1105.1177396774292
    ],
    "90": [
        7631.871124267578,
        16570.10888671875
    ],
    "91": [
        9903.74951171875,
        8575.204223632813
    ],
    "92": [
        4403.8524169921875,
        10488.55478515625
    ],
    "93": [
        19498.47293526786,
        4572.218052455357
    ],
    "94": [
        4235.704508463542,
        4132.012044270833
    ],
    "95": [
        24333.40896267361,
        7853.160346137152
    ],
    "96": [
        3800.3885591947114,
        8549.261080228365
    ],
    "97": [
        17648.350341796875,
        1236.6830928325653
    ],
    "98": [
        468.49107360839844,
        14005.14990234375
    ],
    "99": [
        3011.776191711426,
        20268.039428710938
    ]
}