{
    "0": [
        20720.79959978376,
        1473.3342814535968
    ],
    "1": [
        4616.282520632045,
        9722.681996024558
    ],
    "2": [
        1195.530939513689,
        8135.388341443292
    ],
    "3": [
        5830.138140328323,
        20875.376026008704
    ],
    "4": [
        14486.985337485923,
        4319.8279758762665
    ],
    "5": [
        11432.371593299278,
        20283.892780949518
    ],
    "6": [
        8863.291955521692,
        11780.707160027472
    ],
    "7": [
        7717.241201833951,
        7917.37319253178
    ],
    "8": [
        11644.830323230608,
        8474.437921697443
    ],
    "9": [
        1053.9350165885003,
        3115.787544725762
    ],
    "10": [
        17132.476889155052,
        17087.91994229094
    ],
    "11": [
        15802.598486831508,
        7771.743739177271
    ],
    "12": [
        23746.105181797986,
        15283.17928021327
    ],
    "13": [
        6306.8716925346425,
        1129.5755093299476
    ],
    "14": [
        19466.21738413218,
        11130.103337468328
    ],
    "15": [
        1634.7449266522813,
        17351.889776843644
    ],
    "16": [
        14076.576471964518,
        12387.421040852865
    ],
    "17": [
        15443.873822380514,
        24085.49769071691
    ],
    "18": [
        3250.604024460382,
        972.7815449605346
    ],
    "19": [
        4136.084340324067,
        6364.751906563676
    ],
    "20": [
        1178.847335586447,
        5444.247347872583
    ],
    "21": [
        8326.782689874823,
        25295.908624822445
    ],
    "22": [
        1371.0798787517504,
        20908.933725166764
    ],
    "23": [
        12926.940182557399,
        1101.624772000475
    ],
    "24": [
        9412.772520931101,
        1241.4323563339767
    ],
    "25": [
        839.9081185376365,
        865.6101264756062
    ],
    "26": [
        2088.1167741812565,
        25452.35866237331
    ],
    "27": [
        10813.044129302536,
        15624.349869791668
    ],
    "28": [
        19753.931458938954,
        5574.719478447492
    ],
    "29": [
        7307.362264748928,
        4353.4185381967345
    ],
    "30": [
        16799.618460739715,
        1521.4434563287923
    ],
    "31": [
        22778.85127667683,
        22482.152296112807
    ],
    "32": [
        1201.199216908697,
        14010.433305506553
    ],
    "33": [
        10720.315602712088,
        4614.04229754657
    ],
    "34": [
        1333.6820383180836,
        11034.522095045284
    ],
    "35": [
        24947.435373079978,
        8170.928361278469
    ],
    "36": [
        4695.909985434887,
        13348.258457431208
    ],
    "37": [
        25197.22857918824,
        2147.006491472779
    ],
    "38": [
        6316.2900444047455,
        16655.720151805253
    ],
    "39": [
        4124.570418204842,
        3330.9184802380237
    ]
}