{
    "0": [
        1722.8897617885045,
        3982.1148390997023
    ],
    "1": [
        989.1336601260323,
        13998.100137578616
    ],
    "2": [
        5071.018645430033,
        11752.814461767146
    ],
    "3": [
        2833.5794506607767,
        379.74391505205745
    ],
    "4": [
        23035.864628232757,
        11035.855199353447
    ],
    "5": [
        25119.32398120777,
        15552.952095650338
    ],
    "6": [
        1370.383695795295,
        1483.4370569807759
    ],
    "7": [
        2613.5341796875,
        3162.07333984375
    ],
    "8": [
        8341.216321443257,
        5725.418489155017
    ],
    "9": [
        2936.6025559831373,
        6057.793055770421
    ],
    "10": [
        14897.504549352134,
        2023.9631987781058
    ],
    "11": [
        8639.880009765626,
        3797.133146972656
    ],
    "12": [
        10647.611225328947,
        12224.79184655976
    ],
    "13": [
        1875.8446033824573,
        353.73800498789006
    ],
    "14": [
        4639.118056233724,
        1855.962957763672
    ],
    "15": [
        423.02967350672833,
        4880.661059354259
    ],
    "16": [
        7092.840438667385,
        2646.9927290993173
    ],
    "17": [
        1880.8410175030049,
        7132.576524000901
    ],
    "18": [
        24550.34306640625,
        24125.35185546875
    ],
    "19": [
        15635.427349384014,
        718.3454958934051
    ],
    "20": [
        3843.670588795732,
        499.06107406306074
    ],
    "21": [
        11957.783248758762,
        3696.6310943888725
    ],
    "22": [
        795.5893626493566,
        2072.058939855239
    ],
    "23": [
        11650.72311761811,
        1262.387446347184
    ],
    "24": [
        22833.875175957208,
        1482.5306200272328
    ],
    "25": [
        4598.075540976949,
        14156.397867032798
    ],
    "26": [
        26200.763896004097,
        5674.556868756404
    ],
    "27": [
        5208.422967589728,
        3483.3176898012066
    ],
    "28": [
        1526.3679127767682,
        22197.95558166504
    ],
    "29": [
        13501.249440262958,
        2585.3633348418443
    ],
    "30": [
        459.9308971710205,
        6315.4643125
    ],
    "31": [
        18538.518576882103,
        13208.242054332386
    ],
    "32": [
        22521.49535205696,
        6650.958836036392
    ],
    "33": [
        8416.043714297715,
        2019.5970892137098
    ],
    "34": [
        2868.743421166344,
        16410.67703436117
    ],
    "35": [
        12260.883500079719,
        6209.073700573979
    ],
    "36": [
        3462.0765594797035,
        1772.026781219797
    ],
    "37": [
        7452.23857717803,
        706.5588039557139
    ],
    "38": [
        7831.868883899807,
        19772.19414465206
    ],
    "39": [
        3124.9113446916854,
        10117.104087611608
    ],
    "40": [
        9730.93025173611,
        9345.950401475695
    ],
    "41": [
        15393.774959788603,
        21479.521857766544
    ],
    "42": [
        9946.69765625,
        2510.8445139567057
    ],
    "43": [
        10152.765711805556,
        4873.76174858941
    ],
    "44": [
        818.1424428193193,
        11773.564947831002
    ],
    "45": [
        3852.0871754655936,
        3210.0337777185923
    ],
    "46": [
        662.4670486976764,
        8151.430700009586
    ],
    "47": [
        20796.66059470663,
        21723.727359693876
    ],
    "48": [
        5162.794806532973,
        9113.845249446358
    ],
    "49": [
        1896.529302182405,
        2448.284406579059
    ],
    "50": [
        11887.643102575232,
        26134.90158420139
    ],
    "51": [
        4045.5994120896466,
        19930.35955255682
    ],
    "52": [
        6752.295066909035,
        4213.371579614016
    ],
    "53": [
        299.2199462912452,
        339.4508030313841
    ],
    "54": [
        1587.9820440673827,
        5231.486909179687
    ],
    "55": [
        2805.086944310011,
        8332.384800193584
    ],
    "56": [
        11127.31112339985,
        20427.677993222893
    ],
    "57": [
        6317.681075750613,
        16911.070772058825
    ],
    "58": [
        1254.9731467177228,
        25697.707698170732
    ],
    "59": [
        18762.612358197774,
        17508.04296875
    ],
    "60": [
        15465.645885120739,
        8225.02791526101
    ],
    "61": [
        222.81468567606947,
        2433.7453264508927
    ],
    "62": [
        8926.3019255427,
        579.9429042302925
    ],
    "63": [
        6316.438588460286,
        5835.814610799153
    ],
    "64": [
        967.2101706368583,
        3142.2992571149553
    ],
    "65": [
        14077.856127929688,
        16063.512414550782
    ],
    "66": [
        13179.977239173228,
        682.0950355266962
    ],
    "67": [
        2753.3822884395204,
        12490.661250673491
    ],
    "68": [
        26203.281848538307,
        1281.8883599465894
    ],
    "69": [
        4969.7311722060385,
        536.7975247946836
    ],
    "70": [
        309.0468097784546,
        3711.819516985604
    ],
    "71": [
        2356.7364917797045,
        1262.552730350704
    ],
    "72": [
        14616.50882933312,
        12317.716414304125
    ],
    "73": [
        10338.243766428153,
        584.8071527124565
    ],
    "74": [
        4609.71711077009,
        27543.112397693454
    ],
    "75": [
        625.3843524726395,
        16346.84529035116
    ],
    "76": [
        19031.990855823864,
        9440.488697398792
    ],
    "77": [
        17956.88478708791,
        6506.699610448146
    ],
    "78": [
        4671.046305338542,
        5102.5026295979815
    ],
    "79": [
        6494.26809323489,
        23517.597441620877
    ],
    "80": [
        10118.248782310957,
        7111.0623613522375
    ],
    "81": [
        12714.959734881366,
        9453.484519675925
    ],
    "82": [
        995.6057824869098,
        9782.954502971626
    ],
    "83": [
        17597.024857954544,
        1104.7573214184154
    ],
    "84": [
        19823.92979403409,
        963.2716959823262
    ],
    "85": [
        7801.62646484375,
        13606.981366131757
    ],
    "86": [
        3048.970958464736,
        4619.069362815367
    ],
    "87": [
        5787.941448447145,
        7298.952642746914
    ],
    "88": [
        10263.038552613385,
        15823.41280074668
    ],
    "89": [
        7976.787311725789,
        7977.924853075732
    ],
    "90": [
        14448.022757735907,
        5316.723264208027
    ],
    "91": [
        19868.32120414402,
        4127.8029095193615
    ],
    "92": [
        1110.5762087624203,
        18984.109602107557
    ],
    "93": [
        6149.81074631382,
        622.1701902268638
    ],
    "94": [
        1050.4430277326467,
        575.0318507895006
    ],
    "95": [
        5850.665998391544,
        2179.5854765050553
    ],
    "96": [
        4194.430205955934,
        6930.405865958567
    ],
    "97": [
        335.06350947583763,
        1249.666751602321
    ],
    "98": [
        16608.27909757653,
        3619.91052993463
    ],
    "99": [
        7513.40607202833,
        10681.284371349298
    ]
}