{
    "0": [
        9143.698416573661,
        17596.277413504464
    ],
    "1": [
        896.4915919948269,
        5503.370024809966
    ],
    "2": [
        8017.834048063859,
        11074.346891983696
    ],
    "3": [
        27704.67822265625,
        4019.7230224609375
    ],
    "4": [
        5586.550048828125,
        10152.668497721354
    ],
    "5": [
        3676.9495442708335,
        27007.99609375
    ],
    "6": [
        10648.91032858456,
        10399.587775735294
    ],
    "7": [
        7219.470750378025,
        840.1836640142625
    ],
    "8": [
        13484.2263671875,
        5639.5935546875
    ],
    "9": [
        1171.142238443548,
        23282.444779829544
    ],
    "10": [
        20974.2484375,
        25148.973828125
    ],
    "11": [
        6515.287016369048,
        16311.404296875
    ],
    "12": [
        15242.296712239584,
        26531.085611979168
    ],
    "13": [
        9606.606162623355,
        14496.99568256579
    ],
    "14": [
        19989.69609375,
        1023.1937611897787
    ],
    "15": [
        5587.765368009868,
        1394.627954984966
    ],
    "16": [
        716.2519284416647,
        17758.26171875
    ],
    "17": [
        770.2641319795089,
        20413.428977272728
    ],
    "18": [
        15182.9572265625,
        1142.6375346501668
    ],
    "19": [
        11533.274518694196,
        977.3561666693006
    ],
    "20": [
        16970.796431107956,
        9947.102095170454
    ],
    "21": [
        23539.329817708334,
        1616.2404235839845
    ],
    "22": [
        15705.440487132353,
        16958.738798253675
    ],
    "23": [
        16823.771033653848,
        6402.481032151442
    ],
    "24": [
        16132.21533203125,
        3716.9646267361113
    ],
    "25": [
        21198.60518973214,
        11140.75390625
    ],
    "26": [
        1935.4743191701061,
        651.0955552245086
    ],
    "27": [
        13095.67684659091,
        743.4840614145452
    ],
    "28": [
        11032.573913574219,
        8141.601623535156
    ],
    "29": [
        17686.27734375,
        723.634409223284
    ],
    "30": [
        23377.813585069445,
        7763.342068142361
    ],
    "31": [
        8393.06943766276,
        3068.2345275878906
    ],
    "32": [
        14109.886343149039,
        8207.792142427885
    ],
    "33": [
        5136.912758091518,
        7420.465987723214
    ],
    "34": [
        13360.926574707031,
        11791.782653808594
    ],
    "35": [
        2748.919384765625,
        6480.95224609375
    ],
    "36": [
        8512.912380642361,
        25695.94314236111
    ],
    "37": [
        849.7169566879402,
        7368.1332347972975
    ],
    "38": [
        4672.919359290082,
        4845.43943189538
    ],
    "39": [
        4202.100921630859,
        2651.1069259643555
    ],
    "40": [
        9571.570390625,
        5379.3800390625
    ],
    "41": [
        12804.49009486607,
        15066.71470424107
    ],
    "42": [
        19319.158954326922,
        3685.4754544771636
    ],
    "43": [
        1212.7941838243732,
        14515.71140455163
    ],
    "44": [
        12799.715563322368,
        3313.113409745066
    ],
    "45": [
        629.2667607508207,
        2192.9179751747533
    ],
    "46": [
        4022.9031451681385,
        594.4460246459297
    ],
    "47": [
        6327.546270461309,
        13009.504138764882
    ],
    "48": [
        3224.4725167410716,
        11326.345424107143
    ],
    "49": [
        10315.4103515625,
        21693.840234375
    ],
    "50": [
        1469.095925649007,
        26223.601888020832
    ],
    "51": [
        7550.94706587358,
        8161.346457741477
    ],
    "52": [
        14186.463448660714,
        23075.64453125
    ],
    "53": [
        2860.1120166015626,
        8767.14611328125
    ],
    "54": [
        3262.60986328125,
        18181.382682291667
    ],
    "55": [
        3697.4054963485055,
        14234.13676120924
    ],
    "56": [
        12255.7451171875,
        18764.794921875
    ],
    "57": [
        6689.451956612723,
        3096.40378679548
    ],
    "58": [
        9296.946547564337,
        888.9689399074106
    ],
    "59": [
        4013.0362723214284,
        21632.6318359375
    ],
    "60": [
        22910.874674479168,
        4422.251037597656
    ],
    "61": [
        2325.2273457845054,
        2373.265150282118
    ],
    "62": [
        753.3217461480035,
        3824.5568467881944
    ],
    "63": [
        6527.861197916666,
        22765.846875
    ],
    "64": [
        22905.70849609375,
        18691.21044921875
    ],
    "65": [
        10679.470296223959,
        3473.968271891276
    ],
    "66": [
        454.2710457337208,
        553.6156486051204
    ],
    "67": [
        26529.300390625,
        758.2139978408813
    ],
    "68": [
        7354.0220703125,
        5842.062158203125
    ],
    "69": [
        993.2385672055758,
        12397.211838942309
    ],
    "70": [
        19507.790364583332,
        7496.928059895833
    ],
    "71": [
        27014.6806640625,
        9520.82470703125
    ],
    "72": [
        3147.89657156808,
        16593.391531808036
    ],
    "73": [
        689.4738343883963,
        9865.86710133272
    ],
    "74": [
        2720.8708199165962,
        4283.979327227618
    ],
    "75": [
        25737.829427083332,
        15427.016764322916
    ],
    "76": [
        6304.4912109375,
        19609.856889204544
    ],
    "77": [
        18885.140625,
        19808.05390625
    ],
    "78": [
        20226.168402777777,
        15676.868706597223
    ],
    "79": [
        17564.987670898438,
        13229.607177734375
    ]
}