{
    "0": [
        12684.144210533903,
        12035.238533498616
    ],
    "1": [
        4808.545984717563,
        14217.255317408377
    ],
    "2": [
        6887.861717349193,
        4480.885661641105
    ],
    "3": [
        14529.453901811079,
        1257.0323831204212
    ],
    "4": [
        2176.8113194355597,
        24916.56885516827
    ],
    "5": [
        1208.0199357719903,
        12374.004979737243
    ],
    "6": [
        11504.094928609913,
        1280.1839844276165
    ],
    "7": [
        824.3478587402635,
        952.8304726914458
    ],
    "8": [
        24372.2970640121,
        7360.695449008736
    ],
    "9": [
        15532.070230435924,
        8865.658233899028
    ],
    "10": [
        10225.145047371847,
        4666.78033126028
    ],
    "11": [
        5795.34803111159,
        1190.3246008725616
    ],
    "12": [
        9108.566484511106,
        15916.470846036585
    ],
    "13": [
        14431.457517341649,
        16334.001055388173
    ],
    "14": [
        10980.711110151933,
        8246.38202342671
    ],
    "15": [
        1461.3255519787115,
        20397.635980515253
    ],
    "16": [
        17638.8274230265,
        1766.3123008972393
    ],
    "17": [
        3161.6379816202702,
        990.9299646329126
    ],
    "18": [
        19244.154486164647,
        11876.532063085077
    ],
    "19": [
        23761.404626623378,
        23120.406934862014
    ],
    "20": [
        5175.308984864914,
        18769.293700355352
    ],
    "21": [
        7684.36926953125,
        25444.06925
    ],
    "22": [
        8526.978640499377,
        1342.3180010723117
    ],
    "23": [
        1234.7719566133187,
        9125.620902910305
    ],
    "24": [
        19152.10108759632,
        18565.854646029537
    ],
    "25": [
        4417.546621423989,
        10477.239371037138
    ],
    "26": [
        14126.9990890667,
        5033.463618452831
    ],
    "27": [
        7284.131856134048,
        7973.363334711451
    ],
    "28": [
        8363.713099240518,
        11829.113102868614
    ],
    "29": [
        21408.206635346283,
        1883.1411924748807
    ],
    "30": [
        984.3671241968957,
        6190.738034245555
    ],
    "31": [
        1087.5502041925752,
        3418.2115735962493
    ],
    "32": [
        3912.1677583821615,
        3824.054806315104
    ],
    "33": [
        25812.748500279016,
        1759.078380272502
    ],
    "34": [
        3988.1646075053727,
        6853.722248743901
    ],
    "35": [
        19147.669893772483,
        6210.677607913669
    ],
    "36": [
        9969.801167709567,
        20661.312944312795
    ],
    "37": [
        24910.61910665761,
        14165.717578125
    ],
    "38": [
        14668.270499741735,
        24630.837228822315
    ],
    "39": [
        1431.1847584582692,
        16101.130303589429
    ]
}