{
    "0": [
        15812.797200520834,
        22544.610026041668
    ],
    "1": [
        17384.49853515625,
        813.0818252563477
    ],
    "2": [
        414.65333890914917,
        9845.3916015625
    ],
    "3": [
        4025.4677734375,
        4261.51318359375
    ],
    "4": [
        3322.98388671875,
        3073.491943359375
    ],
    "5": [
        5056.3984375,
        19711.56689453125
    ],
    "6": [
        13380.67138671875,
        2446.6832275390625
    ],
    "7": [
        2528.46435546875,
        4584.19580078125
    ],
    "8": [
        4556.8046875,
        3393.960693359375
    ],
    "9": [
        9874.6494140625,
        6667.630533854167
    ],
    "10": [
        3602.775146484375,
        5496.59912109375
    ],
    "11": [
        345.19781494140625,
        1310.8994140625
    ],
    "12": [
        25093.73828125,
        6628.248046875
    ],
    "13": [
        4000.25244140625,
        13712.3876953125
    ],
    "14": [
        20065.38671875,
        8354.401529947916
    ],
    "15": [
        1132.8438186645508,
        25273.681640625
    ],
    "16": [
        21100.3369140625,
        2043.6202697753906
    ],
    "17": [
        14527.5966796875,
        1189.345458984375
    ],
    "18": [
        18511.9423828125,
        5296.738037109375
    ],
    "19": [
        952.354970296224,
        6473.268391927083
    ],
    "20": [
        11695.535481770834,
        15846.7587890625
    ],
    "21": [
        2139.123046875,
        9702.251953125
    ],
    "22": [
        12290.755859375,
        5418.97607421875
    ],
    "23": [
        24110.70703125,
        14828.900390625
    ],
    "24": [
        2010.8128662109375,
        2614.723388671875
    ],
    "25": [
        3351.6705322265625,
        8783.1123046875
    ],
    "26": [
        8445.37548828125,
        6147.7216796875
    ],
    "27": [
        353.60955301920575,
        8478.708658854166
    ],
    "28": [
        351.86139456431073,
        2699.3872884114585
    ],
    "29": [
        12322.150390625,
        389.3857930501302
    ],
    "30": [
        10048.39013671875,
        2270.5520629882813
    ],
    "31": [
        8107.895670572917,
        1241.266825358073
    ],
    "32": [
        6185.641438802083,
        5847.3984375
    ],
    "33": [
        1464.7642211914063,
        1019.1453986167908
    ],
    "34": [
        685.2003173828125,
        4075.994384765625
    ],
    "35": [
        12583.658203125,
        10313.8095703125
    ],
    "36": [
        7211.5986328125,
        9390.671223958334
    ],
    "37": [
        4815.9169921875,
        960.9035148620605
    ],
    "38": [
        1401.1805623372395,
        13457.6943359375
    ],
    "39": [
        17481.357747395832,
        15260.9072265625
    ]
}