{
    "0": [
        4307.3858642578125,
        19575.0185546875
    ],
    "1": [
        24110.70703125,
        14828.900390625
    ],
    "2": [
        2977.2422688802085,
        9044.8798828125
    ],
    "3": [
        8172.63232421875,
        17700.23046875
    ],
    "4": [
        6822.4072265625,
        5857.330078125
    ],
    "5": [
        3848.259765625,
        728.0377197265625
    ],
    "6": [
        13964.2509765625,
        2282.13623046875
    ],
    "7": [
        11275.689453125,
        15003.5244140625
    ],
    "8": [
        11.58634090423584,
        9360.4755859375
    ],
    "9": [
        9303.01708984375,
        5572.089111328125
    ],
    "10": [
        4822.390625,
        3847.132080078125
    ],
    "11": [
        438.6552788416545,
        1594.3571370442708
    ],
    "12": [
        10169.884765625,
        1895.2313232421875
    ],
    "13": [
        3438.189697265625,
        21996.0
    ],
    "14": [
        173.37676239013672,
        8419.37744140625
    ],
    "15": [
        12290.755859375,
        5418.97607421875
    ],
    "16": [
        7211.5986328125,
        9390.671223958334
    ],
    "17": [
        23900.177734375,
        5316.384765625
    ],
    "18": [
        4835.596923828125,
        1734.4149780273438
    ],
    "19": [
        13463.9970703125,
        8952.8349609375
    ],
    "20": [
        9302.888346354166,
        7051.385579427083
    ],
    "21": [
        8462.946533203125,
        1563.0902099609375
    ],
    "22": [
        10715.18359375,
        19232.439453125
    ],
    "23": [
        1433.7903442382813,
        10083.1982421875
    ],
    "24": [
        15565.8515625,
        21524.5625
    ],
    "25": [
        714.0751342773438,
        8597.37109375
    ],
    "26": [
        14527.5966796875,
        1189.345458984375
    ],
    "27": [
        5584.03173828125,
        7345.771484375
    ],
    "28": [
        20050.4296875,
        3642.69189453125
    ],
    "29": [
        5022.58837890625,
        478.5317687988281
    ],
    "30": [
        1788.7597045898438,
        2491.05322265625
    ],
    "31": [
        20557.4921875,
        588.5550842285156
    ],
    "32": [
        12797.091796875,
        2611.230224609375
    ],
    "33": [
        4046.8134765625,
        13278.00537109375
    ],
    "34": [
        9926.8955078125,
        2645.872802734375
    ],
    "35": [
        16306.6884765625,
        24584.705078125
    ],
    "36": [
        16696.0625,
        415.6107940673828
    ],
    "37": [
        180.94691467285156,
        26015.1328125
    ],
    "38": [
        12399.5263671875,
        12489.54833984375
    ],
    "39": [
        1301.8109436035156,
        13781.69384765625
    ],
    "40": [
        3907.13037109375,
        14581.15234375
    ],
    "41": [
        19151.32421875,
        8829.1044921875
    ],
    "42": [
        4970.05859375,
        1027.382568359375
    ],
    "43": [
        18862.51953125,
        7095.57470703125
    ],
    "44": [
        1599.9197998046875,
        12809.6953125
    ],
    "45": [
        12322.150390625,
        389.3857930501302
    ],
    "46": [
        2768.7891438802085,
        3506.5838216145835
    ],
    "47": [
        18511.9423828125,
        5296.738037109375
    ],
    "48": [
        639.0352935791016,
        3828.916748046875
    ],
    "49": [
        7397.7939453125,
        597.6200561523438
    ],
    "50": [
        16913.96923828125,
        16184.2470703125
    ],
    "51": [
        17181.12890625,
        1688.544189453125
    ],
    "52": [
        2084.74072265625,
        24532.23046875
    ],
    "53": [
        918.1500549316406,
        2213.4376220703125
    ],
    "54": [
        26287.298828125,
        7940.111328125
    ],
    "55": [
        2697.49560546875,
        6025.98388671875
    ],
    "56": [
        18616.134765625,
        13414.2275390625
    ],
    "57": [
        22182.31640625,
        9138.525390625
    ],
    "58": [
        1803.516357421875,
        594.0061902999878
    ],
    "59": [
        532.4244232177734,
        6432.21826171875
    ]
}