{
    "0": [
        9442.705775669643,
        16285.18540736607
    ],
    "1": [
        13118.855520148027,
        11660.050318667763
    ],
    "2": [
        6330.6473388671875,
        8982.470001220703
    ],
    "3": [
        20098.922960069445,
        15177.69140625
    ],
    "4": [
        926.4752082506816,
        9512.861545138889
    ],
    "5": [
        18872.310546875,
        19216.28230168269
    ],
    "6": [
        9394.243543836805,
        22932.18771701389
    ],
    "7": [
        6050.123472822474,
        1566.7213819787858
    ],
    "8": [
        1326.178999519348,
        20517.759895833333
    ],
    "9": [
        2034.4656118539663,
        749.3115782297574
    ],
    "10": [
        22751.436060855263,
        5253.2945363898025
    ],
    "11": [
        25992.28515625,
        9125.9732421875
    ],
    "12": [
        798.0385366039,
        2652.9377777541895
    ],
    "13": [
        1910.6666493733724,
        26380.480729166666
    ],
    "14": [
        20155.69140625,
        9971.194889322916
    ],
    "15": [
        6344.354626885776,
        6654.845349542026
    ],
    "16": [
        25538.80615234375,
        12569.983154296875
    ],
    "17": [
        4095.676126414332,
        17536.03515625
    ],
    "18": [
        15136.119185014204,
        16445.293368252842
    ],
    "19": [
        6777.490663470644,
        11528.977361505682
    ],
    "20": [
        969.1644271850586,
        4538.6500244140625
    ],
    "21": [
        906.3396881421407,
        12128.164428710938
    ],
    "22": [
        12091.027240953947,
        799.6763330509788
    ],
    "23": [
        17230.433349609375,
        11922.168579101563
    ],
    "24": [
        1171.142238443548,
        23282.444779829544
    ],
    "25": [
        1345.9446134978327,
        14388.943258351293
    ],
    "26": [
        11531.617889404297,
        4061.2895584106445
    ],
    "27": [
        20869.4013671875,
        24642.271484375
    ],
    "28": [
        14624.768132390203,
        1161.9226859840187
    ],
    "29": [
        9822.500205592105,
        1430.3831512677043
    ],
    "30": [
        8362.618907581676,
        3967.3881780450993
    ],
    "31": [
        5226.245924207899,
        3703.758090549045
    ],
    "32": [
        458.5589371094337,
        783.1528915206974
    ],
    "33": [
        6994.575265066965,
        15215.73572358631
    ],
    "34": [
        3416.040793026195,
        11104.372127757353
    ],
    "35": [
        1229.087258605957,
        17717.460234375
    ],
    "36": [
        15677.72248391544,
        8390.648810891544
    ],
    "37": [
        19643.414248511905,
        1068.4402429489862
    ],
    "38": [
        23738.06907894737,
        1500.7632454320003
    ],
    "39": [
        24602.29659598214,
        17082.854631696428
    ],
    "40": [
        7911.419503348215,
        18860.83663504464
    ],
    "41": [
        12436.175734747023,
        7519.8759533110115
    ],
    "42": [
        18179.8533203125,
        4588.662294921875
    ],
    "43": [
        9075.16845703125,
        6803.8266194661455
    ],
    "44": [
        3206.2892622514205,
        5558.24687795928
    ],
    "45": [
        3042.2232504790686,
        2912.339733195755
    ],
    "46": [
        14657.970170454546,
        25261.621803977272
    ],
    "47": [
        1049.7942135207927,
        6816.033728966346
    ],
    "48": [
        4296.350438531839,
        766.2769161440292
    ],
    "49": [
        14418.825699344758,
        4946.962496849798
    ],
    "50": [
        27395.957741477272,
        2055.4850222847676
    ],
    "51": [
        9971.873259171196,
        10261.66164232337
    ],
    "52": [
        8133.659586588542,
        26472.560221354168
    ],
    "53": [
        12670.913845486111,
        19894.002387152777
    ],
    "54": [
        7813.240973056891,
        1085.6388327769744
    ],
    "55": [
        17121.6895703125,
        1168.7184457397461
    ],
    "56": [
        5538.719814453125,
        22251.5290625
    ],
    "57": [
        10141.678998161764,
        13914.144071691177
    ],
    "58": [
        3717.59375,
        7847.844509548611
    ],
    "59": [
        3944.10595703125,
        14143.3497265625
    ]
}