{
    "0": [
        2049.8603515625,
        9836.0888671875
    ],
    "1": [
        12797.091796875,
        2611.230224609375
    ],
    "2": [
        4599.580078125,
        3406.619384765625
    ],
    "3": [
        9611.8974609375,
        8644.586669921875
    ],
    "4": [
        1372.733154296875,
        9.330373764038086
    ],
    "5": [
        16562.455078125,
        296.6864318847656
    ],
    "6": [
        351.86139456431073,
        2699.3872884114585
    ],
    "7": [
        12322.150390625,
        389.3857930501302
    ],
    "8": [
        180.94691467285156,
        26015.1328125
    ],
    "9": [
        7397.7939453125,
        597.6200561523438
    ],
    "10": [
        26287.298828125,
        7940.111328125
    ],
    "11": [
        6286.91845703125,
        9407.0908203125
    ],
    "12": [
        12583.658203125,
        10313.8095703125
    ],
    "13": [
        6486.4462890625,
        5098.2119140625
    ],
    "14": [
        952.354970296224,
        6473.268391927083
    ],
    "15": [
        1748.2011311848958,
        1722.5972900390625
    ],
    "16": [
        17481.357747395832,
        15260.9072265625
    ],
    "17": [
        3595.792724609375,
        19747.072265625
    ],
    "18": [
        13964.2509765625,
        2282.13623046875
    ],
    "19": [
        18072.9345703125,
        1210.5528564453125
    ],
    "20": [
        2084.74072265625,
        24532.23046875
    ],
    "21": [
        8001.72021484375,
        1789.7457275390625
    ],
    "22": [
        685.2003173828125,
        4075.994384765625
    ],
    "23": [
        21100.3369140625,
        2043.6202697753906
    ],
    "24": [
        4762.31494140625,
        1936.7413330078125
    ],
    "25": [
        15812.797200520834,
        22544.610026041668
    ],
    "26": [
        654.2181091308594,
        1181.2968139648438
    ],
    "27": [
        18628.801432291668,
        5896.350260416667
    ],
    "28": [
        2528.46435546875,
        4584.19580078125
    ],
    "29": [
        2155.4602661132813,
        2845.9676513671875
    ],
    "30": [
        3848.259765625,
        728.0377197265625
    ],
    "31": [
        5018.97900390625,
        19402.96484375
    ],
    "32": [
        9443.907958984375,
        18466.3349609375
    ],
    "33": [
        3814.1214599609375,
        4879.05615234375
    ],
    "34": [
        4046.8134765625,
        13278.00537109375
    ],
    "35": [
        3438.189697265625,
        21996.0
    ],
    "36": [
        4974.82275390625,
        156.35214233398438
    ],
    "37": [
        16829.669921875,
        534.53515625
    ],
    "38": [
        3907.13037109375,
        14581.15234375
    ],
    "39": [
        5089.973876953125,
        1352.2179565429688
    ],
    "40": [
        2228.3857421875,
        9568.4150390625
    ],
    "41": [
        9926.8955078125,
        2645.872802734375
    ],
    "42": [
        8692.1396484375,
        6319.14892578125
    ],
    "43": [
        20666.8203125,
        8983.81494140625
    ],
    "44": [
        3351.6705322265625,
        8783.1123046875
    ],
    "45": [
        14527.5966796875,
        1189.345458984375
    ],
    "46": [
        414.65333890914917,
        9845.3916015625
    ],
    "47": [
        8924.1728515625,
        1336.4346923828125
    ],
    "48": [
        12185.71142578125,
        14153.91845703125
    ],
    "49": [
        11283.10009765625,
        5414.261474609375
    ],
    "50": [
        173.37676239013672,
        8419.37744140625
    ],
    "51": [
        4514.029296875,
        3381.302001953125
    ],
    "52": [
        714.0751342773438,
        8597.37109375
    ],
    "53": [
        5584.03173828125,
        7345.771484375
    ],
    "54": [
        24110.70703125,
        14828.900390625
    ],
    "55": [
        4920.66357421875,
        720.5536702473959
    ],
    "56": [
        10169.884765625,
        1895.2313232421875
    ],
    "57": [
        1401.1805623372395,
        13457.6943359375
    ],
    "58": [
        3322.98388671875,
        3073.491943359375
    ],
    "59": [
        23900.177734375,
        5316.384765625
    ]
}