{
    "0": [
        24587.34965479651,
        2673.049248140912
    ],
    "1": [
        13803.503603980655,
        7759.546130952381
    ],
    "2": [
        3639.7927181904133,
        23950.329552283652
    ],
    "3": [
        7025.82984893176,
        6710.115620515784
    ],
    "4": [
        14807.351705411585,
        15567.14462652439
    ],
    "5": [
        2237.02137813897,
        18671.47427262931
    ],
    "6": [
        8175.131299628586,
        16577.534836065573
    ],
    "7": [
        1951.7134142816067,
        7247.586101740057
    ],
    "8": [
        8982.522394163996,
        2252.937351124918
    ],
    "9": [
        12086.01456124442,
        23933.183175223214
    ],
    "10": [
        21698.109949448528,
        9896.996797449448
    ],
    "11": [
        7541.0847265625,
        11234.890390625
    ],
    "12": [
        18237.075099031692,
        2254.608452702912
    ],
    "13": [
        21095.155509159482,
        19337.308088631464
    ],
    "14": [
        1312.5652437123385,
        1176.7532393150257
    ],
    "15": [
        1832.659673718519,
        10896.887615824855
    ],
    "16": [
        13223.656220703126,
        1672.9464600563049
    ],
    "17": [
        5120.040937707779,
        1613.3797960484283
    ],
    "18": [
        2576.437963370234,
        14427.073059082031
    ],
    "19": [
        1682.1748188859099,
        4012.816858678431
    ]
}