{
    "0": [
        20226.168402777777,
        15676.868706597223
    ],
    "1": [
        15937.83740234375,
        869.2336162990994
    ],
    "2": [
        10436.275568181818,
        5402.190607244318
    ],
    "3": [
        7771.138405539773,
        5590.085227272727
    ],
    "4": [
        1024.4009952545166,
        6037.350805664062
    ],
    "5": [
        11409.560128348214,
        20306.936104910714
    ],
    "6": [
        20406.260881696428,
        3697.3099365234375
    ],
    "7": [
        13811.04931640625,
        5796.407113882212
    ],
    "8": [
        16081.15576171875,
        9546.4890625
    ],
    "9": [
        27565.0333984375,
        2074.328617286682
    ],
    "10": [
        16203.547265625,
        14476.1466796875
    ],
    "11": [
        919.0809546419553,
        7759.015611049107
    ],
    "12": [
        12164.682306463068,
        3376.353848544034
    ],
    "13": [
        17426.5033203125,
        3331.9768880208335
    ],
    "14": [
        3391.8143136160716,
        7045.749274553571
    ],
    "15": [
        15010.07763671875,
        3353.4096156529017
    ],
    "16": [
        12057.101806640625,
        8099.6767578125
    ],
    "17": [
        466.39638018608093,
        573.9155924730003
    ],
    "18": [
        7628.3243215460525,
        10355.320055509868
    ],
    "19": [
        8928.119105747768,
        18085.355608258928
    ],
    "20": [
        14188.603388247282,
        1000.9484183269998
    ],
    "21": [
        1039.6213703889114,
        20551.57481971154
    ],
    "22": [
        23456.352864583332,
        5668.731689453125
    ],
    "23": [
        27184.292317708332,
        8837.3330078125
    ],
    "24": [
        1852.5520817683293,
        728.7540638538508
    ],
    "25": [
        688.6346421986818,
        10160.855346679688
    ],
    "26": [
        859.159325327192,
        4088.2195347377233
    ],
    "27": [
        2863.337615966797,
        9165.20927734375
    ],
    "28": [
        5460.6104736328125,
        10368.384643554688
    ],
    "29": [
        8581.471400669643,
        859.7180376052856
    ],
    "30": [
        7518.927001953125,
        15844.403542258522
    ],
    "31": [
        12954.9345703125,
        13373.740844726563
    ],
    "32": [
        7814.480238970588,
        12420.257123161764
    ],
    "33": [
        18254.32158203125,
        586.1915405273437
    ],
    "34": [
        2593.0207757717226,
        2423.6269233517532
    ],
    "35": [
        16823.771033653848,
        6402.481032151442
    ],
    "36": [
        19886.0615234375,
        20600.0517578125
    ],
    "37": [
        13780.936802455357,
        10161.227120535714
    ],
    "38": [
        23990.429361979168,
        17176.07421875
    ],
    "39": [
        3209.4930013020835,
        11571.153501157407
    ],
    "40": [
        4922.7671461838945,
        5124.288799579327
    ],
    "41": [
        14849.024135044643,
        22618.424944196428
    ],
    "42": [
        14047.78208705357,
        17248.67550223214
    ],
    "43": [
        4716.523890904018,
        775.6787942613875
    ],
    "44": [
        610.7551787182437,
        2279.7010022179556
    ],
    "45": [
        2912.3257649739585,
        18924.588758680555
    ],
    "46": [
        9063.368225097656,
        3677.0375061035156
    ],
    "47": [
        2874.454058672931,
        4347.99291332348
    ],
    "48": [
        960.4494066238403,
        23243.581640625
    ],
    "49": [
        4839.867154947917,
        22747.20859375
    ],
    "50": [
        5614.671950120192,
        20159.19591346154
    ],
    "51": [
        10544.204345703125,
        10420.816650390625
    ],
    "52": [
        6954.917849978885,
        2981.6112258498733
    ],
    "53": [
        1002.8079410552979,
        17725.79931640625
    ],
    "54": [
        3414.010109230324,
        531.9481765958998
    ],
    "55": [
        1910.6666493733724,
        26380.480729166666
    ],
    "56": [
        9087.58740234375,
        26602.9423828125
    ],
    "57": [
        7137.51025390625,
        25328.27392578125
    ],
    "58": [
        2914.6096524325285,
        14442.27587890625
    ],
    "59": [
        5168.868194580078,
        13669.970581054688
    ],
    "60": [
        20817.321126302082,
        1151.086477279663
    ],
    "61": [
        8262.675244140624,
        22850.6654296875
    ],
    "62": [
        20974.2484375,
        25148.973828125
    ],
    "63": [
        23373.762890625,
        9654.9474609375
    ],
    "64": [
        4672.15771484375,
        2517.9034156799316
    ],
    "65": [
        6000.193000344669,
        7836.589427274816
    ],
    "66": [
        4175.16407311481,
        16938.295261548912
    ],
    "67": [
        6550.086071777344,
        1038.6453298568726
    ],
    "68": [
        942.4027952047495,
        12668.863619290865
    ],
    "69": [
        17589.984266493055,
        17971.137369791668
    ],
    "70": [
        8844.644368489584,
        7772.31865234375
    ],
    "71": [
        26674.1513671875,
        13795.6708984375
    ],
    "72": [
        19554.4736328125,
        7247.1614990234375
    ],
    "73": [
        24145.983685661766,
        1541.7674605425666
    ],
    "74": [
        12067.867829241071,
        720.0184109006609
    ],
    "75": [
        19760.7578125,
        11118.54131610577
    ],
    "76": [
        799.3418508427484,
        15031.499581473214
    ],
    "77": [
        10121.424281529018,
        1540.6905690090996
    ],
    "78": [
        14889.316964285714,
        26314.322823660714
    ],
    "79": [
        10191.139377170139,
        14376.480414496527
    ]
}