{
    "0": [
        18391.718602035984,
        4902.310485469934
    ],
    "1": [
        4333.2000283216485,
        940.7525659598991
    ],
    "2": [
        8970.96775980312,
        1028.3928027182142
    ],
    "3": [
        8576.384027668451,
        6792.110174452928
    ],
    "4": [
        2771.604688303598,
        2835.5938299771014
    ],
    "5": [
        15242.80141838052,
        3995.2144389356304
    ],
    "6": [
        5934.836507631864,
        5923.191571832852
    ],
    "7": [
        760.4713240368627,
        2060.982963795668
    ],
    "8": [
        8684.991562034971,
        20973.605757068453
    ],
    "9": [
        20509.48726889725,
        13710.474665616819
    ],
    "10": [
        11372.398634690504,
        981.9163600252225
    ],
    "11": [
        7783.917198905109,
        16592.95344220461
    ],
    "12": [
        6905.0624889026985,
        12937.31577092951
    ],
    "13": [
        19317.21033824574,
        19210.927098129734
    ],
    "14": [
        3801.806382744859,
        11513.025024942506
    ],
    "15": [
        9748.522511124866,
        4049.8419218206304
    ],
    "16": [
        7430.576436886494,
        3312.6479247076136
    ],
    "17": [
        9157.96580650506,
        9997.679757792417
    ],
    "18": [
        1000.0874091883704,
        9087.623174209124
    ],
    "19": [
        2487.6588850350217,
        764.7476279607841
    ],
    "20": [
        1202.104656523946,
        13225.521368511652
    ],
    "21": [
        6080.409596162684,
        9273.354023791007
    ],
    "22": [
        10674.177001253582,
        13284.291701177472
    ],
    "23": [
        24192.482823988972,
        23141.933565027575
    ],
    "24": [
        2117.0374518676394,
        26981.886504904196
    ],
    "25": [
        17267.23215719918,
        24531.961193049065
    ],
    "26": [
        4720.497252495988,
        18350.099155022657
    ],
    "27": [
        13513.513970106662,
        21045.6142870509
    ],
    "28": [
        1118.4330675990082,
        23614.232240188954
    ],
    "29": [
        4260.453553225268,
        14844.174533130014
    ],
    "30": [
        25411.952045036764,
        9234.952016314339
    ],
    "31": [
        12499.569113167274,
        3784.837540927553
    ],
    "32": [
        24844.558366642443,
        15888.100631359011
    ],
    "33": [
        6568.566148893786,
        908.6962982103696
    ],
    "34": [
        26484.587082073253,
        2356.43215921361
    ],
    "35": [
        15468.043013546445,
        7592.299921158256
    ],
    "36": [
        11877.870475089987,
        6736.066604374591
    ],
    "37": [
        825.6999223288329,
        3740.1734931492047
    ],
    "38": [
        3448.885886912303,
        8136.450738140485
    ],
    "39": [
        12532.844679254975,
        10000.162332396194
    ],
    "40": [
        4954.478390677609,
        3137.377792820786
    ],
    "41": [
        1136.449658226013,
        15624.638541666667
    ],
    "42": [
        19640.93938753498,
        9035.390962059819
    ],
    "43": [
        10256.26129296875,
        25993.622109375
    ],
    "44": [
        678.6207056782156,
        553.0370459795561
    ],
    "45": [
        19783.349725705328,
        1374.0532715372906
    ],
    "46": [
        17036.630668523954,
        1281.7340359022926
    ],
    "47": [
        931.1359802579684,
        5421.341668567518
    ],
    "48": [
        15337.168577618928,
        12081.877134994938
    ],
    "49": [
        5054.193914516338,
        23276.223239756226
    ],
    "50": [
        953.4274622038971,
        7215.475298764894
    ],
    "51": [
        1048.300458440172,
        11038.947327432754
    ],
    "52": [
        1518.3873150587854,
        20718.68512970267
    ],
    "53": [
        22916.283333845964,
        1258.5949539913554
    ],
    "54": [
        11643.959187422648,
        17062.691058168315
    ],
    "55": [
        22440.96102977362,
        5155.358870378629
    ],
    "56": [
        1076.0521461362237,
        18134.755701013513
    ],
    "57": [
        3296.424605118601,
        5400.4549560546875
    ],
    "58": [
        14149.037034254809,
        1037.6180318951124
    ],
    "59": [
        15935.30427631579,
        15945.546954433314
    ]
}