{
    "0": [
        13395.98993580812,
        1081.4191028601044
    ],
    "1": [
        4609.71711077009,
        27543.112397693454
    ],
    "2": [
        4461.895948621962,
        2330.475579155816
    ],
    "3": [
        7057.755200655955,
        17047.925191627357
    ],
    "4": [
        15986.095168138587,
        8115.918503736413
    ],
    "5": [
        1156.717473680728,
        19460.787474445093
    ],
    "6": [
        20113.453201293945,
        1247.6769651547074
    ],
    "7": [
        16196.471967853484,
        22540.95421362705
    ],
    "8": [
        4281.201201857182,
        5544.09754488761
    ],
    "9": [
        15774.702356053149,
        3878.3304030050444
    ],
    "10": [
        14217.441087372448,
        12676.035963408802
    ],
    "11": [
        10014.626042995324,
        3502.059176698023
    ],
    "12": [
        6400.6791015625,
        680.5982766233171
    ],
    "13": [
        8203.03977118598,
        4476.72752210829
    ],
    "14": [
        10536.771493587854,
        12038.324449071344
    ],
    "15": [
        819.9459382184867,
        1461.8898011921533
    ],
    "16": [
        26774.963238441782,
        3021.1303668218115
    ],
    "17": [
        8236.704082961309,
        19985.429371279763
    ],
    "18": [
        11615.47529296875,
        26192.7305078125
    ],
    "19": [
        4323.766467485271,
        9763.258468878073
    ],
    "20": [
        6328.9027722417095,
        9285.447953204719
    ],
    "21": [
        15045.96147872741,
        16939.512554122743
    ],
    "22": [
        13625.849899033368,
        6028.5955500198625
    ],
    "23": [
        1888.8093335700758,
        3443.232947147254
    ],
    "24": [
        23432.31624196846,
        1126.3572764552641
    ],
    "25": [
        8536.230521824049,
        2254.2595480213995
    ],
    "26": [
        12563.307494263549,
        3501.1019773683347
    ],
    "27": [
        466.3098627616759,
        3734.3925399261266
    ],
    "28": [
        2394.868847074963,
        1877.2868172781807
    ],
    "29": [
        2706.412924024794,
        9781.152960883246
    ],
    "30": [
        386.2197083667764,
        457.3316267256467
    ],
    "31": [
        6657.454370117188,
        23692.307275390624
    ],
    "32": [
        9718.851083345502,
        9018.313645407417
    ],
    "33": [
        25561.141736778845,
        15576.563656850962
    ],
    "34": [
        17920.71166723901,
        13039.53597184066
    ],
    "35": [
        3800.2738543254573,
        713.8403958227576
    ],
    "36": [
        752.6046548707951,
        6703.739283815644
    ],
    "37": [
        2716.566705542875,
        7485.630621117281
    ],
    "38": [
        7721.517629977876,
        13940.76868431969
    ],
    "39": [
        15382.49008509156,
        1147.966955348944
    ],
    "40": [
        806.5219616767238,
        10130.70525045956
    ],
    "41": [
        3694.2267784705527,
        14747.092998798076
    ],
    "42": [
        2777.504479123835,
        12184.074724163926
    ],
    "43": [
        8013.603011175496,
        622.6685586575641
    ],
    "44": [
        22033.004150390625,
        12618.118591308594
    ],
    "45": [
        682.6188231566765,
        5144.835776558136
    ],
    "46": [
        974.5192516843478,
        16925.18408203125
    ],
    "47": [
        17656.204821510037,
        1187.600643070945
    ],
    "48": [
        11609.253323842244,
        1111.9814086218914
    ],
    "49": [
        18517.711240898057,
        5111.7197502654735
    ],
    "50": [
        5737.25509765625,
        3988.05099609375
    ],
    "51": [
        9793.012415540541,
        765.5885283637691
    ],
    "52": [
        20008.420052083333,
        18404.1940625
    ],
    "53": [
        6427.517429956896,
        2452.31742069639
    ],
    "54": [
        23135.25881545608,
        23586.878061655407
    ],
    "55": [
        2588.4623416697486,
        5377.59745111409
    ],
    "56": [
        5082.157538835392,
        7407.849552598111
    ],
    "57": [
        10725.041964871067,
        6101.441897945804
    ],
    "58": [
        3463.7251180013022,
        3654.7010447184243
    ],
    "59": [
        828.6203537579984,
        8425.612373653777
    ],
    "60": [
        1388.9885392535816,
        22319.38176491477
    ],
    "61": [
        24356.447899756495,
        7617.985624239042
    ],
    "62": [
        918.0540043889703,
        14374.322310014204
    ],
    "63": [
        1254.9731467177228,
        25697.707698170732
    ],
    "64": [
        21688.21902901786,
        4864.66745140439
    ],
    "65": [
        1608.3269542671783,
        517.6479643855179
    ],
    "66": [
        3634.671693951896,
        17729.11481741573
    ],
    "67": [
        4239.526915205286,
        20783.9921875
    ],
    "68": [
        5180.031612001616,
        12399.442635371768
    ],
    "69": [
        11817.944640320617,
        20494.11518364448
    ],
    "70": [
        10902.237476490161,
        15442.864574291089
    ],
    "71": [
        6410.254025342988,
        5864.169231135671
    ],
    "72": [
        19374.27899639423,
        8914.987591083232
    ],
    "73": [
        5011.4301494666915,
        735.7568499192506
    ],
    "74": [
        8265.40378189087,
        7382.328430175781
    ],
    "75": [
        7806.1607170482675,
        11032.446269724629
    ],
    "76": [
        806.5008820600999,
        12133.461313100961
    ],
    "77": [
        534.0102489219454,
        2400.0521393735967
    ],
    "78": [
        12728.999302455357,
        9413.754359654018
    ],
    "79": [
        2697.6762981546335,
        431.9159720239968
    ]
}