{
    "0": [
        6806.768860329198,
        5188.885812385695
    ],
    "1": [
        3814.9331378247366,
        17811.064449203062
    ],
    "2": [
        7910.384118585639,
        2968.0557958050504
    ],
    "3": [
        22519.97433035714,
        11304.612992931548
    ],
    "4": [
        9509.347248318829,
        21576.49080300633
    ],
    "5": [
        553.7410904852856,
        564.8816696229958
    ],
    "6": [
        9943.087881050858,
        2907.563676023795
    ],
    "7": [
        4052.6073668236827,
        14738.120228885826
    ],
    "8": [
        2291.3674668846347,
        2249.389332641835
    ],
    "9": [
        2385.35455671437,
        4174.110930907645
    ],
    "10": [
        11269.603733943059,
        849.3612393117868
    ],
    "11": [
        26152.861955275228,
        8902.063579594324
    ],
    "12": [
        14724.756074116493,
        11806.376365142343
    ],
    "13": [
        12351.466220953525,
        14426.280279697516
    ],
    "14": [
        5178.243731745109,
        6908.535043455548
    ],
    "15": [
        5291.569961345173,
        772.920707330758
    ],
    "16": [
        1165.3893560655824,
        16047.119848901099
    ],
    "17": [
        24458.036022777287,
        4938.445866114656
    ],
    "18": [
        645.8648805662624,
        2052.330492265385
    ],
    "19": [
        17337.415138857206,
        3945.692827433565
    ],
    "20": [
        794.4032182732115,
        5442.313488618827
    ],
    "21": [
        2920.573058919271,
        7878.253348958333
    ],
    "22": [
        17742.707022331622,
        7339.529629084617
    ],
    "23": [
        3137.1631145533893,
        9860.716712838464
    ],
    "24": [
        13828.901702425374,
        21513.83359083489
    ],
    "25": [
        11260.863075861855,
        11224.61046781994
    ],
    "26": [
        3501.714583224098,
        768.8540071993066
    ],
    "27": [
        21242.15672780311,
        1085.8217539275665
    ],
    "28": [
        6762.484789924442,
        14030.447728689847
    ],
    "29": [
        18566.891652074355,
        19211.84344692888
    ],
    "30": [
        26544.374867584746,
        14758.041826668432
    ],
    "31": [
        14564.844274161342,
        3493.374779649436
    ],
    "32": [
        5771.33157442245,
        9182.408824710026
    ],
    "33": [
        9360.792735132678,
        13653.084784146013
    ],
    "34": [
        8194.89044444584,
        10530.444144393086
    ],
    "35": [
        829.2769606106183,
        11225.15130303376
    ],
    "36": [
        791.4918505059288,
        9105.891237854143
    ],
    "37": [
        1852.9752057846636,
        26940.211990356445
    ],
    "38": [
        21251.690654114907,
        7559.869480298913
    ],
    "39": [
        6855.707069968337,
        16851.01710920292
    ],
    "40": [
        13788.344788147522,
        8993.727930567286
    ],
    "41": [
        2004.8057605683491,
        579.0693291675358
    ],
    "42": [
        16749.536855996623,
        14847.981286951013
    ],
    "43": [
        13010.503930973102,
        26033.722606803796
    ],
    "44": [
        27409.372800164474,
        1901.1221653085006
    ],
    "45": [
        940.7930469528776,
        13618.652164477657
    ],
    "46": [
        15080.817374246162,
        6416.516834995203
    ],
    "47": [
        13605.752587287809,
        961.6906771989517
    ],
    "48": [
        645.2342053371317,
        3682.642363105724
    ],
    "49": [
        5367.694019074135,
        11780.494462682846
    ],
    "50": [
        7161.127204416187,
        832.4019724988539
    ],
    "51": [
        14016.997776003649,
        17688.918310903286
    ],
    "52": [
        1617.4279113893156,
        20950.934678819445
    ],
    "53": [
        9540.739577816032,
        5264.150069242143
    ],
    "54": [
        18531.55629498771,
        10831.544373244382
    ],
    "55": [
        4078.741723737146,
        2593.1560804578994
    ],
    "56": [
        8054.468974298808,
        7515.224347117933
    ],
    "57": [
        780.6254926788583,
        7211.851100612331
    ],
    "58": [
        24201.2796875,
        19494.421735491072
    ],
    "59": [
        12068.014405980604,
        3629.0087301320045
    ],
    "60": [
        24024.924136513157,
        24907.580540707237
    ],
    "61": [
        844.773046469355,
        18665.431319656906
    ],
    "62": [
        10136.49909475948,
        17384.306481522122
    ],
    "63": [
        5920.3074328364155,
        2732.8711940220423
    ],
    "64": [
        21576.80005580357,
        15251.953159877232
    ],
    "65": [
        1073.8580483665949,
        23702.066542227058
    ],
    "66": [
        18560.474596525495,
        1240.0286529661205
    ],
    "67": [
        20757.58855329241,
        4329.132469177246
    ],
    "68": [
        24186.518841287365,
        1328.6224126453794
    ],
    "69": [
        16028.766552299703,
        1049.8579164746961
    ],
    "70": [
        9094.678756414674,
        789.2188080368089
    ],
    "71": [
        12326.294883372535,
        6155.550373473902
    ],
    "72": [
        2980.4572937175353,
        6004.82957151684
    ],
    "73": [
        10577.481089858717,
        8373.980111425408
    ],
    "74": [
        4505.1366516632,
        4635.865055937943
    ],
    "75": [
        7722.924302321214,
        25977.967548076922
    ],
    "76": [
        4722.349024428934,
        23157.304241354694
    ],
    "77": [
        2898.901086613582,
        12179.013521634615
    ],
    "78": [
        18458.56573016827,
        24125.98364883814
    ],
    "79": [
        6248.097746268331,
        19914.619391585195
    ]
}