{
    "0": [
        2842.6893615722656,
        4354.80706108941
    ],
    "1": [
        15242.296712239584,
        26531.085611979168
    ],
    "2": [
        10925.580924479167,
        13846.048893229166
    ],
    "3": [
        11581.54868861607,
        8463.724365234375
    ],
    "4": [
        17426.5033203125,
        3331.9768880208335
    ],
    "5": [
        9175.2978515625,
        950.9790008068085
    ],
    "6": [
        8889.121787623355,
        16037.427682976973
    ],
    "7": [
        454.2710457337208,
        553.6156486051204
    ],
    "8": [
        4902.946075439453,
        22625.657104492188
    ],
    "9": [
        1925.6509454900568,
        688.6469477653503
    ],
    "10": [
        5493.72503505609,
        1155.216120866629
    ],
    "11": [
        733.2722591536385,
        9872.34877232143
    ],
    "12": [
        4537.924047009698,
        2629.9856209590516
    ],
    "13": [
        21152.35714285714,
        15510.966517857143
    ],
    "14": [
        20528.870675223214,
        3909.8760114397323
    ],
    "15": [
        6361.173095703125,
        11426.806437174479
    ],
    "16": [
        848.563037109375,
        3884.4235791015626
    ],
    "17": [
        19507.790364583332,
        7496.928059895833
    ],
    "18": [
        12291.942307692309,
        10576.246844951924
    ],
    "19": [
        7921.410381610577,
        22453.76427283654
    ],
    "20": [
        8817.470458984375,
        7875.754429408482
    ],
    "21": [
        11055.5359375,
        1073.3564287376403
    ],
    "22": [
        1910.6666493733724,
        26380.480729166666
    ],
    "23": [
        13795.122767857143,
        22968.83984375
    ],
    "24": [
        24139.45920138889,
        4311.789577907986
    ],
    "25": [
        23126.099609375,
        7745.335015190973
    ],
    "26": [
        10191.623174252718,
        5384.700726052989
    ],
    "27": [
        7162.359212239583,
        812.3195062001546
    ],
    "28": [
        8578.030400815218,
        10394.665675951086
    ],
    "29": [
        6478.390555245535,
        15161.037388392857
    ],
    "30": [
        3030.1190283203123,
        11469.94984375
    ],
    "31": [
        13834.565696022728,
        17519.127485795456
    ],
    "32": [
        10266.4287109375,
        19644.411754261364
    ],
    "33": [
        27184.292317708332,
        8837.3330078125
    ],
    "34": [
        2591.6034624148638,
        2384.8015637520034
    ],
    "35": [
        3888.280926513672,
        624.0463507413864
    ],
    "36": [
        882.195671914397,
        7379.093895164696
    ],
    "37": [
        1029.5342868711891,
        5646.993330792683
    ],
    "38": [
        16450.530799278848,
        16152.014272836539
    ],
    "39": [
        12128.74032315341,
        3497.5934614701705
    ],
    "40": [
        7875.036177201705,
        5511.100452769886
    ],
    "41": [
        7330.633984375,
        25484.691015625
    ],
    "42": [
        8382.445763221154,
        13030.42901141827
    ],
    "43": [
        13665.005729166667,
        5932.017236328125
    ],
    "44": [
        27395.957741477272,
        2055.4850222847676
    ],
    "45": [
        6921.8814453125,
        18676.1755859375
    ],
    "46": [
        3875.1736653645835,
        14153.758382161459
    ],
    "47": [
        1090.6259254108775,
        23094.040305397728
    ],
    "48": [
        20776.352864583332,
        11060.74853515625
    ],
    "49": [
        6829.177482836174,
        2994.8202200224905
    ],
    "50": [
        13721.138671875,
        14154.381138392857
    ],
    "51": [
        914.485976183856,
        12534.44871238426
    ],
    "52": [
        19655.70361328125,
        19452.4677734375
    ],
    "53": [
        12692.471842447916,
        898.9142656326294
    ],
    "54": [
        16325.478190104166,
        20558.12109375
    ],
    "55": [
        1406.5476959995601,
        14631.580672554348
    ],
    "56": [
        770.2641319795089,
        20413.428977272728
    ],
    "57": [
        25538.80615234375,
        12569.983154296875
    ],
    "58": [
        18082.998604910714,
        13014.762974330357
    ],
    "59": [
        3856.8175659179688,
        17094.647216796875
    ],
    "60": [
        4721.7117032137785,
        4826.928888494318
    ],
    "61": [
        25335.37578125,
        17052.7390625
    ],
    "62": [
        1040.295502055775,
        17684.827503551136
    ],
    "63": [
        2659.3298918071546,
        8572.041246916118
    ],
    "64": [
        4731.104534646739,
        9829.92183254076
    ],
    "65": [
        16823.771033653848,
        6402.481032151442
    ],
    "66": [
        17693.659231085527,
        566.2655908684982
    ],
    "67": [
        634.4376651715424,
        2221.3007171113613
    ],
    "68": [
        19989.69609375,
        1023.1937611897787
    ],
    "69": [
        23634.059692382813,
        1205.660855293274
    ],
    "70": [
        9415.740234375,
        26767.13671875
    ],
    "71": [
        14959.290958180147,
        3157.9666389016543
    ],
    "72": [
        3434.0880452473957,
        6891.916162109375
    ],
    "73": [
        15078.667209201389,
        820.9672230614556
    ],
    "74": [
        14548.386896306818,
        9408.197265625
    ],
    "75": [
        17133.91435546875,
        9865.29453125
    ],
    "76": [
        8967.132307942707,
        3280.540779622396
    ],
    "77": [
        6027.304764597039,
        7545.156545538652
    ],
    "78": [
        3871.9504597981772,
        19770.078938802082
    ],
    "79": [
        20974.2484375,
        25148.973828125
    ]
}