{
    "0": [
        1656.0522069064054,
        5338.459989473417
    ],
    "1": [
        1151.694771345924,
        1515.029076970038
    ],
    "2": [
        24460.55098470052,
        3359.655598839124
    ],
    "3": [
        2575.9737217286056,
        18173.930434283087
    ],
    "4": [
        16436.56089154412,
        8056.29088158701
    ],
    "5": [
        8461.480696168665,
        14307.934556934932
    ],
    "6": [
        22970.79415457589,
        13445.66810825893
    ],
    "7": [
        2409.1829404645496,
        13403.018739149305
    ],
    "8": [
        4352.350215397828,
        1883.452472429749
    ],
    "9": [
        6142.77949662642,
        8341.644549005681
    ],
    "10": [
        7795.063758263221,
        2438.8237738095795
    ],
    "11": [
        2037.336913217817,
        24373.961495535714
    ],
    "12": [
        1625.1661650355566,
        9452.154407848011
    ],
    "13": [
        7924.61225382487,
        21941.749064127605
    ],
    "14": [
        11232.659150536381,
        8217.779595673974
    ],
    "15": [
        11375.677701822917,
        1836.3463248093924
    ],
    "16": [
        15567.811390269886,
        16244.787353515625
    ],
    "17": [
        17294.2399609375,
        23674.9765625
    ],
    "18": [
        19056.11595184949,
        1686.571253718162
    ],
    "19": [
        14964.731590477197,
        2328.4189181972192
    ]
}