{
    "0": [
        17713.31026785714,
        18320.778878348214
    ],
    "1": [
        13463.9970703125,
        8952.8349609375
    ],
    "2": [
        709.5980683735439,
        3308.002371651786
    ],
    "3": [
        7089.53505859375,
        5967.527734375
    ],
    "4": [
        8884.09345703125,
        1652.9809204101562
    ],
    "5": [
        6875.646911621094,
        19020.6767578125
    ],
    "6": [
        3578.3171037946427,
        3866.5407366071427
    ],
    "7": [
        17384.49853515625,
        813.0818252563477
    ],
    "8": [
        13042.565104166666,
        1208.4782155354817
    ],
    "9": [
        1310.7322838306427,
        8459.786905924479
    ],
    "10": [
        4815.9169921875,
        960.9035148620605
    ],
    "11": [
        24123.264322916668,
        7465.007161458333
    ],
    "12": [
        2700.7165018717446,
        13585.041015625
    ],
    "13": [
        7211.5986328125,
        9390.671223958334
    ],
    "14": [
        1901.292444864909,
        24181.12109375
    ],
    "15": [
        10478.676025390625,
        6355.4669189453125
    ],
    "16": [
        12024.9140625,
        13327.540364583334
    ],
    "17": [
        22150.244140625,
        444.54864501953125
    ],
    "18": [
        19017.631640625,
        6032.16943359375
    ],
    "19": [
        1320.9621276855469,
        1256.6193119684856
    ]
}