{
    "0": [
        911.4214721880461,
        866.3536217259733
    ],
    "1": [
        1833.4010324245546,
        17796.84813262195
    ],
    "2": [
        5422.172433035715,
        1245.5609845495844
    ],
    "3": [
        20902.26513671875,
        23682.255859375
    ],
    "4": [
        1120.1629946333296,
        13544.893949468085
    ],
    "5": [
        7183.2837320963545,
        7325.579081217448
    ],
    "6": [
        11482.26890345982,
        19196.259905133928
    ],
    "7": [
        13731.621875,
        14385.89111328125
    ],
    "8": [
        14832.532822027439,
        1166.3244012972204
    ],
    "9": [
        4376.779996304898,
        14691.189241976352
    ],
    "10": [
        7037.356171875,
        11203.241015625
    ],
    "11": [
        10034.048970540365,
        4606.227981567383
    ],
    "12": [
        17235.2108984375,
        17597.6834765625
    ],
    "13": [
        24130.2314453125,
        16571.46494140625
    ],
    "14": [
        15021.464130108174,
        9549.07480093149
    ],
    "15": [
        19473.6423828125,
        11520.57705078125
    ],
    "16": [
        7284.387791053921,
        3238.876761642157
    ],
    "17": [
        3892.0025654141864,
        4306.97257874504
    ],
    "18": [
        8720.333112444196,
        954.8323986615453
    ],
    "19": [
        24984.252278645832,
        9339.368774414063
    ],
    "20": [
        14869.17054966518,
        24466.373883928572
    ],
    "21": [
        1736.4448861016167,
        25974.948567708332
    ],
    "22": [
        8897.237155490451,
        15101.749674479166
    ],
    "23": [
        20976.951253255207,
        5294.282786051433
    ],
    "24": [
        1156.966931886311,
        6154.562073526503
    ],
    "25": [
        13223.437315244932,
        5605.932406038852
    ],
    "26": [
        16360.2919921875,
        4852.955254916487
    ],
    "27": [
        980.667810633631,
        3291.5395314433786
    ],
    "28": [
        4131.09641251474,
        7774.809763782429
    ],
    "29": [
        7487.1401953125,
        23856.143828125
    ],
    "30": [
        913.089886841909,
        9413.652316111438
    ],
    "31": [
        18020.20965576172,
        1052.6572723388672
    ],
    "32": [
        6380.302315848215,
        18557.458042689734
    ],
    "33": [
        25897.031674592392,
        1833.483812166297
    ],
    "34": [
        10919.872131347656,
        9511.307250976563
    ],
    "35": [
        2430.468264166514,
        21772.328645833335
    ],
    "36": [
        3264.8283034104566,
        11090.193509615385
    ],
    "37": [
        3005.7265625,
        1277.4336948278474
    ],
    "38": [
        11900.4056640625,
        1307.02750526775
    ],
    "39": [
        21645.613467261905,
        1813.80504826137
    ]
}