{
    "0": [
        1950.5958627459233,
        18608.63427992725
    ],
    "1": [
        8815.932726801659,
        1657.1012675042055
    ],
    "2": [
        13245.629081572462,
        1909.0029688601526
    ],
    "3": [
        2147.382296751123,
        13398.401935106054
    ],
    "4": [
        2007.577716721463,
        9030.51123932359
    ],
    "5": [
        8095.446080846472,
        18203.222140108857
    ],
    "6": [
        8117.701738239605,
        11769.409410814233
    ],
    "7": [
        22673.343098958332,
        18019.22962782118
    ],
    "8": [
        18219.216953472995,
        2171.5501012196787
    ],
    "9": [
        14813.900409613716,
        7782.526315646702
    ],
    "10": [
        14681.063776530504,
        14415.570979095563
    ],
    "11": [
        3220.549998817065,
        24354.144647661426
    ],
    "12": [
        4860.061589518597,
        1559.2873093175997
    ],
    "13": [
        24332.955070495605,
        2623.6364215509966
    ],
    "14": [
        5619.57047760527,
        6040.589043879105
    ],
    "15": [
        1510.1172467670515,
        4844.664428418903
    ],
    "16": [
        9941.121518755062,
        6531.962916462777
    ],
    "17": [
        13666.019439019097,
        23222.328548177084
    ],
    "18": [
        21181.21272472249,
        9249.79678073721
    ],
    "19": [
        1288.7565716887218,
        1239.3827457151062
    ]
}