{
    "0": [
        16548.379017669882,
        11884.595637583892
    ],
    "1": [
        6816.193473790739,
        8516.870974499794
    ],
    "2": [
        4921.779957065921,
        20563.985519138314
    ],
    "3": [
        10124.07276119403,
        9516.644851912313
    ],
    "4": [
        1190.4879764143923,
        15321.024490118769
    ],
    "5": [
        670.4861561701977,
        698.2402977040573
    ],
    "6": [
        23566.072388795044,
        10764.412390906531
    ],
    "7": [
        12070.40677459969,
        6885.284524712681
    ],
    "8": [
        25911.697205219072,
        6670.960761316044
    ],
    "9": [
        6738.253142721404,
        11526.69076526303
    ],
    "10": [
        3643.2185244605653,
        10301.111377728175
    ],
    "11": [
        11841.119403812057,
        17018.35708942819
    ],
    "12": [
        12871.898407907196,
        13878.616832386364
    ],
    "13": [
        13396.796008104946,
        10349.493346841578
    ],
    "14": [
        17097.6140477036,
        1215.9104645960258
    ],
    "15": [
        9042.017599730365,
        1197.1810856433833
    ],
    "16": [
        26605.455552184467,
        1661.55871385741
    ],
    "17": [
        8995.129578587423,
        6044.911627178251
    ],
    "18": [
        5363.110804966518,
        3060.306561358563
    ],
    "19": [
        877.6311971005836,
        4718.577314024651
    ],
    "20": [
        11277.877911490683,
        3823.2019566127233
    ],
    "21": [
        8107.190082097458,
        17977.9279826536
    ],
    "22": [
        14132.773337587665,
        1017.2275194397854
    ],
    "23": [
        1001.2726105235669,
        12267.851637236927
    ],
    "24": [
        937.1600065259046,
        7087.266630897227
    ],
    "25": [
        24955.331165941454,
        16004.899550039558
    ],
    "26": [
        20148.64453125,
        14442.286877648305
    ],
    "27": [
        1451.990102879703,
        25919.308059692383
    ],
    "28": [
        19253.217662183546,
        20476.37242879747
    ],
    "29": [
        2502.5465460526316,
        774.17590700984
    ],
    "30": [
        18085.68808117378,
        4351.83867544779
    ],
    "31": [
        21694.0390625,
        5625.105177494517
    ],
    "32": [
        9515.130462015086,
        21647.730872844826
    ],
    "33": [
        19062.36025943396,
        8804.106528228183
    ],
    "34": [
        6791.475608132102,
        899.6250143649656
    ],
    "35": [
        20088.593117829107,
        1240.1686181722632
    ],
    "36": [
        766.5721468329683,
        2565.0096468763286
    ],
    "37": [
        5973.764292494159,
        25882.5855359229
    ],
    "38": [
        1047.1883731705548,
        9523.473741088086
    ],
    "39": [
        15644.055201480263,
        7072.449475740132
    ],
    "40": [
        3358.4896716308594,
        5158.532971801757
    ],
    "41": [
        23182.463187302215,
        1621.6211019890218
    ],
    "42": [
        8080.652758494917,
        3618.1287077019015
    ],
    "43": [
        6633.856212474681,
        14862.254661277488
    ],
    "44": [
        14585.075286508998,
        3933.279646461576
    ],
    "45": [
        4102.625702338196,
        17052.76554169135
    ],
    "46": [
        16108.882158833165,
        16967.36806955645
    ],
    "47": [
        1612.7435092693358,
        22334.495742530155
    ],
    "48": [
        3747.5441859901375,
        13467.808940048759
    ],
    "49": [
        11547.409511609025,
        948.4458388692877
    ],
    "50": [
        1173.6611256884105,
        18601.265027402053
    ],
    "51": [
        9773.98485119508,
        13280.514459893255
    ],
    "52": [
        4540.552954697027,
        818.7380226643627
    ],
    "53": [
        3526.7060343424478,
        7646.784993489583
    ],
    "54": [
        11956.175828503025,
        26479.70010080645
    ],
    "55": [
        25372.12761896307,
        22773.819779829544
    ],
    "56": [
        2833.7118714985095,
        2786.5127156575522
    ],
    "57": [
        13990.246083361037,
        22270.776803523935
    ],
    "58": [
        5851.247611886984,
        5836.406216871774
    ],
    "59": [
        19130.085791015626,
        25780.217822265626
    ]
}