{
    "0": [
        7576.49853515625,
        5795.980712890625
    ],
    "1": [
        12754.349934895834,
        11310.643880208334
    ],
    "2": [
        414.65333890914917,
        9845.3916015625
    ],
    "3": [
        8107.895670572917,
        1241.266825358073
    ],
    "4": [
        718.0714721679688,
        13884.375
    ],
    "5": [
        3065.6197509765625,
        5040.3974609375
    ],
    "6": [
        5018.97900390625,
        19402.96484375
    ],
    "7": [
        1742.735107421875,
        13244.35400390625
    ],
    "8": [
        10275.4443359375,
        5409.546875
    ],
    "9": [
        5046.47119140625,
        639.62158203125
    ],
    "10": [
        1573.7477416992188,
        2454.20908203125
    ],
    "11": [
        12681.018310546875,
        1453.4702377319336
    ],
    "12": [
        9611.8974609375,
        8644.586669921875
    ],
    "13": [
        25093.73828125,
        6628.248046875
    ],
    "14": [
        10048.39013671875,
        2270.5520629882813
    ],
    "15": [
        639.0352935791016,
        3828.916748046875
    ],
    "16": [
        4835.596923828125,
        1734.4149780273438
    ],
    "17": [
        4000.25244140625,
        13712.3876953125
    ],
    "18": [
        19024.771484375,
        4745.389322916667
    ],
    "19": [
        4974.82275390625,
        156.35214233398438
    ],
    "20": [
        952.354970296224,
        6473.268391927083
    ],
    "21": [
        672.1747477054596,
        1198.1004462242126
    ],
    "22": [
        20126.127604166668,
        14580.994466145834
    ],
    "23": [
        13765.65869140625,
        718.4941711425781
    ],
    "24": [
        10054.501790364584,
        17312.064778645832
    ],
    "25": [
        17384.49853515625,
        813.0818252563477
    ],
    "26": [
        2234.299560546875,
        1178.6820068359375
    ],
    "27": [
        5271.06884765625,
        1172.3472900390625
    ],
    "28": [
        20065.38671875,
        8354.401529947916
    ],
    "29": [
        3516.9912109375,
        20871.5361328125
    ],
    "30": [
        6052.622884114583,
        8719.984375
    ],
    "31": [
        4258.654052734375,
        805.227783203125
    ],
    "32": [
        2745.3967895507813,
        9242.68212890625
    ],
    "33": [
        22150.244140625,
        444.54864501953125
    ],
    "34": [
        1132.8438186645508,
        25273.681640625
    ],
    "35": [
        353.60955301920575,
        8478.708658854166
    ],
    "36": [
        4522.50927734375,
        3692.404052734375
    ],
    "37": [
        8872.91455078125,
        6611.40771484375
    ],
    "38": [
        15903.697265625,
        21125.6171875
    ],
    "39": [
        12290.755859375,
        5418.97607421875
    ]
}