{
    "0": [
        4974.82275390625,
        156.35214233398438
    ],
    "1": [
        14314.293836805555,
        1085.6261189778645
    ],
    "2": [
        5121.337076822917,
        817.1968180338541
    ],
    "3": [
        2700.7165018717446,
        13585.041015625
    ],
    "4": [
        1797.6608825683593,
        5900.12001953125
    ],
    "5": [
        8884.09345703125,
        1652.9809204101562
    ],
    "6": [
        1430.1913883421157,
        9121.959743923611
    ],
    "7": [
        4835.596923828125,
        1734.4149780273438
    ],
    "8": [
        351.86139456431073,
        2699.3872884114585
    ],
    "9": [
        1132.8438186645508,
        25273.681640625
    ],
    "10": [
        22069.55625,
        10830.173828125
    ],
    "11": [
        5056.3984375,
        19711.56689453125
    ],
    "12": [
        11629.60009765625,
        9440.013509114584
    ],
    "13": [
        4522.50927734375,
        3692.404052734375
    ],
    "14": [
        20135.999441964286,
        3975.033944266183
    ],
    "15": [
        7666.517395019531,
        7048.034606933594
    ],
    "16": [
        4258.654052734375,
        805.227783203125
    ],
    "17": [
        1320.9621276855469,
        1256.6193119684856
    ],
    "18": [
        14751.029017857143,
        19176.898297991072
    ],
    "19": [
        1273.304296875,
        3583.98369140625
    ]
}