{
    "0": [
        12815.576486895161,
        15249.107067477318
    ],
    "1": [
        17174.46146763393,
        1048.9434199387686
    ],
    "2": [
        14441.415344527548,
        1352.5969706598617
    ],
    "3": [
        10167.234537760416,
        19895.411555989584
    ],
    "4": [
        2896.554469715465,
        3737.565123124556
    ],
    "5": [
        7262.137889890742,
        12901.638502995771
    ],
    "6": [
        719.2995667008386,
        5677.86847071256
    ],
    "7": [
        20475.826784899637,
        5214.693676579608
    ],
    "8": [
        5913.395048828125,
        20217.265890625
    ],
    "9": [
        16540.61662634095,
        3967.3690240205224
    ],
    "10": [
        16608.453439486228,
        12811.521368511652
    ],
    "11": [
        10661.596838220374,
        6229.711790406859
    ],
    "12": [
        2348.7673665952166,
        537.3889238524523
    ],
    "13": [
        4089.3859719669117,
        755.7127078126458
    ],
    "14": [
        24807.063542645676,
        1508.622714670081
    ],
    "15": [
        17517.336972992995,
        18204.369005926725
    ],
    "16": [
        25188.292137221535,
        6608.807126489016
    ],
    "17": [
        498.9074438753356,
        441.821909691708
    ],
    "18": [
        962.9577110398699,
        9352.884205005786
    ],
    "19": [
        20838.878034319197,
        11203.916534423828
    ],
    "20": [
        24711.888736263736,
        15521.354578039149
    ],
    "21": [
        8802.446853637695,
        15880.388870239258
    ],
    "22": [
        3577.0437917579893,
        9888.18164946267
    ],
    "23": [
        5140.786399387669,
        5196.021779983108
    ],
    "24": [
        2270.8935159985485,
        2276.4089568925033
    ],
    "25": [
        2961.171315456081,
        7474.434446262669
    ],
    "26": [
        14195.511534288195,
        23893.032248263888
    ],
    "27": [
        5492.962371826172,
        7619.307308959961
    ],
    "28": [
        12078.298637152779,
        1050.8301084539626
    ],
    "29": [
        842.1861442081512,
        7491.235028625166
    ],
    "30": [
        9895.211285470546,
        3647.642131936961
    ],
    "31": [
        7405.41750512942,
        24770.26193576389
    ],
    "32": [
        14038.716547227443,
        6339.712978735903
    ],
    "33": [
        1000.3832630631971,
        1349.54768521178
    ],
    "34": [
        4491.4568775721955,
        2543.507296970912
    ],
    "35": [
        20381.22686767578,
        1207.1736159071327
    ],
    "36": [
        1727.0053812557499,
        22232.898230546358
    ],
    "37": [
        7658.497121870148,
        5787.005750194099
    ],
    "38": [
        6627.328669084822,
        10007.169970703126
    ],
    "39": [
        10335.307011567345,
        12037.476078003876
    ],
    "40": [
        5869.340806188662,
        794.1054671145667
    ],
    "41": [
        1384.9188829993093,
        16384.65040198038
    ],
    "42": [
        17549.174397786457,
        7857.112548828125
    ],
    "43": [
        505.7423265001074,
        2422.503368168921
    ],
    "44": [
        5121.871536747102,
        16404.27013766381
    ],
    "45": [
        1639.2650657425445,
        19051.39782567771
    ],
    "46": [
        9151.07823079427,
        8630.673529730902
    ],
    "47": [
        1160.5877127602625,
        11637.360635820129
    ],
    "48": [
        9721.23501118387,
        902.8917989800085
    ],
    "49": [
        2777.427375085575,
        5408.274192574098
    ],
    "50": [
        8225.01338982434,
        2821.3171849221176
    ],
    "51": [
        2067.7349100819342,
        26322.009837962964
    ],
    "52": [
        4043.985444308659,
        12907.313711155726
    ],
    "53": [
        1150.33710288621,
        13928.352845536901
    ],
    "54": [
        12676.949304736636,
        3775.621010834316
    ],
    "55": [
        13209.768254697712,
        9787.201695261438
    ],
    "56": [
        22414.38817471591,
        22705.30656960227
    ],
    "57": [
        727.2411093537464,
        3985.7436544759826
    ],
    "58": [
        6340.965433980083,
        3342.9920419546274
    ],
    "59": [
        7690.564972830291,
        790.9349759781715
    ]
}