{
    "0": [
        11008.066936728395,
        16430.86451099537
    ],
    "1": [
        7559.99982899855,
        2425.8300461909944
    ],
    "2": [
        6065.565400435627,
        4500.624035813292
    ],
    "3": [
        13938.610193386883,
        3248.8018523740097
    ],
    "4": [
        7928.8348060021035,
        14179.518986628605
    ],
    "5": [
        5312.992231889205,
        723.3251803788272
    ],
    "6": [
        9564.093939256298,
        9250.009527162065
    ],
    "7": [
        10405.498616536459,
        14015.972384982639
    ],
    "8": [
        27420.721435546875,
        18599.828125
    ],
    "9": [
        15009.528386520127,
        10924.115399894068
    ],
    "10": [
        23986.805625,
        15848.2843359375
    ],
    "11": [
        20287.64916294643,
        7774.12548828125
    ],
    "12": [
        11632.249312106918,
        3008.3070398486634
    ],
    "13": [
        4550.176093447525,
        6362.749688882744
    ],
    "14": [
        2753.20325251988,
        9702.776014055524
    ],
    "15": [
        619.775213019277,
        3433.980556778169
    ],
    "16": [
        8836.236958686879,
        7041.661595224545
    ],
    "17": [
        3792.378741651966,
        2349.9529446509578
    ],
    "18": [
        15100.69340183424,
        5586.402722344882
    ],
    "19": [
        16428.128656154724,
        13931.676888814787
    ],
    "20": [
        10269.987708225723,
        11425.892820247935
    ],
    "21": [
        910.9515306291537,
        13924.091089861426
    ],
    "22": [
        10239.50433290352,
        4918.355309940079
    ],
    "23": [
        22302.0569911859,
        11073.64251552484
    ],
    "24": [
        5611.910905297939,
        2564.9401159799227
    ],
    "25": [
        7550.854926215277,
        11541.066553053513
    ],
    "26": [
        8949.77837890625,
        26165.1561328125
    ],
    "27": [
        9521.0886328125,
        2674.268200683594
    ],
    "28": [
        2468.0237885921374,
        7679.886472369552
    ],
    "29": [
        12489.384566580415,
        5363.970874178941
    ],
    "30": [
        3654.326887207031,
        22848.1872265625
    ],
    "31": [
        4515.226656181868,
        8403.660516783248
    ],
    "32": [
        18521.820123017726,
        2992.87035950618
    ],
    "33": [
        25828.85770089286,
        26200.37569754464
    ],
    "34": [
        19892.79568917411,
        26020.912667410714
    ],
    "35": [
        13452.127604166666,
        27190.009824810608
    ],
    "36": [
        10965.073335193452,
        22725.559523809523
    ],
    "37": [
        16968.681572094298,
        7937.318693462171
    ],
    "38": [
        11023.186641411494,
        7623.684357303901
    ],
    "39": [
        544.5930789967053,
        1836.1018817844104
    ],
    "40": [
        1196.7083623068672,
        24411.73064313616
    ],
    "41": [
        24371.80015733507,
        4206.982086181641
    ],
    "42": [
        5151.703518775202,
        26426.803427419356
    ],
    "43": [
        3224.524069081182,
        14484.426230104813
    ],
    "44": [
        12934.191149635037,
        943.1926023211793
    ],
    "45": [
        6999.186867384041,
        9138.72963959316
    ],
    "46": [
        4963.246282958984,
        10550.797900390626
    ],
    "47": [
        13664.361626233553,
        15971.41912006579
    ],
    "48": [
        10786.598374310663,
        754.6485826428197
    ],
    "49": [
        18056.39852962854,
        5592.134977520637
    ],
    "50": [
        5275.265931740785,
        12878.032189002404
    ],
    "51": [
        820.5659232532778,
        10258.604738379727
    ],
    "52": [
        1038.921026261166,
        16121.596753669508
    ],
    "53": [
        21224.357546164774,
        4483.811439098012
    ],
    "54": [
        27598.810187088817,
        7096.075439453125
    ],
    "55": [
        6638.637955563928,
        6869.722998294734
    ],
    "56": [
        2582.5464822298313,
        5813.653019988886
    ],
    "57": [
        23764.71479366987,
        7153.0838278746
    ],
    "58": [
        3756.8442947341873,
        557.5227150417663
    ],
    "59": [
        2247.867705262382,
        3923.486501326651
    ],
    "60": [
        15279.864371744792,
        23103.261848958333
    ],
    "61": [
        20178.87618983477,
        15303.16360228089
    ],
    "62": [
        3421.0135422926683,
        16926.645072115385
    ],
    "63": [
        8240.823952854269,
        16902.86632696473
    ],
    "64": [
        17718.87631225586,
        809.2690832590064
    ],
    "65": [
        12705.352996176862,
        12703.478806515957
    ],
    "66": [
        16216.674091045674,
        3003.7789705716646
    ],
    "67": [
        670.975773858325,
        5042.393829842732
    ],
    "68": [
        926.7742168203799,
        18575.53645443488
    ],
    "69": [
        1535.4988634851243,
        27255.014286747686
    ],
    "70": [
        7230.179547991072,
        22425.957338169643
    ],
    "71": [
        20409.478918850808,
        1000.3929213923793
    ],
    "72": [
        807.6028179191408,
        11946.726571800595
    ],
    "73": [
        12441.713007229477,
        19498.744548740673
    ],
    "74": [
        6085.904426671282,
        19718.065936511077
    ],
    "75": [
        8156.394392067027,
        4787.105403721889
    ],
    "76": [
        2045.4389533637834,
        2146.4494571506416
    ],
    "77": [
        15278.01755395266,
        766.6667474213212
    ],
    "78": [
        5733.686908637153,
        17482.086588541668
    ],
    "79": [
        13913.790783491291,
        7806.229155993852
    ],
    "80": [
        9158.950535463484,
        19559.299135358146
    ],
    "81": [
        1061.7554707332451,
        21434.828984375
    ],
    "82": [
        6979.7855539890315,
        676.5767214910084
    ],
    "83": [
        637.8703002454229,
        499.66107422216777
    ],
    "84": [
        16541.96091213474,
        17634.850180093345
    ],
    "85": [
        26793.596929505813,
        1364.3209474696669
    ],
    "86": [
        18870.59735107422,
        20650.845825195313
    ],
    "87": [
        23264.166430856298,
        1238.8646602255153
    ],
    "88": [
        5822.050046905758,
        15049.537901390257
    ],
    "89": [
        25922.381388346355,
        12034.943501790365
    ],
    "90": [
        12302.183645148027,
        9869.673005756578
    ],
    "91": [
        2249.707105142441,
        632.4390006912533
    ],
    "92": [
        720.5526102798573,
        8525.154781617981
    ],
    "93": [
        698.9665047010808,
        6740.083778700261
    ],
    "94": [
        23236.203627232142,
        21128.446205357144
    ],
    "95": [
        4111.518017981663,
        4381.356826656121
    ],
    "96": [
        2867.671837068547,
        12071.021638859464
    ],
    "97": [
        18529.751734082944,
        11064.263014748833
    ],
    "98": [
        8846.815350754816,
        783.6328259265065
    ],
    "99": [
        3342.659222146739,
        19457.202156929347
    ]
}