{
    "0": [
        3717.59375,
        7847.844509548611
    ],
    "1": [
        5236.437053401296,
        3514.971512957317
    ],
    "2": [
        8581.471400669643,
        859.7180376052856
    ],
    "3": [
        1910.6666493733724,
        26380.480729166666
    ],
    "4": [
        9904.944458007813,
        10299.741577148438
    ],
    "5": [
        1080.337539264134,
        12004.918247767857
    ],
    "6": [
        906.0105168277568,
        9485.282115589489
    ],
    "7": [
        13412.843153211805,
        11499.092610677084
    ],
    "8": [
        25538.80615234375,
        12569.983154296875
    ],
    "9": [
        6314.491809475807,
        6735.0958606350805
    ],
    "10": [
        3042.2232504790686,
        2912.339733195755
    ],
    "11": [
        20230.070556640625,
        15398.349609375
    ],
    "12": [
        6729.307826450893,
        12137.6865234375
    ],
    "13": [
        9084.8379296875,
        6739.058671875
    ],
    "14": [
        7799.9808349609375,
        15889.113943917411
    ],
    "15": [
        17694.198974609375,
        12253.074584960938
    ],
    "16": [
        14731.12020335478,
        1073.3332476896398
    ],
    "17": [
        7919.617234002976,
        3674.227091471354
    ],
    "18": [
        4366.133679620151,
        845.8130437259016
    ],
    "19": [
        24602.29659598214,
        17082.854631696428
    ],
    "20": [
        8289.64760044643,
        19426.013532366072
    ],
    "21": [
        14912.268676757813,
        26030.79833984375
    ],
    "22": [
        987.1972787100442,
        6853.866131218112
    ],
    "23": [
        22628.525065104168,
        5202.671088324652
    ],
    "24": [
        10931.115263097427,
        4223.395471909467
    ],
    "25": [
        8674.316064453125,
        25442.3654296875
    ],
    "26": [
        12432.09228515625,
        7431.602206143466
    ],
    "27": [
        873.2240584492683,
        19902.650634765625
    ],
    "28": [
        19643.414248511905,
        1068.4402429489862
    ],
    "29": [
        15063.789422286185,
        16255.95173725329
    ],
    "30": [
        13190.597113715277,
        21723.694010416668
    ],
    "31": [
        10054.575390625,
        1549.926731220881
    ],
    "32": [
        4251.095087890625,
        17533.171015625
    ],
    "33": [
        458.5589371094337,
        783.1528915206974
    ],
    "34": [
        3111.782725016276,
        5611.568345811632
    ],
    "35": [
        21018.983258928572,
        24073.248883928572
    ],
    "36": [
        4897.96533203125,
        21533.811580882353
    ],
    "37": [
        11772.995876736111,
        17639.379774305555
    ],
    "38": [
        18097.148365162036,
        4720.251166449652
    ],
    "39": [
        18339.851422991072,
        18905.061104910714
    ],
    "40": [
        27395.957741477272,
        2055.4850222847676
    ],
    "41": [
        17121.6895703125,
        1168.7184457397461
    ],
    "42": [
        1345.9446134978327,
        14388.943258351293
    ],
    "43": [
        10179.099969161185,
        13792.535824424342
    ],
    "44": [
        15546.462219238281,
        8467.993682861328
    ],
    "45": [
        23738.06907894737,
        1500.7632454320003
    ],
    "46": [
        1589.9174257119496,
        17459.740071614582
    ],
    "47": [
        19960.87081473214,
        10072.615199497768
    ],
    "48": [
        2034.4656118539663,
        749.3115782297574
    ],
    "49": [
        6557.476298828125,
        1239.481771697998
    ],
    "50": [
        6613.207356770833,
        23058.608723958332
    ],
    "51": [
        3586.3390731811523,
        11060.71728515625
    ],
    "52": [
        25401.205636160714,
        8620.81333705357
    ],
    "53": [
        14354.493684895833,
        4925.958138020834
    ],
    "54": [
        4002.1204364483174,
        14201.272047776441
    ],
    "55": [
        6466.074007601352,
        9340.599437816723
    ],
    "56": [
        969.1644271850586,
        4538.6500244140625
    ],
    "57": [
        1256.934273499709,
        23022.438701923078
    ],
    "58": [
        798.0385366039,
        2652.9377777541895
    ],
    "59": [
        12248.79939236111,
        1139.9945075564915
    ]
}