{
    "0": [
        7250.087790096507,
        17022.22785500919
    ],
    "1": [
        3885.506692820582,
        8747.481697871768
    ],
    "2": [
        1029.6796669165294,
        17875.555908203125
    ],
    "3": [
        1968.1363442364861,
        10526.55158547794
    ],
    "4": [
        10760.197522615132,
        6066.820158305921
    ],
    "5": [
        4133.829728190104,
        5300.537141927083
    ],
    "6": [
        1939.959361076355,
        13611.652435302734
    ],
    "7": [
        934.2066935348511,
        7999.1965625
    ],
    "8": [
        24335.262137276786,
        1086.0194887433734
    ],
    "9": [
        11323.76505962171,
        784.5116748809814
    ],
    "10": [
        1720.0922860039605,
        5826.475409613715
    ],
    "11": [
        559.220391699246,
        1094.4092543465752
    ],
    "12": [
        24496.709087171053,
        7325.1993215460525
    ],
    "13": [
        11901.584346064816,
        14102.570638020834
    ],
    "14": [
        19867.533088235294,
        818.0054362801944
    ],
    "15": [
        25120.271875,
        18551.79755859375
    ],
    "16": [
        15964.0841796875,
        21165.242057291667
    ],
    "17": [
        3749.3290252685547,
        20104.5380859375
    ],
    "18": [
        4669.429432970413,
        957.5218712826993
    ],
    "19": [
        13615.803116508152,
        1435.3759181810462
    ],
    "20": [
        19349.47646484375,
        6561.481140136719
    ],
    "21": [
        12061.42417689732,
        3484.970441545759
    ],
    "22": [
        20232.718610491072,
        13095.612234933036
    ],
    "23": [
        8805.146247632576,
        9585.954175544508
    ],
    "24": [
        8079.961170014881,
        4624.326578776042
    ],
    "25": [
        5137.539883700284,
        3167.0723876953125
    ],
    "26": [
        14307.14839504076,
        10662.706776494566
    ],
    "27": [
        5898.35173828125,
        6565.42763671875
    ],
    "28": [
        9580.3628874748,
        21596.55802671371
    ],
    "29": [
        17255.538434709822,
        3624.105207170759
    ],
    "30": [
        16328.671075994318,
        1149.7779547084463
    ],
    "31": [
        7180.097053079044,
        961.8515847711002
    ],
    "32": [
        2925.7556592155906,
        24789.292394301472
    ],
    "33": [
        2901.416707356771,
        3020.474952980324
    ],
    "34": [
        14343.401925223214,
        5636.111083984375
    ],
    "35": [
        903.1424853006998,
        3905.8138834635415
    ],
    "36": [
        2142.231339518229,
        579.4609655380249
    ],
    "37": [
        7364.175612229567,
        12627.43438251202
    ],
    "38": [
        8840.296752929688,
        654.4337902863821
    ],
    "39": [
        9398.565551757813,
        2535.278419494629
    ]
}