{
    "0": [
        15677.72248391544,
        8390.648810891544
    ],
    "1": [
        19960.87081473214,
        10072.615199497768
    ],
    "2": [
        14345.969360351563,
        25746.54443359375
    ],
    "3": [
        1171.142238443548,
        23282.444779829544
    ],
    "4": [
        20013.27890625,
        14912.96552734375
    ],
    "5": [
        3860.6033653846152,
        17226.31648137019
    ],
    "6": [
        10132.675472861842,
        14437.75349506579
    ],
    "7": [
        6329.141271254595,
        8701.03986672794
    ],
    "8": [
        7304.2383219401045,
        15403.302286783854
    ],
    "9": [
        3611.47177586411,
        10817.142252604166
    ],
    "10": [
        6262.6700228987065,
        6189.2384664601295
    ],
    "11": [
        18050.600260416668,
        24028.537760416668
    ],
    "12": [
        3708.686767578125,
        4806.0362392327725
    ],
    "13": [
        798.0385366039,
        2652.9377777541895
    ],
    "14": [
        3526.6723571777343,
        7452.762487792968
    ],
    "15": [
        458.5589371094337,
        783.1528915206974
    ],
    "16": [
        27395.957741477272,
        2055.4850222847676
    ],
    "17": [
        9934.4970703125,
        10344.841918945313
    ],
    "18": [
        17121.6895703125,
        1168.7184457397461
    ],
    "19": [
        10052.108189174107,
        18009.0830078125
    ],
    "20": [
        14983.013232421876,
        16313.907763671876
    ],
    "21": [
        14418.825699344758,
        4946.962496849798
    ],
    "22": [
        9137.183913658406,
        6600.075750942888
    ],
    "23": [
        1345.9446134978327,
        14388.943258351293
    ],
    "24": [
        1549.6523686016308,
        20373.890739889706
    ],
    "25": [
        3977.2667497907364,
        14022.213483537946
    ],
    "26": [
        5195.4656760475855,
        22012.566051136364
    ],
    "27": [
        8112.548828125,
        25965.608154296875
    ],
    "28": [
        9409.724564985796,
        1152.1845256306908
    ],
    "29": [
        6709.3720296223955,
        18788.884765625
    ],
    "30": [
        23738.06907894737,
        1500.7632454320003
    ],
    "31": [
        22628.525065104168,
        5202.671088324652
    ],
    "32": [
        19643.414248511905,
        1068.4402429489862
    ],
    "33": [
        18179.8533203125,
        4588.662294921875
    ],
    "34": [
        5463.4832956414475,
        2875.960728695518
    ],
    "35": [
        25401.205636160714,
        8620.81333705357
    ],
    "36": [
        1080.337539264134,
        12004.918247767857
    ],
    "37": [
        906.0105168277568,
        9485.282115589489
    ],
    "38": [
        4350.646154333044,
        763.1130288441976
    ],
    "39": [
        12436.175734747023,
        7519.8759533110115
    ],
    "40": [
        1092.8172477494788,
        6789.6294849537035
    ],
    "41": [
        6823.248805454799,
        1201.4734330177307
    ],
    "42": [
        1040.295502055775,
        17684.827503551136
    ],
    "43": [
        6861.547336154514,
        11466.014241536459
    ],
    "44": [
        16663.696411132813,
        12018.209838867188
    ],
    "45": [
        8797.044655539772,
        22681.282670454544
    ],
    "46": [
        14624.768132390203,
        1161.9226859840187
    ],
    "47": [
        12012.778820503048,
        893.7876892787655
    ],
    "48": [
        13030.537109375,
        11569.0107421875
    ],
    "49": [
        26085.744921875,
        13360.6939453125
    ],
    "50": [
        989.1026136054368,
        4547.884941726435
    ],
    "51": [
        13488.164672851563,
        21110.162841796875
    ],
    "52": [
        21227.390234375,
        24697.971484375
    ],
    "53": [
        8397.80365280878,
        3690.583827427455
    ],
    "54": [
        11513.304473876953,
        3965.04296875
    ],
    "55": [
        1910.6666493733724,
        26380.480729166666
    ],
    "56": [
        18411.42743389423,
        18681.357421875
    ],
    "57": [
        23694.15011160714,
        17673.651227678572
    ],
    "58": [
        3027.39712329621,
        2721.383030668218
    ],
    "59": [
        2034.4656118539663,
        749.3115782297574
    ]
}