{
    "0": [
        5309.861770486384,
        719.22826535201
    ],
    "1": [
        7918.728164405154,
        23697.62421189693
    ],
    "2": [
        934.8298480471626,
        16253.75842085041
    ],
    "3": [
        1045.6017780023208,
        21571.96389549366
    ],
    "4": [
        775.4024420532886,
        10205.248085593337
    ],
    "5": [
        19901.739924733232,
        14478.942489996189
    ],
    "6": [
        10999.9526399524,
        7637.956074089404
    ],
    "7": [
        539.1180875759309,
        1845.9438871133207
    ],
    "8": [
        3299.901078818501,
        17604.570673403534
    ],
    "9": [
        14331.794610206118,
        882.3638867317362
    ],
    "10": [
        16555.68228774473,
        13098.572253859187
    ],
    "11": [
        22929.26025390625,
        4715.024824471309
    ],
    "12": [
        4979.892421283144,
        10609.574242424242
    ],
    "13": [
        3734.9916330231868,
        579.3370904701792
    ],
    "14": [
        9514.881864801417,
        2660.6367313779633
    ],
    "15": [
        2748.013779019685,
        9845.917128650382
    ],
    "16": [
        12169.418722098215,
        19225.360993303573
    ],
    "17": [
        12964.656891741071,
        16048.428645833334
    ],
    "18": [
        674.3720864076893,
        5042.954935445414
    ],
    "19": [
        5613.644594254032,
        2553.7526846718188
    ],
    "20": [
        634.5740572356534,
        502.3587040588805
    ],
    "21": [
        23736.715607244318,
        1305.170676569505
    ],
    "22": [
        4547.161195527523,
        6408.411070097477
    ],
    "23": [
        19942.7609508547,
        3318.44968094785
    ],
    "24": [
        5661.880726895591,
        15597.837322856105
    ],
    "25": [
        17784.108098700493,
        5158.301972946318
    ],
    "26": [
        628.1040522094523,
        3440.2360469518085
    ],
    "27": [
        20907.147901078344,
        923.6107564039634
    ],
    "28": [
        10226.990901295732,
        26597.002858231706
    ],
    "29": [
        6973.582932942708,
        677.5935421208541
    ],
    "30": [
        12545.285255142406,
        5331.173727687401
    ],
    "31": [
        10436.8226594002,
        14462.308916645665
    ],
    "32": [
        16290.960061743952,
        734.6972178274585
    ],
    "33": [
        10673.565438445909,
        769.5842480766399
    ],
    "34": [
        5997.657408047567,
        18176.681882605088
    ],
    "35": [
        11669.705170836629,
        3081.6332250667524
    ],
    "36": [
        22927.696925951088,
        8220.435256736866
    ],
    "37": [
        22652.601332720587,
        11816.993465647978
    ],
    "38": [
        25770.35958426339,
        20717.183244977678
    ],
    "39": [
        11611.391809895833,
        22707.068307291665
    ],
    "40": [
        26828.462141170057,
        1536.6956068083298
    ],
    "41": [
        12232.61433044938,
        9959.381028861053
    ],
    "42": [
        7558.185249392726,
        2431.163708598674
    ],
    "43": [
        16256.537229303729,
        21699.547183388157
    ],
    "44": [
        26271.90765224359,
        10377.314528245191
    ],
    "45": [
        25828.85770089286,
        26200.37569754464
    ],
    "46": [
        15218.592412725226,
        10592.853366061374
    ],
    "47": [
        8166.011390968605,
        4789.7867103859235
    ],
    "48": [
        15047.219014332706,
        5592.557099535949
    ],
    "49": [
        3801.553301461135,
        2397.3266698137113
    ],
    "50": [
        896.8259325521748,
        18761.861459127285
    ],
    "51": [
        4132.893164268526,
        4463.8896010515555
    ],
    "52": [
        20753.882298519737,
        21679.31527549342
    ],
    "53": [
        6177.499280774916,
        21130.92696896115
    ],
    "54": [
        13108.606228298611,
        12730.130938289141
    ],
    "55": [
        18287.958393895347,
        935.6631919977277
    ],
    "56": [
        10264.885355336655,
        4927.39288477506
    ],
    "57": [
        14301.97764029154,
        3201.061517482851
    ],
    "58": [
        8818.656064077524,
        768.2028408965239
    ],
    "59": [
        7016.291363525391,
        9124.410717773437
    ],
    "60": [
        3098.490541562929,
        12407.677439259958
    ],
    "61": [
        13887.616615853658,
        7791.406849434706
    ],
    "62": [
        22611.950613839286,
        16935.24166932398
    ],
    "63": [
        18395.706954656864,
        18522.679572610294
    ],
    "64": [
        26254.462747713416,
        15211.240877477134
    ],
    "65": [
        10303.751103291985,
        11782.57349564647
    ],
    "66": [
        19083.02755859375,
        10355.3496875
    ],
    "67": [
        3433.6964477539063,
        20110.63259765625
    ],
    "68": [
        2267.8684918692943,
        3935.370628328359
    ],
    "69": [
        14615.487372819767,
        26060.678779069767
    ],
    "70": [
        5479.911470170455,
        26885.041867897726
    ],
    "71": [
        9063.487964672047,
        20169.767513736264
    ],
    "72": [
        697.5739256335843,
        6737.238517515121
    ],
    "73": [
        2038.9836355069788,
        2124.7022414788967
    ],
    "74": [
        6638.637955563928,
        6869.722998294734
    ],
    "75": [
        5354.8624684403585,
        13161.14354873285
    ],
    "76": [
        3608.7803633840463,
        23464.456291118422
    ],
    "77": [
        26549.59792564655,
        6161.438510237069
    ],
    "78": [
        922.60283704365,
        11888.479943539916
    ],
    "79": [
        2487.57326398577,
        7730.229219709124
    ],
    "80": [
        20096.77887970267,
        6896.02839142142
    ],
    "81": [
        4521.321362445809,
        8425.988306651914
    ],
    "82": [
        896.5513899666922,
        13944.856188092914
    ],
    "83": [
        15845.330606617646,
        16778.033903952204
    ],
    "84": [
        16916.015759496633,
        2939.828355252386
    ],
    "85": [
        7524.998830027394,
        11527.019822950488
    ],
    "86": [
        2588.2721771369,
        5836.267911886867
    ],
    "87": [
        2238.263130016755,
        611.5648675195297
    ],
    "88": [
        17093.07805051642,
        7767.147167141155
    ],
    "89": [
        12508.65453125,
        956.8468910429212
    ],
    "90": [
        738.558148027324,
        8511.185511746853
    ],
    "91": [
        8836.236958686879,
        7041.661595224545
    ],
    "92": [
        9598.752041235903,
        9355.276135896382
    ],
    "93": [
        3028.596897014993,
        14966.494880102962
    ],
    "94": [
        6048.25067110802,
        4502.191857742937
    ],
    "95": [
        1510.3897959232331,
        27106.8197265625
    ],
    "96": [
        7757.811550140381,
        14461.191284179688
    ],
    "97": [
        1081.9647475733902,
        24322.326961016413
    ],
    "98": [
        19909.26656539352,
        25996.998046875
    ],
    "99": [
        8935.629200122974,
        17262.356219256366
    ]
}