{
    "0": [
        19513.573363033025,
        11186.3747909699
    ],
    "1": [
        16054.140078641245,
        4354.3325485700025
    ],
    "2": [
        6116.348297599193,
        18442.878776773174
    ],
    "3": [
        10290.214636834777,
        7364.437968943379
    ],
    "4": [
        21739.21012452411,
        1754.5837019180055
    ],
    "5": [
        24945.440791689118,
        8194.10644741716
    ],
    "6": [
        17892.73897355487,
        18654.577570239144
    ],
    "7": [
        7773.523280712443,
        10295.248381056479
    ],
    "8": [
        15037.377892380619,
        8192.910969320576
    ],
    "9": [
        1924.9740108255612,
        25386.671908103814
    ],
    "10": [
        1434.2764551870887,
        16656.735670970265
    ],
    "11": [
        22631.72189963401,
        23178.17039695946
    ],
    "12": [
        7947.536547947807,
        1013.9241900594413
    ],
    "13": [
        795.690066707358,
        957.9617967643835
    ],
    "14": [
        1626.3881917949873,
        20618.641751660343
    ],
    "15": [
        1056.3573099876485,
        9470.640698843237
    ],
    "16": [
        7059.290534101968,
        23880.08516706315
    ],
    "17": [
        14139.516809682376,
        24496.153186902324
    ],
    "18": [
        1326.372084505993,
        12854.07746997399
    ],
    "19": [
        3502.5411781070984,
        7311.3996872595335
    ],
    "20": [
        12244.75669914949,
        4634.770911683428
    ],
    "21": [
        15190.265370980853,
        14153.08451781521
    ],
    "22": [
        11801.460550604117,
        11070.574223411397
    ],
    "23": [
        3013.465722523462,
        1118.8582066796785
    ],
    "24": [
        5027.202158665614,
        14326.59861858208
    ],
    "25": [
        11586.244584216101,
        19313.810560116526
    ],
    "26": [
        23926.148607336956,
        15385.582040685387
    ],
    "27": [
        4033.9792307922107,
        4007.863878467415
    ],
    "28": [
        8321.802700700431,
        3916.2259657477825
    ],
    "29": [
        6465.358333183323,
        6477.065569196428
    ],
    "30": [
        4332.08275063524,
        10586.00625916515
    ],
    "31": [
        10853.835010748742,
        1233.384362272608
    ],
    "32": [
        9426.677706534403,
        14620.162347090873
    ],
    "33": [
        25684.5095494119,
        2157.1494888537923
    ],
    "34": [
        17920.15294627064,
        1353.2772711754408
    ],
    "35": [
        994.0501261777895,
        6263.880144125095
    ],
    "36": [
        5486.04802692779,
        1368.5243525915894
    ],
    "37": [
        1050.3213611480157,
        3483.0172269482837
    ],
    "38": [
        14153.779093424479,
        1264.2442996328075
    ],
    "39": [
        19901.03194901316,
        5957.111191277755
    ]
}