{
    "0": [
        7471.219090813758,
        803.4213158972311
    ],
    "1": [
        26292.690605788935,
        5879.240710649334
    ],
    "2": [
        11680.5205078125,
        12420.81581850405
    ],
    "3": [
        26171.10540674603,
        1220.2211080051604
    ],
    "4": [
        19885.873543432204,
        1041.918385065208
    ],
    "5": [
        9395.193398178808,
        4980.29153139228
    ],
    "6": [
        2917.1962323255943,
        9020.390019806338
    ],
    "7": [
        6636.30615234375,
        24085.671238588482
    ],
    "8": [
        3842.7681002475247,
        17755.053101794554
    ],
    "9": [
        11223.69880642361,
        20539.217881944445
    ],
    "10": [
        2504.330858219305,
        6970.990479960244
    ],
    "11": [
        4680.783362268518,
        6563.729720052083
    ],
    "12": [
        8907.720671211193,
        742.762798881219
    ],
    "13": [
        9954.383840849905,
        2592.2342695756392
    ],
    "14": [
        13639.38397961128,
        1493.1621069617388
    ],
    "15": [
        403.41476909170814,
        389.17352945154363
    ],
    "16": [
        12058.20553249783,
        3858.1007266574434
    ],
    "17": [
        6668.102678571428,
        10851.478450520834
    ],
    "18": [
        3352.361232421875,
        14676.18603125
    ],
    "19": [
        22811.440499441964,
        7417.597266787574
    ],
    "20": [
        16483.37723465653,
        7124.396682326858
    ],
    "21": [
        4758.982202353598,
        12818.119797137606
    ],
    "22": [
        3420.4871319110575,
        3216.8830791766827
    ],
    "23": [
        16124.424667626097,
        12419.089029947916
    ],
    "24": [
        17535.02195373062,
        1262.0742223946622
    ],
    "25": [
        1219.0159883817037,
        20330.90109049479
    ],
    "26": [
        7652.083627206308,
        19715.31316912616
    ],
    "27": [
        2696.107904152792,
        1550.014856557377
    ],
    "28": [
        1003.081440776804,
        17369.278412979016
    ],
    "29": [
        1884.962424918397,
        3198.616592198202
    ],
    "30": [
        840.7243652766264,
        9055.28156521954
    ],
    "31": [
        14610.595412481398,
        16598.300618489582
    ],
    "32": [
        1594.2769312111727,
        493.46850273120833
    ],
    "33": [
        1075.4039266429297,
        12569.493473704268
    ],
    "34": [
        733.2159770029896,
        7510.081948334316
    ],
    "35": [
        13585.831787109375,
        6154.106669108073
    ],
    "36": [
        15487.678696681112,
        1019.8871948527594
    ],
    "37": [
        22818.205533854165,
        1778.3969767471156
    ],
    "38": [
        474.1104421395244,
        2517.2522135416666
    ],
    "39": [
        10673.438361150567,
        15638.339586292614
    ],
    "40": [
        5107.887381173514,
        8876.626085828235
    ],
    "41": [
        19332.56646825397,
        4675.320006355407
    ],
    "42": [
        10769.725055364173,
        6974.374361774114
    ],
    "43": [
        15592.583152770996,
        3761.0130977630615
    ],
    "44": [
        2418.8465476885235,
        27052.71396083048
    ],
    "45": [
        450.72001070813053,
        4040.852839878627
    ],
    "46": [
        2706.277518136161,
        378.8157391852902
    ],
    "47": [
        3315.122513020833,
        10995.798795572917
    ],
    "48": [
        11567.7858203125,
        26293.4296484375
    ],
    "49": [
        1495.9151070864145,
        1810.9245670697162
    ],
    "50": [
        6586.307251908397,
        6434.600052928196
    ],
    "51": [
        3820.9851484089872,
        575.827391422578
    ],
    "52": [
        9465.5970585264,
        10159.234105603447
    ],
    "53": [
        8242.72756736866,
        8065.109290081522
    ],
    "54": [
        792.7643651206729,
        14663.683669399208
    ],
    "55": [
        23154.398600260418,
        22565.320556640625
    ],
    "56": [
        4949.534381510417,
        735.2663645958901
    ],
    "57": [
        25260.73122970779,
        15043.606737012988
    ],
    "58": [
        19124.179204252578,
        8929.827123268364
    ],
    "59": [
        7010.547766449255,
        16303.152245197822
    ],
    "60": [
        1924.7136363153872,
        4825.4080385954485
    ],
    "61": [
        20653.15335560994,
        12805.439382530121
    ],
    "62": [
        6150.9321499831385,
        2476.145589485443
    ],
    "63": [
        19098.811659414558,
        17958.69632614715
    ],
    "64": [
        4418.878833795363,
        2104.7498267389115
    ],
    "65": [
        969.3656551650593,
        10784.99499860491
    ],
    "66": [
        502.68369887659213,
        1328.6477685710727
    ],
    "67": [
        585.2988045298296,
        5753.151677655347
    ],
    "68": [
        12037.786268789558,
        998.7327468214156
    ],
    "69": [
        5118.605918884277,
        3959.6178302764893
    ],
    "70": [
        6147.552365603146,
        597.313226426398
    ],
    "71": [
        16102.625904756434,
        22430.279239430147
    ],
    "72": [
        3944.1892594047213,
        20995.08145805027
    ],
    "73": [
        8171.227409716474,
        2840.270631499638
    ],
    "74": [
        10404.592009513608,
        691.1321476890195
    ],
    "75": [
        3441.7402999161072,
        5060.838008598993
    ],
    "76": [
        1266.5350030105892,
        23694.221399288366
    ],
    "77": [
        13270.145870085686,
        9574.774626701108
    ],
    "78": [
        6896.412729414683,
        4482.858555385044
    ],
    "79": [
        8046.519435263088,
        13256.675914797008
    ]
}