{
    "0": [
        3576.3672818270597,
        20186.923828125
    ],
    "1": [
        2019.3041219075521,
        643.0573715845744
    ],
    "2": [
        788.5070820308867,
        8121.093098958333
    ],
    "3": [
        4547.362576998197,
        4447.825214092548
    ],
    "4": [
        12962.313130040322,
        1642.0235989478326
    ],
    "5": [
        1375.7236312230427,
        11101.083536783854
    ],
    "6": [
        6609.192940848215,
        17510.069893973214
    ],
    "7": [
        1662.04200203188,
        3866.5028351814517
    ],
    "8": [
        6560.827889278017,
        823.1942641817291
    ],
    "9": [
        18890.003184442936,
        8036.745775305707
    ],
    "10": [
        16210.611636513158,
        4124.8732267680925
    ],
    "11": [
        24983.811257102272,
        18171.080788352272
    ],
    "12": [
        3254.9764811197915,
        2979.0565476190477
    ],
    "13": [
        1045.6755812795539,
        13807.197008634868
    ],
    "14": [
        2925.7556592155906,
        24789.292394301472
    ],
    "15": [
        10469.171861049108,
        22220.577734375
    ],
    "16": [
        8467.0208984375,
        4470.038359375
    ],
    "17": [
        10544.2432421875,
        1344.697236251831
    ],
    "18": [
        8480.902620442708,
        9281.197526041668
    ],
    "19": [
        2683.137558445786,
        6372.613059303977
    ],
    "20": [
        24020.758277529763,
        8224.313034784227
    ],
    "21": [
        430.3507926247337,
        568.9717471960819
    ],
    "22": [
        16135.0066015625,
        1161.477493209839
    ],
    "23": [
        5854.608544921875,
        6395.519759114583
    ],
    "24": [
        1064.3322267117708,
        17973.617824388588
    ],
    "25": [
        16506.35146484375,
        17114.580908203126
    ],
    "26": [
        4162.866202799479,
        769.341614151001
    ],
    "27": [
        5211.196716308594,
        2160.0139770507813
    ],
    "28": [
        681.7071084360922,
        2218.4256946194555
    ],
    "29": [
        4894.6591796875,
        13527.942529296875
    ],
    "30": [
        11656.03466796875,
        5552.368669782366
    ],
    "31": [
        10085.146606445313,
        15619.2400390625
    ],
    "32": [
        2711.146139393682,
        9126.69242527174
    ],
    "33": [
        13849.069874730603,
        11085.595130657328
    ],
    "34": [
        24621.181770833333,
        1576.6896535237631
    ],
    "35": [
        4552.73787913603,
        9299.868192784927
    ],
    "36": [
        19925.264860733696,
        1413.1092878424604
    ],
    "37": [
        578.3346519470215,
        5391.331075032552
    ],
    "38": [
        9053.601299579326,
        12159.392728365385
    ],
    "39": [
        8462.564607319078,
        906.4344826246563
    ]
}