{
    "0": [
        5819.775533040364,
        6399.992024739583
    ],
    "1": [
        947.7337980724517,
        4493.734824528769
    ],
    "2": [
        2034.4656118539663,
        749.3115782297574
    ],
    "3": [
        12654.773207720587,
        4224.483491785386
    ],
    "4": [
        8674.316064453125,
        25442.3654296875
    ],
    "5": [
        4353.83349609375,
        800.2570655686515
    ],
    "6": [
        8148.27173755787,
        6866.05884693287
    ],
    "7": [
        987.1972787100442,
        6853.866131218112
    ],
    "8": [
        27395.957741477272,
        2055.4850222847676
    ],
    "9": [
        26519.17822265625,
        8903.98046875
    ],
    "10": [
        19813.840198863636,
        14720.627485795454
    ],
    "11": [
        810.7165966395175,
        2610.0971846147017
    ],
    "12": [
        18156.990384615383,
        6708.737905649038
    ],
    "13": [
        4199.355702718099,
        17009.526123046875
    ],
    "14": [
        2976.818759765625,
        2913.8091650390625
    ],
    "15": [
        458.5589371094337,
        783.1528915206974
    ],
    "16": [
        7875.957654229526,
        15924.675410829741
    ],
    "17": [
        8759.94696514423,
        19361.164813701922
    ],
    "18": [
        1345.9446134978327,
        14388.943258351293
    ],
    "19": [
        10913.734629755434,
        7736.157587466033
    ],
    "20": [
        9866.3076171875,
        4067.201356830019
    ],
    "21": [
        5186.808722245066,
        21041.240542763157
    ],
    "22": [
        3379.7940858783145,
        11142.08262310606
    ],
    "23": [
        21018.983258928572,
        24073.248883928572
    ],
    "24": [
        18197.9267578125,
        18819.393619791666
    ],
    "25": [
        1171.142238443548,
        23282.444779829544
    ],
    "26": [
        12903.42658547794,
        10285.16974954044
    ],
    "27": [
        16135.507387907608,
        4313.245658542799
    ],
    "28": [
        13190.597113715277,
        21723.694010416668
    ],
    "29": [
        6034.142496744792,
        8997.93642578125
    ],
    "30": [
        15315.209585336539,
        14261.406625600961
    ],
    "31": [
        3944.10595703125,
        14143.3497265625
    ],
    "32": [
        22860.24001736111,
        5342.093722873264
    ],
    "33": [
        3111.782725016276,
        5611.568345811632
    ],
    "34": [
        8806.091779436383,
        10892.501778738839
    ],
    "35": [
        14912.268676757813,
        26030.79833984375
    ],
    "36": [
        26674.1513671875,
        13795.6708984375
    ],
    "37": [
        19900.080699573864,
        2322.411263552579
    ],
    "38": [
        14291.126908735796,
        7231.565784801136
    ],
    "39": [
        906.3396881421407,
        12128.164428710938
    ],
    "40": [
        7597.763466282895,
        3571.042435495477
    ],
    "41": [
        17872.01434795673,
        773.6654639610878
    ],
    "42": [
        10573.402294921874,
        13897.79912109375
    ],
    "43": [
        11970.700104469477,
        962.6359544576601
    ],
    "44": [
        1633.3551667001511,
        20295.611219618055
    ],
    "45": [
        3650.5841997931984,
        7859.875272863052
    ],
    "46": [
        23738.06907894737,
        1500.7632454320003
    ],
    "47": [
        1910.6666493733724,
        26380.480729166666
    ],
    "48": [
        6417.374154897837,
        23117.15339543269
    ],
    "49": [
        14832.532822027439,
        1166.3244012972204
    ],
    "50": [
        6415.595755440848,
        11964.699428013393
    ],
    "51": [
        926.4752082506816,
        9512.861545138889
    ],
    "52": [
        9222.689952256944,
        1015.7040745735169
    ],
    "53": [
        5024.019848632813,
        3271.4604583740233
    ],
    "54": [
        1229.087258605957,
        17717.460234375
    ],
    "55": [
        21700.3095703125,
        10553.53056640625
    ],
    "56": [
        6622.634443175118,
        1229.4841289880142
    ],
    "57": [
        23990.429361979168,
        17176.07421875
    ],
    "58": [
        17381.76095145089,
        9983.061244419643
    ],
    "59": [
        13654.099551930147,
        17206.752010569853
    ]
}