{
    "0": [
        12014.77946920956,
        3925.42886651731
    ],
    "1": [
        9029.768304122123,
        616.044983824617
    ],
    "2": [
        10040.880539938667,
        6182.709887923481
    ],
    "3": [
        11395.389366319445,
        8780.32136501736
    ],
    "4": [
        2876.7800081869714,
        9859.676383341166
    ],
    "5": [
        21636.142886513157,
        24416.466488486843
    ],
    "6": [
        9322.099881050282,
        4147.670336730498
    ],
    "7": [
        1721.58462411386,
        6973.1528079185955
    ],
    "8": [
        6960.611200506037,
        15456.687544389204
    ],
    "9": [
        941.8407020439473,
        10771.922473049903
    ],
    "10": [
        8334.283804086539,
        2297.3853217230903
    ],
    "11": [
        11788.42479520631,
        12329.148608161408
    ],
    "12": [
        1971.0769856770833,
        383.7239451692218
    ],
    "13": [
        8566.238035022703,
        8147.8863848824785
    ],
    "14": [
        6004.952927609707,
        5659.384292927194
    ],
    "15": [
        3484.9655305381134,
        11558.12722692757
    ],
    "16": [
        6186.67400251116,
        613.638129241126
    ],
    "17": [
        5200.334388053063,
        18535.124632580446
    ],
    "18": [
        856.0365575431978,
        9110.218985947986
    ],
    "19": [
        16185.860311702807,
        12540.803332270409
    ],
    "20": [
        2976.492562998896,
        13685.194495159647
    ],
    "21": [
        2537.5144263857887,
        1472.3340913318452
    ],
    "22": [
        5164.264413509729,
        3902.0070109817216
    ],
    "23": [
        305.8687056938284,
        361.1976166273418
    ],
    "24": [
        417.66019001757275,
        3525.523972083782
    ],
    "25": [
        485.43469698910843,
        2380.674012066567
    ],
    "26": [
        23922.569861778848,
        906.5296186813941
    ],
    "27": [
        26415.292777267157,
        5578.4504490272675
    ],
    "28": [
        11431.83415670956,
        20029.63071576287
    ],
    "29": [
        12328.973337809244,
        6186.966456095378
    ],
    "30": [
        18827.864803165583,
        9086.102919541396
    ],
    "31": [
        1639.8894322713215,
        3786.5001017252603
    ],
    "32": [
        7020.166930639443,
        3963.776709805016
    ],
    "33": [
        14613.12284909019,
        16250.027084157437
    ],
    "34": [
        13856.105091441761,
        9959.756891424006
    ],
    "35": [
        14437.34447224935,
        5147.145881652832
    ],
    "36": [
        1279.5726027965545,
        23717.22998046875
    ],
    "37": [
        20181.576542295257,
        11655.740150188578
    ],
    "38": [
        1130.4465585973142,
        647.145811157505
    ],
    "39": [
        5080.3190078125,
        2399.635765625
    ],
    "40": [
        4182.612254682794,
        7107.689070736069
    ],
    "41": [
        2367.6890148109114,
        27102.358302156692
    ],
    "42": [
        5438.040982115503,
        12742.785089231005
    ],
    "43": [
        805.4411156526927,
        14118.166066136853
    ],
    "44": [
        16658.779528929455,
        3537.693173247989
    ],
    "45": [
        4737.835691290386,
        9151.521476099048
    ],
    "46": [
        8302.799437313988,
        12941.711811755953
    ],
    "47": [
        5960.947441186798,
        7453.565446146418
    ],
    "48": [
        2197.5539488262602,
        20926.55380497685
    ],
    "49": [
        9960.717045454545,
        2369.8251220703123
    ],
    "50": [
        4342.816053910689,
        5446.0033624822445
    ],
    "51": [
        26205.1324619391,
        14660.176131810897
    ],
    "52": [
        3203.195465373102,
        4429.135160357038
    ],
    "53": [
        3623.1979435300364,
        3016.0209913531553
    ],
    "54": [
        3695.708755817819,
        15527.659875748006
    ],
    "55": [
        506.96026413931565,
        4857.891544117647
    ],
    "56": [
        6582.278128829656,
        2331.251517501532
    ],
    "57": [
        15485.164878362342,
        7696.309953520569
    ],
    "58": [
        2693.0352120535713,
        8020.7985398065475
    ],
    "59": [
        2952.813035813053,
        424.2697500338597
    ],
    "60": [
        2171.5678678813733,
        2863.623091848273
    ],
    "61": [
        8641.114024286684,
        17917.07423290308
    ],
    "62": [
        23819.31603422619,
        19210.03292410714
    ],
    "63": [
        642.9211880392947,
        7794.649683030985
    ],
    "64": [
        23066.028515625,
        4057.3193017578124
    ],
    "65": [
        7968.692154525163,
        20798.97169237013
    ],
    "66": [
        403.00937858349135,
        1351.9735574161305
    ],
    "67": [
        3979.468075022978,
        1624.13972434677
    ],
    "68": [
        11913.98637744634,
        2001.360789289378
    ],
    "69": [
        6048.947308084239,
        23753.907014266304
    ],
    "70": [
        2829.168982064852,
        6132.0414986559135
    ],
    "71": [
        19213.314768145163,
        941.7156259218851
    ],
    "72": [
        15388.13132873062,
        956.6667517913404
    ],
    "73": [
        11021.651513671875,
        26032.741569010417
    ],
    "74": [
        1380.3197187438402,
        18440.253504922945
    ],
    "75": [
        1440.5198385673657,
        1806.9533766361706
    ],
    "76": [
        924.4637687055914,
        16209.711509360923
    ],
    "77": [
        22441.564573317308,
        7384.845628004808
    ],
    "78": [
        21558.001484375,
        14746.71431640625
    ],
    "79": [
        17809.131433105467,
        6396.206927490234
    ],
    "80": [
        17336.831821334697,
        1068.3773263325202
    ],
    "81": [
        5042.960350093985,
        721.3963485185365
    ],
    "82": [
        3977.9862621410475,
        429.84554566563787
    ],
    "83": [
        13027.837890625,
        679.8134725488347
    ],
    "84": [
        10774.580012041823,
        633.4843757062927
    ],
    "85": [
        24612.230712890625,
        10515.869171142578
    ],
    "86": [
        21442.90961502259,
        1271.1057909166957
    ],
    "87": [
        19798.252244971263,
        4470.714798850575
    ],
    "88": [
        7756.6454815608195,
        6007.411537088374
    ],
    "89": [
        6626.743425958807,
        10142.051127485796
    ],
    "90": [
        15320.195033482143,
        21958.48872767857
    ],
    "91": [
        1914.5251815342667,
        5058.951418432859
    ],
    "92": [
        490.9602617664337,
        6200.48590234375
    ],
    "93": [
        14098.836933210785,
        2407.755298090916
    ],
    "94": [
        7482.134145883413,
        687.4470389072711
    ],
    "95": [
        10845.548757651417,
        15369.52076957152
    ],
    "96": [
        18614.77626953125,
        18034.282784598214
    ],
    "97": [
        9197.12212999132,
        10540.695193142361
    ],
    "98": [
        26847.030087425595,
        1427.1522353263128
    ],
    "99": [
        949.9904007369822,
        12346.620886600378
    ]
}