{
    "0": [
        17927.053678654444,
        17339.58481566374
    ],
    "1": [
        6436.057455789095,
        9235.327563170109
    ],
    "2": [
        1096.7723934019766,
        3040.3186439432125
    ],
    "3": [
        19295.53115234375,
        6009.047124565972
    ],
    "4": [
        4595.509011545489,
        934.4352734816331
    ],
    "5": [
        934.4849683024889,
        5447.786226954129
    ],
    "6": [
        1597.670550128843,
        17899.512140257746
    ],
    "7": [
        24524.912620907737,
        6450.249447777158
    ],
    "8": [
        6781.552680949825,
        1343.655436850686
    ],
    "9": [
        23172.270224294356,
        21614.114037298386
    ],
    "10": [
        5199.593607744832,
        13539.297816959892
    ],
    "11": [
        7059.596232962101,
        18609.084898603724
    ],
    "12": [
        1061.5193627436956,
        8356.064874945747
    ],
    "13": [
        1412.4306294446767,
        14576.442216266958
    ],
    "14": [
        15394.34791631284,
        6700.08740234375
    ],
    "15": [
        1228.9565114188038,
        11618.772243923611
    ],
    "16": [
        9214.275442708333,
        3877.9936100260416
    ],
    "17": [
        25265.997336647728,
        1450.5883536815643
    ],
    "18": [
        2509.2767489686303,
        824.6235968050908
    ],
    "19": [
        17376.971556169712,
        1608.0723606136005
    ],
    "20": [
        13587.172924919307,
        11196.806214238557
    ],
    "21": [
        3539.3314594087146,
        6266.765008835566
    ],
    "22": [
        24644.26208881579,
        14301.657750822369
    ],
    "23": [
        15017.2839457194,
        23439.088419596355
    ],
    "24": [
        3520.001881953263,
        9751.857487439267
    ],
    "25": [
        2211.998612462075,
        21598.86280443075
    ],
    "26": [
        12342.315283620459,
        5143.150597205529
    ],
    "27": [
        14536.934733691778,
        1701.2648766358088
    ],
    "28": [
        12259.091257668711,
        17079.752947661043
    ],
    "29": [
        9317.19010347407,
        13104.497278091756
    ],
    "30": [
        8257.355054450758,
        24098.26189630682
    ],
    "31": [
        6522.262530458702,
        5233.370212174688
    ],
    "32": [
        12000.68501862767,
        1290.0883975436254
    ],
    "33": [
        21007.273772651628,
        1481.3878335430777
    ],
    "34": [
        4081.863035119098,
        3345.4389057988706
    ],
    "35": [
        2201.1784779079376,
        26097.110522073413
    ],
    "36": [
        676.700604093173,
        881.5555580614035
    ],
    "37": [
        18985.38934475038,
        11330.34990115282
    ],
    "38": [
        9628.400918989038,
        8104.323267694729
    ],
    "39": [
        9320.024223765578,
        958.0152209611817
    ]
}