{
    "0": [
        2359.6476017878604,
        7596.70849609375
    ],
    "1": [
        1924.645654296875,
        144.3785539627075
    ],
    "2": [
        10816.06201171875,
        6091.297119140625
    ],
    "3": [
        8915.086480034723,
        5864.87255859375
    ],
    "4": [
        438.0524115562439,
        3762.4530029296875
    ],
    "5": [
        6730.818289620535,
        1231.3478306361608
    ],
    "6": [
        13506.719168526786,
        5705.507045200893
    ],
    "7": [
        7157.894287109375,
        630.4169399738312
    ],
    "8": [
        20576.560014204544,
        5298.327903053977
    ],
    "9": [
        24564.837890625,
        21679.8640625
    ],
    "10": [
        2316.087512207031,
        4856.937890625
    ],
    "11": [
        3992.541748046875,
        16232.3142578125
    ],
    "12": [
        11813.432842548076,
        2400.000544621394
    ],
    "13": [
        4786.652876420455,
        4697.508833451705
    ],
    "14": [
        10965.953657670454,
        12134.450639204546
    ],
    "15": [
        14666.052734375,
        3917.7081705729165
    ],
    "16": [
        4498.158935546875,
        2110.4190521240234
    ],
    "17": [
        4526.3175862630205,
        5887.310791015625
    ],
    "18": [
        16757.279947916668,
        21146.995442708332
    ],
    "19": [
        1992.1453334263392,
        1177.0494035993304
    ],
    "20": [
        18329.197265625,
        17058.29443359375
    ],
    "21": [
        16455.597265625,
        1093.6771216392517
    ],
    "22": [
        8177.373840332031,
        8498.773681640625
    ],
    "23": [
        14443.13544921875,
        16705.9322265625
    ],
    "24": [
        3544.4640066964284,
        4343.693394252232
    ],
    "25": [
        9955.33291903409,
        22061.806107954544
    ],
    "26": [
        4721.241768973215,
        17592.04464285714
    ],
    "27": [
        2678.3978445870534,
        686.2752336774554
    ],
    "28": [
        5067.3447265625,
        1299.8994683159722
    ],
    "29": [
        6014.351606889205,
        441.53528248180044
    ],
    "30": [
        705.6270922342936,
        10753.7005859375
    ],
    "31": [
        3496.4572310014205,
        8696.121892755682
    ],
    "32": [
        2754.874740600586,
        22248.805908203125
    ],
    "33": [
        11884.5595703125,
        4664.92626953125
    ],
    "34": [
        4999.7916259765625,
        6759.790771484375
    ],
    "35": [
        18135.84314903846,
        7275.720590444712
    ],
    "36": [
        2534.3765869140625,
        11219.320046164772
    ],
    "37": [
        671.0274564879281,
        8247.724365234375
    ],
    "38": [
        943.1648193359375,
        16787.940625
    ],
    "39": [
        2458.6375,
        3183.3513671875
    ],
    "40": [
        1259.6874389648438,
        1859.1526692708333
    ],
    "41": [
        2142.425978088379,
        25494.663671875
    ],
    "42": [
        3458.0307006835938,
        1661.4825744628906
    ],
    "43": [
        11184.559895833334,
        25229.319661458332
    ],
    "44": [
        12782.73193359375,
        598.5725708007813
    ],
    "45": [
        14226.322823660714,
        1788.0680890764509
    ],
    "46": [
        9097.723999023438,
        152.577388048172
    ],
    "47": [
        3565.385498046875,
        2873.1172146267363
    ],
    "48": [
        11062.36171875,
        14764.0984375
    ],
    "49": [
        1625.9618489583333,
        3708.7822102864584
    ],
    "50": [
        9570.606977982954,
        10947.022904829546
    ],
    "51": [
        3630.9710205078127,
        428.7550559997559
    ],
    "52": [
        19994.35036892361,
        797.2578367657131
    ],
    "53": [
        5083.238351004465,
        19773.368303571428
    ],
    "54": [
        5978.6015625,
        2312.0404052734375
    ],
    "55": [
        9508.61767578125,
        2388.7798461914063
    ],
    "56": [
        10789.742885044643,
        19706.891183035714
    ],
    "57": [
        24462.13107638889,
        14152.695746527777
    ],
    "58": [
        4359.273301866319,
        10594.086046006945
    ],
    "59": [
        24772.16075721154,
        1161.4467268723708
    ],
    "60": [
        542.4332580566406,
        2868.768595377604
    ],
    "61": [
        6437.423034667969,
        23457.700439453125
    ],
    "62": [
        3234.2320421006943,
        5685.962890625
    ],
    "63": [
        14037.938654119318,
        12162.902166193182
    ],
    "64": [
        622.8142528533936,
        19000.38068181818
    ],
    "65": [
        7990.206298828125,
        340.37027804056805
    ],
    "66": [
        1112.3570476331208,
        13631.813322368422
    ],
    "67": [
        9121.340657552084,
        16882.89724392361
    ],
    "68": [
        324.47550716400144,
        1827.4635416666667
    ],
    "69": [
        1186.8632019042968,
        704.516438293457
    ],
    "70": [
        18352.05841619318,
        11636.45205965909
    ],
    "71": [
        9114.051106770834,
        1228.6532321506077
    ],
    "72": [
        6019.492815290178,
        7179.217006138393
    ],
    "73": [
        13594.907421875,
        9091.67294921875
    ],
    "74": [
        8839.51640625,
        3789.312744140625
    ],
    "75": [
        4775.715087890625,
        8202.085815429688
    ],
    "76": [
        4726.329427083333,
        633.4196869532267
    ],
    "77": [
        15568.7884765625,
        25575.380078125
    ],
    "78": [
        639.3533935546875,
        5113.002593994141
    ],
    "79": [
        344.7437905883789,
        457.03249084472657
    ],
    "80": [
        7945.445095486111,
        1637.8592529296875
    ],
    "81": [
        2956.3074174360795,
        19930.469992897728
    ],
    "82": [
        1770.7145441228693,
        6564.056773792614
    ],
    "83": [
        9810.106119791666,
        8662.162868923611
    ],
    "84": [
        6704.229275173611,
        16902.434244791668
    ],
    "85": [
        358.944149017334,
        6298.725646972656
    ],
    "86": [
        3507.0955810546875,
        6761.7813720703125
    ],
    "87": [
        5395.690104166667,
        9468.7734375
    ],
    "88": [
        4635.926904296875,
        3407.20576171875
    ],
    "89": [
        4127.527898615057,
        13767.882191051136
    ],
    "90": [
        6831.28525390625,
        4061.1455322265624
    ],
    "91": [
        11059.314630681818,
        418.06362828341395
    ],
    "92": [
        17040.54679987981,
        3622.6754619891826
    ],
    "93": [
        7601.564408735795,
        14384.416281960228
    ],
    "94": [
        6573.079323508523,
        5930.997869318182
    ],
    "95": [
        6904.843359375,
        10337.86904296875
    ],
    "96": [
        7680.417214133523,
        12400.95889559659
    ],
    "97": [
        2084.3849609375,
        9485.89375
    ],
    "98": [
        7988.394264914773,
        19707.693714488636
    ],
    "99": [
        24407.331380208332,
        7498.037950303819
    ]
}