{
    "0": [
        9202.54575254859,
        13508.257461175686
    ],
    "1": [
        12719.494004360466,
        27245.72315588663
    ],
    "2": [
        3919.819734064395,
        592.2188733769556
    ],
    "3": [
        17461.149875,
        10104.697578125
    ],
    "4": [
        18234.70555419922,
        6762.134848022461
    ],
    "5": [
        6927.808111146439,
        21849.922283793603
    ],
    "6": [
        21718.7458454714,
        7954.990801277807
    ],
    "7": [
        627.3848467852539,
        556.1623746287275
    ],
    "8": [
        26631.48957069175,
        1669.2313757961235
    ],
    "9": [
        2780.257771564034,
        4481.35338359729
    ],
    "10": [
        881.1181135114705,
        7729.304585721059
    ],
    "11": [
        9740.439217550713,
        16542.126250685305
    ],
    "12": [
        3462.113693934407,
        11080.619418226523
    ],
    "13": [
        7492.68809701615,
        4988.761871594341
    ],
    "14": [
        5025.418283331199,
        4677.255667264344
    ],
    "15": [
        20002.16290283203,
        20748.992645263672
    ],
    "16": [
        5756.413223021808,
        730.4340782713763
    ],
    "17": [
        9101.243500084005,
        19549.592531922044
    ],
    "18": [
        20239.88199979027,
        848.3913555625301
    ],
    "19": [
        3638.2055298992404,
        23393.75828709112
    ],
    "20": [
        20084.363151041667,
        26023.7638671875
    ],
    "21": [
        14906.397196785349,
        955.5224035431127
    ],
    "22": [
        7843.954215891768,
        7583.878260766006
    ],
    "23": [
        923.4735871551434,
        9647.408404947917
    ],
    "24": [
        3138.869868196399,
        6610.001571554222
    ],
    "25": [
        10977.715433980082,
        11237.902923248626
    ],
    "26": [
        17172.572007453306,
        13585.189801095546
    ],
    "27": [
        16829.029531441483,
        3450.3753715963926
    ],
    "28": [
        25732.234296875,
        24260.945234375
    ],
    "29": [
        4410.489196234004,
        2473.73723332889
    ],
    "30": [
        3879.543084672887,
        19520.21918558903
    ],
    "31": [
        6391.491658392559,
        2680.0313153219063
    ],
    "32": [
        3114.939965907818,
        8905.42504795307
    ],
    "33": [
        12790.708286830357,
        15059.426558514031
    ],
    "34": [
        6395.899289923199,
        15125.169006002825
    ],
    "35": [
        8020.213845364874,
        10394.265739568786
    ],
    "36": [
        5544.347601780379,
        6932.887267336902
    ],
    "37": [
        6539.266556834446,
        17973.71251789122
    ],
    "38": [
        771.5033367450285,
        5813.382576819694
    ],
    "39": [
        1165.8518470289646,
        21227.53226461039
    ],
    "40": [
        1012.6045974833625,
        24177.685686383928
    ],
    "41": [
        11314.688557942709,
        3276.6263411672494
    ],
    "42": [
        20421.595754523027,
        15943.203857421875
    ],
    "43": [
        2484.5033480292605,
        2443.9449368990386
    ],
    "44": [
        8775.207351284527,
        2751.2102882871022
    ],
    "45": [
        12515.034687898597,
        951.4141770998637
    ],
    "46": [
        1007.3739511234065,
        11545.434929741754
    ],
    "47": [
        855.0587252109974,
        13594.275988879504
    ],
    "48": [
        7772.416477794954,
        809.5301751754182
    ],
    "49": [
        2269.9775963074644,
        693.9016091597667
    ],
    "50": [
        9738.714555789264,
        5216.9608488164395
    ],
    "51": [
        17521.185125367254,
        943.2056980907407
    ],
    "52": [
        10081.278878774847,
        843.8033364351372
    ],
    "53": [
        3648.710521556713,
        16656.30844304591
    ],
    "54": [
        21073.23885444973,
        11780.478260869566
    ],
    "55": [
        680.9236539729958,
        2030.930404271835
    ],
    "56": [
        1944.2648842811584,
        27126.589676339285
    ],
    "57": [
        1169.1420154253642,
        15743.978207465278
    ],
    "58": [
        15224.057137276786,
        6596.820482700893
    ],
    "59": [
        1005.1556722003611,
        18343.847293106155
    ],
    "60": [
        26406.30672554348,
        7045.312768908514
    ],
    "61": [
        3408.2517211914064,
        13730.034610262785
    ],
    "62": [
        23177.25480769231,
        1239.6027462665852
    ],
    "63": [
        13201.9038720069,
        8918.16717925629
    ],
    "64": [
        16236.304320080446,
        17384.008160581685
    ],
    "65": [
        25300.81733908582,
        17230.132972831158
    ],
    "66": [
        19761.56405662594,
        3510.6573532219218
    ],
    "67": [
        10472.506067060238,
        8072.335484569428
    ],
    "68": [
        14307.473186823327,
        11727.168614665354
    ],
    "69": [
        5892.630011698921,
        12453.073965934327
    ],
    "70": [
        748.8632299827493,
        3820.272665803329
    ],
    "71": [
        6721.807052176339,
        26364.500864955357
    ],
    "72": [
        14125.78616087464,
        3513.305240324174
    ],
    "73": [
        15705.007586050724,
        22736.285694067028
    ],
    "74": [
        12508.66934814453,
        19138.448852539063
    ],
    "75": [
        22953.312468998014,
        4704.844129774306
    ],
    "76": [
        12436.084215666118,
        5684.830368523849
    ],
    "77": [
        10842.529086243872,
        23039.02747778799
    ],
    "78": [
        25191.364997632576,
        12000.158469460228
    ],
    "79": [
        5665.036320415296,
        9505.787643914473
    ]
}