{
    "0": [
        708.0862609863282,
        14202.9958984375
    ],
    "1": [
        12017.40634765625,
        2844.136608886719
    ],
    "2": [
        3986.8329264322915,
        13740.80810546875
    ],
    "3": [
        913.2044491034287,
        9336.861966646635
    ],
    "4": [
        7586.490576171875,
        424.971782875061
    ],
    "5": [
        4832.698703342014,
        896.4781182607015
    ],
    "6": [
        20959.40603298611,
        5286.904351128473
    ],
    "7": [
        12748.369140625,
        678.4556415264423
    ],
    "8": [
        19867.533088235294,
        818.0054362801944
    ],
    "9": [
        7877.871869255515,
        18307.79181985294
    ],
    "10": [
        402.7161645889282,
        3493.0569051106772
    ],
    "11": [
        4751.964806189904,
        2260.907480093149
    ],
    "12": [
        6952.72119140625,
        24172.874755859375
    ],
    "13": [
        6871.441650390625,
        1080.0529235839845
    ],
    "14": [
        907.7435421943665,
        18203.33828125
    ],
    "15": [
        2769.695068359375,
        23011.738606770832
    ],
    "16": [
        4031.30263671875,
        3370.213720703125
    ],
    "17": [
        2459.0143083844864,
        5257.0693359375
    ],
    "18": [
        16853.8955078125,
        18011.369710286457
    ],
    "19": [
        9185.01206752232,
        726.2545360837664
    ],
    "20": [
        3282.3073120117188,
        2467.3279418945313
    ],
    "21": [
        1529.3016153971355,
        2615.7177734375
    ],
    "22": [
        14672.365931919643,
        4133.465471540178
    ],
    "23": [
        5356.396267361111,
        11261.640625
    ],
    "24": [
        14914.14404296875,
        7984.946207682292
    ],
    "25": [
        11793.190348307291,
        5353.6413981119795
    ],
    "26": [
        2586.254504394531,
        3314.84921875
    ],
    "27": [
        16515.145450367647,
        904.5252442079432
    ],
    "28": [
        309.40481749035064,
        370.70506431942897
    ],
    "29": [
        1739.490308259663,
        11914.892680921053
    ],
    "30": [
        3478.170132107205,
        20394.94943576389
    ],
    "31": [
        16730.7392578125,
        2968.4090576171875
    ],
    "32": [
        700.4244060516357,
        1057.7776387532551
    ],
    "33": [
        8330.512817382813,
        256.6502137184143
    ],
    "34": [
        1985.969265407986,
        159.38390731811523
    ],
    "35": [
        6017.838979867788,
        513.7928595909706
    ],
    "36": [
        24462.13107638889,
        14152.695746527777
    ],
    "37": [
        10892.085582386364,
        20891.35529119318
    ],
    "38": [
        9600.84633091518,
        9106.03187779018
    ],
    "39": [
        5985.510467529297,
        6878.826599121094
    ],
    "40": [
        13159.083333333334,
        14487.53955078125
    ],
    "41": [
        1951.2542043832632,
        7272.3248948317305
    ],
    "42": [
        7230.532854352678,
        9477.859375
    ],
    "43": [
        24407.331380208332,
        7498.037950303819
    ],
    "44": [
        8626.97176846591,
        3958.189697265625
    ],
    "45": [
        18352.05841619318,
        11636.45205965909
    ],
    "46": [
        6609.307779947917,
        4765.8843994140625
    ],
    "47": [
        10049.5111328125,
        5994.462939453125
    ],
    "48": [
        18493.340625,
        7491.801953125
    ],
    "49": [
        3772.6522216796875,
        797.9193240574429
    ],
    "50": [
        3546.594970703125,
        9204.965596516928
    ],
    "51": [
        14818.25146484375,
        24760.048095703125
    ],
    "52": [
        2099.357179429796,
        25663.747395833332
    ],
    "53": [
        11059.314630681818,
        418.06362828341395
    ],
    "54": [
        8395.682312011719,
        6682.676330566406
    ],
    "55": [
        26238.078125,
        1846.508155822754
    ],
    "56": [
        3601.0272216796875,
        5119.15595703125
    ],
    "57": [
        1687.2422200520834,
        3782.684391276042
    ],
    "58": [
        1330.0828770228795,
        444.5604517800467
    ],
    "59": [
        10684.35009765625,
        2047.1833089192708
    ],
    "60": [
        4793.98468889509,
        4597.089826311384
    ],
    "61": [
        2102.312934027778,
        1125.2390543619792
    ],
    "62": [
        6093.174377441406,
        2482.15478515625
    ],
    "63": [
        9308.498494466146,
        15426.2412109375
    ],
    "64": [
        13306.131510416666,
        5751.756673177083
    ],
    "65": [
        10123.7740234375,
        11789.323567708334
    ],
    "66": [
        644.1353455043975,
        1922.912609281994
    ],
    "67": [
        9304.412034254809,
        2562.498065655048
    ],
    "68": [
        14226.322823660714,
        1788.0680890764509
    ],
    "69": [
        8819.536399147728,
        21258.19904119318
    ],
    "70": [
        570.0976843261719,
        5546.68708984375
    ],
    "71": [
        4295.838102213542,
        6584.52919921875
    ],
    "72": [
        23923.6021484375,
        815.7323471069336
    ],
    "73": [
        7598.094943576389,
        13164.541395399305
    ],
    "74": [
        7945.445095486111,
        1637.8592529296875
    ],
    "75": [
        24564.837890625,
        21679.8640625
    ],
    "76": [
        13538.020438058036,
        10665.65541294643
    ],
    "77": [
        4877.401950412326,
        17091.002007378473
    ],
    "78": [
        17885.064592633928,
        4888.23747907366
    ],
    "79": [
        2871.939383370536,
        503.7722909109933
    ]
}