{
    "0": [
        3322.98388671875,
        3073.491943359375
    ],
    "1": [
        10715.18359375,
        19232.439453125
    ],
    "2": [
        16829.669921875,
        534.53515625
    ],
    "3": [
        12797.091796875,
        2611.230224609375
    ],
    "4": [
        1856.0013427734375,
        2829.87158203125
    ],
    "5": [
        2528.46435546875,
        4584.19580078125
    ],
    "6": [
        23900.177734375,
        5316.384765625
    ],
    "7": [
        9185.66796875,
        6662.00341796875
    ],
    "8": [
        11703.3193359375,
        11674.7841796875
    ],
    "9": [
        3438.189697265625,
        21996.0
    ],
    "10": [
        547.5143432617188,
        2590.000244140625
    ],
    "11": [
        14527.5966796875,
        1189.345458984375
    ],
    "12": [
        3305.10009765625,
        8415.943359375
    ],
    "13": [
        18862.51953125,
        7095.57470703125
    ],
    "14": [
        11275.689453125,
        15003.5244140625
    ],
    "15": [
        13003.720703125,
        247.64288330078125
    ],
    "16": [
        18648.6484375,
        5045.76708984375
    ],
    "17": [
        5065.92529296875,
        728.0338745117188
    ],
    "18": [
        1721.51806640625,
        2152.23486328125
    ],
    "19": [
        18616.134765625,
        13414.2275390625
    ],
    "20": [
        254.88873291015625,
        8230.2314453125
    ],
    "21": [
        16306.6884765625,
        24584.705078125
    ],
    "22": [
        3602.775146484375,
        5496.59912109375
    ],
    "23": [
        2234.299560546875,
        1178.6820068359375
    ],
    "24": [
        17181.12890625,
        1688.544189453125
    ],
    "25": [
        7.529618263244629,
        2420.477783203125
    ],
    "26": [
        10162.8359375,
        7931.34130859375
    ],
    "27": [
        4165.73779296875,
        13361.0400390625
    ],
    "28": [
        714.0751342773438,
        8597.37109375
    ],
    "29": [
        4762.31494140625,
        1936.7413330078125
    ],
    "30": [
        4669.04833984375,
        882.4178466796875
    ],
    "31": [
        5018.97900390625,
        19402.96484375
    ],
    "32": [
        10169.884765625,
        1895.2313232421875
    ],
    "33": [
        201.94454956054688,
        6803.20068359375
    ],
    "34": [
        4514.029296875,
        3381.302001953125
    ],
    "35": [
        963.2384033203125,
        1051.6942138671875
    ],
    "36": [
        3927.88916015625,
        13194.970703125
    ],
    "37": [
        8560.1611328125,
        6560.81201171875
    ],
    "38": [
        20050.4296875,
        3642.69189453125
    ],
    "39": [
        2228.3857421875,
        9568.4150390625
    ],
    "40": [
        12401.7392578125,
        328.6387634277344
    ],
    "41": [
        1288.7857666015625,
        1836.875
    ],
    "42": [
        11.58634090423584,
        9360.4755859375
    ],
    "43": [
        5584.03173828125,
        7345.771484375
    ],
    "44": [
        8330.58984375,
        5734.63134765625
    ],
    "45": [
        6150.4853515625,
        4339.09375
    ],
    "46": [
        500.54022216796875,
        3087.683837890625
    ],
    "47": [
        4908.87890625,
        1532.088623046875
    ],
    "48": [
        3595.792724609375,
        19747.072265625
    ],
    "49": [
        4974.82275390625,
        156.35214233398438
    ],
    "50": [
        8924.1728515625,
        1336.4346923828125
    ],
    "51": [
        11560.9912109375,
        591.875732421875
    ],
    "52": [
        817.7203369140625,
        10330.3076171875
    ],
    "53": [
        5027.01708984375,
        551.2092895507813
    ],
    "54": [
        1885.5504150390625,
        13679.0126953125
    ],
    "55": [
        18375.236328125,
        5547.708984375
    ],
    "56": [
        5271.06884765625,
        1172.3472900390625
    ],
    "57": [
        9060.958984375,
        9357.83203125
    ],
    "58": [
        12290.755859375,
        5418.97607421875
    ],
    "59": [
        656.0218505859375,
        3740.4990234375
    ],
    "60": [
        19151.32421875,
        8829.1044921875
    ],
    "61": [
        17651.541015625,
        15499.85546875
    ],
    "62": [
        345.19781494140625,
        1310.8994140625
    ],
    "63": [
        4599.580078125,
        3406.619384765625
    ],
    "64": [
        862.904296875,
        6061.23583984375
    ],
    "65": [
        14483.6171875,
        23050.41796875
    ],
    "66": [
        1372.733154296875,
        9.330373764038086
    ],
    "67": [
        91.86479187011719,
        8608.5234375
    ],
    "68": [
        6822.4072265625,
        5857.330078125
    ],
    "69": [
        24110.70703125,
        14828.900390625
    ],
    "70": [
        13964.2509765625,
        2282.13623046875
    ],
    "71": [
        16176.3974609375,
        16868.638671875
    ],
    "72": [
        718.0714721679688,
        13884.375
    ],
    "73": [
        5751.06787109375,
        9299.623046875
    ],
    "74": [
        605.3232421875,
        4744.64599609375
    ],
    "75": [
        6822.76904296875,
        9514.55859375
    ],
    "76": [
        7397.7939453125,
        597.6200561523438
    ],
    "77": [
        1792.216064453125,
        6555.36865234375
    ],
    "78": [
        16648.0859375,
        19998.70703125
    ],
    "79": [
        8001.72021484375,
        1789.7457275390625
    ],
    "80": [
        2049.8603515625,
        9836.0888671875
    ],
    "81": [
        3907.13037109375,
        14581.15234375
    ],
    "82": [
        16562.455078125,
        296.6864318847656
    ],
    "83": [
        13095.7333984375,
        13304.3125
    ],
    "84": [
        22182.31640625,
        9138.525390625
    ],
    "85": [
        2454.919189453125,
        2862.063720703125
    ],
    "86": [
        9926.8955078125,
        2645.872802734375
    ],
    "87": [
        2084.74072265625,
        24532.23046875
    ],
    "88": [
        10275.4443359375,
        5409.546875
    ],
    "89": [
        180.94691467285156,
        26015.1328125
    ],
    "90": [
        4025.4677734375,
        4261.51318359375
    ],
    "91": [
        1599.9197998046875,
        12809.6953125
    ],
    "92": [
        794.255859375,
        3742.838134765625
    ],
    "93": [
        26287.298828125,
        7940.111328125
    ],
    "94": [
        8172.63232421875,
        17700.23046875
    ],
    "95": [
        22150.244140625,
        444.54864501953125
    ],
    "96": [
        13463.9970703125,
        8952.8349609375
    ],
    "97": [
        18964.740234375,
        732.5615234375
    ],
    "98": [
        3398.240966796875,
        9150.28125
    ],
    "99": [
        3848.259765625,
        728.0377197265625
    ]
}