{
    "0": [
        24360.45396412037,
        2905.826943620929
    ],
    "1": [
        6345.342618843263,
        5350.061784896058
    ],
    "2": [
        15299.57319353314,
        13904.55265791815
    ],
    "3": [
        2762.4613079190253,
        24931.09112141927
    ],
    "4": [
        19592.22977382935,
        8339.2690368461
    ],
    "5": [
        9082.559339368665,
        1792.3852845730007
    ],
    "6": [
        15957.00050951087,
        22514.253930512423
    ],
    "7": [
        1633.3573155145925,
        4837.56920108422
    ],
    "8": [
        8511.509891039705,
        20609.432329569776
    ],
    "9": [
        18130.869273078304,
        2043.4985813064136
    ],
    "10": [
        13323.356180366847,
        1896.337440797557
    ],
    "11": [
        12437.545823317309,
        7237.789354084957
    ],
    "12": [
        2184.667348518244,
        18828.220700754704
    ],
    "13": [
        6902.010005592281,
        9571.914871085402
    ],
    "14": [
        8880.182087269864,
        14077.341282097868
    ],
    "15": [
        23522.32351471657,
        16738.189776753272
    ],
    "16": [
        4934.254891462054,
        1455.4785120406832
    ],
    "17": [
        2090.948158558586,
        13456.224512196675
    ],
    "18": [
        1876.4314661130488,
        8870.867014364418
    ],
    "19": [
        1294.3025829958087,
        1246.2035359417073
    ]
}