{
    "0": [
        6739.861040387835,
        1247.1258007458277
    ],
    "1": [
        1910.6666493733724,
        26380.480729166666
    ],
    "2": [
        4365.489448686079,
        781.2187662991611
    ],
    "3": [
        20400.865234375,
        10066.724571814904
    ],
    "4": [
        11546.373291015625,
        3895.5718688964844
    ],
    "5": [
        7860.321821732955,
        19340.36328125
    ],
    "6": [
        816.894767175402,
        10177.606640625
    ],
    "7": [
        10712.287543402777,
        17986.223307291668
    ],
    "8": [
        14599.239541330646,
        4881.745613344254
    ],
    "9": [
        27395.957741477272,
        2055.4850222847676
    ],
    "10": [
        3523.0193359375,
        11049.3572265625
    ],
    "11": [
        6389.088121202257,
        8835.842176649305
    ],
    "12": [
        1395.5153571537562,
        17613.217843191964
    ],
    "13": [
        8614.095947265625,
        25054.6552734375
    ],
    "14": [
        7728.785789207176,
        15866.936378761575
    ],
    "15": [
        9971.873259171196,
        10261.66164232337
    ],
    "16": [
        25207.9875,
        12058.775390625
    ],
    "17": [
        3250.246546128217,
        5559.084415211397
    ],
    "18": [
        914.6991804504395,
        12631.9109765625
    ],
    "19": [
        2064.563387596001,
        644.6984453120474
    ],
    "20": [
        24602.29659598214,
        17082.854631696428
    ],
    "21": [
        22628.525065104168,
        5202.671088324652
    ],
    "22": [
        15329.359244791667,
        17514.835807291667
    ],
    "23": [
        3072.1558460582387,
        2914.6191450639203
    ],
    "24": [
        26208.109375,
        8356.0876953125
    ],
    "25": [
        1008.7566497802734,
        6140.641189236111
    ],
    "26": [
        23846.15744357639,
        1498.1449898613823
    ],
    "27": [
        9318.483539496528,
        1107.1450626479254
    ],
    "28": [
        4247.206120417668,
        17627.362530048078
    ],
    "29": [
        1171.142238443548,
        23282.444779829544
    ],
    "30": [
        1518.9741928195954,
        14637.20421875
    ],
    "31": [
        18254.974202473957,
        4601.591807047526
    ],
    "32": [
        14708.34409877232,
        14748.91831752232
    ],
    "33": [
        1125.9414573328363,
        8033.8930257161455
    ],
    "34": [
        20098.922960069445,
        15177.69140625
    ],
    "35": [
        8456.37314675071,
        3748.0780084783382
    ],
    "36": [
        6220.0017578125,
        6154.308756510417
    ],
    "37": [
        452.3565551837285,
        711.8678597553322
    ],
    "38": [
        986.6504414466119,
        4116.207035187752
    ],
    "39": [
        13595.373572716346,
        10578.819711538461
    ],
    "40": [
        20026.902777777777,
        1221.104338751899
    ],
    "41": [
        9096.506239149305,
        6721.899450231482
    ],
    "42": [
        6969.376274956598,
        11719.410373263889
    ],
    "43": [
        4253.76327749399,
        14142.084622896635
    ],
    "44": [
        5538.719814453125,
        22251.5290625
    ],
    "45": [
        17639.9306640625,
        11890.894165039063
    ],
    "46": [
        20974.2484375,
        25148.973828125
    ],
    "47": [
        11982.3642578125,
        920.6671688216073
    ],
    "48": [
        1326.178999519348,
        20517.759895833333
    ],
    "49": [
        12882.0833984375,
        21663.33828125
    ],
    "50": [
        14725.751635742188,
        1196.822614479065
    ],
    "51": [
        19246.902669270832,
        19720.389485677082
    ],
    "52": [
        862.6350899109474,
        2348.385086763822
    ],
    "53": [
        5332.9995349702385,
        3214.346688406808
    ],
    "54": [
        15939.491900275736,
        8325.38973460478
    ],
    "55": [
        17511.878515625,
        926.5107797241211
    ],
    "56": [
        14912.268676757813,
        26030.79833984375
    ],
    "57": [
        3751.0770838120407,
        7784.325166590073
    ],
    "58": [
        12479.87699558424,
        7374.749256963315
    ],
    "59": [
        10573.402294921874,
        13897.79912109375
    ]
}