{
    "0": [
        5981.591484518613,
        23923.008425245098
    ],
    "1": [
        25250.642763157895,
        8430.521363589638
    ],
    "2": [
        5033.702137013242,
        3161.371305098773
    ],
    "3": [
        14231.043907202744,
        3745.5785305116233
    ],
    "4": [
        949.6129589611605,
        12832.526196546052
    ],
    "5": [
        21090.9260402279,
        12743.843474835981
    ],
    "6": [
        17558.440622793078,
        953.7301319979847
    ],
    "7": [
        761.3658735042492,
        2324.1034131649867
    ],
    "8": [
        7789.238493254236,
        853.8127988092089
    ],
    "9": [
        11037.187930575285,
        26031.997585227273
    ],
    "10": [
        20890.789111946204,
        1248.1985979796964
    ],
    "11": [
        2313.3354511260986,
        744.7597739531969
    ],
    "12": [
        3380.5539781465304,
        12375.374436105643
    ],
    "13": [
        9909.536987591911,
        9693.252458639707
    ],
    "14": [
        8978.222880735235,
        6181.7585759567
    ],
    "15": [
        17913.619245968475,
        3642.5669849273413
    ],
    "16": [
        900.0173151775589,
        6213.639596036585
    ],
    "17": [
        3996.016185619213,
        934.9162168840126
    ],
    "18": [
        16463.21906983488,
        15086.927870837882
    ],
    "19": [
        1811.9301772102524,
        26639.01561263845
    ],
    "20": [
        26938.36807002315,
        1957.244465856199
    ],
    "21": [
        12264.13234262403,
        1033.0052456337703
    ],
    "22": [
        6080.549631955595,
        5735.805009804224
    ],
    "23": [
        17785.46967299578,
        10004.11037834586
    ],
    "24": [
        4863.192069622001,
        19382.465165982743
    ],
    "25": [
        23697.37663453014,
        2621.144663453155
    ],
    "26": [
        9168.998910757211,
        20782.506328876203
    ],
    "27": [
        6696.524593660201,
        8910.916772180317
    ],
    "28": [
        4395.243511443443,
        15398.487013796543
    ],
    "29": [
        9575.889691840277,
        13181.506711929564
    ],
    "30": [
        1080.8656989818421,
        10389.772995765186
    ],
    "31": [
        1722.2513211170833,
        23046.706868489582
    ],
    "32": [
        13591.262914685236,
        9076.26901466259
    ],
    "33": [
        1146.1087929779183,
        15276.206602888382
    ],
    "34": [
        20665.420669606025,
        6435.046525306828
    ],
    "35": [
        1345.8405785794216,
        17695.827545253964
    ],
    "36": [
        7850.434009327608,
        3252.5076482436234
    ],
    "37": [
        833.044775500635,
        4157.590662550067
    ],
    "38": [
        19746.957643229165,
        18404.577845052085
    ],
    "39": [
        24311.365182976973,
        22637.245065789473
    ],
    "40": [
        1064.2900532030562,
        8225.236277964486
    ],
    "41": [
        17453.781126829956,
        24390.52753730293
    ],
    "42": [
        12276.486466871585,
        6310.843723317965
    ],
    "43": [
        3988.8580085067388,
        9763.99609143587
    ],
    "44": [
        2755.594915781188,
        2749.0167983499355
    ],
    "45": [
        16216.081378030936,
        6559.629487614967
    ],
    "46": [
        1141.5136022440593,
        20210.2116015625
    ],
    "47": [
        11723.313837756848,
        16664.446784032534
    ],
    "48": [
        620.6552098190135,
        632.7873151231976
    ],
    "49": [
        25147.525854892418,
        15362.053943071209
    ],
    "50": [
        3162.582657161692,
        5016.702758131592
    ],
    "51": [
        6417.013861537965,
        12373.83299705148
    ],
    "52": [
        13302.690662042025,
        12447.768800511854
    ],
    "53": [
        3644.6849835838125,
        7240.80233973673
    ],
    "54": [
        14016.146410472973,
        20460.36978462838
    ],
    "55": [
        14716.800006494952,
        1035.5158972292784
    ],
    "56": [
        9932.851580008093,
        1010.5892362428376
    ],
    "57": [
        7580.550485079406,
        16490.072893186476
    ],
    "58": [
        5891.5068343649355,
        998.7420675708476
    ],
    "59": [
        10761.301394702656,
        3667.9951273365327
    ]
}