{
    "0": [
        19959.513856630067,
        18506.331463788007
    ],
    "1": [
        12396.479451069079,
        6370.063024259868
    ],
    "2": [
        6152.788116140464,
        20553.10514658505
    ],
    "3": [
        14944.394849694294,
        6531.6939272673235
    ],
    "4": [
        25551.077237215908,
        15531.46688565341
    ],
    "5": [
        8537.30122707201,
        2384.117788298234
    ],
    "6": [
        9438.42736328125,
        6518.440126953125
    ],
    "7": [
        13673.497985413025,
        1296.279327195841
    ],
    "8": [
        813.8273814604587,
        9205.569834049917
    ],
    "9": [
        26228.888671875,
        1248.3513615248633
    ],
    "10": [
        3071.457013260691,
        533.5780134602597
    ],
    "11": [
        814.3899695078532,
        13051.12159618433
    ],
    "12": [
        8964.564526002798,
        647.0535301503851
    ],
    "13": [
        6837.741901803524,
        3284.845492748504
    ],
    "14": [
        3769.8301368423654,
        7251.503207822389
    ],
    "15": [
        2629.479038944951,
        15195.947120949075
    ],
    "16": [
        345.3021588344127,
        4293.432774861653
    ],
    "17": [
        3556.8602899347693,
        4628.6487053435985
    ],
    "18": [
        3012.7146767064146,
        2141.8939064427427
    ],
    "19": [
        19868.04244679418,
        1190.0427895003352
    ],
    "20": [
        682.31798741931,
        7800.142291356647
    ],
    "21": [
        2767.8932349795386,
        10172.136416480655
    ],
    "22": [
        15067.823218074845,
        17181.282467689045
    ],
    "23": [
        15659.856894003378,
        9846.015572212838
    ],
    "24": [
        11567.7858203125,
        26293.4296484375
    ],
    "25": [
        5722.52999154317,
        8090.904342179446
    ],
    "26": [
        6940.470396752451,
        10111.834309895834
    ],
    "27": [
        3891.397995476974,
        3115.5909976356907
    ],
    "28": [
        21794.711165364584,
        12942.046793619791
    ],
    "29": [
        5672.001368260646,
        1636.874278309581
    ],
    "30": [
        298.13625300535256,
        327.40421278580374
    ],
    "31": [
        341.09262083731977,
        1189.6717636265705
    ],
    "32": [
        19410.538993566177,
        9280.519697840073
    ],
    "33": [
        1512.7025793604105,
        3932.791589208396
    ],
    "34": [
        7075.256972202035,
        4705.231831395349
    ],
    "35": [
        4978.2800704441715,
        6219.154938772823
    ],
    "36": [
        2534.388033461297,
        3499.7854256465516
    ],
    "37": [
        970.8581149193549,
        588.2976579461047
    ],
    "38": [
        11317.610064962635,
        15450.72554347826
    ],
    "39": [
        20961.78451213431,
        4825.686352019615
    ],
    "40": [
        10647.337822265625,
        20571.04693359375
    ],
    "41": [
        2840.8758892094324,
        12397.936657826835
    ],
    "42": [
        1738.9346792183671,
        2554.782860849418
    ],
    "43": [
        8401.785612407484,
        17789.15767629523
    ],
    "44": [
        5244.151706414474,
        4208.915583881579
    ],
    "45": [
        3142.1083359136815,
        5878.696074695122
    ],
    "46": [
        4956.690271577381,
        462.63904172238847
    ],
    "47": [
        465.00031008741314,
        3179.478267201206
    ],
    "48": [
        9716.521047247024,
        9285.486165364584
    ],
    "49": [
        1281.9163765036988,
        17997.58796251917
    ],
    "50": [
        2039.0802756569603,
        6921.973561789773
    ],
    "51": [
        479.97221141595105,
        6357.787081204928
    ],
    "52": [
        4875.517454821654,
        11913.708609532829
    ],
    "53": [
        26029.951812243853,
        5346.384969742572
    ],
    "54": [
        12594.752957326062,
        9381.689582104953
    ],
    "55": [
        2024.1237598535965,
        20753.217607355444
    ],
    "56": [
        5090.917456054687,
        17460.77685546875
    ],
    "57": [
        12112.776396780304,
        777.2014952825778
    ],
    "58": [
        1638.6792840254934,
        446.05462743859545
    ],
    "59": [
        6504.036635890152,
        6089.43083175505
    ],
    "60": [
        3898.989333496094,
        454.1407264137268
    ],
    "61": [
        8266.649204799107,
        14734.459158761161
    ],
    "62": [
        6520.503199678309,
        24226.719071691175
    ],
    "63": [
        17792.988390864157,
        6666.0513293207905
    ],
    "64": [
        22812.390122767858,
        1316.8922091915495
    ],
    "65": [
        10416.903727213541,
        694.443205221494
    ],
    "66": [
        7128.754133744674,
        1687.540628606623
    ],
    "67": [
        8940.876931709156,
        4292.499181914748
    ],
    "68": [
        10492.713245738636,
        12101.040021306819
    ],
    "69": [
        2349.1171321614584,
        244.82156357129415
    ],
    "70": [
        14047.63558321221,
        12990.90185546875
    ],
    "71": [
        851.2144614971346,
        11098.500359429254
    ],
    "72": [
        2586.3730395507814,
        8407.738193359375
    ],
    "73": [
        23570.821076766304,
        8233.209904325182
    ],
    "74": [
        17606.84913917824,
        904.5447733799616
    ],
    "75": [
        7512.595844184028,
        12439.241634114584
    ],
    "76": [
        15837.324572576992,
        22443.00985054348
    ],
    "77": [
        14333.219047934323,
        3886.9634306309586
    ],
    "78": [
        4378.238253611438,
        9454.323960790094
    ],
    "79": [
        7604.755238755841,
        504.6200651810548
    ],
    "80": [
        2335.1439908488414,
        1248.4504435678546
    ],
    "81": [
        6174.080507979434,
        487.43462265047253
    ],
    "82": [
        15524.039104055852,
        1075.519889946525
    ],
    "83": [
        1338.1946417425097,
        1548.7119927160518
    ],
    "84": [
        17353.58515625,
        3565.6034978693183
    ],
    "85": [
        10877.019709761425,
        4939.740210748488
    ],
    "86": [
        474.3471163393807,
        2146.2820483576643
    ],
    "87": [
        1308.6237771557826,
        23696.68799785539
    ],
    "88": [
        2160.8860416855923,
        5059.787336482558
    ],
    "89": [
        4981.73918508976,
        14347.382033327793
    ],
    "90": [
        17932.198089231926,
        13178.682452466115
    ],
    "91": [
        10119.768215013586,
        2511.699754797894
    ],
    "92": [
        608.3471242882989,
        15187.54999112216
    ],
    "93": [
        8131.442890822285,
        7932.357801649306
    ],
    "94": [
        5174.617936513956,
        2747.054750312879
    ],
    "95": [
        720.4836158813056,
        5281.086703025689
    ],
    "96": [
        4242.901279296875,
        1602.031390625
    ],
    "97": [
        2393.0264571507773,
        27077.8037109375
    ],
    "98": [
        23135.25881545608,
        23586.878061655407
    ],
    "99": [
        12015.18265964674,
        3102.0100819463314
    ]
}