{
    "0": [
        8916.526838030133,
        3135.714372907366
    ],
    "1": [
        18333.5830078125,
        10355.225341796875
    ],
    "2": [
        9369.3796875,
        16203.699739583333
    ],
    "3": [
        17185.28134765625,
        14199.32568359375
    ],
    "4": [
        19961.480050223214,
        923.9495271955218
    ],
    "5": [
        11089.293823242188,
        1117.7550533215206
    ],
    "6": [
        23634.059692382813,
        1205.660855293274
    ],
    "7": [
        24139.45920138889,
        4311.789577907986
    ],
    "8": [
        15788.101787860576,
        17364.38288762019
    ],
    "9": [
        5609.969288361378,
        1389.7477240929236
    ],
    "10": [
        4947.47052734375,
        5170.31556640625
    ],
    "11": [
        11977.593039772728,
        13056.90713778409
    ],
    "12": [
        6829.177482836174,
        2994.8202200224905
    ],
    "13": [
        14520.11328125,
        5380.091424851191
    ],
    "14": [
        2874.454058672931,
        4347.99291332348
    ],
    "15": [
        4598.244610126202,
        7598.192833533654
    ],
    "16": [
        14107.676513671875,
        25152.84423828125
    ],
    "17": [
        11386.327690972223,
        9287.856363932291
    ],
    "18": [
        837.4729091099331,
        3832.822808713329
    ],
    "19": [
        7209.401123046875,
        763.5142117909023
    ],
    "20": [
        20623.67703683036,
        3712.89981515067
    ],
    "21": [
        9383.698016826924,
        7597.421912560096
    ],
    "22": [
        5586.550048828125,
        10152.668497721354
    ],
    "23": [
        15027.223353794643,
        2923.699637276786
    ],
    "24": [
        9465.39974975586,
        13691.34619140625
    ],
    "25": [
        3228.386685884916,
        17466.03019831731
    ],
    "26": [
        12692.471842447916,
        898.9142656326294
    ],
    "27": [
        1381.1799748965673,
        20613.00069754464
    ],
    "28": [
        25335.37578125,
        17052.7390625
    ],
    "29": [
        13716.7314453125,
        15886.012084960938
    ],
    "30": [
        8515.505154079861,
        18778.775390625
    ],
    "31": [
        4417.565054086538,
        2757.8843947190503
    ],
    "32": [
        27184.292317708332,
        8837.3330078125
    ],
    "33": [
        4022.9031451681385,
        594.4460246459297
    ],
    "34": [
        3676.9495442708335,
        27007.99609375
    ],
    "35": [
        892.1063971268503,
        5528.529900801809
    ],
    "36": [
        6515.287016369048,
        16311.404296875
    ],
    "37": [
        1028.353769166129,
        12731.605782645089
    ],
    "38": [
        13926.2529296875,
        10993.294389204546
    ],
    "39": [
        11728.701171875,
        19891.825737847223
    ],
    "40": [
        12859.804504394531,
        6854.276092529297
    ],
    "41": [
        454.2710457337208,
        553.6156486051204
    ],
    "42": [
        1260.244826078415,
        14817.920949835527
    ],
    "43": [
        8262.675244140624,
        22850.6654296875
    ],
    "44": [
        643.7568092757258,
        2205.6453247070313
    ],
    "45": [
        960.4494066238403,
        23243.581640625
    ],
    "46": [
        6714.788198617788,
        7640.8506422776445
    ],
    "47": [
        761.9955416227642,
        17769.701274671053
    ],
    "48": [
        21152.35714285714,
        15510.966517857143
    ],
    "49": [
        7842.876977539063,
        5489.2798828125
    ],
    "50": [
        10123.185913085938,
        5070.404561360677
    ],
    "51": [
        17362.7689453125,
        3532.69658203125
    ],
    "52": [
        18701.206640625,
        26432.106640625
    ],
    "53": [
        27395.957741477272,
        2055.4850222847676
    ],
    "54": [
        680.2247523250002,
        10055.047792376894
    ],
    "55": [
        4945.547607421875,
        22835.258056640625
    ],
    "56": [
        8269.713117327008,
        10567.468226841518
    ],
    "57": [
        20557.228515625,
        11270.703404017857
    ],
    "58": [
        3167.1199951171875,
        11409.439453125
    ],
    "59": [
        6327.546270461309,
        13009.504138764882
    ],
    "60": [
        2591.6034624148638,
        2384.8015637520034
    ],
    "61": [
        1925.6509454900568,
        688.6469477653503
    ],
    "62": [
        2639.994816706731,
        6621.035268930288
    ],
    "63": [
        15439.052001953125,
        21861.93017578125
    ],
    "64": [
        8338.519461495536,
        26224.123604910714
    ],
    "65": [
        19360.6802734375,
        19066.1740234375
    ],
    "66": [
        1469.095925649007,
        26223.601888020832
    ],
    "67": [
        17691.9068359375,
        640.5136150360107
    ],
    "68": [
        831.6002532635864,
        7503.690648129112
    ],
    "69": [
        18436.262428977272,
        6581.309259588068
    ],
    "70": [
        12233.370930989584,
        3562.2598978678384
    ],
    "71": [
        9200.845703125,
        885.9803324490786
    ],
    "72": [
        2853.5302999745245,
        9047.928519870924
    ],
    "73": [
        21794.404296875,
        22552.7421875
    ],
    "74": [
        22782.02521306818,
        7527.523703835227
    ],
    "75": [
        5614.671950120192,
        20159.19591346154
    ],
    "76": [
        15078.667209201389,
        820.9672230614556
    ],
    "77": [
        3697.4054963485055,
        14234.13676120924
    ],
    "78": [
        15546.462219238281,
        8467.993682861328
    ],
    "79": [
        25538.80615234375,
        12569.983154296875
    ]
}