{
    "0": [
        4017.65380859375,
        20382.012369791668
    ],
    "1": [
        605.3232421875,
        4744.64599609375
    ],
    "2": [
        6185.641438802083,
        5847.3984375
    ],
    "3": [
        2888.9515380859375,
        2967.77783203125
    ],
    "4": [
        176.36371660232544,
        1865.6885986328125
    ],
    "5": [
        25093.73828125,
        6628.248046875
    ],
    "6": [
        13762.979817708334,
        2027.5706380208333
    ],
    "7": [
        12877.37646484375,
        7185.905517578125
    ],
    "8": [
        9087.9658203125,
        6091.7484130859375
    ],
    "9": [
        6286.91845703125,
        9407.0908203125
    ],
    "10": [
        3065.6197509765625,
        5040.3974609375
    ],
    "11": [
        1401.1805623372395,
        13457.6943359375
    ],
    "12": [
        19024.771484375,
        4745.389322916667
    ],
    "13": [
        16696.0625,
        415.6107940673828
    ],
    "14": [
        4835.596923828125,
        1734.4149780273438
    ],
    "15": [
        5046.47119140625,
        639.62158203125
    ],
    "16": [
        20065.38671875,
        8354.401529947916
    ],
    "17": [
        5271.06884765625,
        1172.3472900390625
    ],
    "18": [
        3351.6705322265625,
        8783.1123046875
    ],
    "19": [
        14538.393798828125,
        21716.5673828125
    ],
    "20": [
        17181.12890625,
        1688.544189453125
    ],
    "21": [
        414.65333890914917,
        9845.3916015625
    ],
    "22": [
        4556.8046875,
        3393.960693359375
    ],
    "23": [
        4974.82275390625,
        156.35214233398438
    ],
    "24": [
        12024.9140625,
        13327.540364583334
    ],
    "25": [
        1132.8438186645508,
        25273.681640625
    ],
    "26": [
        7699.757080078125,
        1193.6828918457031
    ],
    "27": [
        952.354970296224,
        6473.268391927083
    ],
    "28": [
        1067.8149505615233,
        8968.1259765625
    ],
    "29": [
        4025.4677734375,
        4261.51318359375
    ],
    "30": [
        4258.654052734375,
        805.227783203125
    ],
    "31": [
        1622.1017252604167,
        2272.9938151041665
    ],
    "32": [
        9673.651041666666,
        1959.1796061197917
    ],
    "33": [
        19138.695068359375,
        15152.905517578125
    ],
    "34": [
        9611.8974609375,
        8644.586669921875
    ],
    "35": [
        5043.347412109375,
        14709.348388671875
    ],
    "36": [
        12322.150390625,
        389.3857930501302
    ],
    "37": [
        1523.4237060546875,
        746.5688648223877
    ],
    "38": [
        624.5830688476563,
        3290.2553100585938
    ],
    "39": [
        20557.4921875,
        588.5550842285156
    ]
}