{
    "0": [
        8050.238252527573,
        7509.412515079274
    ],
    "1": [
        16225.6447265625,
        12321.087974330358
    ],
    "2": [
        9308.444240025112,
        15822.777003696987
    ],
    "3": [
        15890.62178147007,
        23610.894283670776
    ],
    "4": [
        10306.888871626421,
        12081.748246626421
    ],
    "5": [
        13113.521654211956,
        1044.6174407466021
    ],
    "6": [
        20479.685412176725,
        13010.723486889368
    ],
    "7": [
        10787.84262894611,
        882.6563669345817
    ],
    "8": [
        12555.115287162162,
        6242.079428183066
    ],
    "9": [
        13263.46782562023,
        9956.431946266699
    ],
    "10": [
        6304.412447842685,
        21118.436582623108
    ],
    "11": [
        5506.691105185395,
        2788.8809643681184
    ],
    "12": [
        1722.9813421907097,
        22100.601441271552
    ],
    "13": [
        22728.407041139242,
        1482.6582085588311
    ],
    "14": [
        711.4311052275519,
        6401.010477180155
    ],
    "15": [
        4568.926795372596,
        5148.930742071931
    ],
    "16": [
        1265.2768774254378,
        26012.505859375
    ],
    "17": [
        2075.648155356353,
        2875.193324250995
    ],
    "18": [
        19555.255919012405,
        4917.380309592677
    ],
    "19": [
        1625.3813416059004,
        18866.46982578543
    ],
    "20": [
        9588.038010602679,
        5190.79380998884
    ],
    "21": [
        15702.681159933614,
        1118.4553806917654
    ],
    "22": [
        5195.902388139205,
        25904.784416429924
    ],
    "23": [
        10258.195901956644,
        19690.257636542792
    ],
    "24": [
        19293.13277599299,
        8876.059132228387
    ],
    "25": [
        7182.435794659515,
        13314.323817922108
    ],
    "26": [
        25127.80247738487,
        14787.918675472862
    ],
    "27": [
        652.3071609528779,
        2153.1865550853586
    ],
    "28": [
        2602.1125759548613,
        4973.45617223669
    ],
    "29": [
        2802.2114372065503,
        7315.061975638855
    ],
    "30": [
        9977.011711516203,
        8751.839156539352
    ],
    "31": [
        15841.624573613557,
        3768.687546421105
    ],
    "32": [
        26622.01467285156,
        2924.1049159169197
    ],
    "33": [
        10423.510016547309,
        24922.220513237848
    ],
    "34": [
        647.5546914308586,
        590.4894335838882
    ],
    "35": [
        12380.671768363865,
        3456.1367019127156
    ],
    "36": [
        9651.471261160714,
        2730.337253736413
    ],
    "37": [
        18779.48057972301,
        1094.9362739080732
    ],
    "38": [
        7611.4295229411255,
        2983.7548767427056
    ],
    "39": [
        6845.0103198902025,
        10278.04271801098
    ],
    "40": [
        619.2621247651485,
        4265.769487116887
    ],
    "41": [
        4055.6595728165066,
        13229.877599158654
    ],
    "42": [
        1130.607902809167,
        11350.681979765952
    ],
    "43": [
        23961.141382334183,
        7264.028529575893
    ],
    "44": [
        23136.82252177254,
        21440.314228995903
    ],
    "45": [
        15976.947014086174,
        7046.4261844519415
    ],
    "46": [
        6385.764408203125,
        758.3399788475036
    ],
    "47": [
        918.3531134007969,
        8775.673765427407
    ],
    "48": [
        3502.6659876617564,
        9968.477797184747
    ],
    "49": [
        6656.045603197675,
        5214.281389103379
    ],
    "50": [
        4349.893966829979,
        774.265810259722
    ],
    "51": [
        8557.659048063859,
        731.4971155944078
    ],
    "52": [
        3846.945100418245,
        2744.5456894383287
    ],
    "53": [
        1498.777380551107,
        16096.955736871301
    ],
    "54": [
        5234.955974735015,
        7787.7615331460165
    ],
    "55": [
        5574.924273212139,
        17209.851600060098
    ],
    "56": [
        17361.119016335226,
        18078.88086825284
    ],
    "57": [
        2418.2917993308524,
        712.2624050576306
    ],
    "58": [
        13055.544972826086,
        15211.97816745924
    ],
    "59": [
        1019.6722030809948,
        13749.111220810439
    ]
}