{
    "0": [
        11398.629991319445,
        498.01248327891034
    ],
    "1": [
        23891.098754882813,
        751.4636154174805
    ],
    "2": [
        14155.4916796875,
        1259.4149899291992
    ],
    "3": [
        18456.753038194445,
        1079.7433771204066
    ],
    "4": [
        4887.786078559027,
        3654.7580475983796
    ],
    "5": [
        6229.499409993489,
        6259.058207194011
    ],
    "6": [
        2358.033405520699,
        18867.931107954544
    ],
    "7": [
        3012.1153188852163,
        2990.5179255558896
    ],
    "8": [
        9465.346786499023,
        12837.91455078125
    ],
    "9": [
        6380.733354048295,
        1054.4244974887733
    ],
    "10": [
        24983.811257102272,
        18171.080788352272
    ],
    "11": [
        8901.172318892046,
        20857.666725852272
    ],
    "12": [
        970.0658107297174,
        9391.414348733837
    ],
    "13": [
        1204.5529991888232,
        13181.187563004032
    ],
    "14": [
        20183.647879464286,
        5277.2471923828125
    ],
    "15": [
        8363.732530381945,
        749.9577830102709
    ],
    "16": [
        4879.706787109375,
        13415.979345703125
    ],
    "17": [
        17740.67998798077,
        7769.283728966346
    ],
    "18": [
        8260.342805989583,
        3745.3609375
    ],
    "19": [
        13402.548913043478,
        11381.953125
    ],
    "20": [
        480.8043032559481,
        5635.434237393466
    ],
    "21": [
        12602.090115017361,
        6104.044487847223
    ],
    "22": [
        9462.86328125,
        6032.0552978515625
    ],
    "23": [
        15756.349989149305,
        16951.83669704861
    ],
    "24": [
        19140.726725260418,
        11905.782307942709
    ],
    "25": [
        14249.12686434659,
        24503.036754261364
    ],
    "26": [
        4007.490849247685,
        5903.161838107639
    ],
    "27": [
        664.0415396545873,
        2090.9638154000945
    ],
    "28": [
        15822.03696986607,
        3371.777140299479
    ],
    "29": [
        2067.696729387556,
        7156.147757393973
    ],
    "30": [
        3072.451545313785,
        24493.37263569079
    ],
    "31": [
        1119.7096902302333,
        551.8665654659271
    ],
    "32": [
        24438.78310546875,
        7512.375341796875
    ],
    "33": [
        8492.104248046875,
        9368.505582682292
    ],
    "34": [
        12012.79917689732,
        3321.9403163364955
    ],
    "35": [
        7459.41611328125,
        16578.248177083333
    ],
    "36": [
        3789.8082386363635,
        9429.76649798769
    ],
    "37": [
        1562.4948137555803,
        4159.053278459822
    ],
    "38": [
        4211.030104864211,
        942.1217457907541
    ],
    "39": [
        9874.023817274305,
        2297.726264105903
    ]
}