{
    "0": [
        5678.119406274324,
        1562.9062696557862
    ],
    "1": [
        4831.869150504621,
        6391.8103371230545
    ],
    "2": [
        1568.897231697536,
        1200.4380800563522
    ],
    "3": [
        1548.7145305067284,
        8796.26798169527
    ],
    "4": [
        3015.5540798076067,
        24011.954008338224
    ],
    "5": [
        20626.22109439673,
        21116.857189052153
    ],
    "6": [
        23514.251972631868,
        2649.2240259966043
    ],
    "7": [
        18471.869688653744,
        7177.246821021229
    ],
    "8": [
        1387.3499895696316,
        4458.515412742006
    ],
    "9": [
        11667.206928107444,
        22851.817301615167
    ],
    "10": [
        14531.356267029973,
        14181.552320599882
    ],
    "11": [
        12714.803601086816,
        7491.298373101296
    ],
    "12": [
        16291.147736137435,
        1987.9943567357693
    ],
    "13": [
        10941.743391882674,
        1542.9828610197421
    ],
    "14": [
        23212.257798936633,
        12521.048361319083
    ],
    "15": [
        1759.4883820298628,
        18341.435603953574
    ],
    "16": [
        7792.9340639311695,
        10905.3858916184
    ],
    "17": [
        2179.750919786201,
        13202.175953385236
    ],
    "18": [
        7494.630444421202,
        16789.805526502474
    ],
    "19": [
        8600.120598449434,
        4938.858303457365
    ]
}