{
    "0": [
        14947.250071455792,
        6761.716525342988
    ],
    "1": [
        3094.918221714985,
        3557.651092161615
    ],
    "2": [
        16464.88777043269,
        1755.6817596523579
    ],
    "3": [
        6452.812618907869,
        17467.19803979113
    ],
    "4": [
        9195.944385193941,
        13180.889545641447
    ],
    "5": [
        2084.3847999297654,
        21653.882990910457
    ],
    "6": [
        24410.251915200242,
        15139.29546230279
    ],
    "7": [
        5806.320915026542,
        3519.585471911308
    ],
    "8": [
        9751.812524320521,
        8011.947072931634
    ],
    "9": [
        8917.104307033871,
        4080.590601569054
    ],
    "10": [
        19093.79651797715,
        6122.8470353977655
    ],
    "11": [
        12587.941572265625,
        24582.207421875
    ],
    "12": [
        13059.408655894886,
        1288.8664249420167
    ],
    "13": [
        4805.7577961487805,
        1032.8781874512965
    ],
    "14": [
        7852.407813662574,
        21626.141520182293
    ],
    "15": [
        6218.902405724159,
        6520.008747746394
    ],
    "16": [
        2590.847381591797,
        829.919930986914
    ],
    "17": [
        13539.52650122549,
        11233.731837852329
    ],
    "18": [
        20508.930612167875,
        1411.3563864254145
    ],
    "19": [
        12154.31068638393,
        16720.31303377329
    ],
    "20": [
        18747.964005870934,
        11777.303699380547
    ],
    "21": [
        7359.379311723319,
        1013.5199417398687
    ],
    "22": [
        12226.95209981198,
        4620.500369756548
    ],
    "23": [
        25228.026589439654,
        2116.820220542776
    ],
    "24": [
        4641.3332082423585,
        13266.29032478166
    ],
    "25": [
        1540.5104749197335,
        18021.983058187216
    ],
    "26": [
        23958.316980698528,
        7428.5402196034665
    ],
    "27": [
        3294.5651919047036,
        6273.111321343316
    ],
    "28": [
        1319.6538351411405,
        14684.284280045702
    ],
    "29": [
        841.1823721388927,
        2909.411330764358
    ],
    "30": [
        1060.658047937148,
        8411.86606499869
    ],
    "31": [
        1254.529577293728,
        11559.467309879352
    ],
    "32": [
        836.2816254741814,
        5482.356010249915
    ],
    "33": [
        6939.066802499182,
        10139.756288857985
    ],
    "34": [
        22059.23358154297,
        22698.48306274414
    ],
    "35": [
        17302.535740649608,
        18399.758235420766
    ],
    "36": [
        3784.4159762198465,
        9451.654308867874
    ],
    "37": [
        2721.112550514332,
        26125.851675724636
    ],
    "38": [
        9957.612058448245,
        1149.3216082557908
    ],
    "39": [
        697.6436328356708,
        817.8003392067037
    ]
}