{
    "0": [
        8224.70654296875,
        6203.6942138671875
    ],
    "1": [
        4509.610168457031,
        8552.90478515625
    ],
    "2": [
        796.2907475233078,
        8916.826721191406
    ],
    "3": [
        18337.64765625,
        739.3751892089844
    ],
    "4": [
        20932.243896484375,
        6569.483581542969
    ],
    "5": [
        20126.127604166668,
        14580.994466145834
    ],
    "6": [
        518.5308559735616,
        3387.6908365885415
    ],
    "7": [
        4522.50927734375,
        3692.404052734375
    ],
    "8": [
        2196.5899658203125,
        5674.349853515625
    ],
    "9": [
        2700.7165018717446,
        13585.041015625
    ],
    "10": [
        8107.895670572917,
        1241.266825358073
    ],
    "11": [
        13042.565104166666,
        1208.4782155354817
    ],
    "12": [
        1529.5866622924805,
        1653.956396818161
    ],
    "13": [
        14865.99453125,
        20746.981640625
    ],
    "14": [
        11061.843627929688,
        14420.712890625
    ],
    "15": [
        2863.7298126220703,
        22338.680078125
    ],
    "16": [
        7941.864013671875,
        9436.1953125
    ],
    "17": [
        4815.9169921875,
        960.9035148620605
    ],
    "18": [
        10048.39013671875,
        2270.5520629882813
    ],
    "19": [
        11548.25830078125,
        6928.1748046875
    ]
}