{
    "0": [
        22445.85498046875,
        6442.16845703125
    ],
    "1": [
        1229.6468073037954,
        23660.891075721152
    ],
    "2": [
        3444.7946495643027,
        552.3476255857028
    ],
    "3": [
        22457.98828125,
        23721.5478515625
    ],
    "4": [
        3676.9495442708335,
        27007.99609375
    ],
    "5": [
        2341.513668284697,
        2281.7208862304688
    ],
    "6": [
        935.1941949893267,
        4438.0051832932695
    ],
    "7": [
        11895.7908203125,
        7906.196875
    ],
    "8": [
        9187.97007533482,
        11472.250558035714
    ],
    "9": [
        15814.808268229166,
        14760.125759548611
    ],
    "10": [
        916.3390388659069,
        14935.375
    ],
    "11": [
        26089.42998798077,
        19744.33067908654
    ],
    "12": [
        8898.388828125,
        4473.4371875
    ],
    "13": [
        5284.185211181641,
        9186.469055175781
    ],
    "14": [
        10814.533133370536,
        460.5195779459817
    ],
    "15": [
        19356.883680555555,
        9537.19775390625
    ],
    "16": [
        9372.564147949219,
        22707.023193359375
    ],
    "17": [
        9558.749476841518,
        14265.60288783482
    ],
    "18": [
        2878.1964470358457,
        8192.887925091913
    ],
    "19": [
        1040.6177153153853,
        17232.280184659092
    ],
    "20": [
        7291.8826171875,
        6176.059301757812
    ],
    "21": [
        3295.9595075334823,
        11916.186616443452
    ],
    "22": [
        761.7987175870825,
        9143.179253472223
    ],
    "23": [
        18311.578741776317,
        612.7813206722861
    ],
    "24": [
        9545.320591517857,
        6967.764299665178
    ],
    "25": [
        9109.714675377156,
        939.4090510401232
    ],
    "26": [
        12342.4212890625,
        3492.5460693359373
    ],
    "27": [
        27014.6806640625,
        9520.82470703125
    ],
    "28": [
        18252.902994791668,
        6238.051106770833
    ],
    "29": [
        19886.0615234375,
        20600.0517578125
    ],
    "30": [
        27219.546037946428,
        933.0633078983852
    ],
    "31": [
        5583.759127103365,
        14246.037259615385
    ],
    "32": [
        20817.321126302082,
        1151.086477279663
    ],
    "33": [
        27704.67822265625,
        4019.7230224609375
    ],
    "34": [
        4675.331451416016,
        4796.711161295573
    ],
    "35": [
        682.559070405506,
        5805.8427966889885
    ],
    "36": [
        16174.3353515625,
        8483.93291015625
    ],
    "37": [
        14129.42196377841,
        8098.865056818182
    ],
    "38": [
        3390.487823486328,
        20002.923828125
    ],
    "39": [
        24038.1416015625,
        1028.6145184834797
    ],
    "40": [
        9501.230694110576,
        16380.121619591346
    ],
    "41": [
        458.31541066556366,
        511.9073695548483
    ],
    "42": [
        24069.559765625,
        4158.18017578125
    ],
    "43": [
        16099.028686523438,
        743.0597162246704
    ],
    "44": [
        13499.52033547794,
        5594.808076746323
    ],
    "45": [
        3089.5804942737927,
        14326.367054332386
    ],
    "46": [
        6446.7845651726975,
        3591.8179481907896
    ],
    "47": [
        7083.467810997596,
        16147.905498798076
    ],
    "48": [
        4806.637015206473,
        17246.327218191964
    ],
    "49": [
        1249.8040754530166,
        26614.161675347223
    ],
    "50": [
        6539.459542410715,
        7874.515578497024
    ],
    "51": [
        12410.271106350807,
        940.6063109367125
    ],
    "52": [
        871.3593033917489,
        7230.895570816532
    ],
    "53": [
        7135.966905381944,
        10445.662217881945
    ],
    "54": [
        14741.88251201923,
        17192.117938701922
    ],
    "55": [
        7056.016424005682,
        12705.756303267046
    ],
    "56": [
        450.2876831054688,
        18738.4587890625
    ],
    "57": [
        2789.11667767693,
        17137.729434742647
    ],
    "58": [
        13848.01953125,
        10762.74755859375
    ],
    "59": [
        2493.6437255859373,
        6288.50671875
    ],
    "60": [
        4534.328790838068,
        22729.167613636364
    ],
    "61": [
        10278.984142485118,
        2606.9307861328125
    ],
    "62": [
        8972.4697265625,
        9219.018988715277
    ],
    "63": [
        4700.307461825284,
        687.1179148934104
    ],
    "64": [
        5751.536865234375,
        1712.7602437337239
    ],
    "65": [
        949.9318635559082,
        12713.3334765625
    ],
    "66": [
        2780.4115125868057,
        4252.061774359809
    ],
    "67": [
        18701.206640625,
        26432.106640625
    ],
    "68": [
        15439.052001953125,
        21861.93017578125
    ],
    "69": [
        676.3182387656354,
        1949.5892100232713
    ],
    "70": [
        12073.8388671875,
        19458.262276785714
    ],
    "71": [
        4116.970012796336,
        2599.756734913793
    ],
    "72": [
        22990.424665178572,
        16853.74051339286
    ],
    "73": [
        4564.5193869850855,
        7165.332408558239
    ],
    "74": [
        14107.676513671875,
        25152.84423828125
    ],
    "75": [
        20510.01697716346,
        3584.0045635516826
    ],
    "76": [
        17330.6203125,
        11729.098828125
    ],
    "77": [
        18549.217862215908,
        17422.265003551136
    ],
    "78": [
        1890.4211959838867,
        625.5718311568102
    ],
    "79": [
        981.9305346806844,
        20849.623480902777
    ],
    "80": [
        15027.223353794643,
        2923.699637276786
    ],
    "81": [
        11127.544170673076,
        5138.634690504808
    ],
    "82": [
        3386.7643899356617,
        10166.195944393383
    ],
    "83": [
        7133.958378232759,
        730.2645772736648
    ],
    "84": [
        6442.391202059659,
        22517.741654829544
    ],
    "85": [
        12166.204996744791,
        13554.150472005209
    ],
    "86": [
        26658.2548828125,
        15074.835693359375
    ],
    "87": [
        5839.835693359375,
        19986.27099609375
    ],
    "88": [
        642.216342250506,
        3210.0456339518228
    ],
    "89": [
        908.6443738937378,
        10679.703076171874
    ],
    "90": [
        8515.505154079861,
        18778.775390625
    ],
    "91": [
        15544.092041015625,
        5254.419270833333
    ],
    "92": [
        8338.519461495536,
        26224.123604910714
    ],
    "93": [
        14424.45546875,
        767.277265548706
    ],
    "94": [
        5575.107776988636,
        11384.399769176136
    ],
    "95": [
        11292.388671875,
        9734.73428622159
    ],
    "96": [
        17501.471261160714,
        3264.3785226004466
    ],
    "97": [
        7652.256429036458,
        2566.0188954671225
    ],
    "98": [
        20093.751953125,
        13013.72705078125
    ],
    "99": [
        23076.7958984375,
        9959.171223958334
    ]
}