{
    "0": [
        2476.5030990108366,
        4029.8642026839716
    ],
    "1": [
        8338.519461495536,
        26224.123604910714
    ],
    "2": [
        19404.5615234375,
        26052.6015625
    ],
    "3": [
        21337.32449776786,
        916.4536666870117
    ],
    "4": [
        684.5345896932814,
        3358.392778862847
    ],
    "5": [
        3533.520617675781,
        14350.61171875
    ],
    "6": [
        16514.727111816406,
        2962.2924575805664
    ],
    "7": [
        9034.3876953125,
        8904.23720703125
    ],
    "8": [
        1060.7974849180741,
        20779.189453125
    ],
    "9": [
        7522.549011230469,
        10552.051635742188
    ],
    "10": [
        24069.559765625,
        4158.18017578125
    ],
    "11": [
        4839.867154947917,
        22747.20859375
    ],
    "12": [
        23284.104817708332,
        16940.7197265625
    ],
    "13": [
        1036.3503930370014,
        8542.42836216518
    ],
    "14": [
        3147.6226196289063,
        19340.7529296875
    ],
    "15": [
        439.357276863522,
        509.93574639740916
    ],
    "16": [
        5980.270612444197,
        12258.878627232143
    ],
    "17": [
        6262.494645182292,
        1225.2946792602538
    ],
    "18": [
        564.1489899953207,
        18410.666015625
    ],
    "19": [
        4927.905094401041,
        17257.3869140625
    ],
    "20": [
        13979.420491536459,
        7546.547037760417
    ],
    "21": [
        2295.994899749756,
        2277.355655670166
    ],
    "22": [
        26141.03515625,
        12886.382161458334
    ],
    "23": [
        5480.395483398437,
        10071.7236328125
    ],
    "24": [
        22457.98828125,
        23721.5478515625
    ],
    "25": [
        3647.9424571161685,
        2305.215719471807
    ],
    "26": [
        11590.743049172794,
        523.8386523863849
    ],
    "27": [
        5825.908203125,
        20312.68732244318
    ],
    "28": [
        8508.220084635417,
        12651.459895833334
    ],
    "29": [
        2817.9533121744794,
        16983.203776041668
    ],
    "30": [
        7593.595749627976,
        748.3874916803269
    ],
    "31": [
        4606.721948868189,
        711.7959364377535
    ],
    "32": [
        3204.2216918945314,
        392.99647974967957
    ],
    "33": [
        659.4406753208326,
        1960.0932192595108
    ],
    "34": [
        6018.7791748046875,
        14817.646647135416
    ],
    "35": [
        14155.655479029605,
        5276.131321957237
    ],
    "36": [
        11200.379069010416,
        17881.3408203125
    ],
    "37": [
        17589.984266493055,
        17971.137369791668
    ],
    "38": [
        20509.567243303572,
        3486.762381417411
    ],
    "39": [
        26519.17822265625,
        8903.98046875
    ],
    "40": [
        4314.198187934027,
        7517.785590277777
    ],
    "41": [
        5329.091064453125,
        2575.1219482421875
    ],
    "42": [
        1155.205238699913,
        14500.710626775568
    ],
    "43": [
        10716.256626674107,
        10501.73095703125
    ],
    "44": [
        12815.731482872596,
        951.3759612303513
    ],
    "45": [
        7631.10822265625,
        2630.43982421875
    ],
    "46": [
        4720.089466441761,
        4480.793612393466
    ],
    "47": [
        24166.376953125,
        1093.1094841590295
    ],
    "48": [
        14138.9369140625,
        2964.523681640625
    ],
    "49": [
        27471.936848958332,
        777.3990138371786
    ],
    "50": [
        686.1452022075653,
        10219.799772135417
    ],
    "51": [
        19835.749267578125,
        15165.423828125
    ],
    "52": [
        8515.505154079861,
        18778.775390625
    ],
    "53": [
        18713.08984375,
        7344.459167480469
    ],
    "54": [
        9386.147981770833,
        782.6897822856903
    ],
    "55": [
        16200.167426215277,
        9714.079644097223
    ],
    "56": [
        9013.391981336805,
        6652.460530598958
    ],
    "57": [
        10393.321010044643,
        14505.0029296875
    ],
    "58": [
        27357.8798828125,
        16605.748046875
    ],
    "59": [
        11740.553267045454,
        8417.498313210228
    ],
    "60": [
        6538.2451404389885,
        8150.152460007441
    ],
    "61": [
        14357.085518973214,
        17760.809709821428
    ],
    "62": [
        22494.446614583332,
        6676.517578125
    ],
    "63": [
        741.9415919655248,
        4972.680574115954
    ],
    "64": [
        11471.991796875,
        20832.748828125
    ],
    "65": [
        1124.7834434509277,
        17013.91650390625
    ],
    "66": [
        1836.5578486124675,
        660.8023011187712
    ],
    "67": [
        8105.227894176136,
        22969.33220880682
    ],
    "68": [
        3676.9495442708335,
        27007.99609375
    ],
    "69": [
        3537.438509114583,
        5228.283072916666
    ],
    "70": [
        16497.627604166668,
        6532.111979166667
    ],
    "71": [
        787.2636258525233,
        6935.743274319557
    ],
    "72": [
        10165.938383556548,
        2438.7321428571427
    ],
    "73": [
        14427.039713541666,
        26381.937825520832
    ],
    "74": [
        3127.057223849826,
        9788.273328993055
    ],
    "75": [
        19187.26953125,
        1173.3970366257888
    ],
    "76": [
        8151.827978515625,
        16034.340283203124
    ],
    "77": [
        968.4293579433275,
        12541.303626019022
    ],
    "78": [
        1229.6468073037954,
        23660.891075721152
    ],
    "79": [
        11442.896223958332,
        5543.914811197917
    ],
    "80": [
        11862.436868106617,
        3568.467715992647
    ],
    "81": [
        15040.501871744791,
        728.4375776449839
    ],
    "82": [
        2958.4940892269738,
        7473.2928659539475
    ],
    "83": [
        14392.081176757813,
        15955.028686523438
    ],
    "84": [
        1249.8040754530166,
        26614.161675347223
    ],
    "85": [
        9133.30653889974,
        4478.179280598958
    ],
    "86": [
        17577.995361328125,
        401.45475912094116
    ],
    "87": [
        27704.67822265625,
        4019.7230224609375
    ],
    "88": [
        6145.944798519737,
        6708.6239206414475
    ],
    "89": [
        2126.8554626464843,
        6143.0623046875
    ],
    "90": [
        13671.597493489584,
        10442.229654947916
    ],
    "91": [
        12947.749581473214,
        13115.17494419643
    ],
    "92": [
        22159.105794270832,
        10702.443359375
    ],
    "93": [
        19930.188616071428,
        20215.047433035714
    ],
    "94": [
        17861.5205078125,
        4345.409423828125
    ],
    "95": [
        3244.0156568444295,
        11736.94828464674
    ],
    "96": [
        19371.919270833332,
        10837.050564236111
    ],
    "97": [
        16511.32421875,
        14256.08349609375
    ],
    "98": [
        7017.8626901726975,
        4317.137926603618
    ],
    "99": [
        14849.024135044643,
        22618.424944196428
    ]
}