{
    "0": [
        8513.73025894165,
        7473.245922088623
    ],
    "1": [
        7267.933457411729,
        782.2120708056858
    ],
    "2": [
        19399.01532315341,
        4761.132739257812
    ],
    "3": [
        5549.162952161815,
        2428.668557363014
    ],
    "4": [
        1146.9179184603136,
        25525.28649618459
    ],
    "5": [
        12039.63897235577,
        4311.697745559562
    ],
    "6": [
        11796.64834872159,
        2229.987840687145
    ],
    "7": [
        3586.881257304995,
        12638.874938484252
    ],
    "8": [
        13592.133051446144,
        15840.81224027593
    ],
    "9": [
        24143.524576822918,
        11956.189290364584
    ],
    "10": [
        627.8189006521811,
        6212.2076727175245
    ],
    "11": [
        5119.416310740041,
        11285.131202781593
    ],
    "12": [
        14236.464220063026,
        5638.93586077009
    ],
    "13": [
        9561.245540978774,
        2694.392105966244
    ],
    "14": [
        8885.595252403846,
        692.6874904054156
    ],
    "15": [
        22541.956254706325,
        6801.744064147214
    ],
    "16": [
        5970.213534268466,
        22651.21484375
    ],
    "17": [
        5789.003487342043,
        615.8848551609477
    ],
    "18": [
        679.4616772393298,
        1876.4595764429034
    ],
    "19": [
        901.1427364904176,
        13855.735308569183
    ],
    "20": [
        16766.198348335598,
        24671.564707880436
    ],
    "21": [
        4715.433031611082,
        8683.03281332064
    ],
    "22": [
        14900.011955779733,
        12049.681185527912
    ],
    "23": [
        7104.59601171875,
        13518.9776484375
    ],
    "24": [
        2979.864746891595,
        10093.947686887255
    ],
    "25": [
        1028.1242718991268,
        11735.695334445225
    ],
    "26": [
        2875.3325385362086,
        470.40275520478895
    ],
    "27": [
        24696.173916903408,
        16561.174612334282
    ],
    "28": [
        5171.198980564024,
        4036.7194308149137
    ],
    "29": [
        4215.644735468259,
        1748.858472908068
    ],
    "30": [
        2282.587315035182,
        1715.4831995679842
    ],
    "31": [
        21938.869051168895,
        1582.3664451391642
    ],
    "32": [
        18696.572651957416,
        13855.654382726649
    ],
    "33": [
        777.0099937121073,
        7863.314847969715
    ],
    "34": [
        2523.4871455078123,
        6435.3375234375
    ],
    "35": [
        6396.247309666054,
        16963.413105085783
    ],
    "36": [
        1712.234881202094,
        21913.831230328236
    ],
    "37": [
        1064.7125573044732,
        16284.636672247023
    ],
    "38": [
        1842.1831934922407,
        3187.6968387941115
    ],
    "39": [
        10651.640192428691,
        695.8366156488457
    ],
    "40": [
        9338.8451455606,
        4895.256728713577
    ],
    "41": [
        9872.360835560581,
        15546.713687294408
    ],
    "42": [
        11294.242574439859,
        6600.218966502063
    ],
    "43": [
        10727.334825067936,
        12167.137661345108
    ],
    "44": [
        10253.487288135593,
        25446.95908368644
    ],
    "45": [
        2630.311748798077,
        8119.560670823317
    ],
    "46": [
        14184.826268724173,
        2326.335771040483
    ],
    "47": [
        3481.318833188657,
        3145.285865162037
    ],
    "48": [
        944.6694181901364,
        18820.375096849173
    ],
    "49": [
        16570.263111255786,
        3612.1972972728586
    ],
    "50": [
        1613.250683723612,
        536.2842562021093
    ],
    "51": [
        23303.358723958332,
        22804.80218349359
    ],
    "52": [
        6547.710953776042,
        9105.827571614584
    ],
    "53": [
        3667.7105220326207,
        18868.762112801534
    ],
    "54": [
        6389.867234870569,
        6207.137589639692
    ],
    "55": [
        19305.35476345486,
        9670.006243670428
    ],
    "56": [
        8401.253413685581,
        19913.949492872805
    ],
    "57": [
        18095.4786952227,
        18626.941945043105
    ],
    "58": [
        16816.49148220486,
        7298.897497106482
    ],
    "59": [
        9962.735370900371,
        9123.443547919245
    ],
    "60": [
        12989.860057341746,
        700.2149544037305
    ],
    "61": [
        26136.246124267578,
        5482.983875274658
    ],
    "62": [
        435.7018430010667,
        547.4748028762757
    ],
    "63": [
        428.22900366023845,
        3204.725458424562
    ],
    "64": [
        7942.5672317976805,
        10929.142628463273
    ],
    "65": [
        13256.004557291666,
        9227.66664284807
    ],
    "66": [
        4570.850124152132,
        6544.260147922723
    ],
    "67": [
        18651.34918534128,
        979.6524383990388
    ],
    "68": [
        15898.2156638121,
        952.4618596052512
    ],
    "69": [
        4233.932087687703,
        495.9131501332506
    ],
    "70": [
        845.8865117876009,
        9563.708872126437
    ],
    "71": [
        25553.25711495536,
        1184.1000769762766
    ],
    "72": [
        2000.277499112216,
        4763.998853278883
    ],
    "73": [
        4577.319019458912,
        26984.5341796875
    ],
    "74": [
        3535.4051399230957,
        4885.914112091064
    ],
    "75": [
        7075.471058565027,
        4217.231321447036
    ],
    "76": [
        7658.484258742559,
        2488.9970431857637
    ],
    "77": [
        521.0793689040395,
        4730.919522372159
    ],
    "78": [
        3563.017204733456,
        14985.584140296743
    ],
    "79": [
        12608.924338600853,
        20545.315585049717
    ]
}