{
    "0": [
        15101.403301770175,
        16814.547542523735
    ],
    "1": [
        612.684824511338,
        2029.7170793197802
    ],
    "2": [
        9948.988880504261,
        2910.6383064567267
    ],
    "3": [
        5859.4335282337815,
        2747.6739532857
    ],
    "4": [
        6929.3351515811755,
        15239.152666677042
    ],
    "5": [
        9516.981127168909,
        5252.059650540014
    ],
    "6": [
        17331.76481364544,
        3953.3757627099976
    ],
    "7": [
        4025.1037783668153,
        14772.65909908234
    ],
    "8": [
        22280.91764547414,
        6433.43617658944
    ],
    "9": [
        11418.17977627841,
        18205.987926136364
    ],
    "10": [
        1525.7349409419712,
        27244.962020420793
    ],
    "11": [
        14530.12562866211,
        3501.828978729248
    ],
    "12": [
        2205.653688401442,
        2250.979583974985
    ],
    "13": [
        3082.4626336155166,
        9865.57036544616
    ],
    "14": [
        931.1064374996959,
        13584.601993739048
    ],
    "15": [
        10427.457992846024,
        8309.496598868534
    ],
    "16": [
        24873.356026785714,
        18996.489425223215
    ],
    "17": [
        21888.17143654337,
        14725.44680723852
    ],
    "18": [
        13429.836845531798,
        9203.940335457784
    ],
    "19": [
        818.2728831369252,
        11104.738843936011
    ],
    "20": [
        1915.9559386774158,
        591.9793734252453
    ],
    "21": [
        11805.290402434593,
        26096.62495457849
    ],
    "22": [
        2983.500998876428,
        6003.432987336189
    ],
    "23": [
        27184.298492103495,
        1460.555700558488
    ],
    "24": [
        776.4938363906925,
        7158.733667044243
    ],
    "25": [
        12219.427742445765,
        1027.947110846023
    ],
    "26": [
        18753.025907628675,
        1222.3561886585153
    ],
    "27": [
        5583.109734786184,
        9261.135312862809
    ],
    "28": [
        21337.82432021104,
        1076.7501473189432
    ],
    "29": [
        20366.261357060186,
        10024.861044801311
    ],
    "30": [
        799.9468435077997,
        5420.60500770758
    ],
    "31": [
        5164.292625450721,
        6889.794968449519
    ],
    "32": [
        4204.569317294034,
        17850.701558948862
    ],
    "33": [
        14313.260550121191,
        890.8670283757418
    ],
    "34": [
        16801.260434105283,
        9893.86791701544
    ],
    "35": [
        2885.9369234751507,
        12174.68931193524
    ],
    "36": [
        16539.061902453017,
        1167.9155189874289
    ],
    "37": [
        7540.733194413879,
        18314.29471097418
    ],
    "38": [
        26428.00421262255,
        14142.171147365196
    ],
    "39": [
        11101.195652650984,
        11416.57401758544
    ],
    "40": [
        998.5267615246534,
        18772.48511966973
    ],
    "41": [
        6834.5103297124715,
        838.6083280697261
    ],
    "42": [
        15249.737601902174,
        6592.115832664279
    ],
    "43": [
        3407.300753989635,
        755.1310797833848
    ],
    "44": [
        4948.589386970766,
        21526.654512888825
    ],
    "45": [
        629.6331418772342,
        3669.3529661071575
    ],
    "46": [
        4002.566547648112,
        2569.2333635965983
    ],
    "47": [
        10816.996207524271,
        14987.277727738168
    ],
    "48": [
        10341.173113707597,
        746.0363073700648
    ],
    "49": [
        17700.974488676264,
        24453.57356039326
    ],
    "50": [
        23594.27266438802,
        24423.06815592448
    ],
    "51": [
        8585.53496759588,
        13044.281556285512
    ],
    "52": [
        19057.09118852459,
        19184.77066790471
    ],
    "53": [
        2373.411055788635,
        4167.585484254876
    ],
    "54": [
        12328.856896033654,
        6211.711456512237
    ],
    "55": [
        1913.0388360269292,
        24135.047891833117
    ],
    "56": [
        24162.339501449744,
        1701.399595773174
    ],
    "57": [
        1159.558836312043,
        16113.23089792352
    ],
    "58": [
        6575.664517841642,
        25517.17443266369
    ],
    "59": [
        17674.901894895185,
        14110.570828076476
    ],
    "60": [
        24923.84428111294,
        10036.964261239034
    ],
    "61": [
        1247.387179123339,
        21252.46890140504
    ],
    "62": [
        13837.160545459692,
        21440.966315670288
    ],
    "63": [
        8504.411018429235,
        863.6303015674091
    ],
    "64": [
        7866.673895521567,
        3015.9393871038733
    ],
    "65": [
        8125.680927734375,
        10197.459401041666
    ],
    "66": [
        12064.713793945313,
        3738.608564104353
    ],
    "67": [
        527.9682383564975,
        547.0999482795704
    ],
    "68": [
        6776.718046114042,
        5170.003442699878
    ],
    "69": [
        5498.189509157274,
        12005.936078381148
    ],
    "70": [
        4486.615020751953,
        4621.923824657093
    ],
    "71": [
        9238.189745429421,
        21797.736806441328
    ],
    "72": [
        18488.777626953124,
        6792.1585620117185
    ],
    "73": [
        5140.1599898580125,
        771.7295475654138
    ],
    "74": [
        14262.130873736212,
        12703.39186963848
    ],
    "75": [
        7872.5643699756565,
        7431.874278192935
    ],
    "76": [
        26090.05387228261,
        5711.041068699049
    ],
    "77": [
        793.3893858959508,
        8989.48410247093
    ],
    "78": [
        20852.862650240386,
        4071.377257361779
    ],
    "79": [
        2927.5807544339086,
        7871.570823095178
    ]
}