{
    "0": [
        1742.735107421875,
        13244.35400390625
    ],
    "1": [
        24110.70703125,
        14828.900390625
    ],
    "2": [
        12754.349934895834,
        11310.643880208334
    ],
    "3": [
        22150.244140625,
        444.54864501953125
    ],
    "4": [
        25093.73828125,
        6628.248046875
    ],
    "5": [
        18964.740234375,
        732.5615234375
    ],
    "6": [
        6486.4462890625,
        5098.2119140625
    ],
    "7": [
        4809.357014973958,
        703.0663604736328
    ],
    "8": [
        18984.20849609375,
        5332.9356689453125
    ],
    "9": [
        4379.6923828125,
        3683.1448567708335
    ],
    "10": [
        4972.241943359375,
        8745.235546875
    ],
    "11": [
        10054.501790364584,
        17312.064778645832
    ],
    "12": [
        345.19781494140625,
        1310.8994140625
    ],
    "13": [
        2454.919189453125,
        2862.063720703125
    ],
    "14": [
        952.354970296224,
        6473.268391927083
    ],
    "15": [
        5018.97900390625,
        19402.96484375
    ],
    "16": [
        718.0714721679688,
        13884.375
    ],
    "17": [
        1856.0013427734375,
        2829.87158203125
    ],
    "18": [
        7699.757080078125,
        1193.6828918457031
    ],
    "19": [
        484.48193359375,
        8413.80126953125
    ],
    "20": [
        4000.25244140625,
        13712.3876953125
    ],
    "21": [
        12322.150390625,
        389.3857930501302
    ],
    "22": [
        16857.751302083332,
        839.9219258626302
    ],
    "23": [
        1748.2011311848958,
        1722.5972900390625
    ],
    "24": [
        17273.039794921875,
        16445.357177734375
    ],
    "25": [
        13762.979817708334,
        2027.5706380208333
    ],
    "26": [
        351.86139456431073,
        2699.3872884114585
    ],
    "27": [
        15395.15283203125,
        23817.5615234375
    ],
    "28": [
        20666.8203125,
        8983.81494140625
    ],
    "29": [
        1132.8438186645508,
        25273.681640625
    ],
    "30": [
        685.2003173828125,
        4075.994384765625
    ],
    "31": [
        4835.596923828125,
        1734.4149780273438
    ],
    "32": [
        1698.6554768880208,
        9911.603841145834
    ],
    "33": [
        51.725566387176514,
        8984.49951171875
    ],
    "34": [
        9673.651041666666,
        1959.1796061197917
    ],
    "35": [
        3322.98388671875,
        3073.491943359375
    ],
    "36": [
        3516.9912109375,
        20871.5361328125
    ],
    "37": [
        1167.9857788085938,
        530.5122938156128
    ],
    "38": [
        9695.20200892857,
        6725.020438058035
    ],
    "39": [
        3065.6197509765625,
        5040.3974609375
    ]
}