{
    "0": [
        3325.719327059659,
        15162.931148308367
    ],
    "1": [
        9201.457409604058,
        656.6051811735043
    ],
    "2": [
        25699.337791732596,
        1156.6322894820685
    ],
    "3": [
        23267.091959635418,
        22407.494140625
    ],
    "4": [
        19605.831901041667,
        4764.799486142113
    ],
    "5": [
        11627.48114483173,
        26234.816556490383
    ],
    "6": [
        21130.587555803573,
        11684.57548828125
    ],
    "7": [
        13665.698567708334,
        13204.159429253472
    ],
    "8": [
        11341.79714499081,
        812.5009934789994
    ],
    "9": [
        3562.553241012688,
        4884.828279194079
    ],
    "10": [
        2003.0283900669642,
        3314.899712262835
    ],
    "11": [
        8797.564464938256,
        4551.112503543977
    ],
    "12": [
        848.7057763235068,
        11610.15860701196
    ],
    "13": [
        1343.9294628446753,
        22419.374171401516
    ],
    "14": [
        2789.6976748046877,
        8083.5067265625
    ],
    "15": [
        22068.49532390511,
        1632.981619359803
    ],
    "16": [
        6185.986666714188,
        2483.641461671704
    ],
    "17": [
        2730.369944174459,
        1535.0693450687438
    ],
    "18": [
        5130.261290899598,
        13169.948338876857
    ],
    "19": [
        7814.130814985795,
        14177.155486505682
    ],
    "20": [
        6681.263223087087,
        4610.203345803653
    ],
    "21": [
        9576.280924479166,
        6787.234463778409
    ],
    "22": [
        17095.22054893092,
        3284.612169767681
    ],
    "23": [
        500.4304806396768,
        4773.2436622413425
    ],
    "24": [
        4268.427973994502,
        522.8741978443699
    ],
    "25": [
        4439.551336725917,
        20611.318287700688
    ],
    "26": [
        1634.4356003220016,
        522.4301530760688
    ],
    "27": [
        14067.756328507965,
        9497.89501474418
    ],
    "28": [
        8486.926737034575,
        8709.517772052304
    ],
    "29": [
        5051.144495081018,
        3783.555810546875
    ],
    "30": [
        1949.5248642578124,
        4867.8290859375
    ],
    "31": [
        13510.283655543786,
        1049.8100424755764
    ],
    "32": [
        9879.943645735433,
        2554.0398701832705
    ],
    "33": [
        6644.878950639205,
        24108.47039240057
    ],
    "34": [
        5192.616525650024,
        8711.045482635498
    ],
    "35": [
        10869.102398212139,
        5046.835592416616
    ],
    "36": [
        833.7454831757232,
        7841.698905899139
    ],
    "37": [
        900.7134732047717,
        16356.427262369793
    ],
    "38": [
        11413.545641447368,
        8922.690846011514
    ],
    "39": [
        16398.33264484237,
        6654.744905454922
    ],
    "40": [
        2108.610318489075,
        26498.4025390625
    ],
    "41": [
        6726.41537890625,
        6689.16663671875
    ],
    "42": [
        17225.093430397726,
        22342.803835227274
    ],
    "43": [
        15076.727323457791,
        16787.91982041396
    ],
    "44": [
        8631.27268794545,
        19998.984323601973
    ],
    "45": [
        12020.885296198327,
        3065.5927984282725
    ],
    "46": [
        26202.91387939453,
        5680.954437255859
    ],
    "47": [
        18815.224166398195,
        8776.67935023357
    ],
    "48": [
        504.05639676317094,
        3332.005052923387
    ],
    "49": [
        18713.24384014423,
        883.8863355563237
    ],
    "50": [
        2685.092882156372,
        6443.863452911377
    ],
    "51": [
        8082.0537109375,
        2566.1035147207754
    ],
    "52": [
        6101.855801669034,
        17164.782661576704
    ],
    "53": [
        17020.799658203126,
        12311.779846191406
    ],
    "54": [
        7398.137774165372,
        771.3588946265463
    ],
    "55": [
        22794.57197627315,
        7105.608054832176
    ],
    "56": [
        4482.566286272321,
        1896.6278641183035
    ],
    "57": [
        1519.4460925916685,
        1918.1380258824704
    ],
    "58": [
        12819.914225260416,
        20906.08045372596
    ],
    "59": [
        801.5201507335828,
        9465.18864535108
    ],
    "60": [
        7539.276271275112,
        11136.856523786273
    ],
    "61": [
        4957.566159692141,
        10749.19755569307
    ],
    "62": [
        886.2649173569528,
        13875.923430035828
    ],
    "63": [
        655.5973512352286,
        6242.359245003044
    ],
    "64": [
        10522.37514562774,
        15987.432034676534
    ],
    "65": [
        2866.399218958667,
        12294.38922275641
    ],
    "66": [
        13191.957117880544,
        6088.538062310988
    ],
    "67": [
        15874.72300415039,
        1039.8417662620545
    ],
    "68": [
        25250.686748798078,
        14896.046274038461
    ],
    "69": [
        447.3316622041739,
        564.0195173813746
    ],
    "70": [
        3432.2339646796217,
        3107.0774171973476
    ],
    "71": [
        4735.9413665061775,
        6511.9099556383235
    ],
    "72": [
        451.44549581824737,
        1985.7789518047312
    ],
    "73": [
        10470.535892809852,
        11974.039732852225
    ],
    "74": [
        1545.1369436031196,
        18774.99165067617
    ],
    "75": [
        5852.22176017342,
        606.2152548203102
    ],
    "76": [
        2858.3410983177923,
        9964.712418094758
    ],
    "77": [
        14470.868374528556,
        3597.4738222319506
    ],
    "78": [
        19687.527891577745,
        16995.51084937119
    ],
    "79": [
        2898.128043726871,
        398.0517361462116
    ]
}