{
    "0": [
        3748.3780386788503,
        3781.892578125
    ],
    "1": [
        9266.187357151763,
        15861.400206220911
    ],
    "2": [
        24842.51611328125,
        8134.234558105469
    ],
    "3": [
        14239.754791161004,
        1196.6686485990351
    ],
    "4": [
        12730.981210783712,
        19357.37872554749
    ],
    "5": [
        23949.882901729063,
        15169.991781012055
    ],
    "6": [
        6268.63188655202,
        19239.20508288872
    ],
    "7": [
        13754.095554875754,
        12976.897837443525
    ],
    "8": [
        982.983120690391,
        3269.5562602291325
    ],
    "9": [
        8519.22832421875,
        24276.2908359375
    ],
    "10": [
        10331.884464182522,
        4579.960184935655
    ],
    "11": [
        1187.913850483428,
        8607.927330481487
    ],
    "12": [
        4024.8453745707143,
        7092.709168892593
    ],
    "13": [
        22865.59201918191,
        22428.470703125
    ],
    "14": [
        9129.730527965023,
        11801.368816398484
    ],
    "15": [
        6782.088547526042,
        4701.136745768229
    ],
    "16": [
        21623.18056336181,
        1792.3212870728555
    ],
    "17": [
        4917.504544236671,
        10732.422923303973
    ],
    "18": [
        15647.669390430767,
        8358.414670828297
    ],
    "19": [
        11646.058322265624,
        8388.625223632813
    ],
    "20": [
        1121.3789285704888,
        5805.462348606978
    ],
    "21": [
        11061.169273591984,
        1166.9772257636496
    ],
    "22": [
        2228.5588953954275,
        25990.418769211065
    ],
    "23": [
        1515.564998943171,
        18192.237965096672
    ],
    "24": [
        7726.620034239547,
        8120.1586837100485
    ],
    "25": [
        17695.780947457108,
        16912.79087009804
    ],
    "26": [
        17710.180135360617,
        1676.1515438557165
    ],
    "27": [
        1449.0917020849338,
        11649.404706554878
    ],
    "28": [
        1213.2408726040694,
        14718.237734763037
    ],
    "29": [
        806.1900569993752,
        895.1180335243201
    ],
    "30": [
        1981.1105942681468,
        21829.247278432376
    ],
    "31": [
        15448.859479012574,
        24130.579754530325
    ],
    "32": [
        14363.421921424024,
        4598.096559896939
    ],
    "33": [
        19456.55061926096,
        5818.5859739475345
    ],
    "34": [
        5581.605114699323,
        1278.5405106770581
    ],
    "35": [
        19481.933277209053,
        11210.144793911639
    ],
    "36": [
        5015.089163102005,
        14746.48093114431
    ],
    "37": [
        8172.944946424847,
        1362.1958610024944
    ],
    "38": [
        25649.746362658516,
        2125.469302761382
    ],
    "39": [
        3037.019216405774,
        1046.394487397638
    ]
}