{
    "0": [
        4980.754231770833,
        1547.05908203125
    ],
    "1": [
        19138.695068359375,
        15152.905517578125
    ],
    "2": [
        8884.09345703125,
        1652.9809204101562
    ],
    "3": [
        4115.5152587890625,
        3530.7316284179688
    ],
    "4": [
        18337.64765625,
        739.3751892089844
    ],
    "5": [
        14538.393798828125,
        21716.5673828125
    ],
    "6": [
        4934.203369140625,
        579.503288269043
    ],
    "7": [
        3848.259765625,
        728.0377197265625
    ],
    "8": [
        7211.5986328125,
        9390.671223958334
    ],
    "9": [
        2324.9175148010254,
        23072.60888671875
    ],
    "10": [
        20932.243896484375,
        6569.483581542969
    ],
    "11": [
        13042.565104166666,
        1208.4782155354817
    ],
    "12": [
        9800.9091796875,
        6286.218505859375
    ],
    "13": [
        1342.218008858817,
        3655.9711565290177
    ],
    "14": [
        12384.684814453125,
        12233.864013671875
    ],
    "15": [
        561.3542729786465,
        7745.200962611607
    ],
    "16": [
        2233.204549153646,
        10018.455240885416
    ],
    "17": [
        5539.924865722656,
        5759.6986083984375
    ],
    "18": [
        3970.855791364397,
        15114.820870535714
    ],
    "19": [
        1060.1020909547806,
        1568.7742373943329
    ]
}