{
    "0": [
        7947.16724569045,
        3665.8321644830844
    ],
    "1": [
        8988.634480531755,
        6012.500897807459
    ],
    "2": [
        23181.95940202437,
        1636.3257854449673
    ],
    "3": [
        1230.1864785910304,
        22213.617454320356
    ],
    "4": [
        18001.36843161387,
        23933.43899828767
    ],
    "5": [
        3541.97041070798,
        7800.966447905632
    ],
    "6": [
        1107.3160190353394,
        18695.4801953125
    ],
    "7": [
        11609.603959767832,
        931.9630514080242
    ],
    "8": [
        8748.147428385417,
        22099.949055989582
    ],
    "9": [
        9087.661220155913,
        1242.1155887368168
    ],
    "10": [
        1409.7224219110276,
        25942.543061755954
    ],
    "11": [
        13717.452945106908,
        15870.046168277138
    ],
    "12": [
        21354.047801339286,
        5571.424275948661
    ],
    "13": [
        17802.898098224767,
        4069.306797654416
    ],
    "14": [
        13412.935891544117,
        10389.484422000334
    ],
    "15": [
        26605.455552184467,
        1661.55871385741
    ],
    "16": [
        873.2663276189047,
        4753.697098884029
    ],
    "17": [
        931.7469095636435,
        7139.373033575511
    ],
    "18": [
        6126.968386063664,
        18887.485733695652
    ],
    "19": [
        17137.429263590235,
        1126.0191207622024
    ],
    "20": [
        12251.84432444853,
        26390.587488511028
    ],
    "21": [
        9942.632249577031,
        18107.603366341562
    ],
    "22": [
        11832.247570600666,
        7037.846545610271
    ],
    "23": [
        5790.881151784115,
        5942.338644732718
    ],
    "24": [
        10195.002728174602,
        9801.584127759177
    ],
    "25": [
        7057.472412909836,
        8557.64867123463
    ],
    "26": [
        670.6042715112923,
        702.1807487783485
    ],
    "27": [
        2813.467387867394,
        2790.3507182251515
    ],
    "28": [
        14294.722078125,
        4201.262880859375
    ],
    "29": [
        25202.15594482422,
        24601.060791015625
    ],
    "30": [
        18546.543529992818,
        8794.044526198815
    ],
    "31": [
        1141.503907368153,
        15298.456722211235
    ],
    "32": [
        12685.869338132023,
        21729.248727176968
    ],
    "33": [
        2501.3246939904634,
        776.0425040336708
    ],
    "34": [
        1137.428872929988,
        9590.704563102181
    ],
    "35": [
        5978.2820421006945,
        26268.844444444443
    ],
    "36": [
        22794.11328125,
        19236.904984595072
    ],
    "37": [
        4543.223277823787,
        815.4795530917049
    ],
    "38": [
        25596.20474054784,
        14205.98484519676
    ],
    "39": [
        7150.197455752213,
        15262.339839428927
    ],
    "40": [
        22778.761116384347,
        10064.606842326226
    ],
    "41": [
        764.4618730776812,
        2579.3245855848063
    ],
    "42": [
        1082.7963019682495,
        12284.06891228171
    ],
    "43": [
        20102.857526676828,
        1249.1583988119917
    ],
    "44": [
        15539.695346679688,
        7018.8773583984375
    ],
    "45": [
        19988.947446165967,
        14212.144449185924
    ],
    "46": [
        5299.266021595251,
        3065.5967649768013
    ],
    "47": [
        17052.39988216684,
        18364.049812758265
    ],
    "48": [
        3330.9096366304057,
        5208.458790972647
    ],
    "49": [
        10759.445068359375,
        13627.619899680398
    ],
    "50": [
        4048.4292135799633,
        22097.52290613511
    ],
    "51": [
        4063.5136656942245,
        10500.726961160008
    ],
    "52": [
        4006.3208512645656,
        13682.466810116526
    ],
    "53": [
        16171.99424838362,
        12176.869571659483
    ],
    "54": [
        3655.9573231823038,
        17148.03474167158
    ],
    "55": [
        6808.6541116648705,
        906.6868651399265
    ],
    "56": [
        11196.739065600199,
        3807.767878844246
    ],
    "57": [
        7152.659827562622,
        11846.81401614178
    ],
    "58": [
        14241.365020375193,
        1138.149061454667
    ],
    "59": [
        25738.67040058211,
        6554.016702090993
    ]
}