{
    "0": [
        7397.7939453125,
        597.6200561523438
    ],
    "1": [
        1856.0013427734375,
        2829.87158203125
    ],
    "2": [
        8924.1728515625,
        1336.4346923828125
    ],
    "3": [
        13964.2509765625,
        2282.13623046875
    ],
    "4": [
        17181.12890625,
        1688.544189453125
    ],
    "5": [
        3065.6197509765625,
        5040.3974609375
    ],
    "6": [
        9611.8974609375,
        8644.586669921875
    ],
    "7": [
        3907.13037109375,
        14581.15234375
    ],
    "8": [
        656.0218505859375,
        3740.4990234375
    ],
    "9": [
        16913.96923828125,
        16184.2470703125
    ],
    "10": [
        4908.87890625,
        1532.088623046875
    ],
    "11": [
        4556.8046875,
        3393.960693359375
    ],
    "12": [
        7.529618263244629,
        2420.477783203125
    ],
    "13": [
        11.58634090423584,
        9360.4755859375
    ],
    "14": [
        18616.134765625,
        13414.2275390625
    ],
    "15": [
        3322.98388671875,
        3073.491943359375
    ],
    "16": [
        12401.7392578125,
        328.6387634277344
    ],
    "17": [
        3398.240966796875,
        9150.28125
    ],
    "18": [
        5018.97900390625,
        19402.96484375
    ],
    "19": [
        9926.8955078125,
        2645.872802734375
    ],
    "20": [
        3927.88916015625,
        13194.970703125
    ],
    "21": [
        817.7203369140625,
        10330.3076171875
    ],
    "22": [
        13003.720703125,
        247.64288330078125
    ],
    "23": [
        22150.244140625,
        444.54864501953125
    ],
    "24": [
        11560.9912109375,
        591.875732421875
    ],
    "25": [
        13463.9970703125,
        8952.8349609375
    ],
    "26": [
        605.3232421875,
        4744.64599609375
    ],
    "27": [
        19024.771484375,
        4745.389322916667
    ],
    "28": [
        15812.797200520834,
        22544.610026041668
    ],
    "29": [
        547.5143432617188,
        2590.000244140625
    ],
    "30": [
        16696.0625,
        415.6107940673828
    ],
    "31": [
        3305.10009765625,
        8415.943359375
    ],
    "32": [
        963.2384033203125,
        1051.6942138671875
    ],
    "33": [
        2454.919189453125,
        2862.063720703125
    ],
    "34": [
        22182.31640625,
        9138.525390625
    ],
    "35": [
        8001.72021484375,
        1789.7457275390625
    ],
    "36": [
        6150.4853515625,
        4339.09375
    ],
    "37": [
        10169.884765625,
        1895.2313232421875
    ],
    "38": [
        6822.76904296875,
        9514.55859375
    ],
    "39": [
        1599.9197998046875,
        12809.6953125
    ],
    "40": [
        952.354970296224,
        6473.268391927083
    ],
    "41": [
        10275.4443359375,
        5409.546875
    ],
    "42": [
        5584.03173828125,
        7345.771484375
    ],
    "43": [
        14527.5966796875,
        1189.345458984375
    ],
    "44": [
        12797.091796875,
        2611.230224609375
    ],
    "45": [
        1132.8438186645508,
        25273.681640625
    ],
    "46": [
        3848.259765625,
        728.0377197265625
    ],
    "47": [
        5000.919921875,
        353.7807159423828
    ],
    "48": [
        19151.32421875,
        8829.1044921875
    ],
    "49": [
        25093.73828125,
        6628.248046875
    ],
    "50": [
        18964.740234375,
        732.5615234375
    ],
    "51": [
        8330.58984375,
        5734.63134765625
    ],
    "52": [
        18862.51953125,
        7095.57470703125
    ],
    "53": [
        4165.73779296875,
        13361.0400390625
    ],
    "54": [
        1372.733154296875,
        9.330373764038086
    ],
    "55": [
        5751.06787109375,
        9299.623046875
    ],
    "56": [
        1301.8109436035156,
        13781.69384765625
    ],
    "57": [
        13095.7333984375,
        13304.3125
    ],
    "58": [
        2228.3857421875,
        9568.4150390625
    ],
    "59": [
        345.19781494140625,
        1310.8994140625
    ],
    "60": [
        9443.907958984375,
        18466.3349609375
    ],
    "61": [
        6822.4072265625,
        5857.330078125
    ],
    "62": [
        3595.792724609375,
        19747.072265625
    ],
    "63": [
        3438.189697265625,
        21996.0
    ],
    "64": [
        8872.91455078125,
        6611.40771484375
    ],
    "65": [
        714.0751342773438,
        8597.37109375
    ],
    "66": [
        4762.31494140625,
        1936.7413330078125
    ],
    "67": [
        24110.70703125,
        14828.900390625
    ],
    "68": [
        500.54022216796875,
        3087.683837890625
    ],
    "69": [
        794.255859375,
        3742.838134765625
    ],
    "70": [
        5168.4970703125,
        950.1905822753906
    ],
    "71": [
        2049.8603515625,
        9836.0888671875
    ],
    "72": [
        1505.1519165039063,
        1994.554931640625
    ],
    "73": [
        4025.4677734375,
        4261.51318359375
    ],
    "74": [
        11703.3193359375,
        11674.7841796875
    ],
    "75": [
        12290.755859375,
        5418.97607421875
    ],
    "76": [
        173.37676239013672,
        8419.37744140625
    ],
    "77": [
        11275.689453125,
        15003.5244140625
    ],
    "78": [
        4669.04833984375,
        882.4178466796875
    ],
    "79": [
        2234.299560546875,
        1178.6820068359375
    ]
}