{
    "0": [
        23025.2109375,
        2880.4667053222656
    ],
    "1": [
        1911.10478515625,
        2171.9454345703125
    ],
    "2": [
        12935.163783482143,
        1809.9779096330915
    ],
    "3": [
        4106.255126953125,
        4077.5450265066966
    ],
    "4": [
        10054.501790364584,
        17312.064778645832
    ],
    "5": [
        1310.7322838306427,
        8459.786905924479
    ],
    "6": [
        893.7231241861979,
        790.6413338979086
    ],
    "7": [
        16253.266015625,
        20000.46484375
    ],
    "8": [
        17384.49853515625,
        813.0818252563477
    ],
    "9": [
        3848.259765625,
        728.0377197265625
    ],
    "10": [
        19017.631640625,
        6032.16943359375
    ],
    "11": [
        4017.65380859375,
        20382.012369791668
    ],
    "12": [
        2700.7165018717446,
        13585.041015625
    ],
    "13": [
        5259.6087646484375,
        944.6013069152832
    ],
    "14": [
        1132.8438186645508,
        25273.681640625
    ],
    "15": [
        22799.1142578125,
        11330.441162109375
    ],
    "16": [
        11497.3689453125,
        10244.22099609375
    ],
    "17": [
        7293.813546316965,
        7282.104282924107
    ],
    "18": [
        9459.62353515625,
        2615.3662841796877
    ],
    "19": [
        518.5308559735616,
        3387.6908365885415
    ]
}