{
    "0": [
        9953.947061659415,
        18663.08435522152
    ],
    "1": [
        22564.18127648305,
        18102.08942995233
    ],
    "2": [
        5660.185900878906,
        18276.57275390625
    ],
    "3": [
        7359.218502845293,
        7343.029586226852
    ],
    "4": [
        13070.605060634329,
        21455.1768306903
    ],
    "5": [
        4282.843753671287,
        398.7857336630499
    ],
    "6": [
        2747.334335189682,
        4689.570961342201
    ],
    "7": [
        1330.700750671991,
        5215.837992148824
    ],
    "8": [
        6213.2333767361115,
        5544.252034505208
    ],
    "9": [
        8829.481998697916,
        8630.740787760416
    ],
    "10": [
        3797.0158966494278,
        20797.142082966548
    ],
    "11": [
        10022.43966899671,
        15090.734446957236
    ],
    "12": [
        13612.83524622542,
        16096.328223753511
    ],
    "13": [
        4932.7403070359005,
        11462.970656622023
    ],
    "14": [
        4517.906571551067,
        27521.42149390244
    ],
    "15": [
        17525.060675370067,
        3542.690868712308
    ],
    "16": [
        5369.439511138614,
        4011.0051825495048
    ],
    "17": [
        432.0782512256553,
        2062.7899988270337
    ],
    "18": [
        1788.105235151811,
        2550.145549982244
    ],
    "19": [
        4595.655803641887,
        2569.224816524621
    ],
    "20": [
        14327.15246895032,
        6294.961855635684
    ],
    "21": [
        4185.272076486171,
        5439.357163703305
    ],
    "22": [
        12211.255812872023,
        2623.8509486607145
    ],
    "23": [
        9932.868143503289,
        6314.023016036184
    ],
    "24": [
        2820.125354986081,
        12690.161985901581
    ],
    "25": [
        9749.344847125773,
        627.4944718016518
    ],
    "26": [
        25775.255546875,
        5768.779485677083
    ],
    "27": [
        15971.066481370191,
        1083.1598017765925
    ],
    "28": [
        21061.746597132733,
        4857.25599025451
    ],
    "29": [
        2712.9796960575063,
        10870.91087105348
    ],
    "30": [
        2939.555104573568,
        390.6447830150525
    ],
    "31": [
        11185.3059375,
        12351.3618359375
    ],
    "32": [
        6045.870384114583,
        23433.172760416666
    ],
    "33": [
        4916.047741401486,
        13501.727658155487
    ],
    "34": [
        693.7480880603904,
        18118.73853701637
    ],
    "35": [
        10219.233780184659,
        2377.456299937855
    ],
    "36": [
        10320.33926156851,
        25762.20207331731
    ],
    "37": [
        358.58412361566997,
        4716.657658669801
    ],
    "38": [
        4207.902128800102,
        9476.262886379076
    ],
    "39": [
        1674.2368026006789,
        7078.822033110119
    ],
    "40": [
        1295.1253986577879,
        20287.387886135057
    ],
    "41": [
        1366.8749389541283,
        22787.64997366573
    ],
    "42": [
        1729.0423287364924,
        3752.3868122992117
    ],
    "43": [
        539.5252017694361,
        7737.695202397365
    ],
    "44": [
        18721.619224630376,
        13685.731476814517
    ],
    "45": [
        9287.3622383777,
        11266.51838589892
    ],
    "46": [
        23505.542846679688,
        23394.91424560547
    ],
    "47": [
        3083.251784939236,
        2944.1412679036457
    ],
    "48": [
        3881.325047543174,
        3810.455874794408
    ],
    "49": [
        17652.67265625,
        6584.754887462797
    ],
    "50": [
        3714.9984758988167,
        1610.1108789536559
    ],
    "51": [
        1659.9905459755346,
        374.30087907063336
    ],
    "52": [
        832.4308063030243,
        13919.830504918982
    ],
    "53": [
        2824.843222535687,
        17735.09396701389
    ],
    "54": [
        5933.078935339096,
        2446.280529265708
    ],
    "55": [
        7111.607388690837,
        1618.547388169372
    ],
    "56": [
        5573.12406616211,
        8641.787811279297
    ],
    "57": [
        18688.340909090908,
        892.2041253410019
    ],
    "58": [
        884.9469555202795,
        15970.222277582909
    ],
    "59": [
        17417.986692708335,
        18777.934973958334
    ],
    "60": [
        11267.725356158087,
        8194.110650275736
    ],
    "61": [
        737.3188012062925,
        10267.401044827064
    ],
    "62": [
        2723.2869167751737,
        6126.007405598958
    ],
    "63": [
        17037.823943309293,
        25003.76151842949
    ],
    "64": [
        5407.462090549699,
        6824.302946159639
    ],
    "65": [
        8067.8546720805925,
        515.5459378106253
    ],
    "66": [
        7137.194043769211,
        3820.282054463371
    ],
    "67": [
        8182.786831325955,
        5569.340610080295
    ],
    "68": [
        438.01272918490264,
        3359.8663461538463
    ],
    "69": [
        11823.359028477822,
        4973.466948478453
    ],
    "70": [
        2699.749402276401,
        7851.225894621049
    ],
    "71": [
        6949.046564275568,
        10202.735307173296
    ],
    "72": [
        25215.094810267856,
        13971.411369977679
    ],
    "73": [
        5034.02044777792,
        1215.4097412609663
    ],
    "74": [
        14532.468537703804,
        3541.132655400815
    ],
    "75": [
        841.2093558556893,
        11960.78318158318
    ],
    "76": [
        2653.781343267205,
        9331.935623683286
    ],
    "77": [
        2384.908888015072,
        1380.5722758875484
    ],
    "78": [
        9388.291599961578,
        4068.7320896836577
    ],
    "79": [
        6973.523009500386,
        16032.129955150464
    ],
    "80": [
        1262.283532243026,
        25822.64137027138
    ],
    "81": [
        6162.554776278409,
        472.0199689927039
    ],
    "82": [
        18934.855976055194,
        9515.480487773944
    ],
    "83": [
        8035.1408475079115,
        20741.187401107596
    ],
    "84": [
        7500.14890112058,
        13081.230093907829
    ],
    "85": [
        12823.335982399425,
        9625.44851719648
    ],
    "86": [
        3921.7945915670957,
        7219.8821016199445
    ],
    "87": [
        14442.618935667439,
        12620.859109760802
    ],
    "88": [
        917.4291312860888,
        8907.54255617127
    ],
    "89": [
        25593.517873364824,
        1233.0567424962687
    ],
    "90": [
        398.18202174733125,
        516.8177618714361
    ],
    "91": [
        427.50314499863555,
        6240.664834158762
    ],
    "92": [
        15784.867403104709,
        9703.075379210633
    ],
    "93": [
        3334.7667613865174,
        15037.982764175258
    ],
    "94": [
        22289.92431640625,
        9093.409002685547
    ],
    "95": [
        1203.1126834782026,
        1387.712673973491
    ],
    "96": [
        21938.308360042734,
        1345.4127325950524
    ],
    "97": [
        8549.75774989984,
        2259.2414352547407
    ],
    "98": [
        13724.962709084535,
        1030.7965544829
    ],
    "99": [
        11779.10684742647,
        721.4455608725548
    ]
}