{
    "0": [
        19532.247488839286,
        20773.359933035714
    ],
    "1": [
        17630.929547991072,
        26438.295758928572
    ],
    "2": [
        6991.651912913603,
        2985.6379502240347
    ],
    "3": [
        11409.560128348214,
        20306.936104910714
    ],
    "4": [
        1427.9891980489094,
        24520.677897135418
    ],
    "5": [
        20226.168402777777,
        15676.868706597223
    ],
    "6": [
        13342.834147135416,
        12006.147542317709
    ],
    "7": [
        24206.53369140625,
        1436.8655214309692
    ],
    "8": [
        7330.633984375,
        25484.691015625
    ],
    "9": [
        2067.3722389914774,
        578.627535013719
    ],
    "10": [
        8985.506731305804,
        13776.29701450893
    ],
    "11": [
        4417.565054086538,
        2757.8843947190503
    ],
    "12": [
        13690.539905894886,
        840.74241326072
    ],
    "13": [
        22457.98828125,
        23721.5478515625
    ],
    "14": [
        767.3390105809921,
        4960.567708333333
    ],
    "15": [
        27565.0333984375,
        2074.328617286682
    ],
    "16": [
        3382.2319869995117,
        6947.642868041992
    ],
    "17": [
        6515.287016369048,
        16311.404296875
    ],
    "18": [
        16823.771033653848,
        6402.481032151442
    ],
    "19": [
        2109.6626727764424,
        20125.53680889423
    ],
    "20": [
        5717.906725084459,
        1480.8804531612911
    ],
    "21": [
        987.6344498528374,
        12697.986436631945
    ],
    "22": [
        17113.07121394231,
        3489.8819673978364
    ],
    "23": [
        3244.421258223684,
        8909.509945518092
    ],
    "24": [
        10845.066672585228,
        14284.924005681818
    ],
    "25": [
        4947.47052734375,
        5170.31556640625
    ],
    "26": [
        4205.892399088541,
        678.264271291097
    ],
    "27": [
        11795.2341796875,
        958.6399711336409
    ],
    "28": [
        14254.320617675781,
        16883.91619873047
    ],
    "29": [
        623.4853054682413,
        22020.731987847223
    ],
    "30": [
        26085.744921875,
        13360.6939453125
    ],
    "31": [
        734.4840907287597,
        1929.5033032226563
    ],
    "32": [
        7956.19978515625,
        5035.60068359375
    ],
    "33": [
        478.5094740516261,
        513.210739429844
    ],
    "34": [
        3199.300383391204,
        11371.94871238426
    ],
    "35": [
        8002.290506998698,
        10529.318766276041
    ],
    "36": [
        14526.895967371323,
        3291.669720818015
    ],
    "37": [
        15630.705757472826,
        938.0422529137653
    ],
    "38": [
        5140.463577270508,
        22513.741333007813
    ],
    "39": [
        1036.3503930370014,
        8542.42836216518
    ],
    "40": [
        23990.429361979168,
        17176.07421875
    ],
    "41": [
        9420.462565104166,
        880.8550614588188
    ],
    "42": [
        735.7024118515753,
        10215.70060483871
    ],
    "43": [
        14386.619140625,
        23126.06417410714
    ],
    "44": [
        13692.648518880209,
        5589.6540934244795
    ],
    "45": [
        5263.915283203125,
        19867.7265625
    ],
    "46": [
        9390.461059570313,
        3042.1224365234375
    ],
    "47": [
        2245.9932386610244,
        27098.223958333332
    ],
    "48": [
        23179.56103515625,
        7963.195251464844
    ],
    "49": [
        18102.855282738095,
        636.7083580380395
    ],
    "50": [
        11928.792249177632,
        3527.3312217310854
    ],
    "51": [
        7315.387789818548,
        805.9667962597263
    ],
    "52": [
        2820.7188658102964,
        4329.307923928285
    ],
    "53": [
        19554.4736328125,
        7247.1614990234375
    ],
    "54": [
        829.7016971588134,
        17782.4400390625
    ],
    "55": [
        23068.79462139423,
        4556.271465594952
    ],
    "56": [
        3255.854041058084,
        17141.383449388588
    ],
    "57": [
        1087.6967254985464,
        6735.233797940341
    ],
    "58": [
        17589.984266493055,
        17971.137369791668
    ],
    "59": [
        6327.546270461309,
        13009.504138764882
    ],
    "60": [
        20693.52859933036,
        1218.643847329276
    ],
    "61": [
        10191.623174252718,
        5384.700726052989
    ],
    "62": [
        8186.441317471591,
        22656.01154119318
    ],
    "63": [
        2591.6034624148638,
        2384.8015637520034
    ],
    "64": [
        27184.292317708332,
        8837.3330078125
    ],
    "65": [
        10967.733984375,
        26473.737890625
    ],
    "66": [
        1236.9479639279216,
        14708.7216796875
    ],
    "67": [
        744.4651569227377,
        3393.979649861654
    ],
    "68": [
        8629.73322610294,
        7660.03458180147
    ],
    "69": [
        19820.009114583332,
        10927.38427734375
    ],
    "70": [
        11726.510667067309,
        8144.1106520432695
    ],
    "71": [
        14129.42196377841,
        8098.865056818182
    ],
    "72": [
        5554.879521908967,
        10201.76511548913
    ],
    "73": [
        10942.339904785156,
        10460.984924316406
    ],
    "74": [
        19562.072620738636,
        3640.9283558238635
    ],
    "75": [
        3697.4054963485055,
        14234.13676120924
    ],
    "76": [
        6088.039683948864,
        7744.672481652462
    ],
    "77": [
        15895.654829545454,
        9879.780095880682
    ],
    "78": [
        9059.982202148438,
        17543.222119140624
    ],
    "79": [
        16793.370659722223,
        14162.34375
    ]
}