{
    "0": [
        12229.586786684782,
        3392.635115913723
    ],
    "1": [
        7330.633984375,
        25484.691015625
    ],
    "2": [
        12100.22509765625,
        728.3395988411373
    ],
    "3": [
        12168.340603298611,
        18984.245225694445
    ],
    "4": [
        6406.567511307566,
        13142.347142269737
    ],
    "5": [
        19510.028971354168,
        14704.519205729166
    ],
    "6": [
        7822.697079613095,
        5547.655459449405
    ],
    "7": [
        10484.8677734375,
        5538.1347265625
    ],
    "8": [
        26864.480078125,
        10128.83515625
    ],
    "9": [
        15085.539245605469,
        9352.8779296875
    ],
    "10": [
        1848.55359375,
        720.0842166423797
    ],
    "11": [
        4641.385121938345,
        717.2999354697563
    ],
    "12": [
        22397.387606534092,
        4361.557017933239
    ],
    "13": [
        18970.206705729168,
        3787.9925740559897
    ],
    "14": [
        12711.7740234375,
        14364.5361328125
    ],
    "15": [
        8679.99015727796,
        8272.899028577303
    ],
    "16": [
        454.2710457337208,
        553.6156486051204
    ],
    "17": [
        15659.534375,
        17207.061328125
    ],
    "18": [
        10121.424281529018,
        1540.6905690090996
    ],
    "19": [
        4922.7671461838945,
        5124.288799579327
    ],
    "20": [
        8967.898345947266,
        17731.722229003906
    ],
    "21": [
        14186.463448660714,
        23075.64453125
    ],
    "22": [
        645.6670564046273,
        2114.4853867750903
    ],
    "23": [
        4839.867154947917,
        22747.20859375
    ],
    "24": [
        3244.6754525991587,
        11385.843975360576
    ],
    "25": [
        4672.15771484375,
        2517.9034156799316
    ],
    "26": [
        21198.60518973214,
        11140.75390625
    ],
    "27": [
        15700.190538194445,
        3693.3602701822915
    ],
    "28": [
        20974.2484375,
        25148.973828125
    ],
    "29": [
        844.0983473125257,
        17708.653268914473
    ],
    "30": [
        15908.150756835938,
        14220.42626953125
    ],
    "31": [
        26447.82059151786,
        4426.886160714285
    ],
    "32": [
        23179.56103515625,
        7963.195251464844
    ],
    "33": [
        3697.4054963485055,
        14234.13676120924
    ],
    "34": [
        8639.015909830729,
        22610.4375
    ],
    "35": [
        1910.6666493733724,
        26380.480729166666
    ],
    "36": [
        20741.322823660714,
        1347.1676292419434
    ],
    "37": [
        6065.998851102941,
        7779.274715647978
    ],
    "38": [
        24206.53369140625,
        1436.8655214309692
    ],
    "39": [
        13736.309787326389,
        5961.377785011574
    ],
    "40": [
        971.8706377029418,
        6958.026379394531
    ],
    "41": [
        1038.5084981565121,
        12775.105360243055
    ],
    "42": [
        15242.296712239584,
        26531.085611979168
    ],
    "43": [
        9415.740234375,
        26767.13671875
    ],
    "44": [
        3287.0103260387073,
        17206.259321732956
    ],
    "45": [
        21764.368303571428,
        16969.354631696428
    ],
    "46": [
        18254.32158203125,
        586.1915405273437
    ],
    "47": [
        960.4494066238403,
        23243.581640625
    ],
    "48": [
        770.2641319795089,
        20413.428977272728
    ],
    "49": [
        5963.1709391276045,
        19973.283203125
    ],
    "50": [
        11466.203871783087,
        8900.237247242647
    ],
    "51": [
        16370.259765625,
        1390.1648508707683
    ],
    "52": [
        3382.2319869995117,
        6947.642868041992
    ],
    "53": [
        6973.5134765625,
        3035.270005580357
    ],
    "54": [
        27471.936848958332,
        777.3990138371786
    ],
    "55": [
        19160.716441761364,
        19885.422940340908
    ],
    "56": [
        26139.296001233553,
        19772.120014391447
    ],
    "57": [
        3187.860803222656,
        8887.536889648438
    ],
    "58": [
        1260.244826078415,
        14817.920949835527
    ],
    "59": [
        14459.194301060268,
        962.5584370749337
    ],
    "60": [
        2817.724790915465,
        4346.206129807692
    ],
    "61": [
        18302.377387152777,
        11017.087348090277
    ],
    "62": [
        978.2839645385742,
        5340.018150111607
    ],
    "63": [
        8581.471400669643,
        859.7180376052856
    ],
    "64": [
        9606.606162623355,
        14496.99568256579
    ],
    "65": [
        16823.771033653848,
        6402.481032151442
    ],
    "66": [
        871.3558541757089,
        10450.87572337963
    ],
    "67": [
        784.3331399992401,
        3686.064510569853
    ],
    "68": [
        792.3887127922928,
        8887.646123471468
    ],
    "69": [
        12371.841947115385,
        11179.802584134615
    ],
    "70": [
        25908.8328125,
        16319.7197265625
    ],
    "71": [
        8323.160753038195,
        11052.652018229166
    ],
    "72": [
        2614.0708587646486,
        2403.3248596191406
    ],
    "73": [
        6529.823139989099,
        1099.9339959787767
    ],
    "74": [
        3302.82876953125,
        546.4697204208373
    ],
    "75": [
        6515.287016369048,
        16311.404296875
    ],
    "76": [
        5565.7194417317705,
        10383.935017903646
    ],
    "77": [
        3279.588189019097,
        20180.224175347223
    ],
    "78": [
        19554.4736328125,
        7247.1614990234375
    ],
    "79": [
        9063.368225097656,
        3677.0375061035156
    ]
}