{
    "0": [
        458.5589371094337,
        783.1528915206974
    ],
    "1": [
        2034.4656118539663,
        749.3115782297574
    ],
    "2": [
        26474.372721354168,
        9958.016438802084
    ],
    "3": [
        27395.957741477272,
        2055.4850222847676
    ],
    "4": [
        7186.638458251953,
        23964.949951171875
    ],
    "5": [
        968.5036848509312,
        6830.472666015625
    ],
    "6": [
        10199.329497466217,
        3947.200003959037
    ],
    "7": [
        14781.1355078125,
        7091.116953125
    ],
    "8": [
        1229.087258605957,
        17717.460234375
    ],
    "9": [
        7719.153615851152,
        3628.439144736842
    ],
    "10": [
        5052.982858758223,
        21594.788445723683
    ],
    "11": [
        906.3396881421407,
        12128.164428710938
    ],
    "12": [
        13378.83046875,
        21955.9373046875
    ],
    "13": [
        18759.893663194445,
        7583.414876302083
    ],
    "14": [
        19183.287819602272,
        19315.90447443182
    ],
    "15": [
        17630.929547991072,
        26438.295758928572
    ],
    "16": [
        14831.966195913461,
        14447.522836538461
    ],
    "17": [
        14832.532822027439,
        1166.3244012972204
    ],
    "18": [
        20013.27890625,
        14912.96552734375
    ],
    "19": [
        3679.4107979910714,
        7835.476004464285
    ],
    "20": [
        1345.9446134978327,
        14388.943258351293
    ],
    "21": [
        23846.15744357639,
        1498.1449898613823
    ],
    "22": [
        17911.78625,
        706.1887622070312
    ],
    "23": [
        11938.067578125,
        17506.171484375
    ],
    "24": [
        3416.040793026195,
        11104.372127757353
    ],
    "25": [
        8289.64760044643,
        19426.013532366072
    ],
    "26": [
        3000.3496285232845,
        2902.1272451363357
    ],
    "27": [
        6494.183872767857,
        11243.746735491071
    ],
    "28": [
        4150.771536690848,
        14182.069649832589
    ],
    "29": [
        9033.63255859375,
        6951.06318359375
    ],
    "30": [
        810.7165966395175,
        2610.0971846147017
    ],
    "31": [
        6668.182865767046,
        1204.3508419383656
    ],
    "32": [
        25079.24051339286,
        16501.257672991072
    ],
    "33": [
        926.4752082506816,
        9512.861545138889
    ],
    "34": [
        11994.835998535156,
        6678.562316894531
    ],
    "35": [
        1171.142238443548,
        23282.444779829544
    ],
    "36": [
        13512.776838631466,
        4200.400567416487
    ],
    "37": [
        11305.449637276786,
        25842.219866071428
    ],
    "38": [
        3111.782725016276,
        5611.568345811632
    ],
    "39": [
        6320.164192708334,
        8543.287662760416
    ],
    "40": [
        4366.133679620151,
        845.8130437259016
    ],
    "41": [
        5152.690197172619,
        3498.2472098214284
    ],
    "42": [
        4093.7366333007813,
        17448.673897879464
    ],
    "43": [
        7769.227555338542,
        15743.172265625
    ],
    "44": [
        22961.992553710938,
        5600.180999755859
    ],
    "45": [
        15679.958914620536,
        17314.45389229911
    ],
    "46": [
        9285.363156340843,
        1037.9080438503
    ],
    "47": [
        12567.25692471591,
        9954.20840731534
    ],
    "48": [
        10495.796361019737,
        13821.35783305921
    ],
    "49": [
        1910.6666493733724,
        26380.480729166666
    ],
    "50": [
        21794.404296875,
        22552.7421875
    ],
    "51": [
        11989.864635120739,
        1001.8445844433525
    ],
    "52": [
        17115.13650948661,
        10462.228445870536
    ],
    "53": [
        962.1727692388719,
        4474.53388829385
    ],
    "54": [
        21700.3095703125,
        10553.53056640625
    ],
    "55": [
        20486.347861842107,
        1962.2086860255192
    ],
    "56": [
        1179.4824346133641,
        20535.063058035714
    ],
    "57": [
        17581.66133626302,
        4103.847798665364
    ],
    "58": [
        9213.225246263586,
        10947.751868206522
    ],
    "59": [
        6206.4525146484375,
        6466.205973307292
    ]
}