{
    "0": [
        4349.359338378907,
        10360.271374511718
    ],
    "1": [
        18034.263480392157,
        1750.7209281173407
    ],
    "2": [
        8412.81853515625,
        1329.5679019419351
    ],
    "3": [
        12918.681677476416,
        1562.5360821418042
    ],
    "4": [
        7096.260276100852,
        16489.13201349432
    ],
    "5": [
        9278.80044037441,
        10906.58345002948
    ],
    "6": [
        1640.7473800334524,
        14399.083444148937
    ],
    "7": [
        10683.166355298914,
        5708.14259935462
    ],
    "8": [
        1540.3510359231527,
        4381.354450968953
    ],
    "9": [
        1581.008648256155,
        8323.133180588942
    ],
    "10": [
        24129.09939236111,
        4911.732593536377
    ],
    "11": [
        23380.36056857639,
        16663.024739583332
    ],
    "12": [
        14376.678683035714,
        14194.158370535713
    ],
    "13": [
        4681.262237548828,
        1488.764799451828
    ],
    "14": [
        1071.5599445025125,
        1031.4547117657132
    ],
    "15": [
        5197.896713940066,
        5626.808520872201
    ],
    "16": [
        9109.478767641129,
        20895.8259828629
    ],
    "17": [
        14407.165114182691,
        23744.373497596152
    ],
    "18": [
        2645.1560657988202,
        21712.365940824468
    ],
    "19": [
        17363.128448486328,
        7845.743927001953
    ]
}