{
    "0": [
        19886.0615234375,
        20600.0517578125
    ],
    "1": [
        13394.708362926136,
        10678.595703125
    ],
    "2": [
        16200.167426215277,
        9714.079644097223
    ],
    "3": [
        2875.0340523097825,
        6030.296280570652
    ],
    "4": [
        851.8780383059853,
        12370.777652138158
    ],
    "5": [
        892.4676061559607,
        5786.724880642361
    ],
    "6": [
        6468.776495682566,
        3975.4127004523025
    ],
    "7": [
        930.5298732501087,
        7198.316672585227
    ],
    "8": [
        1530.5150858561199,
        27143.337890625
    ],
    "9": [
        13444.213317871094,
        5531.1700439453125
    ],
    "10": [
        1104.9778370459874,
        13880.100857204861
    ],
    "11": [
        2590.1112742704504,
        4162.742517807905
    ],
    "12": [
        11721.392578125,
        420.84632005189593
    ],
    "13": [
        3478.249719238281,
        10190.45361328125
    ],
    "14": [
        9563.136393229166,
        23364.0908203125
    ],
    "15": [
        3327.0596981956846,
        12022.009114583334
    ],
    "16": [
        6515.287016369048,
        16311.404296875
    ],
    "17": [
        6269.25787109375,
        973.8809158325196
    ],
    "18": [
        18311.578741776317,
        612.7813206722861
    ],
    "19": [
        7608.260416666667,
        825.6008280799502
    ],
    "20": [
        19356.883680555555,
        9537.19775390625
    ],
    "21": [
        8876.028170072115,
        4523.828970102163
    ],
    "22": [
        11858.254261363636,
        7993.740678267045
    ],
    "23": [
        22457.98828125,
        23721.5478515625
    ],
    "24": [
        9469.206575520833,
        6904.467024739583
    ],
    "25": [
        659.4406753208326,
        1960.0932192595108
    ],
    "26": [
        15544.092041015625,
        5254.419270833333
    ],
    "27": [
        5406.45375,
        2111.7921728515626
    ],
    "28": [
        12342.4212890625,
        3492.5460693359373
    ],
    "29": [
        9387.425872802734,
        848.6620479375124
    ],
    "30": [
        3346.5409342447915,
        17229.17996651786
    ],
    "31": [
        7598.129638671875,
        2606.5751436673677
    ],
    "32": [
        873.3136322021485,
        10596.11123046875
    ],
    "33": [
        13720.42626953125,
        13358.5166015625
    ],
    "34": [
        14849.024135044643,
        22618.424944196428
    ],
    "35": [
        9029.742805989583,
        17638.225455729167
    ],
    "36": [
        3233.0772705078125,
        20062.05078125
    ],
    "37": [
        938.6042340018532,
        17681.98029119318
    ],
    "38": [
        26658.2548828125,
        15074.835693359375
    ],
    "39": [
        4839.867154947917,
        22747.20859375
    ],
    "40": [
        4990.055376838235,
        6115.314194623162
    ],
    "41": [
        11127.544170673076,
        5138.634690504808
    ],
    "42": [
        3509.1820475260415,
        7787.268102575232
    ],
    "43": [
        20510.01697716346,
        3584.0045635516826
    ],
    "44": [
        27471.936848958332,
        777.3990138371786
    ],
    "45": [
        16024.002170138889,
        14662.691080729166
    ],
    "46": [
        1507.4246591421274,
        15711.683443509615
    ],
    "47": [
        20817.321126302082,
        1151.086477279663
    ],
    "48": [
        6389.256212022569,
        13222.325303819445
    ],
    "49": [
        7117.757983398437,
        6670.9725341796875
    ],
    "50": [
        4544.150390625,
        4018.639578683036
    ],
    "51": [
        24069.559765625,
        4158.18017578125
    ],
    "52": [
        19404.5615234375,
        26052.6015625
    ],
    "53": [
        24166.376953125,
        1093.1094841590295
    ],
    "54": [
        8133.659586588542,
        26472.560221354168
    ],
    "55": [
        10278.984142485118,
        2606.9307861328125
    ],
    "56": [
        12723.306640625,
        15906.0294921875
    ],
    "57": [
        7033.7833251953125,
        22480.2861328125
    ],
    "58": [
        26516.51171875,
        9437.4443359375
    ],
    "59": [
        3676.9495442708335,
        27007.99609375
    ],
    "60": [
        11447.550659179688,
        12936.334350585938
    ],
    "61": [
        14966.455610795454,
        17430.597301136364
    ],
    "62": [
        18252.902994791668,
        6238.051106770833
    ],
    "63": [
        16250.353759765625,
        7442.55224609375
    ],
    "64": [
        19562.541666666668,
        13002.105577256945
    ],
    "65": [
        14427.039713541666,
        26381.937825520832
    ],
    "66": [
        8039.664331054688,
        11270.418505859376
    ],
    "67": [
        1259.799983631481,
        24597.914417613636
    ],
    "68": [
        8627.338256835938,
        20678.59375
    ],
    "69": [
        27704.67822265625,
        4019.7230224609375
    ],
    "70": [
        22429.4986328125,
        6907.3431640625
    ],
    "71": [
        940.5403580007882,
        9073.799939385775
    ],
    "72": [
        4552.532396104601,
        684.3830168512133
    ],
    "73": [
        18549.217862215908,
        17422.265003551136
    ],
    "74": [
        610.5363104275294,
        3209.3123814174105
    ],
    "75": [
        12614.28583984375,
        1204.4546920776368
    ],
    "76": [
        844.5521750883622,
        21863.281782670456
    ],
    "77": [
        613.127610206604,
        19152.5943359375
    ],
    "78": [
        2279.480431758996,
        2306.39668042732
    ],
    "79": [
        9543.645263671875,
        14570.419976128473
    ],
    "80": [
        5689.607638888889,
        19587.457465277777
    ],
    "81": [
        10405.8671875,
        9938.272277832031
    ],
    "82": [
        22990.424665178572,
        16853.74051339286
    ],
    "83": [
        12073.8388671875,
        19458.262276785714
    ],
    "84": [
        837.0681653864243,
        4433.861091164981
    ],
    "85": [
        16099.028686523438,
        743.0597162246704
    ],
    "86": [
        26056.423828125,
        19638.179837740383
    ],
    "87": [
        14424.45546875,
        767.277265548706
    ],
    "88": [
        3170.1495768229165,
        396.66782774244035
    ],
    "89": [
        15027.223353794643,
        2923.699637276786
    ],
    "90": [
        3647.9424571161685,
        2305.215719471807
    ],
    "91": [
        3662.7263061523436,
        14503.99248046875
    ],
    "92": [
        439.357276863522,
        509.93574639740916
    ],
    "93": [
        5896.19278492647,
        10826.497702205883
    ],
    "94": [
        7925.810014204545,
        8993.465997869318
    ],
    "95": [
        22559.43798828125,
        11209.27783203125
    ],
    "96": [
        1822.6823288937833,
        664.8599077894332
    ],
    "97": [
        17501.471261160714,
        3264.3785226004466
    ],
    "98": [
        14150.6728515625,
        7975.044352213542
    ],
    "99": [
        5784.820462740385,
        8363.198692908654
    ]
}