{
    "0": [
        15077.605251736111,
        24369.514973958332
    ],
    "1": [
        5151.3748570884145,
        1113.940098553169
    ],
    "2": [
        15439.783678886219,
        1993.310660924667
    ],
    "3": [
        558.1687962458684,
        5500.122877854567
    ],
    "4": [
        4174.496062247984,
        3251.8418677545365
    ],
    "5": [
        2801.8993112664475,
        9300.494808799342
    ],
    "6": [
        23523.283935546875,
        8577.367696126303
    ],
    "7": [
        2104.429400357333,
        25327.12127130682
    ],
    "8": [
        16507.275439453126,
        16245.047119140625
    ],
    "9": [
        3148.4605494907923,
        5257.947666713169
    ],
    "10": [
        11404.092927631578,
        12053.353978207237
    ],
    "11": [
        4657.437939453125,
        22573.109114583334
    ],
    "12": [
        1000.0689193725586,
        13923.06240234375
    ],
    "13": [
        1649.22389793396,
        3549.241523742676
    ],
    "14": [
        1815.8231129782541,
        18667.163169642856
    ],
    "15": [
        24466.748168945313,
        1505.9308404922485
    ],
    "16": [
        1571.0868286132813,
        11308.11298828125
    ],
    "17": [
        6424.696730840774,
        4395.416608537947
    ],
    "18": [
        7654.673755787037,
        12327.648220486111
    ],
    "19": [
        5683.631310096154,
        6596.46151968149
    ],
    "20": [
        11899.025716145834,
        1081.139109240638
    ],
    "21": [
        773.3197875327253,
        582.7915630340576
    ],
    "22": [
        7714.944527004076,
        733.8772497591765
    ],
    "23": [
        4091.5262169471152,
        13771.363206129809
    ],
    "24": [
        19345.845853365383,
        1240.697046133188
    ],
    "25": [
        10085.146606445313,
        15619.2400390625
    ],
    "26": [
        18582.98164876302,
        6371.746897379558
    ],
    "27": [
        4599.140814887152,
        9416.129475911459
    ],
    "28": [
        8769.2073828125,
        9000.8380859375
    ],
    "29": [
        9290.440972222223,
        2272.3318232783563
    ],
    "30": [
        24983.811257102272,
        18171.080788352272
    ],
    "31": [
        14624.227074032739,
        10302.257021949405
    ],
    "32": [
        9586.567961516204,
        21306.25564236111
    ],
    "33": [
        9314.522666529605,
        5538.758133737664
    ],
    "34": [
        2950.809009552002,
        788.954060792923
    ],
    "35": [
        674.0692332366417,
        2153.123636179957
    ],
    "36": [
        12473.9375390625,
        5263.220732421875
    ],
    "37": [
        642.5869142055511,
        8809.465673828125
    ],
    "38": [
        6440.217689251078,
        17555.284078663793
    ],
    "39": [
        2228.376234788161,
        7092.41006234976
    ]
}