{
    "0": [
        11246.73763399346,
        11223.885783823886
    ],
    "1": [
        25532.320005580357,
        6028.780473981585
    ],
    "2": [
        4008.798242376756,
        16153.871108890504
    ],
    "3": [
        7034.943838917436,
        816.7589109317302
    ],
    "4": [
        24193.705873469717,
        1587.0966067019965
    ],
    "5": [
        18761.972021732232,
        6811.625401530774
    ],
    "6": [
        16642.780365630464,
        1157.3937410674728
    ],
    "7": [
        21330.862624805497,
        1263.3723539574019
    ],
    "8": [
        537.0095633059997,
        548.6242214519862
    ],
    "9": [
        8690.200933689024,
        914.151749151509
    ],
    "10": [
        766.6280705715037,
        8764.191615878599
    ],
    "11": [
        4472.167784303099,
        4689.116850800567
    ],
    "12": [
        3503.8942195427812,
        13512.617854157057
    ],
    "13": [
        10405.478034798425,
        8303.63963352815
    ],
    "14": [
        624.9319199185501,
        2030.5576179445252
    ],
    "15": [
        8110.899987674454,
        10324.619858034992
    ],
    "16": [
        3983.882291741327,
        18855.296552465596
    ],
    "17": [
        3036.062221188517,
        10956.804187661797
    ],
    "18": [
        9571.940453259698,
        22261.86818426724
    ],
    "19": [
        3448.2248752433507,
        778.2372260602932
    ],
    "20": [
        4093.2628307776913,
        2603.4989635396446
    ],
    "21": [
        806.4379470277905,
        5397.342437361075
    ],
    "22": [
        1035.9207809249058,
        12518.527823378165
    ],
    "23": [
        7849.703154751905,
        7507.3544659358195
    ],
    "24": [
        16201.975726281811,
        16730.38654331961
    ],
    "25": [
        18099.632386363635,
        3748.367311789773
    ],
    "26": [
        9547.30409379439,
        5276.9449650157585
    ],
    "27": [
        15155.580573095034,
        3584.7557097134527
    ],
    "28": [
        1457.9922021238428,
        27270.101521381577
    ],
    "29": [
        1033.636790040388,
        16660.063969809322
    ],
    "30": [
        12323.82185233575,
        6205.013353575619
    ],
    "31": [
        1853.7575823654086,
        24362.05998058432
    ],
    "32": [
        9072.197770047778,
        13231.528203286416
    ],
    "33": [
        1018.1628231710577,
        14508.35642750285
    ],
    "34": [
        1203.437733960464,
        21610.005646151745
    ],
    "35": [
        22601.68349017519,
        14873.601621685606
    ],
    "36": [
        11993.871712877859,
        18575.84636693219
    ],
    "37": [
        9349.918153505068,
        16168.276256334459
    ],
    "38": [
        6591.666333428745,
        25899.236092403018
    ],
    "39": [
        18352.475519049658,
        24303.457753638697
    ],
    "40": [
        6370.409464050526,
        14794.823264637213
    ],
    "41": [
        7251.617357070476,
        18731.982748757844
    ],
    "42": [
        6800.610935512086,
        5193.442475374722
    ],
    "43": [
        18865.61298659752,
        966.3410000925691
    ],
    "44": [
        5241.556722940613,
        772.7633471224043
    ],
    "45": [
        19827.095989822246,
        19291.651537413993
    ],
    "46": [
        12750.524158135775,
        3732.678246228448
    ],
    "47": [
        846.6831805268923,
        7097.203711954752
    ],
    "48": [
        3038.6101302899283,
        6358.155730798565
    ],
    "49": [
        2939.9712234197877,
        8509.306099685968
    ],
    "50": [
        5137.276573251147,
        6940.498099137519
    ],
    "51": [
        21822.563598632813,
        9539.37331237793
    ],
    "52": [
        960.7788569257971,
        19088.18047560307
    ],
    "53": [
        14360.46108411528,
        951.0826283824348
    ],
    "54": [
        15474.442591292134,
        6559.978952700726
    ],
    "55": [
        26250.191427479618,
        11185.420834748642
    ],
    "56": [
        21659.854945591516,
        4922.49721636091
    ],
    "57": [
        8072.13027113066,
        3073.698216876333
    ],
    "58": [
        17707.183709613346,
        9828.656570003532
    ],
    "59": [
        1950.9409160614014,
        595.6679502268219
    ],
    "60": [
        5488.91659443864,
        9295.228049605814
    ],
    "61": [
        5572.087695657575,
        11929.903893137147
    ],
    "62": [
        10432.192739803626,
        724.0183377784545
    ],
    "63": [
        2247.3946111878354,
        2311.976032541759
    ],
    "64": [
        657.5650908324861,
        3672.473119207101
    ],
    "65": [
        25723.686743951614,
        18225.357768397178
    ],
    "66": [
        2456.4949399713882,
        4316.180273223342
    ],
    "67": [
        12572.949207328216,
        14610.616816292033
    ],
    "68": [
        14454.624500536736,
        21673.93450322042
    ],
    "69": [
        832.4174654239432,
        10521.369822325138
    ],
    "70": [
        13648.799997588734,
        9150.342976385675
    ],
    "71": [
        5020.898875633446,
        22162.182432432433
    ],
    "72": [
        18934.106534090908,
        13592.328883031032
    ],
    "73": [
        5984.703117675781,
        2726.205029296875
    ],
    "74": [
        12518.001591435184,
        26314.31278935185
    ],
    "75": [
        12267.40508087588,
        1028.1647595311554
    ],
    "76": [
        10371.626592548077,
        3016.2709288611777
    ],
    "77": [
        23992.73142538265,
        24212.686144770407
    ],
    "78": [
        27306.87543174342,
        1671.3984513834903
    ],
    "79": [
        14961.993491210938,
        12451.332080078126
    ]
}