{
    "0": [
        4115.601536129409,
        867.1526138836498
    ],
    "1": [
        16412.03748337766,
        18773.067704870347
    ],
    "2": [
        3030.297189388635,
        5172.381115031692
    ],
    "3": [
        6831.334335112236,
        10496.88975159551
    ],
    "4": [
        996.2096658822187,
        14543.576579615014
    ],
    "5": [
        16425.551506852305,
        2252.538238184412
    ],
    "6": [
        18635.001714939026,
        1012.6482060391728
    ],
    "7": [
        16020.61209298514,
        6301.873016144013
    ],
    "8": [
        6070.60906343006,
        22719.358333333334
    ],
    "9": [
        944.1584383061847,
        10056.403793238993
    ],
    "10": [
        634.4398327068407,
        3275.4456413424746
    ],
    "11": [
        5436.420651671707,
        5466.258348034275
    ],
    "12": [
        14068.155430947581,
        13691.050269342239
    ],
    "13": [
        1176.1896496432169,
        12093.22667875744
    ],
    "14": [
        5886.63189349911,
        804.4484210169412
    ],
    "15": [
        3018.4879579286317,
        7278.052478357264
    ],
    "16": [
        10380.768428918087,
        11978.447095466383
    ],
    "17": [
        4041.544385910034,
        15342.4790725708
    ],
    "18": [
        24864.769636824323,
        6476.789146079674
    ],
    "19": [
        772.4445639710677,
        6458.9494012129935
    ],
    "20": [
        9664.52527889963,
        849.0488830532058
    ],
    "21": [
        9831.634910583496,
        25793.168701171875
    ],
    "22": [
        7736.05224202474,
        1033.856503411134
    ],
    "23": [
        19520.002052196556,
        5273.03175951087
    ],
    "24": [
        10686.764846481643,
        6069.777459844842
    ],
    "25": [
        4213.2462531594665,
        12526.149247472427
    ],
    "26": [
        16889.719260679474,
        10220.300346724483
    ],
    "27": [
        20769.316295695753,
        9772.388386276532
    ],
    "28": [
        2601.698170979818,
        3439.6121711730957
    ],
    "29": [
        14275.979294349407,
        1306.0370352740945
    ],
    "30": [
        13000.165427587366,
        4721.492828040995
    ],
    "31": [
        2476.7774855832017,
        26856.398013930724
    ],
    "32": [
        7034.790000765931,
        3545.7400225471047
    ],
    "33": [
        22196.53293504902,
        1620.51374100548
    ],
    "34": [
        2400.007981467382,
        1935.849818342823
    ],
    "35": [
        9549.388347775655,
        3430.8190896646424
    ],
    "36": [
        11942.748130923412,
        1315.7402209981542
    ],
    "37": [
        1392.0547244922145,
        17614.692613538806
    ],
    "38": [
        16433.792497907365,
        24379.935023716516
    ],
    "39": [
        705.594061302562,
        1876.2242968159337
    ],
    "40": [
        26080.326599957192,
        1429.9771514592105
    ],
    "41": [
        2233.2243772134548,
        20393.318764291158
    ],
    "42": [
        7626.965486768266,
        13862.890514964789
    ],
    "43": [
        9240.119745021913,
        8740.46312583365
    ],
    "44": [
        6615.75659813819,
        18311.012289468345
    ],
    "45": [
        5580.997146961301,
        7943.883215615916
    ],
    "46": [
        18977.282995345744,
        14650.343718833112
    ],
    "47": [
        22977.449157714844,
        21190.147979736328
    ],
    "48": [
        8013.199556533605,
        6206.314028387201
    ],
    "49": [
        24960.69256365741,
        14665.243236400464
    ],
    "50": [
        10754.41743800951,
        20479.814792798912
    ],
    "51": [
        10660.256918001576,
        15966.42885044643
    ],
    "52": [
        4819.594224717882,
        2882.4134802439858
    ],
    "53": [
        1204.481077114741,
        23361.69873046875
    ],
    "54": [
        975.8250906783152,
        8292.097156820777
    ],
    "55": [
        785.7961731611297,
        4824.495286382631
    ],
    "56": [
        3481.566728379991,
        9817.957582826968
    ],
    "57": [
        12956.853501966783,
        9041.558177174387
    ],
    "58": [
        588.0191193940922,
        547.854007468056
    ],
    "59": [
        2296.879585637582,
        493.96837363171664
    ]
}