{
    "0": [
        21143.29932391827,
        21594.505611478366
    ],
    "1": [
        3050.1680432114317,
        24030.269876281545
    ],
    "2": [
        15641.795586144544,
        15329.338425491387
    ],
    "3": [
        23429.35987029007,
        12277.087265671726
    ],
    "4": [
        6547.696900715452,
        5768.656856273876
    ],
    "5": [
        6050.932036884014,
        10526.501580341046
    ],
    "6": [
        9996.110475927646,
        1607.9665848994848
    ],
    "7": [
        1644.6583351763243,
        8535.112495097233
    ],
    "8": [
        11565.4388397286,
        22909.123069019275
    ],
    "9": [
        16048.932709659703,
        1838.6738082762472
    ],
    "10": [
        1839.2490940457578,
        13255.551735965464
    ],
    "11": [
        5307.141410221446,
        1575.6991016095828
    ],
    "12": [
        23237.83768966763,
        2709.626674249699
    ],
    "13": [
        7373.009451461624,
        16580.365635731458
    ],
    "14": [
        1430.0272906360294,
        1243.0444410869366
    ],
    "15": [
        12099.112890988034,
        5856.832955853203
    ],
    "16": [
        11163.119644657258,
        11169.356357556884
    ],
    "17": [
        1659.4920327287552,
        4611.993509977409
    ],
    "18": [
        17903.977035562093,
        7535.264591999797
    ],
    "19": [
        1771.2335900306703,
        18442.311282728042
    ]
}