{
    "0": [
        8533.60986328125,
        10589.237627449682
    ],
    "1": [
        19070.200792100695,
        21475.951009114582
    ],
    "2": [
        2293.062011241913,
        18530.363636363636
    ],
    "3": [
        24319.7013671875,
        11402.995581054687
    ],
    "4": [
        19215.90701729911,
        7493.10107421875
    ],
    "5": [
        12010.63729580966,
        6303.295238148083
    ],
    "6": [
        23866.37432391827,
        2276.5389451246997
    ],
    "7": [
        14179.538845486111,
        13721.849853515625
    ],
    "8": [
        12777.593826593138,
        1536.9661841299019
    ],
    "9": [
        1549.7279029759493,
        4682.633900035511
    ],
    "10": [
        9539.904885684742,
        20903.771714154413
    ],
    "11": [
        17473.3989054362,
        1878.1728251775105
    ],
    "12": [
        5432.092078840229,
        5731.552376760564
    ],
    "13": [
        2055.798801422119,
        13070.901589133522
    ],
    "14": [
        8474.234325553798,
        1511.4957344200038
    ],
    "15": [
        2175.6531589847723,
        8887.616404912244
    ],
    "16": [
        3780.940111013559,
        24018.36906550481
    ],
    "17": [
        4704.314947434414,
        1478.1506234157232
    ],
    "18": [
        1074.9374233811766,
        1050.9502917488853
    ],
    "19": [
        7706.691681690705,
        15935.141125801281
    ]
}