{
    "0": [
        16590.414778645834,
        3825.358610026042
    ],
    "1": [
        4147.9734375,
        4339.18203125
    ],
    "2": [
        7568.156451056985,
        12915.96426930147
    ],
    "3": [
        9416.1984375,
        5905.43623046875
    ],
    "4": [
        558.1687962458684,
        5500.122877854567
    ],
    "5": [
        5519.720424107143,
        4538.299351283482
    ],
    "6": [
        13359.192599826389,
        11984.742458767361
    ],
    "7": [
        4934.758544921875,
        6438.302978515625
    ],
    "8": [
        12451.63588169643,
        5523.747209821428
    ],
    "9": [
        562.5928013013756,
        864.2303818412449
    ],
    "10": [
        24785.346235795456,
        13446.621537642046
    ],
    "11": [
        15944.3896484375,
        17023.987994025734
    ],
    "12": [
        9481.823694299768,
        20390.29390914352
    ],
    "13": [
        15077.605251736111,
        24369.514973958332
    ],
    "14": [
        24661.048502604168,
        907.0586204528809
    ],
    "15": [
        18514.38044819079,
        845.5543493973581
    ],
    "16": [
        3405.0404459635415,
        6024.223111979167
    ],
    "17": [
        2467.085947672526,
        4788.9802652994795
    ],
    "18": [
        21064.305575284092,
        2080.3815515691585
    ],
    "19": [
        3948.332180447049,
        8752.346272786459
    ],
    "20": [
        2254.54848353068,
        25141.186197916668
    ],
    "21": [
        6314.893798828125,
        6883.1505126953125
    ],
    "22": [
        9935.915475945723,
        15537.320106907895
    ],
    "23": [
        3571.021309988839,
        11042.61167689732
    ],
    "24": [
        1080.6596294900646,
        13361.231275475544
    ],
    "25": [
        6139.864192708334,
        480.2456864674886
    ],
    "26": [
        4508.51740373884,
        19707.396902901786
    ],
    "27": [
        9324.870654296876,
        2018.7298767089844
    ],
    "28": [
        682.2937037348747,
        8376.378326416016
    ],
    "29": [
        8776.552947998047,
        322.8244754076004
    ],
    "30": [
        6502.301494891827,
        1707.0819373497595
    ],
    "31": [
        4365.233534869026,
        905.3535114737118
    ],
    "32": [
        1081.8040448969061,
        17652.146218039772
    ],
    "33": [
        8839.51640625,
        3789.312744140625
    ],
    "34": [
        1721.1604410807292,
        3381.3335571289063
    ],
    "35": [
        9154.81558227539,
        8559.670654296875
    ],
    "36": [
        11205.8583984375,
        417.84704046982984
    ],
    "37": [
        3230.381634880515,
        2829.5878619025734
    ],
    "38": [
        12954.620738636364,
        735.9813926003196
    ],
    "39": [
        11878.432189941406,
        2584.517333984375
    ],
    "40": [
        14281.03681640625,
        8471.730126953125
    ],
    "41": [
        18352.05841619318,
        11636.45205965909
    ],
    "42": [
        4844.953092447917,
        2660.604500325521
    ],
    "43": [
        24291.63786764706,
        6978.835994944853
    ],
    "44": [
        7133.282145182292,
        3763.2250162760415
    ],
    "45": [
        6520.8812255859375,
        5331.782897949219
    ],
    "46": [
        431.64620231446764,
        2833.4036865234375
    ],
    "47": [
        2342.634964125497,
        20901.81473214286
    ],
    "48": [
        2142.231339518229,
        579.4609655380249
    ],
    "49": [
        7651.384765625,
        877.7657687538549
    ],
    "50": [
        9873.279188368055,
        11434.386447482639
    ],
    "51": [
        1504.4274991906207,
        10170.940174932066
    ],
    "52": [
        7406.32880859375,
        23994.608984375
    ],
    "53": [
        19202.655598958332,
        6829.365125868056
    ],
    "54": [
        6284.551538085938,
        16880.4009765625
    ],
    "55": [
        6743.333533653846,
        10095.474008413461
    ],
    "56": [
        4075.43212890625,
        13945.408203125
    ],
    "57": [
        15132.059932002316,
        1580.3845958003292
    ],
    "58": [
        2130.5236604110055,
        7151.848017153533
    ],
    "59": [
        24564.837890625,
        21679.8640625
    ]
}