{
    "0": [
        11709.26153372863,
        22820.799778412274
    ],
    "1": [
        1506.208653949246,
        4777.905784545898
    ],
    "2": [
        1790.9177480866742,
        8825.659628508813
    ],
    "3": [
        1319.4355428884203,
        1276.5002331597568
    ],
    "4": [
        2118.410073875463,
        13273.8363348269
    ],
    "5": [
        4827.0324828328585,
        1638.1199373416766
    ],
    "6": [
        18502.112374366556,
        1954.6238903004737
    ],
    "7": [
        8905.76271578974,
        1885.2353937879373
    ],
    "8": [
        7455.036766943994,
        16869.22998104523
    ],
    "9": [
        17663.44459413858,
        7561.710472865879
    ],
    "10": [
        1739.0346357075907,
        18424.879405640575
    ],
    "11": [
        13558.577389464554,
        1972.3565967540856
    ],
    "12": [
        11578.478152828617,
        7098.859604628769
    ],
    "13": [
        14288.467066988032,
        14047.197855198638
    ],
    "14": [
        6006.51710810213,
        6075.692202315371
    ],
    "15": [
        3040.114316285034,
        24043.634904692444
    ],
    "16": [
        20569.030676869876,
        21095.691034836065
    ],
    "17": [
        24233.9497898911,
        3199.3198272011723
    ],
    "18": [
        7598.580034254268,
        11071.148991587348
    ],
    "19": [
        23021.776423832656,
        12681.237335275884
    ]
}