{
    "0": [
        18191.27215169271,
        2635.5927134195963
    ],
    "1": [
        4072.823405513057,
        24008.118561921296
    ],
    "2": [
        1395.0011043548584,
        4109.553673946496
    ],
    "3": [
        23609.702880859375,
        17228.918212890625
    ],
    "4": [
        2079.432621202971,
        14350.536287006578
    ],
    "5": [
        1952.2886744468442,
        19213.144909274193
    ],
    "6": [
        6280.1985270182295,
        8106.424346923828
    ],
    "7": [
        9388.60520157724,
        12681.119195902123
    ],
    "8": [
        2194.7038536621976,
        10416.437669020434
    ],
    "9": [
        11129.887044270834,
        6353.037236531575
    ],
    "10": [
        8491.066492780854,
        1462.7386280735836
    ],
    "11": [
        13112.077645285088,
        1670.9607158460115
    ],
    "12": [
        1107.4972069665287,
        1006.2483374992113
    ],
    "13": [
        15825.020157251603,
        11820.63451522436
    ],
    "14": [
        4816.209065755208,
        4491.752390008223
    ],
    "15": [
        1838.8666755131312,
        7192.269941057478
    ],
    "16": [
        12865.297631048386,
        21565.303049395163
    ],
    "17": [
        4802.519671271829,
        1176.9367002038396
    ],
    "18": [
        7340.867261803668,
        17881.585385529892
    ],
    "19": [
        23899.81049679487,
        5249.251629560422
    ]
}