{
    "0": [
        10162.8359375,
        7931.34130859375
    ],
    "1": [
        13762.979817708334,
        2027.5706380208333
    ],
    "2": [
        6286.91845703125,
        9407.0908203125
    ],
    "3": [
        9060.958984375,
        9357.83203125
    ],
    "4": [
        656.0218505859375,
        3740.4990234375
    ],
    "5": [
        6150.4853515625,
        4339.09375
    ],
    "6": [
        14483.6171875,
        23050.41796875
    ],
    "7": [
        5595.801350911458,
        18950.089192708332
    ],
    "8": [
        10275.4443359375,
        5409.546875
    ],
    "9": [
        1372.733154296875,
        9.330373764038086
    ],
    "10": [
        16696.0625,
        415.6107940673828
    ],
    "11": [
        17651.541015625,
        15499.85546875
    ],
    "12": [
        605.3232421875,
        4744.64599609375
    ],
    "13": [
        4980.754231770833,
        1547.05908203125
    ],
    "14": [
        1788.7597045898438,
        2491.05322265625
    ],
    "15": [
        2745.3967895507813,
        9242.68212890625
    ],
    "16": [
        4599.580078125,
        3406.619384765625
    ],
    "17": [
        2528.46435546875,
        4584.19580078125
    ],
    "18": [
        8107.895670572917,
        1241.266825358073
    ],
    "19": [
        817.7203369140625,
        10330.3076171875
    ],
    "20": [
        3848.259765625,
        728.0377197265625
    ],
    "21": [
        180.94691467285156,
        26015.1328125
    ],
    "22": [
        6203.219482421875,
        6601.55078125
    ],
    "23": [
        10715.18359375,
        19232.439453125
    ],
    "24": [
        16176.3974609375,
        16868.638671875
    ],
    "25": [
        12290.755859375,
        5418.97607421875
    ],
    "26": [
        4046.8134765625,
        13278.00537109375
    ],
    "27": [
        16648.0859375,
        19998.70703125
    ],
    "28": [
        1207.880386352539,
        1344.5376586914063
    ],
    "29": [
        20557.4921875,
        588.5550842285156
    ],
    "30": [
        25093.73828125,
        6628.248046875
    ],
    "31": [
        12702.72998046875,
        288.1408233642578
    ],
    "32": [
        4934.203369140625,
        579.503288269043
    ],
    "33": [
        11560.9912109375,
        591.875732421875
    ],
    "34": [
        547.5143432617188,
        2590.000244140625
    ],
    "35": [
        19006.921875,
        7962.339599609375
    ],
    "36": [
        500.54022216796875,
        3087.683837890625
    ],
    "37": [
        22182.31640625,
        9138.525390625
    ],
    "38": [
        12583.658203125,
        10313.8095703125
    ],
    "39": [
        2761.4652099609375,
        23264.115234375
    ],
    "40": [
        7.529618263244629,
        2420.477783203125
    ],
    "41": [
        10048.39013671875,
        2270.5520629882813
    ],
    "42": [
        18616.134765625,
        13414.2275390625
    ],
    "43": [
        2888.9515380859375,
        2967.77783203125
    ],
    "44": [
        4514.029296875,
        3381.302001953125
    ],
    "45": [
        3602.775146484375,
        5496.59912109375
    ],
    "46": [
        16306.6884765625,
        24584.705078125
    ],
    "47": [
        268.10374999046326,
        8699.150390625
    ],
    "48": [
        9185.66796875,
        6662.00341796875
    ],
    "49": [
        3907.13037109375,
        14581.15234375
    ],
    "50": [
        1401.1805623372395,
        13457.6943359375
    ],
    "51": [
        19024.771484375,
        4745.389322916667
    ],
    "52": [
        17181.12890625,
        1688.544189453125
    ],
    "53": [
        952.354970296224,
        6473.268391927083
    ],
    "54": [
        8330.58984375,
        5734.63134765625
    ],
    "55": [
        12185.71142578125,
        14153.91845703125
    ],
    "56": [
        4025.4677734375,
        4261.51318359375
    ],
    "57": [
        794.255859375,
        3742.838134765625
    ],
    "58": [
        24110.70703125,
        14828.900390625
    ],
    "59": [
        8560.1611328125,
        6560.81201171875
    ]
}