{
    "0": [
        16006.389134114583,
        903.5449003219604
    ],
    "1": [
        6197.746208639706,
        23735.909093520222
    ],
    "2": [
        3316.0403381347655,
        10423.189819335938
    ],
    "3": [
        4546.778110696812,
        2854.821301392835
    ],
    "4": [
        24880.34340533088,
        13180.543385225184
    ],
    "5": [
        11349.753380408654,
        19339.784224759616
    ],
    "6": [
        1216.7920712943028,
        21808.858428030304
    ],
    "7": [
        11870.709269973468,
        4882.506810602152
    ],
    "8": [
        1037.3838294077727,
        817.7237335463701
    ],
    "9": [
        10034.476633707682,
        4458.347493489583
    ],
    "10": [
        20225.999380258414,
        4588.691901573768
    ],
    "11": [
        2620.8190849609373,
        8910.87025390625
    ],
    "12": [
        1554.5927135991114,
        5246.91805491728
    ],
    "13": [
        10845.726436730587,
        667.6715883377826
    ],
    "14": [
        853.2565432753362,
        13972.525445642606
    ],
    "15": [
        3753.3220246967517,
        19403.208855879933
    ],
    "16": [
        9015.609291634908,
        26438.075171493903
    ],
    "17": [
        12868.796964684312,
        9591.779521085778
    ],
    "18": [
        726.8801739364862,
        16170.448181152344
    ],
    "19": [
        1824.3209706182065,
        4032.056056810462
    ],
    "20": [
        25387.792540015245,
        1161.671755563922
    ],
    "21": [
        7681.418615618322,
        502.6896588333652
    ],
    "22": [
        483.94137538634527,
        2472.420202920603
    ],
    "23": [
        23668.759318524095,
        6556.672654485128
    ],
    "24": [
        4647.746557062323,
        5735.443448153409
    ],
    "25": [
        12276.531334186422,
        22762.583378232757
    ],
    "26": [
        6908.115799515335,
        4137.490392614294
    ],
    "27": [
        3087.5180349804104,
        27758.177176339286
    ],
    "28": [
        704.6096477281479,
        8318.02995372954
    ],
    "29": [
        14232.021109375,
        1977.5818657226562
    ],
    "30": [
        870.3207686597651,
        11914.757361778846
    ],
    "31": [
        5595.260091145833,
        16992.91487027392
    ],
    "32": [
        12946.013874162947,
        666.1777253593717
    ],
    "33": [
        7345.766550831981,
        14630.588220373376
    ],
    "34": [
        16316.489514802632,
        25481.294973273027
    ],
    "35": [
        8431.91579938616,
        17436.502301897322
    ],
    "36": [
        459.9980491390665,
        6458.134635168178
    ],
    "37": [
        2004.04016015625,
        7188.81266796875
    ],
    "38": [
        19678.21337890625,
        15993.25068359375
    ],
    "39": [
        3235.566846143018,
        4480.622138495918
    ],
    "40": [
        20605.90704002809,
        9681.84830363413
    ],
    "41": [
        10897.29820033482,
        15193.029257015307
    ],
    "42": [
        11926.116001674107,
        2401.1440767560684
    ],
    "43": [
        16770.546137971698,
        3518.891679871757
    ],
    "44": [
        3281.8443073311237,
        3018.1178434738003
    ],
    "45": [
        3528.310652669271,
        14565.37490234375
    ],
    "46": [
        17163.843276079962,
        19899.777544806984
    ],
    "47": [
        2418.2481201171877,
        1374.705371648615
    ],
    "48": [
        9161.963940065298,
        582.5347055730535
    ],
    "49": [
        8091.988961014094,
        7906.320748123469
    ],
    "50": [
        2909.9698860012754,
        5855.994230309311
    ],
    "51": [
        1262.5629816504086,
        25040.25533088235
    ],
    "52": [
        26983.900479403408,
        5012.189725008878
    ],
    "53": [
        4979.322477045747,
        391.3179052330784
    ],
    "54": [
        4901.261054858826,
        9099.17792283443
    ],
    "55": [
        11424.571737132354,
        7346.8326229319855
    ],
    "56": [
        1437.3139676435278,
        1828.1886512686353
    ],
    "57": [
        14055.284375,
        12809.214074707032
    ],
    "58": [
        14704.140397581335,
        16324.96430864726
    ],
    "59": [
        390.7028413515175,
        1544.0677997960454
    ],
    "60": [
        5156.529551723547,
        12352.653722930372
    ],
    "61": [
        17835.413427260315,
        6820.802430976942
    ],
    "62": [
        8475.905766650883,
        3792.0001997514205
    ],
    "63": [
        16433.144848315747,
        9876.541687804383
    ],
    "64": [
        2798.1801968278555,
        384.6881275444195
    ],
    "65": [
        6169.752922506894,
        594.4680352281122
    ],
    "66": [
        6024.56736421131,
        2682.348626999628
    ],
    "67": [
        5158.298158036901,
        4156.123449447307
    ],
    "68": [
        7726.671717852011,
        20406.16491558908
    ],
    "69": [
        864.2018158031166,
        18892.923631020643
    ],
    "70": [
        21918.969017094016,
        1355.753671847857
    ],
    "71": [
        9998.804865910457,
        2413.2357952411357
    ],
    "72": [
        18044.28236219618,
        12699.660630967883
    ],
    "73": [
        14071.467947048612,
        4363.352701822917
    ],
    "74": [
        3845.6791442871095,
        483.60275390942894
    ],
    "75": [
        6607.978225420106,
        5841.055935841687
    ],
    "76": [
        9569.106514362375,
        9462.691401317867
    ],
    "77": [
        9166.496773514093,
        6232.717093673406
    ],
    "78": [
        5673.069580078125,
        7309.6276908542795
    ],
    "79": [
        483.06254749230254,
        3559.321959952998
    ],
    "80": [
        3704.352777525436,
        7253.791276798692
    ],
    "81": [
        1741.631890625,
        331.4741453781128
    ],
    "82": [
        10716.368706597223,
        11986.903287760417
    ],
    "83": [
        3718.8772523941534,
        1669.8661544963877
    ],
    "84": [
        8174.776963404605,
        12513.20093544408
    ],
    "85": [
        849.5048626991029,
        10073.23802498892
    ],
    "86": [
        22975.178308823528,
        23526.304802389706
    ],
    "87": [
        2761.914393310547,
        12317.084208984375
    ],
    "88": [
        24272.865393813776,
        18155.682756696428
    ],
    "89": [
        317.19067170140306,
        395.6880000808535
    ],
    "90": [
        4954.409051192434,
        1539.8409177545916
    ],
    "91": [
        1956.1111438892506,
        2887.945014105903
    ],
    "92": [
        3968.290388997396,
        21784.65849609375
    ],
    "93": [
        18709.499269238946,
        1004.7165093421936
    ],
    "94": [
        8573.240014648438,
        2100.971591796875
    ],
    "95": [
        2572.1939465486553,
        17143.541918018196
    ],
    "96": [
        400.45004963682544,
        4873.940579322077
    ],
    "97": [
        6880.383903146904,
        10126.651047751167
    ],
    "98": [
        14660.756801060268,
        6699.826023646763
    ],
    "99": [
        7095.883117019489,
        1760.4732967909947
    ]
}