{
    "0": [
        952.354970296224,
        6473.268391927083
    ],
    "1": [
        8884.09345703125,
        1652.9809204101562
    ],
    "2": [
        15330.252278645834,
        19872.460611979168
    ],
    "3": [
        19967.40234375,
        5329.62548828125
    ],
    "4": [
        6245.0689697265625,
        8004.32080078125
    ],
    "5": [
        4815.9169921875,
        960.9035148620605
    ],
    "6": [
        16857.751302083332,
        839.9219258626302
    ],
    "7": [
        20557.4921875,
        588.5550842285156
    ],
    "8": [
        2745.3967895507813,
        9242.68212890625
    ],
    "9": [
        2700.7165018717446,
        13585.041015625
    ],
    "10": [
        2863.7298126220703,
        22338.680078125
    ],
    "11": [
        1144.5102844238281,
        3501.267049153646
    ],
    "12": [
        4106.255126953125,
        4077.5450265066966
    ],
    "13": [
        10166.301391601563,
        7003.497253417969
    ],
    "14": [
        812.2973354657491,
        1893.6969197591145
    ],
    "15": [
        11061.843627929688,
        14420.712890625
    ],
    "16": [
        378.0270673751831,
        9025.3818359375
    ],
    "17": [
        1803.516357421875,
        594.0061902999878
    ],
    "18": [
        13042.565104166666,
        1208.4782155354817
    ],
    "19": [
        22069.55625,
        10830.173828125
    ]
}