{
    "0": [
        2981.1435384114584,
        6621.010123697916
    ],
    "1": [
        10669.249580685027,
        11656.772538179732
    ],
    "2": [
        942.5824283670496,
        14599.585810908566
    ],
    "3": [
        12494.24728941306,
        9154.162400465746
    ],
    "4": [
        9045.431768465909,
        798.7513731416789
    ],
    "5": [
        11796.721199682202,
        26482.967194120763
    ],
    "6": [
        5271.192793176529,
        7010.9370054853725
    ],
    "7": [
        6406.585833842528,
        16694.530535309008
    ],
    "8": [
        1178.6939763300347,
        23914.953125
    ],
    "9": [
        672.3704328907723,
        2041.9518417926013
    ],
    "10": [
        20222.217838541666,
        16436.220234375
    ],
    "11": [
        2522.199934184744,
        4475.257160668234
    ],
    "12": [
        1742.179764855076,
        27008.79626980634
    ],
    "13": [
        20729.364057148974,
        12943.64780875428
    ],
    "14": [
        6653.554410367398,
        19942.837239583332
    ],
    "15": [
        897.9648980783109,
        7842.470556513136
    ],
    "16": [
        17953.44641012397,
        10559.464424070247
    ],
    "17": [
        12917.279963193818,
        971.5069852030234
    ],
    "18": [
        3600.1796704951803,
        11105.23348103234
    ],
    "19": [
        20357.605941867238,
        1031.371714994774
    ],
    "20": [
        18664.420544433593,
        20493.03251953125
    ],
    "21": [
        7151.293493799417,
        799.9316022392497
    ],
    "22": [
        23739.633359375,
        25992.0534375
    ],
    "23": [
        22967.375826322117,
        4156.723599947416
    ],
    "24": [
        9181.955385638297,
        5362.420209649269
    ],
    "25": [
        15279.573911568368,
        827.216456146867
    ],
    "26": [
        6898.656279180154,
        5041.906418272223
    ],
    "27": [
        14703.38213778409,
        5858.823067589962
    ],
    "28": [
        10873.052265167236,
        966.2439405098557
    ],
    "29": [
        17978.52433942078,
        6795.03500696656
    ],
    "30": [
        3177.2436006986177,
        13419.226138607486
    ],
    "31": [
        21347.938076636903,
        6800.543429129464
    ],
    "32": [
        5757.041109335543,
        9725.88089883207
    ],
    "33": [
        13636.28648546007,
        3299.4341837565103
    ],
    "34": [
        16335.439805492912,
        14292.56822849549
    ],
    "35": [
        10940.104047914432,
        3600.9413758633987
    ],
    "36": [
        11989.179308832909,
        5900.299411073023
    ],
    "37": [
        25975.765159970237,
        6710.735421316965
    ],
    "38": [
        15367.027325496496,
        8454.251181914427
    ],
    "39": [
        24911.315596417684,
        20718.649390243903
    ],
    "40": [
        4591.359134061219,
        4693.3893714779715
    ],
    "41": [
        25185.90932377049,
        15600.80907402664
    ],
    "42": [
        10142.104208669354,
        8242.068352624568
    ],
    "43": [
        14285.741588245739,
        11582.211729107481
    ],
    "44": [
        945.9381548421163,
        12012.293646561471
    ],
    "45": [
        5419.6405414592555,
        712.4630033744824
    ],
    "46": [
        3148.209142322609,
        8940.475290168572
    ],
    "47": [
        1169.5864954314663,
        20818.36633783545
    ],
    "48": [
        19263.10452633304,
        3720.483212344296
    ],
    "49": [
        6241.700607096354,
        2756.0091544596353
    ],
    "50": [
        712.9966810498003,
        3810.6561843119393
    ],
    "51": [
        5697.9395138888885,
        13423.439071180555
    ],
    "52": [
        26637.24988397277,
        1618.8742619505024
    ],
    "53": [
        4019.9100798233694,
        22939.85062839674
    ],
    "54": [
        23223.0446735964,
        1120.7886286994158
    ],
    "55": [
        4335.8695703125,
        2428.4515121694712
    ],
    "56": [
        25869.26140079942,
        11359.954056140989
    ],
    "57": [
        22110.651948474704,
        9912.904459635416
    ],
    "58": [
        704.5961945777644,
        5873.766085877711
    ],
    "59": [
        3289.5873952466386,
        15873.743147029432
    ],
    "60": [
        981.7893014940722,
        17675.42630320582
    ],
    "61": [
        2170.453192637193,
        687.1023095831703
    ],
    "62": [
        596.0290949887675,
        563.3536938885379
    ],
    "63": [
        16389.892413651316,
        3350.5607299804688
    ],
    "64": [
        2448.0351201539397,
        2453.02197101552
    ],
    "65": [
        3651.5080837673613,
        18846.010582618463
    ],
    "66": [
        10068.797356592466,
        18301.145889073203
    ],
    "67": [
        8570.3304816352,
        2735.236051771376
    ],
    "68": [
        924.3203096167365,
        9895.852212569962
    ],
    "69": [
        6330.053058825041,
        26365.97486636513
    ],
    "70": [
        13091.535273908132,
        22125.08600809488
    ],
    "71": [
        15007.003568560163,
        17593.01617260514
    ],
    "72": [
        3728.3508009168836,
        602.3938904843396
    ],
    "73": [
        8772.821005178052,
        14414.402678733648
    ],
    "74": [
        17718.525744952985,
        1044.8207510192838
    ],
    "75": [
        12154.183958333333,
        14983.154375
    ],
    "76": [
        7615.83933367048,
        7762.574920654297
    ],
    "77": [
        17344.570576985676,
        25144.155639648438
    ],
    "78": [
        7805.690372242647,
        11068.847113135027
    ],
    "79": [
        9116.05171174823,
        22188.886073850237
    ]
}