{
    "0": [
        25715.772375274122,
        13057.232267680922
    ],
    "1": [
        2504.165543222815,
        2406.914722142827
    ],
    "2": [
        9953.951070851293,
        857.9823095058573
    ],
    "3": [
        10130.296503323227,
        18474.486998600747
    ],
    "4": [
        10656.2657127809,
        11434.965677668539
    ],
    "5": [
        3022.669455314446,
        8837.605536518571
    ],
    "6": [
        23213.656496192227,
        1133.1965687615532
    ],
    "7": [
        2536.7218707714205,
        4391.626825469772
    ],
    "8": [
        11075.907904506716,
        3452.223607591361
    ],
    "9": [
        20864.588548519736,
        15314.495476973685
    ],
    "10": [
        12165.72596347455,
        5748.618826010793
    ],
    "11": [
        832.9910632497385,
        7580.405238743832
    ],
    "12": [
        632.9329943129238,
        545.5606457332557
    ],
    "13": [
        5173.276944050746,
        6934.962873340708
    ],
    "14": [
        3913.1963134089333,
        564.3744065459415
    ],
    "15": [
        2998.0841849772137,
        6544.478818359375
    ],
    "16": [
        20340.48224213957,
        1027.2940898819204
    ],
    "17": [
        7515.923286576704,
        7550.335398171164
    ],
    "18": [
        712.5949080165373,
        3730.516044406716
    ],
    "19": [
        10281.438787286932,
        8025.146253551136
    ],
    "20": [
        23020.410104851973,
        10329.96935392681
    ],
    "21": [
        3896.695675915434,
        19561.956166507633
    ],
    "22": [
        723.8492998189926,
        5667.600606770833
    ],
    "23": [
        7958.233345424107,
        10298.434916294644
    ],
    "24": [
        2268.8351349470167,
        688.9674466962948
    ],
    "25": [
        7730.826684104649,
        817.8970014504905
    ],
    "26": [
        6648.791708456503,
        26237.508498733107
    ],
    "27": [
        13871.631081321022,
        3533.4369895241475
    ],
    "28": [
        5788.683808255058,
        12215.974135205925
    ],
    "29": [
        25549.32756159856,
        18130.86493389423
    ],
    "30": [
        3339.0876477112124,
        11072.9983756674
    ],
    "31": [
        17546.240730406746,
        992.9661936040909
    ],
    "32": [
        1274.8933648962511,
        15767.65919204905
    ],
    "33": [
        17886.36974826389,
        25303.960633680555
    ],
    "34": [
        20781.565027573528,
        21394.25942095588
    ],
    "35": [
        17426.666695926968,
        18832.103998419945
    ],
    "36": [
        16125.296636814024,
        10168.570622141768
    ],
    "37": [
        1937.5363826889923,
        27152.051885190216
    ],
    "38": [
        8701.413713986989,
        2797.454264474181
    ],
    "39": [
        843.5701039489609,
        13602.452796559697
    ],
    "40": [
        9267.552841756355,
        5322.021649499157
    ],
    "41": [
        5522.480878602655,
        9548.994413860104
    ],
    "42": [
        17242.766538558466,
        13765.595209593414
    ],
    "43": [
        4653.339581437095,
        4614.335345715766
    ],
    "44": [
        960.6448800170675,
        11539.004747755984
    ],
    "45": [
        10205.194957386364,
        22585.299479166668
    ],
    "46": [
        12324.715517241379,
        26489.42904768319
    ],
    "47": [
        16378.117385864258,
        3332.3423709869385
    ],
    "48": [
        680.805956701896,
        1995.072034058141
    ],
    "49": [
        23043.31859447338,
        4238.387618453415
    ],
    "50": [
        3288.5657912034253,
        13710.414090670072
    ],
    "51": [
        11007.268235948352,
        14844.027031792535
    ],
    "52": [
        24989.417399088543,
        25534.939453125
    ],
    "53": [
        5724.926924616654,
        14675.91389872865
    ],
    "54": [
        14138.261006339651,
        16435.44505635246
    ],
    "55": [
        7078.714475470074,
        20757.78767213983
    ],
    "56": [
        4402.78792000959,
        2381.051789243778
    ],
    "57": [
        7276.0841272055695,
        16961.016289328232
    ],
    "58": [
        13936.956288512323,
        21559.0009903169
    ],
    "59": [
        6338.374146316225,
        2683.3618564226767
    ],
    "60": [
        14737.789240761409,
        893.396930102318
    ],
    "61": [
        8380.86854649257,
        13613.179195804196
    ],
    "62": [
        1165.8518470289646,
        21227.53226461039
    ],
    "63": [
        3816.094496241156,
        23231.522055571935
    ],
    "64": [
        21359.960184919724,
        6829.898733156537
    ],
    "65": [
        26130.6464596519,
        6922.661188439478
    ],
    "66": [
        1108.3427150567372,
        24173.147867838543
    ],
    "67": [
        4011.8481889204545,
        16974.621833570076
    ],
    "68": [
        17873.357019412877,
        6963.960981889205
    ],
    "69": [
        12301.115567441018,
        979.2440231809553
    ],
    "70": [
        920.6989950435502,
        9570.692339409723
    ],
    "71": [
        26631.48957069175,
        1669.2313757961235
    ],
    "72": [
        14861.11433376736,
        6545.603157552084
    ],
    "73": [
        6934.123527280746,
        5013.81542476531
    ],
    "74": [
        12765.195318312872,
        9256.823965890067
    ],
    "75": [
        5765.821937874572,
        711.6593183060215
    ],
    "76": [
        19210.759739583333,
        3756.147158203125
    ],
    "77": [
        13882.69677734375,
        12486.826521809895
    ],
    "78": [
        1037.148419303429,
        18321.171865472563
    ],
    "79": [
        19639.805338541668,
        10590.537750842524
    ]
}