{
    "0": [
        19715.157664331895,
        9551.813011853448
    ],
    "1": [
        14725.320205147385,
        775.7578910792128
    ],
    "2": [
        9892.204425284875,
        12688.607837318716
    ],
    "3": [
        7253.346321614584,
        12226.821342329546
    ],
    "4": [
        13080.880308948863,
        1183.3352337369051
    ],
    "5": [
        9662.066999051518,
        676.3790306144248
    ],
    "6": [
        3576.701138344957,
        15203.098896861587
    ],
    "7": [
        18836.40744676777,
        779.5980309459801
    ],
    "8": [
        11906.8011750252,
        26795.13492313508
    ],
    "9": [
        13530.443543481046,
        18290.768730788935
    ],
    "10": [
        5126.3125,
        2520.2665643958408
    ],
    "11": [
        11429.833647144784,
        664.9512776144975
    ],
    "12": [
        16754.09140037594,
        1182.8209604966014
    ],
    "13": [
        19189.90035945811,
        3299.797334062292
    ],
    "14": [
        658.7109945725615,
        2869.387726685711
    ],
    "15": [
        13657.308796797648,
        22788.724938118812
    ],
    "16": [
        10087.024923390356,
        4235.818629823882
    ],
    "17": [
        3212.0871309738304,
        658.1154099957479
    ],
    "18": [
        6515.784384371054,
        17193.17306857639
    ],
    "19": [
        5600.345293598791,
        7422.600036621094
    ],
    "20": [
        1061.1144951224792,
        15090.891692758998
    ],
    "21": [
        6521.246787516276,
        9674.922981770833
    ],
    "22": [
        970.316784885638,
        16905.727375621078
    ],
    "23": [
        603.3354604827715,
        4105.799844710553
    ],
    "24": [
        24292.012195405507,
        1239.3582101607074
    ],
    "25": [
        12363.984411621093,
        14182.472534179688
    ],
    "26": [
        3052.84466900403,
        7154.681376396855
    ],
    "27": [
        8394.197490985576,
        23726.048602764422
    ],
    "28": [
        18969.384619869405,
        13142.142680153918
    ],
    "29": [
        7270.443241940269,
        19942.387163765823
    ],
    "30": [
        2106.5107679231214,
        3510.6858765691773
    ],
    "31": [
        14669.40979150979,
        12118.878688582456
    ],
    "32": [
        499.5337243040445,
        1657.4777530081428
    ],
    "33": [
        1007.0587931877527,
        21594.589853766025
    ],
    "34": [
        27325.028570130813,
        1605.6172526936198
    ],
    "35": [
        17814.983900207182,
        6776.528015473929
    ],
    "36": [
        14531.346509232955,
        3318.715889115767
    ],
    "37": [
        8129.403116031569,
        7975.424368722098
    ],
    "38": [
        4679.00940644429,
        761.9735900207339
    ],
    "39": [
        516.7499684239571,
        459.10929595713316
    ],
    "40": [
        5835.966361892056,
        4390.147146305568
    ],
    "41": [
        20786.499503051036,
        5953.50165408885
    ],
    "42": [
        3829.835340443224,
        3918.2625325520835
    ],
    "43": [
        969.9613745604119,
        19137.127779995437
    ],
    "44": [
        23284.551751893938,
        4290.389797881156
    ],
    "45": [
        18148.398814174107,
        24754.255496651786
    ],
    "46": [
        5814.392898995536,
        26778.3583984375
    ],
    "47": [
        12615.177552889934,
        4221.644496681416
    ],
    "48": [
        8892.010679290253,
        2377.043874139301
    ],
    "49": [
        5030.256464970576,
        11710.035934117965
    ],
    "50": [
        26511.880236639492,
        12187.42576709692
    ],
    "51": [
        19068.046232199365,
        17037.03576196598
    ],
    "52": [
        16879.745096140894,
        3994.650924156452
    ],
    "53": [
        14983.08076259068,
        6405.508459908621
    ],
    "54": [
        2278.586290049639,
        8607.992703985221
    ],
    "55": [
        6964.858171164773,
        5903.023258167614
    ],
    "56": [
        912.6058593251889,
        13387.315626972853
    ],
    "57": [
        11109.631222943723,
        2558.376964222301
    ],
    "58": [
        25871.254899945176,
        18653.048605400218
    ],
    "59": [
        2726.597089331695,
        10593.538784527154
    ],
    "60": [
        24015.046630859375,
        24780.24228515625
    ],
    "61": [
        23310.78155757874,
        9359.807728684793
    ],
    "62": [
        5683.219695490056,
        14322.69268465909
    ],
    "63": [
        6860.898189459365,
        2389.7571569083216
    ],
    "64": [
        10225.399487304687,
        17102.556079101563
    ],
    "65": [
        601.1944044882955,
        8414.808217167076
    ],
    "66": [
        1823.5722076218278,
        485.6340330035846
    ],
    "67": [
        3034.3604109974835,
        12623.88434866573
    ],
    "68": [
        843.9701469445229,
        11734.77609375
    ],
    "69": [
        838.1690965794554,
        6972.546445904356
    ],
    "70": [
        4364.176455228945,
        9164.521635195464
    ],
    "71": [
        1274.620889459716,
        27241.327473958332
    ],
    "72": [
        8898.403547420057,
        10309.273351199128
    ],
    "73": [
        21377.445448369566,
        1200.0309641921
    ],
    "74": [
        682.9369000588694,
        10084.00384954637
    ],
    "75": [
        1297.963476877143,
        24257.66675695712
    ],
    "76": [
        638.7390165082898,
        5521.108189174107
    ],
    "77": [
        1972.4739219560051,
        1899.634064423873
    ],
    "78": [
        7958.356196346961,
        4056.383099099864
    ],
    "79": [
        26588.018418178763,
        6398.951641780074
    ],
    "80": [
        2335.010728102464,
        5231.903957492703
    ],
    "81": [
        10653.236985085226,
        20951.574485085228
    ],
    "82": [
        12164.522427973365,
        6322.126751219673
    ],
    "83": [
        8490.285946800595,
        14880.875744047618
    ],
    "84": [
        3824.771753259607,
        20688.92677100929
    ],
    "85": [
        4660.832803049395,
        23336.58181703629
    ],
    "86": [
        16539.35112040752,
        9694.952346389358
    ],
    "87": [
        15958.06306854666,
        15412.953285530823
    ],
    "88": [
        3836.9450580917787,
        17857.582095137266
    ],
    "89": [
        16756.415448977623,
        20149.079330632718
    ],
    "90": [
        13541.162073013631,
        8816.929926446144
    ],
    "91": [
        4262.036024827224,
        5821.533786871494
    ],
    "92": [
        20920.89326016865,
        20314.287016369046
    ],
    "93": [
        6121.8665610015705,
        666.4525994857153
    ],
    "94": [
        11721.71748046875,
        10772.902177734375
    ],
    "95": [
        22649.319875,
        14951.430171875
    ],
    "96": [
        9416.676644648605,
        5970.635128168589
    ],
    "97": [
        7789.565635416667,
        700.0149848068555
    ],
    "98": [
        3521.7450555231153,
        2207.486988185607
    ],
    "99": [
        10559.757612537202,
        8242.11822219122
    ]
}