{
    "0": [
        5679.560341305203,
        5397.148316277398
    ],
    "1": [
        8218.892351350027,
        8785.895229962081
    ],
    "2": [
        4975.699191026036,
        1396.864726953269
    ],
    "3": [
        2731.9722116676107,
        24913.46947938278
    ],
    "4": [
        24292.572987912736,
        2703.1028602357183
    ],
    "5": [
        13468.604025233477,
        7222.930110677084
    ],
    "6": [
        9075.679707870773,
        2082.629251786038
    ],
    "7": [
        8214.725089029373,
        20498.836572438162
    ],
    "8": [
        18122.194710032712,
        2184.212866756592
    ],
    "9": [
        2120.4137338009227,
        18712.709398531628
    ],
    "10": [
        1310.4039722491495,
        1239.1288894303073
    ],
    "11": [
        1489.864796816442,
        4812.527590828538
    ],
    "12": [
        2107.994481687895,
        8927.027476917614
    ],
    "13": [
        14931.85764292124,
        14044.662795608108
    ],
    "14": [
        23360.61968703497,
        17424.96286156064
    ],
    "15": [
        2101.9374659392674,
        13291.399647554019
    ],
    "16": [
        20432.0113808391,
        8870.005185242755
    ],
    "17": [
        13251.504006453804,
        1816.1718323566602
    ],
    "18": [
        15235.936264935663,
        22464.344014246322
    ],
    "19": [
        8328.20122217533,
        13943.15296943703
    ]
}