{
    "0": [
        7699.757080078125,
        1193.6828918457031
    ],
    "1": [
        952.354970296224,
        6473.268391927083
    ],
    "2": [
        5121.337076822917,
        817.1968180338541
    ],
    "3": [
        725.1388549804688,
        3741.6685791015625
    ],
    "4": [
        17273.039794921875,
        16445.357177734375
    ],
    "5": [
        1698.6554768880208,
        9911.603841145834
    ],
    "6": [
        20331.209309895832,
        4515.446014404297
    ],
    "7": [
        12797.091796875,
        2611.230224609375
    ],
    "8": [
        14483.6171875,
        23050.41796875
    ],
    "9": [
        4556.8046875,
        3393.960693359375
    ],
    "10": [
        6875.646911621094,
        19020.6767578125
    ],
    "11": [
        13463.9970703125,
        8952.8349609375
    ],
    "12": [
        4669.04833984375,
        882.4178466796875
    ],
    "13": [
        8924.1728515625,
        1336.4346923828125
    ],
    "14": [
        268.10374999046326,
        8699.150390625
    ],
    "15": [
        3848.259765625,
        728.0377197265625
    ],
    "16": [
        2700.7165018717446,
        13585.041015625
    ],
    "17": [
        2155.4602661132813,
        2845.9676513671875
    ],
    "18": [
        16306.6884765625,
        24584.705078125
    ],
    "19": [
        4151.469645182292,
        8955.282552083334
    ],
    "20": [
        11283.10009765625,
        5414.261474609375
    ],
    "21": [
        14245.923828125,
        1735.7408447265625
    ],
    "22": [
        17384.49853515625,
        813.0818252563477
    ],
    "23": [
        10048.39013671875,
        2270.5520629882813
    ],
    "24": [
        6185.641438802083,
        5847.3984375
    ],
    "25": [
        22932.91162109375,
        10184.160400390625
    ],
    "26": [
        4908.87890625,
        1532.088623046875
    ],
    "27": [
        12185.71142578125,
        14153.91845703125
    ],
    "28": [
        12322.150390625,
        389.3857930501302
    ],
    "29": [
        3385.569091796875,
        4780.769368489583
    ],
    "30": [
        4762.31494140625,
        1936.7413330078125
    ],
    "31": [
        1748.2011311848958,
        1722.5972900390625
    ],
    "32": [
        11703.3193359375,
        11674.7841796875
    ],
    "33": [
        1901.292444864909,
        24181.12109375
    ],
    "34": [
        8687.163818359375,
        7626.863118489583
    ],
    "35": [
        3322.98388671875,
        3073.491943359375
    ],
    "36": [
        351.86139456431073,
        2699.3872884114585
    ],
    "37": [
        4974.82275390625,
        156.35214233398438
    ],
    "38": [
        605.3232421875,
        4744.64599609375
    ],
    "39": [
        893.7231241861979,
        790.6413338979086
    ]
}