{
    "0": [
        2624.8629805842056,
        14742.881922529248
    ],
    "1": [
        6697.576940962683,
        5722.373386704441
    ],
    "2": [
        738.4255573865632,
        8654.21273164971
    ],
    "3": [
        26870.686011904763,
        6501.155828566778
    ],
    "4": [
        20159.189302884617,
        7711.164970202323
    ],
    "5": [
        6508.363190064947,
        26358.586431664156
    ],
    "6": [
        13811.993543352399,
        2705.6268065316335
    ],
    "7": [
        15786.382083333334,
        12213.723619791666
    ],
    "8": [
        9282.429573305191,
        22815.643491683466
    ],
    "9": [
        2422.296892376557,
        9971.591414590748
    ],
    "10": [
        20766.048936631945,
        4427.5598361545135
    ],
    "11": [
        3581.5632032311482,
        1830.8664945519488
    ],
    "12": [
        11991.431051459194,
        15978.394047004133
    ],
    "13": [
        13755.126649726943,
        9542.174797576608
    ],
    "14": [
        23571.606471011513,
        5214.503532008121
    ],
    "15": [
        12777.592944544605,
        4489.8194141877
    ],
    "16": [
        8863.759829244707,
        2516.142351082171
    ],
    "17": [
        4057.4948912009213,
        611.5045516500106
    ],
    "18": [
        7231.323461415816,
        14541.341044523278
    ],
    "19": [
        7828.035159664554,
        19969.536959134617
    ],
    "20": [
        2894.3569138099406,
        12314.044793911638
    ],
    "21": [
        18465.98140428046,
        15209.988273043593
    ],
    "22": [
        15617.12231544155,
        3933.591216670357
    ],
    "23": [
        20674.197716346152,
        19786.90434695513
    ],
    "24": [
        3378.6205762084505,
        4999.490150251639
    ],
    "25": [
        4149.086101185192,
        19990.85138494318
    ],
    "26": [
        2100.0397454657355,
        6166.14915971664
    ],
    "27": [
        10940.326692708333,
        3143.215370912905
    ],
    "28": [
        21655.710544960173,
        1279.5845204276197
    ],
    "29": [
        7197.475658785912,
        3782.7584514002647
    ],
    "30": [
        6466.283053742151,
        9847.841796875
    ],
    "31": [
        5132.055367847559,
        2608.004593698602
    ],
    "32": [
        18215.474352134148,
        3148.7491300257243
    ],
    "33": [
        2579.3392233546774,
        7903.653800867781
    ],
    "34": [
        1504.371970906402,
        27210.1627801452
    ],
    "35": [
        871.7807970906558,
        11987.881143777413
    ],
    "36": [
        544.7772734783215,
        1908.5420044823516
    ],
    "37": [
        586.4736692887544,
        5211.829964599609
    ],
    "38": [
        10937.273713699495,
        8397.407164910826
    ],
    "39": [
        26045.249373525945,
        18741.648234817218
    ],
    "40": [
        1372.074902991174,
        24277.896525638203
    ],
    "41": [
        625.6745506669854,
        10342.792745240977
    ],
    "42": [
        5462.634700829384,
        12355.677914877073
    ],
    "43": [
        4745.310109181447,
        14789.539634360923
    ],
    "44": [
        12642.384337399733,
        6837.627088903743
    ],
    "45": [
        588.3833167124878,
        7040.874868100649
    ],
    "46": [
        12859.667349466463,
        12957.500821741616
    ],
    "47": [
        6792.369720142193,
        2155.755304778736
    ],
    "48": [
        9702.433535561042,
        13604.496974174222
    ],
    "49": [
        815.1774993868945,
        13810.871242088608
    ],
    "50": [
        10247.841878255209,
        786.0667996358872
    ],
    "51": [
        1981.8673406518706,
        2330.005437016732
    ],
    "52": [
        570.5317678515976,
        3507.672661528716
    ],
    "53": [
        12467.668324551842,
        19443.887006419573
    ],
    "54": [
        385.79538398958255,
        518.2957641854597
    ],
    "55": [
        19790.66960392442,
        11674.173722141473
    ],
    "56": [
        10928.044376283744,
        11020.010320385856
    ],
    "57": [
        13606.45340345758,
        732.4185685383746
    ],
    "58": [
        4804.25852709138,
        23053.560755354636
    ],
    "59": [
        5250.053849405317,
        4532.653770332906
    ],
    "60": [
        5555.151653840174,
        720.7421177157122
    ],
    "61": [
        9317.07281376008,
        16951.002690272177
    ],
    "62": [
        13876.980658373786,
        22782.358066595873
    ],
    "63": [
        17242.36094232253,
        9056.872347608025
    ],
    "64": [
        7147.309610142089,
        621.4835194756257
    ],
    "65": [
        17680.737507680828,
        5809.008223972964
    ],
    "66": [
        8704.335447058213,
        7005.893975992119
    ],
    "67": [
        10716.422986927599,
        5643.597694925743
    ],
    "68": [
        1936.7682157954143,
        4234.688598287004
    ],
    "69": [
        22635.66230620155,
        15170.567488796027
    ],
    "70": [
        15286.75858390231,
        964.8774476321805
    ],
    "71": [
        8646.067080382245,
        700.2171167791096
    ],
    "72": [
        11857.157200433738,
        919.976000186193
    ],
    "73": [
        1446.1168904792291,
        602.3852126984109
    ],
    "74": [
        4381.545187975364,
        10649.867993551587
    ],
    "75": [
        6216.415270996094,
        17415.335107421874
    ],
    "76": [
        19378.04409898477,
        826.0323998021898
    ],
    "77": [
        4448.991091893724,
        8682.95961793001
    ],
    "78": [
        15337.375217848557,
        15828.148985877404
    ],
    "79": [
        925.6109171234328,
        18920.27508755388
    ],
    "80": [
        3411.7836745689656,
        17327.144059806036
    ],
    "81": [
        11877.872909545898,
        26709.013397216797
    ],
    "82": [
        8720.231966483161,
        9339.781123502267
    ],
    "83": [
        27325.028570130813,
        1605.6172526936198
    ],
    "84": [
        8972.155447422772,
        4666.0978648452465
    ],
    "85": [
        2650.5046657143666,
        612.4813843427485
    ],
    "86": [
        3537.4017248998716,
        3313.270976778827
    ],
    "87": [
        17154.97090558308,
        1023.5896551318285
    ],
    "88": [
        23955.059616815477,
        24654.767764136905
    ],
    "89": [
        6418.603934788813,
        7716.236720533676
    ],
    "90": [
        23404.276076858107,
        9738.473597621058
    ],
    "91": [
        15055.490984059343,
        6715.179828065814
    ],
    "92": [
        26564.439208984375,
        12286.694732666016
    ],
    "93": [
        8059.094925008356,
        11563.79418553643
    ],
    "94": [
        832.6319290602288,
        16297.109205596302
    ],
    "95": [
        16760.137001953124,
        19404.0278515625
    ],
    "96": [
        18148.808359925177,
        24714.836350132042
    ],
    "97": [
        1154.8486936270929,
        21488.112816629957
    ],
    "98": [
        4299.914113739391,
        6548.924646448206
    ],
    "99": [
        24330.272161759392,
        1414.3054225032213
    ]
}