{
    "0": [
        127.8436107635498,
        1406.6008605957031
    ],
    "1": [
        4199.107099260603,
        16601.72314453125
    ],
    "2": [
        24321.565027573528,
        10241.30721507353
    ],
    "3": [
        13573.938343394886,
        1537.2845528342507
    ],
    "4": [
        15572.40341796875,
        5263.4076171875
    ],
    "5": [
        20124.971058238636,
        1172.0431987589056
    ],
    "6": [
        16451.822265625,
        17567.413997395834
    ],
    "7": [
        393.61255137125653,
        5173.596516927083
    ],
    "8": [
        15719.210123697916,
        25012.321614583332
    ],
    "9": [
        24703.577097039473,
        2726.18384270919
    ],
    "10": [
        4235.219372558594,
        6106.8106689453125
    ],
    "11": [
        9964.3178515625,
        10250.5916015625
    ],
    "12": [
        2166.79514840933,
        24919.404447115383
    ],
    "13": [
        5303.598795572917,
        22557.096875
    ],
    "14": [
        8711.844058388158,
        4862.290360300164
    ],
    "15": [
        6262.48583984375,
        6311.303838315217
    ],
    "16": [
        2370.3540360300162,
        7272.552811472039
    ],
    "17": [
        1472.0341186523438,
        3786.5633056640627
    ],
    "18": [
        4799.854538690476,
        4117.265787760417
    ],
    "19": [
        24877.5966796875,
        19567.921752929688
    ],
    "20": [
        954.8051453828812,
        9001.546264648438
    ],
    "21": [
        732.9978637695313,
        936.9793548583984
    ],
    "22": [
        13615.576631433823,
        12617.354147518383
    ],
    "23": [
        848.7696492513021,
        6621.312434895834
    ],
    "24": [
        6452.81072265625,
        731.4763425445557
    ],
    "25": [
        9392.716619318182,
        2183.9168590198865
    ],
    "26": [
        532.2878239949545,
        1961.0108540852864
    ],
    "27": [
        19415.61181640625,
        6726.080810546875
    ],
    "28": [
        11527.114921875,
        1081.925602645874
    ],
    "29": [
        2753.6329277886284,
        5019.61328125
    ],
    "30": [
        1907.5993365119484,
        347.65925788879395
    ],
    "31": [
        15683.485802283654,
        3061.4490497295674
    ],
    "32": [
        7904.295622452446,
        13294.09226392663
    ],
    "33": [
        4719.053855613426,
        1151.3099451418277
    ],
    "34": [
        9626.891834077382,
        20247.206938244046
    ],
    "35": [
        10304.761284722223,
        15665.247178819445
    ],
    "36": [
        472.9742075602214,
        183.13767920600043
    ],
    "37": [
        3666.8724149816176,
        2719.3150850183824
    ],
    "38": [
        1000.0689193725586,
        13923.06240234375
    ],
    "39": [
        1503.632635511201,
        18919.87075700431
    ],
    "40": [
        3858.746337890625,
        9141.48451171875
    ],
    "41": [
        7365.91552734375,
        9404.7431640625
    ],
    "42": [
        1594.213279724121,
        1582.6350936889648
    ],
    "43": [
        8317.742889404297,
        622.7837067246437
    ],
    "44": [
        4489.327132161458,
        13011.894010416667
    ],
    "45": [
        11644.197265625,
        5543.347806490385
    ],
    "46": [
        313.86977402369183,
        2804.5894775390625
    ],
    "47": [
        6292.915910993303,
        2709.2924281529017
    ],
    "48": [
        2227.1482543945313,
        3275.3228912353516
    ],
    "49": [
        1267.099100748698,
        5072.7041015625
    ],
    "50": [
        10463.866577148438,
        23715.10498046875
    ],
    "51": [
        18352.05841619318,
        11636.45205965909
    ],
    "52": [
        438.0524115562439,
        3762.4530029296875
    ],
    "53": [
        108.4064343770345,
        355.6374702453613
    ],
    "54": [
        13594.907421875,
        9091.67294921875
    ],
    "55": [
        1686.8427734375,
        11228.021306818182
    ],
    "56": [
        377.8743190765381,
        622.4957046508789
    ],
    "57": [
        6493.5911287006575,
        18166.834601151317
    ],
    "58": [
        3368.590386284722,
        659.7356291876899
    ],
    "59": [
        16718.469773065477,
        1221.0096005939301
    ]
}