{
    "0": [
        17686.27734375,
        723.634409223284
    ],
    "1": [
        826.6573682842833,
        6888.66083688447
    ],
    "2": [
        8583.026541573661,
        1078.2590532302856
    ],
    "3": [
        11380.659606933594,
        5476.468322753906
    ],
    "4": [
        4378.285219938859,
        624.4143393972646
    ],
    "5": [
        6327.546270461309,
        13009.504138764882
    ],
    "6": [
        17154.564697265625,
        26515.200439453125
    ],
    "7": [
        2720.8708199165962,
        4283.979327227618
    ],
    "8": [
        3774.410958426339,
        19136.957449776786
    ],
    "9": [
        5243.517279730902,
        22139.0400390625
    ],
    "10": [
        820.6461433554596,
        1961.0485194943985
    ],
    "11": [
        27795.75078125,
        4776.76845703125
    ],
    "12": [
        2545.01021602236,
        6412.371295797414
    ],
    "13": [
        9736.691789899554,
        13949.581961495536
    ],
    "14": [
        18282.100694444445,
        17685.890082465277
    ],
    "15": [
        3357.9822823660716,
        25507.123883928572
    ],
    "16": [
        12291.942307692309,
        10576.246844951924
    ],
    "17": [
        6730.700390625,
        8268.693994140625
    ],
    "18": [
        8998.45107014974,
        4580.2664794921875
    ],
    "19": [
        14896.186272321429,
        975.4809441702706
    ],
    "20": [
        23208.89285714286,
        5464.867885044643
    ],
    "21": [
        16311.020073784723,
        14149.714518229166
    ],
    "22": [
        4857.301606276939,
        7360.353498787716
    ],
    "23": [
        9865.552951388889,
        690.049943473604
    ],
    "24": [
        25079.24051339286,
        16501.257672991072
    ],
    "25": [
        4634.662916917067,
        4698.33193734976
    ],
    "26": [
        7914.925514914773,
        19097.362038352272
    ],
    "27": [
        20329.921142578125,
        15117.776977539063
    ],
    "28": [
        8338.519461495536,
        26224.123604910714
    ],
    "29": [
        6613.886155348558,
        1033.82797065148
    ],
    "30": [
        960.4494066238403,
        23243.581640625
    ],
    "31": [
        22457.98828125,
        23721.5478515625
    ],
    "32": [
        26529.300390625,
        758.2139978408813
    ],
    "33": [
        8404.173453776042,
        10804.232486979166
    ],
    "34": [
        23814.014322916668,
        9450.128580729166
    ],
    "35": [
        20233.04910714286,
        20314.065569196428
    ],
    "36": [
        1249.9570053100585,
        26464.8109375
    ],
    "37": [
        19632.36941964286,
        6994.513671875
    ],
    "38": [
        23353.309461805555,
        1889.9219919840496
    ],
    "39": [
        11550.37313565341,
        19571.291725852272
    ],
    "40": [
        543.3482859684871,
        18338.337139423078
    ],
    "41": [
        2939.449283854167,
        2319.596785481771
    ],
    "42": [
        1060.7974849180741,
        20779.189453125
    ],
    "43": [
        9476.338134765625,
        7326.751495361328
    ],
    "44": [
        5554.879521908967,
        10201.76511548913
    ],
    "45": [
        468.5564555143699,
        534.4627633637343
    ],
    "46": [
        3047.7441057477677,
        8691.168689546132
    ],
    "47": [
        15384.118106617647,
        9578.336971507353
    ],
    "48": [
        12180.88405299831,
        808.540505125716
    ],
    "49": [
        14018.149201766304,
        6047.500934103261
    ],
    "50": [
        1500.9747517903645,
        16851.413899739582
    ],
    "51": [
        19757.639423076922,
        10780.33135516827
    ],
    "52": [
        12295.868874289772,
        13588.586115056818
    ],
    "53": [
        3752.7639604048295,
        14231.203435724432
    ],
    "54": [
        8105.227894176136,
        22969.33220880682
    ],
    "55": [
        19989.69609375,
        1023.1937611897787
    ],
    "56": [
        12865.19599609375,
        3507.7909423828123
    ],
    "57": [
        14684.53515625,
        16835.794782366072
    ],
    "58": [
        897.0913746573708,
        12223.740900213068
    ],
    "59": [
        19319.158954326922,
        3685.4754544771636
    ],
    "60": [
        26715.695963541668,
        11471.063802083334
    ],
    "61": [
        5166.909697561553,
        2369.4724343039775
    ],
    "62": [
        11738.687081473214,
        8579.935128348214
    ],
    "63": [
        9121.850423177084,
        16076.574739583333
    ],
    "64": [
        7297.6796875,
        3067.6779191300675
    ],
    "65": [
        13988.080078125,
        23649.17801339286
    ],
    "66": [
        687.7302590267999,
        10100.328369140625
    ],
    "67": [
        10613.053125,
        2864.4299560546874
    ],
    "68": [
        3356.117259306066,
        16904.901596966913
    ],
    "69": [
        741.9415919655248,
        4972.680574115954
    ],
    "70": [
        16325.478190104166,
        20558.12109375
    ],
    "71": [
        3224.4725167410716,
        11326.345424107143
    ],
    "72": [
        982.5073047786951,
        8546.047338867187
    ],
    "73": [
        766.1208599343591,
        3385.106749242666
    ],
    "74": [
        16823.771033653848,
        6402.481032151442
    ],
    "75": [
        7228.169833096591,
        6137.411665482955
    ],
    "76": [
        2067.3722389914774,
        578.627535013719
    ],
    "77": [
        1293.6393664525106,
        14242.885216346154
    ],
    "78": [
        16114.975637335527,
        3509.766357421875
    ],
    "79": [
        6449.201928710938,
        16360.5533203125
    ]
}