{
    "0": [
        8310.285373263889,
        1895.228298611111
    ],
    "1": [
        8895.9892578125,
        439.42048835754395
    ],
    "2": [
        597.3148990207249,
        5104.693386501736
    ],
    "3": [
        1745.5719459170386,
        3539.5780436197915
    ],
    "4": [
        337.1069576399667,
        2094.2521362304688
    ],
    "5": [
        10221.185772235576,
        15225.021259014424
    ],
    "6": [
        1518.3962034225465,
        18834.843229166665
    ],
    "7": [
        21570.2302734375,
        7068.182861328125
    ],
    "8": [
        9364.82407924107,
        5828.249232700893
    ],
    "9": [
        654.4427186359059,
        9203.507568359375
    ],
    "10": [
        907.735050201416,
        6617.190948486328
    ],
    "11": [
        10065.3173828125,
        8305.19453125
    ],
    "12": [
        25221.20703125,
        5198.136328125
    ],
    "13": [
        6609.333984375,
        2112.6648966471353
    ],
    "14": [
        8235.305204503677,
        9201.136374080883
    ],
    "15": [
        19228.609375,
        729.7862098400409
    ],
    "16": [
        3452.8319373497598,
        480.96096977820764
    ],
    "17": [
        10272.866088867188,
        22442.123168945313
    ],
    "18": [
        18397.569661458332,
        6090.505533854167
    ],
    "19": [
        4959.468172940341,
        2637.402166193182
    ],
    "20": [
        5003.064541903409,
        1465.8615278764205
    ],
    "21": [
        12938.950737847223,
        414.2873060438368
    ],
    "22": [
        3212.1900939941406,
        2880.2498321533203
    ],
    "23": [
        2013.2365085767663,
        543.5129680633545
    ],
    "24": [
        13198.45947265625,
        2217.287701416016
    ],
    "25": [
        24910.312934027777,
        9125.62109375
    ],
    "26": [
        5039.1001953125,
        5158.7615234375
    ],
    "27": [
        2278.867496066623,
        11342.903428819445
    ],
    "28": [
        2287.8401260375977,
        7499.087554931641
    ],
    "29": [
        3802.72314453125,
        1610.1199340820313
    ],
    "30": [
        4132.842197963169,
        4000.8252999441966
    ],
    "31": [
        8382.993815104166,
        3745.2170681423613
    ],
    "32": [
        2378.2010122445913,
        5076.7854567307695
    ],
    "33": [
        6679.843532986111,
        6107.53173828125
    ],
    "34": [
        6792.586603338068,
        956.8913130326705
    ],
    "35": [
        4075.43212890625,
        13945.408203125
    ],
    "36": [
        3355.91298828125,
        6349.095556640625
    ],
    "37": [
        15719.210123697916,
        25012.321614583332
    ],
    "38": [
        569.5175495147705,
        974.2673797607422
    ],
    "39": [
        2166.79514840933,
        24919.404447115383
    ],
    "40": [
        8000.732288707386,
        300.3332665183327
    ],
    "41": [
        5019.890942382813,
        17544.4994140625
    ],
    "42": [
        19994.665178571428,
        3348.7162737165177
    ],
    "43": [
        3640.108468191964,
        5232.969098772322
    ],
    "44": [
        5303.598795572917,
        22557.096875
    ],
    "45": [
        13594.907421875,
        9091.67294921875
    ],
    "46": [
        8356.74155970982,
        19035.348958333332
    ],
    "47": [
        6477.401953125,
        4291.58212890625
    ],
    "48": [
        16316.079711914063,
        1233.6996643543243
    ],
    "49": [
        13862.893684895833,
        12317.8005859375
    ],
    "50": [
        24696.662353515625,
        16342.39599609375
    ],
    "51": [
        4726.7314453125,
        9222.828463040865
    ],
    "52": [
        24827.55060369318,
        979.4364873712713
    ],
    "53": [
        15677.81640625,
        3905.3416829427083
    ],
    "54": [
        350.82693154471264,
        337.3742428734189
    ],
    "55": [
        9737.502387152777,
        3117.8960232204863
    ],
    "56": [
        19911.102430555555,
        12130.467013888889
    ],
    "57": [
        23386.291015625,
        5011.003336588542
    ],
    "58": [
        14074.2841796875,
        15748.839146205357
    ],
    "59": [
        5930.217640269886,
        478.54379966042256
    ],
    "60": [
        7514.238560267857,
        741.0904293060303
    ],
    "61": [
        9500.61181640625,
        1605.2421875
    ],
    "62": [
        7390.086989182692,
        14739.522911658654
    ],
    "63": [
        4902.869091796875,
        6808.452734375
    ],
    "64": [
        25749.541666666668,
        23047.573567708332
    ],
    "65": [
        2921.059271918403,
        9265.908582899305
    ],
    "66": [
        4726.329427083333,
        633.4196869532267
    ],
    "67": [
        12214.781640625,
        5316.42470703125
    ],
    "68": [
        432.879301071167,
        3484.55751953125
    ],
    "69": [
        1293.307861328125,
        1696.2381510416667
    ],
    "70": [
        18021.654436383928,
        17031.200753348214
    ],
    "71": [
        9975.303955078125,
        52.09293508529663
    ],
    "72": [
        11337.4990234375,
        964.1335556030274
    ],
    "73": [
        10235.65234375,
        11732.390441894531
    ],
    "74": [
        7275.917182074652,
        11820.244411892361
    ],
    "75": [
        6019.492815290178,
        7179.217006138393
    ],
    "76": [
        17328.133463541668,
        8758.32666015625
    ],
    "77": [
        951.1828155517578,
        13756.751154119318
    ],
    "78": [
        21830.9046875,
        249.9232971191406
    ],
    "79": [
        14344.92201450893,
        19412.514508928572
    ]
}