{
    "0": [
        14538.393798828125,
        21716.5673828125
    ],
    "1": [
        14245.923828125,
        1735.7408447265625
    ],
    "2": [
        4106.255126953125,
        4077.5450265066966
    ],
    "3": [
        8884.09345703125,
        1652.9809204101562
    ],
    "4": [
        2700.7165018717446,
        13585.041015625
    ],
    "5": [
        12384.684814453125,
        12233.864013671875
    ],
    "6": [
        22150.244140625,
        444.54864501953125
    ],
    "7": [
        4815.9169921875,
        960.9035148620605
    ],
    "8": [
        8055.593408203125,
        7367.34501953125
    ],
    "9": [
        1552.8339447021485,
        8600.4701171875
    ],
    "10": [
        19017.631640625,
        6032.16943359375
    ],
    "11": [
        24123.264322916668,
        7465.007161458333
    ],
    "12": [
        1240.8509399414063,
        1077.4962017059327
    ],
    "13": [
        1067.2875615358353,
        2928.2086486816406
    ],
    "14": [
        1276.8881928920746,
        9773.82177734375
    ],
    "15": [
        865.597038269043,
        6041.11279296875
    ],
    "16": [
        17384.49853515625,
        813.0818252563477
    ],
    "17": [
        3748.5468978881836,
        21565.605143229168
    ],
    "18": [
        12410.859765625,
        1839.6727355957032
    ],
    "19": [
        19138.695068359375,
        15152.905517578125
    ]
}