{
    "0": [
        5022.58837890625,
        478.5317687988281
    ],
    "1": [
        24193.440755208332,
        10635.845703125
    ],
    "2": [
        906.9491160710653,
        8654.442491319445
    ],
    "3": [
        4691.91416015625,
        1250.3265625
    ],
    "4": [
        20012.9150390625,
        4581.792762756348
    ],
    "5": [
        683.8090942382812,
        4275.38056640625
    ],
    "6": [
        16412.24169921875,
        18433.6728515625
    ],
    "7": [
        18133.837890625,
        14457.04150390625
    ],
    "8": [
        1279.1737259864808,
        1824.2129201889038
    ],
    "9": [
        4972.241943359375,
        8745.235546875
    ],
    "10": [
        2700.7165018717446,
        13585.041015625
    ],
    "11": [
        8884.09345703125,
        1652.9809204101562
    ],
    "12": [
        3748.5468978881836,
        21565.605143229168
    ],
    "13": [
        12384.684814453125,
        12233.864013671875
    ],
    "14": [
        11283.10009765625,
        5414.261474609375
    ],
    "15": [
        14314.293836805555,
        1085.6261189778645
    ],
    "16": [
        13835.1630859375,
        22289.1875
    ],
    "17": [
        3369.9227905273438,
        4353.950012207031
    ],
    "18": [
        5088.031575520833,
        3709.0050455729165
    ],
    "19": [
        8687.103515625,
        7017.325032552083
    ]
}