{
    "0": [
        9954.390224095394,
        15707.055910773026
    ],
    "1": [
        10404.805372807017,
        25544.290433114034
    ],
    "2": [
        3761.8840942382813,
        7093.129528227307
    ],
    "3": [
        3474.9187215169272,
        14929.898014322916
    ],
    "4": [
        2786.9918571920957,
        396.24544527751056
    ],
    "5": [
        10115.407991704253,
        2794.066013611469
    ],
    "6": [
        21810.111698545257,
        12945.393874595906
    ],
    "7": [
        7674.414172473254,
        13593.097515484234
    ],
    "8": [
        3427.7422451710136,
        3182.054562546137
    ],
    "9": [
        745.8855175792722,
        8481.613802572838
    ],
    "10": [
        9512.40722249349,
        19593.58816731771
    ],
    "11": [
        1480.3011009807096,
        17339.457469267003
    ],
    "12": [
        4996.396261463995,
        6226.6177341627035
    ],
    "13": [
        9336.02280700091,
        9507.270488850121
    ],
    "14": [
        19305.496368838027,
        18459.27402893926
    ],
    "15": [
        13390.273274739584,
        813.9416099556705
    ],
    "16": [
        12403.15390625,
        9485.644875616776
    ],
    "17": [
        3831.8026733398438,
        528.3293602019548
    ],
    "18": [
        906.6632807584313,
        13546.201148056403
    ],
    "19": [
        3236.3654519786005,
        5098.360903532609
    ],
    "20": [
        8000.138661910077,
        7964.4837870695155
    ],
    "21": [
        17634.859755254423,
        991.1346029053747
    ],
    "22": [
        14466.70677693685,
        5378.774963378906
    ],
    "23": [
        909.1653506022233,
        11773.644501201923
    ],
    "24": [
        4992.328302556818,
        12717.37686434659
    ],
    "25": [
        8325.659813818993,
        5713.434437144886
    ],
    "26": [
        421.78705627108934,
        4652.065756701548
    ],
    "27": [
        1247.79051156044,
        26148.723681640626
    ],
    "28": [
        513.8155072689057,
        5897.79978345788
    ],
    "29": [
        1769.1399091300318,
        312.17604099693943
    ],
    "30": [
        26138.725633965165,
        1206.8669815219816
    ],
    "31": [
        6315.61221826604,
        16954.901056070245
    ],
    "32": [
        5643.16363833649,
        8485.20380563447
    ],
    "33": [
        10279.743428738318,
        11941.619505695093
    ],
    "34": [
        1828.1572584069293,
        9469.090087890625
    ],
    "35": [
        1671.0001798589178,
        5113.402941115359
    ],
    "36": [
        17223.750290329393,
        25328.362172719593
    ],
    "37": [
        15097.208041487069,
        11836.85589529454
    ],
    "38": [
        4961.100755423554,
        551.2980983543002
    ],
    "39": [
        22710.558011568508,
        1185.4341586576058
    ],
    "40": [
        10251.68982241334,
        780.2362748394494
    ],
    "41": [
        19160.61704049059,
        4952.3360346312165
    ],
    "42": [
        18098.87259714227,
        13320.184326171875
    ],
    "43": [
        1439.4986194728576,
        1902.9562258376288
    ],
    "44": [
        1371.6669921875,
        982.4331911527194
    ],
    "45": [
        12674.960925590702,
        14200.012814405487
    ],
    "46": [
        4238.0788304946,
        1824.139237347771
    ],
    "47": [
        7012.922921987681,
        2829.8961662879356
    ],
    "48": [
        428.24290292388514,
        1695.3313810649672
    ],
    "49": [
        7350.28643576072,
        868.0440410906381
    ],
    "50": [
        3047.1415631975447,
        10350.616155133928
    ],
    "51": [
        4839.155601764547,
        4457.612209276222
    ],
    "52": [
        725.3416930087889,
        15279.86000631313
    ],
    "53": [
        25514.957572115385,
        15436.263161057692
    ],
    "54": [
        11792.950009765626,
        571.011468462944
    ],
    "55": [
        520.0597162986795,
        3505.6948059082033
    ],
    "56": [
        1697.741017849719,
        22467.53209848873
    ],
    "57": [
        23622.55499751984,
        8479.568173363095
    ],
    "58": [
        6429.654976441688,
        6383.260560969717
    ],
    "59": [
        409.94305515289307,
        864.3345894191576
    ],
    "60": [
        16534.4370703125,
        3516.4820263671877
    ],
    "61": [
        10070.874779110864,
        7189.860834030878
    ],
    "62": [
        14136.354425299658,
        21190.40453767123
    ],
    "63": [
        2148.444580078125,
        6699.392859507415
    ],
    "64": [
        19768.597248641305,
        1279.6987703157508
    ],
    "65": [
        2647.859923776272,
        1492.2553565101286
    ],
    "66": [
        470.07881488789945,
        2486.424678479211
    ],
    "67": [
        2850.411423173923,
        12331.446810527912
    ],
    "68": [
        19258.46681743421,
        9243.289869449012
    ],
    "69": [
        1145.7776076923717,
        19684.39630681818
    ],
    "70": [
        4299.239604259673,
        19670.195777529763
    ],
    "71": [
        12327.863955543155,
        4040.614472888765
    ],
    "72": [
        22204.764811197918,
        4835.60255601671
    ],
    "73": [
        6686.625748697917,
        22403.29691840278
    ],
    "74": [
        6147.897480949026,
        520.5715598825549
    ],
    "75": [
        6643.039225260417,
        4455.505386917679
    ],
    "76": [
        1991.2127113342285,
        4006.5447057088218
    ],
    "77": [
        14927.848409598215,
        16771.66982421875
    ],
    "78": [
        562.809228601555,
        10152.378540039063
    ],
    "79": [
        23446.10828488372,
        22233.15711300872
    ],
    "80": [
        14825.40418122944,
        8511.148180509868
    ],
    "81": [
        17131.49679129464,
        6913.635811941965
    ],
    "82": [
        5091.35387399656,
        3078.315564076835
    ],
    "83": [
        11892.070652173914,
        2228.7836277173915
    ],
    "84": [
        427.33980420618565,
        240.13806710716423
    ],
    "85": [
        8756.070765053353,
        1985.9069476864202
    ],
    "86": [
        5020.4596569133255,
        26326.021373820753
    ],
    "87": [
        10254.605998587102,
        4882.431949696643
    ],
    "88": [
        8632.06197226168,
        3824.909983625316
    ],
    "89": [
        1976.409334535952,
        2871.8864791304977
    ],
    "90": [
        26360.442897727273,
        5407.929749644886
    ],
    "91": [
        6801.6760185455605,
        10769.86757995035
    ],
    "92": [
        4351.227471633185,
        9589.8998046875
    ],
    "93": [
        8760.522553943452,
        445.3356753133592
    ],
    "94": [
        15528.695349212876,
        981.3461694717407
    ],
    "95": [
        5721.456801757812,
        1854.003193359375
    ],
    "96": [
        14111.36293600063,
        2455.718264184817
    ],
    "97": [
        560.7286257697541,
        7214.550586885619
    ],
    "98": [
        12247.458464926862,
        6251.746311918218
    ],
    "99": [
        2679.9029693603516,
        8146.508834838867
    ]
}