{
    "0": [
        14107.676513671875,
        25152.84423828125
    ],
    "1": [
        2482.2149611253003,
        6318.04141000601
    ],
    "2": [
        2173.71590423584,
        13338.663146972656
    ],
    "3": [
        9764.06513671875,
        2839.972283935547
    ],
    "4": [
        6367.531020220588,
        16581.53676470588
    ],
    "5": [
        4646.750637478299,
        659.233735455407
    ],
    "6": [
        26658.2548828125,
        15074.835693359375
    ],
    "7": [
        7632.5794921875,
        2594.8343896484375
    ],
    "8": [
        14248.735188802084,
        768.0365002950033
    ],
    "9": [
        596.2689832496643,
        9568.593125
    ],
    "10": [
        14998.02964564732,
        5529.873256138393
    ],
    "11": [
        2553.5793075561523,
        8538.320861816406
    ],
    "12": [
        705.0056287407875,
        3274.646307373047
    ],
    "13": [
        8338.519461495536,
        26224.123604910714
    ],
    "14": [
        4162.821932705966,
        7518.494939630682
    ],
    "15": [
        24257.604947916665,
        1347.6101857503256
    ],
    "16": [
        1249.8040754530166,
        26614.161675347223
    ],
    "17": [
        8613.655987079326,
        7013.766150841346
    ],
    "18": [
        8878.84583984375,
        823.951091003418
    ],
    "19": [
        27471.936848958332,
        777.3990138371786
    ],
    "20": [
        2742.7049239309213,
        11128.575966282895
    ],
    "21": [
        10601.344401041666,
        864.578769388653
    ],
    "22": [
        21333.2177734375,
        11368.436848958334
    ],
    "23": [
        4621.439770507813,
        9874.3451171875
    ],
    "24": [
        676.3182387656354,
        1949.5892100232713
    ],
    "25": [
        22990.424665178572,
        16853.74051339286
    ],
    "26": [
        3390.487823486328,
        20002.923828125
    ],
    "27": [
        4347.432149251302,
        12298.585611979166
    ],
    "28": [
        1199.9831595787634,
        17254.19110576923
    ],
    "29": [
        458.31541066556366,
        511.9073695548483
    ],
    "30": [
        9283.872163318452,
        15348.788504464286
    ],
    "31": [
        4534.328790838068,
        22729.167613636364
    ],
    "32": [
        15118.274609375,
        17432.1498046875
    ],
    "33": [
        12308.072568696121,
        815.4258964801656
    ],
    "34": [
        881.3308518611152,
        7543.406165813578
    ],
    "35": [
        19725.565873579544,
        800.0053475119851
    ],
    "36": [
        981.9305346806844,
        20849.623480902777
    ],
    "37": [
        8182.730493164063,
        4823.693334960937
    ],
    "38": [
        21644.51328125,
        1216.8248901367188
    ],
    "39": [
        17869.242876838234,
        641.9105327830595
    ],
    "40": [
        17330.6203125,
        11729.098828125
    ],
    "41": [
        2459.206591057055,
        4114.552223899148
    ],
    "42": [
        23564.23660714286,
        8104.161551339285
    ],
    "43": [
        12847.033203125,
        5339.695363898027
    ],
    "44": [
        6484.90908203125,
        8200.14541015625
    ],
    "45": [
        12073.8388671875,
        19458.262276785714
    ],
    "46": [
        18637.911295572918,
        18347.295572916668
    ],
    "47": [
        23051.935901988636,
        4041.0651633522725
    ],
    "48": [
        13622.374624399039,
        7906.935772235577
    ],
    "49": [
        8538.400732421875,
        18628.6787109375
    ],
    "50": [
        12539.141880580357,
        16273.714146205357
    ],
    "51": [
        2341.513668284697,
        2281.7208862304688
    ],
    "52": [
        22119.618815104168,
        6271.114095052083
    ],
    "53": [
        1265.0788645063128,
        15094.185128348214
    ],
    "54": [
        5751.536865234375,
        1712.7602437337239
    ],
    "55": [
        6442.391202059659,
        22517.741654829544
    ],
    "56": [
        6336.316162109375,
        3732.079296875
    ],
    "57": [
        8921.131626674107,
        12103.08433314732
    ],
    "58": [
        6664.867645263672,
        13789.10546875
    ],
    "59": [
        19751.150716145832,
        3292.929931640625
    ],
    "60": [
        18701.206640625,
        26432.106640625
    ],
    "61": [
        27704.67822265625,
        4019.7230224609375
    ],
    "62": [
        6087.574975585938,
        6588.1939697265625
    ],
    "63": [
        10146.43689546131,
        5223.124348958333
    ],
    "64": [
        1875.0341563123338,
        638.8486253758695
    ],
    "65": [
        3676.9495442708335,
        27007.99609375
    ],
    "66": [
        450.2876831054688,
        18738.4587890625
    ],
    "67": [
        15439.052001953125,
        21861.93017578125
    ],
    "68": [
        16989.941145833334,
        3603.781298828125
    ],
    "69": [
        15814.808268229166,
        14760.125759548611
    ],
    "70": [
        19167.504638671875,
        9430.250549316406
    ],
    "71": [
        27014.6806640625,
        9520.82470703125
    ],
    "72": [
        693.3097508748373,
        6178.6933186848955
    ],
    "73": [
        5719.383192274306,
        19837.555989583332
    ],
    "74": [
        4137.431331380209,
        2635.6302083333335
    ],
    "75": [
        21327.95458984375,
        21541.283203125
    ],
    "76": [
        26056.423828125,
        19638.179837740383
    ],
    "77": [
        757.9642373253317,
        4655.444350298713
    ],
    "78": [
        11886.843695746527,
        3200.4495307074653
    ],
    "79": [
        13867.14932528409,
        10629.309215198864
    ],
    "80": [
        11143.211115056818,
        8278.29598721591
    ],
    "81": [
        967.0627706427323,
        11222.895456414473
    ],
    "82": [
        7068.3536060474535,
        741.834748868589
    ],
    "83": [
        433.56539727960313,
        13091.07484654018
    ],
    "84": [
        18252.902994791668,
        6238.051106770833
    ],
    "85": [
        21951.037109375,
        24991.140625
    ],
    "86": [
        4230.811226981027,
        4795.0501708984375
    ],
    "87": [
        3346.5409342447915,
        17229.17996651786
    ],
    "88": [
        3333.558176676432,
        554.378228465716
    ],
    "89": [
        6643.9855078125,
        10876.6017578125
    ],
    "90": [
        19471.808035714286,
        14393.93540736607
    ],
    "91": [
        11963.655539772728,
        13298.658913352272
    ],
    "92": [
        1229.6468073037954,
        23660.891075721152
    ],
    "93": [
        15806.531763980263,
        998.7495077032792
    ],
    "94": [
        10869.400465745191,
        10285.935471754809
    ],
    "95": [
        16068.49129971591,
        8443.409357244318
    ],
    "96": [
        14298.798177083334,
        3032.274869791667
    ],
    "97": [
        9372.564147949219,
        22707.023193359375
    ],
    "98": [
        8576.15185546875,
        9314.019353693182
    ],
    "99": [
        3794.1808810763887,
        14496.413953993055
    ]
}