{
    "0": [
        9747.61612085926,
        1215.902979425944
    ],
    "1": [
        1561.4387843354486,
        18129.340505975928
    ],
    "2": [
        2882.968221967906,
        1089.4486427705149
    ],
    "3": [
        10289.221371762387,
        16746.847283807245
    ],
    "4": [
        5540.815325797872,
        15721.423246343085
    ],
    "5": [
        20285.920636995572,
        11543.300946573572
    ],
    "6": [
        1400.583535200121,
        14625.22304330221
    ],
    "7": [
        1083.7583363538834,
        5904.7516867421955
    ],
    "8": [
        10298.93407363673,
        4704.18507328416
    ],
    "9": [
        4121.498511197108,
        7394.9439629027565
    ],
    "10": [
        25759.500202047413,
        2150.0830742445028
    ],
    "11": [
        18116.677646758177,
        1724.2391863796756
    ],
    "12": [
        9290.76484375,
        12426.590384311869
    ],
    "13": [
        4920.865250456119,
        11276.892268197978
    ],
    "14": [
        19568.735789331895,
        5912.437377328356
    ],
    "15": [
        3635.0627113456158,
        4097.126243127063
    ],
    "16": [
        20458.286212158204,
        23376.516040039063
    ],
    "17": [
        1405.3524554555809,
        11602.839493314774
    ],
    "18": [
        15042.024675071023,
        1295.3794997887178
    ],
    "19": [
        16236.967753212833,
        8835.185805461815
    ],
    "20": [
        14580.305864426186,
        4928.235725771147
    ],
    "21": [
        1696.339973223651,
        21632.519121334877
    ],
    "22": [
        6813.687884242238,
        4899.151842703227
    ],
    "23": [
        6724.20841858879,
        20719.794105489418
    ],
    "24": [
        963.0800770411716,
        3293.108606431581
    ],
    "25": [
        2545.8423802682937,
        25785.657584519573
    ],
    "26": [
        13731.82489773337,
        20941.407817529507
    ],
    "27": [
        769.1321545174522,
        897.1622014047472
    ],
    "28": [
        7361.105351742512,
        1423.54616122504
    ],
    "29": [
        11843.001201190911,
        8445.063467996162
    ],
    "30": [
        12354.537520215985,
        1449.6185064395402
    ],
    "31": [
        13762.658420422938,
        12821.584771760472
    ],
    "32": [
        25003.286579713982,
        8216.007783534164
    ],
    "33": [
        17246.85713252315,
        16348.491257957176
    ],
    "34": [
        24048.124653633004,
        16355.412585629618
    ],
    "35": [
        7846.135453693995,
        8620.364260209953
    ],
    "36": [
        5090.933475097656,
        1395.1148967471122
    ],
    "37": [
        1194.9746442197816,
        8650.317675561551
    ],
    "38": [
        21831.47768614969,
        1820.494306799843
    ],
    "39": [
        10362.737984793526,
        25278.417849170917
    ]
}