{
    "0": [
        3145.4346174568964,
        14230.055818965517
    ],
    "1": [
        12257.648399052658,
        7520.925262210876
    ],
    "2": [
        6570.662783139712,
        669.6612574539402
    ],
    "3": [
        26051.19167751736,
        5622.822906494141
    ],
    "4": [
        17793.421253551136,
        867.6998675062199
    ],
    "5": [
        6047.23690257353,
        20783.000712316178
    ],
    "6": [
        2951.6520239459583,
        7982.685304752066
    ],
    "7": [
        8319.66204395933,
        4793.746326209255
    ],
    "8": [
        20474.512101715685,
        6360.48779296875
    ],
    "9": [
        19060.659288194445,
        10440.27183702257
    ],
    "10": [
        10207.363970588236,
        8711.542901731005
    ],
    "11": [
        1128.358127201829,
        24455.77316369743
    ],
    "12": [
        4608.570690854058,
        10118.436313808901
    ],
    "13": [
        10846.365717043822,
        16352.016994432472
    ],
    "14": [
        13996.962225731382,
        26287.857962101065
    ],
    "15": [
        5812.4887792001855,
        17711.50760945235
    ],
    "16": [
        4723.714398820824,
        6406.173314745181
    ],
    "17": [
        11764.77470703125,
        2726.2162337239583
    ],
    "18": [
        5535.40825398763,
        8229.388017442492
    ],
    "19": [
        7882.99951171875,
        2397.747773768538
    ],
    "20": [
        25770.35958426339,
        20717.183244977678
    ],
    "21": [
        15568.123678067835,
        713.9419213591552
    ],
    "22": [
        727.7777003865178,
        8752.097773829431
    ],
    "23": [
        3943.610152806991,
        2499.219456208058
    ],
    "24": [
        13573.993143927191,
        15936.321953527706
    ],
    "25": [
        7387.120067205955,
        13098.630028912401
    ],
    "26": [
        14870.088350183823,
        8389.009803921568
    ],
    "27": [
        9903.442519713784,
        13919.936194874415
    ],
    "28": [
        22474.54463252315,
        4025.217411747685
    ],
    "29": [
        16201.880953017979,
        17606.292821596748
    ],
    "30": [
        10052.109785776289,
        923.9441018785749
    ],
    "31": [
        2461.5256908686474,
        9739.71132220644
    ],
    "32": [
        9784.558763387617,
        3266.1934315856074
    ],
    "33": [
        11938.600019054878,
        734.0505855746386
    ],
    "34": [
        3350.46197812777,
        16738.097462322694
    ],
    "35": [
        6131.777846213693,
        4359.774292498703
    ],
    "36": [
        3335.535589833077,
        652.1472799321992
    ],
    "37": [
        553.6131755134783,
        1890.1707532316668
    ],
    "38": [
        7255.241769891036,
        10773.188643606085
    ],
    "39": [
        17840.080732073104,
        7720.23552594866
    ],
    "40": [
        16254.34529923804,
        2990.42525906033
    ],
    "41": [
        5791.518736416236,
        2473.248416298314
    ],
    "42": [
        787.9989190517216,
        12863.299002831136
    ],
    "43": [
        2130.850195819617,
        2187.5853126593797
    ],
    "44": [
        15435.396595737391,
        11214.324938322368
    ],
    "45": [
        23162.14453125,
        16526.646779614824
    ],
    "46": [
        12269.812370749081,
        19520.979549632353
    ],
    "47": [
        18784.22031527039,
        3246.3389052803636
    ],
    "48": [
        1104.4909920486766,
        21544.113418794015
    ],
    "49": [
        26732.379985608553,
        9910.074360094572
    ],
    "50": [
        26394.096731085527,
        15168.980263157895
    ],
    "51": [
        666.1518644268468,
        5184.477895416829
    ],
    "52": [
        26914.385457871835,
        1355.216013992889
    ],
    "53": [
        10136.41742216651,
        11269.975709829758
    ],
    "54": [
        12416.697562423407,
        12933.870787377451
    ],
    "55": [
        2631.5142730953185,
        6051.36898683563
    ],
    "56": [
        765.1331480081658,
        6942.95112558534
    ],
    "57": [
        8827.412782866379,
        18853.28192349138
    ],
    "58": [
        23688.093235085227,
        1153.307751525532
    ],
    "59": [
        1063.5151726229108,
        14873.694380103643
    ],
    "60": [
        8984.490439453126,
        26277.8121875
    ],
    "61": [
        13709.82551919755,
        1037.4207597905067
    ],
    "62": [
        11805.263650293507,
        4971.286532070097
    ],
    "63": [
        2281.475612222713,
        4026.747338510778
    ],
    "64": [
        16463.954387796337,
        21819.387122844826
    ],
    "65": [
        17166.353600135215,
        5507.483473557692
    ],
    "66": [
        4891.064655122303,
        717.3316758028453
    ],
    "67": [
        5209.633781550481,
        26332.012229567306
    ],
    "68": [
        16277.900542816558,
        13905.14248934659
    ],
    "69": [
        544.6876655090207,
        525.7563605378951
    ],
    "70": [
        8752.857915900735,
        22287.646208639704
    ],
    "71": [
        25828.85770089286,
        26200.37569754464
    ],
    "72": [
        22883.4374752769,
        11473.104578718354
    ],
    "73": [
        9847.579651212433,
        6265.044711086919
    ],
    "74": [
        11884.13564768145,
        22941.28751890121
    ],
    "75": [
        3506.695847829183,
        23032.027587890625
    ],
    "76": [
        644.1105272756935,
        3507.3675533783207
    ],
    "77": [
        5405.913332063008,
        14867.384789443597
    ],
    "78": [
        5024.003094603684,
        12536.143477079884
    ],
    "79": [
        19705.545730064656,
        26028.57974137931
    ],
    "80": [
        23036.147340539384,
        7559.677660798373
    ],
    "81": [
        7665.536007715651,
        15837.369027634297
    ],
    "82": [
        4124.319127252982,
        4534.059957290586
    ],
    "83": [
        20621.24928042763,
        1053.653591027734
    ],
    "84": [
        8312.891027450562,
        687.0215885897633
    ],
    "85": [
        891.5628241988975,
        16835.386326749558
    ],
    "86": [
        7864.226360120271,
        8655.08352500514
    ],
    "87": [
        1925.3672482070103,
        602.5050823616405
    ],
    "88": [
        3529.9351094563804,
        19385.242626953124
    ],
    "89": [
        1537.9059787786232,
        27281.634212853773
    ],
    "90": [
        804.2115596351515,
        10809.861799697006
    ],
    "91": [
        12550.802997622282,
        10117.061812160326
    ],
    "92": [
        13944.76953125,
        3417.7659745250676
    ],
    "93": [
        7071.875110973011,
        6664.437702217488
    ],
    "94": [
        20789.232524671053,
        21678.191714638157
    ],
    "95": [
        19373.529383680554,
        18245.947743055556
    ],
    "96": [
        2752.8927953810917,
        11954.968587239584
    ],
    "97": [
        14544.052818449918,
        5799.452688457161
    ],
    "98": [
        19904.14366824128,
        14385.901174146076
    ],
    "99": [
        975.0409601919113,
        18897.23327872984
    ]
}