{
    "0": [
        23569.57917668269,
        12528.563100961539
    ],
    "1": [
        7430.192744267451,
        11230.012124594155
    ],
    "2": [
        11737.854435847355,
        23956.482572115383
    ],
    "3": [
        15005.95757630814,
        15520.298828125
    ],
    "4": [
        23629.443496436405,
        2748.03890191463
    ],
    "5": [
        3639.7927181904133,
        23950.329552283652
    ],
    "6": [
        5787.882036812698,
        1664.5257996426353
    ],
    "7": [
        1486.0116610418665,
        1146.1275029952892
    ],
    "8": [
        2520.70627200976,
        14476.979721069336
    ],
    "9": [
        1951.7134142816067,
        7247.586101740057
    ],
    "10": [
        6985.947719381313,
        6396.805836687185
    ],
    "11": [
        12704.941228693182,
        7488.717519784903
    ],
    "12": [
        1832.659673718519,
        10896.887615824855
    ],
    "13": [
        16486.125388524866,
        1693.9419566328806
    ],
    "14": [
        2245.645136297795,
        18708.702131304824
    ],
    "15": [
        10794.967221791507,
        1928.6037342966968
    ],
    "16": [
        8175.131299628586,
        16577.534836065573
    ],
    "17": [
        19752.591574928978,
        21054.761363636364
    ],
    "18": [
        1716.058404423095,
        3994.949669090477
    ],
    "19": [
        17684.707849451013,
        7994.996911951013
    ]
}