{
    "0": [
        14464.100201716188,
        21771.430840163935
    ],
    "1": [
        22020.88554953231,
        9816.726758476829
    ],
    "2": [
        5702.9320669865265,
        12200.823815387228
    ],
    "3": [
        5420.613339748243,
        2757.6401420910374
    ],
    "4": [
        7232.539942327536,
        26156.47003979953
    ],
    "5": [
        7957.022028839239,
        793.4286667851724
    ],
    "6": [
        10581.172314453124,
        5792.071966552734
    ],
    "7": [
        21029.807406135533,
        1158.2750586450318
    ],
    "8": [
        13767.284396701389,
        3020.0974618417245
    ],
    "9": [
        9865.878307622705,
        16595.906503795904
    ],
    "10": [
        938.5822095896816,
        12559.887687372968
    ],
    "11": [
        9423.976831609552,
        3090.255199779164
    ],
    "12": [
        8165.887172040411,
        10432.241875763437
    ],
    "13": [
        22504.08179102607,
        4643.102165670956
    ],
    "14": [
        12881.506379362825,
        26161.401278409092
    ],
    "15": [
        9679.481307319973,
        22089.3603515625
    ],
    "16": [
        5461.3691375346125,
        22592.352712124208
    ],
    "17": [
        15773.332793865946,
        3914.5471993705833
    ],
    "18": [
        931.8465701464656,
        19074.191142126336
    ],
    "19": [
        11292.82401216947,
        11173.900661057693
    ],
    "20": [
        7158.827740743885,
        18868.216864809783
    ],
    "21": [
        16086.200604607076,
        17394.415879193475
    ],
    "22": [
        3663.0451377912755,
        20054.905911307804
    ],
    "23": [
        926.7751321169318,
        10558.406139742943
    ],
    "24": [
        13025.915445963541,
        14469.191975911459
    ],
    "25": [
        9193.4323671875,
        13407.097875
    ],
    "26": [
        1464.6839068805177,
        27294.698160807293
    ],
    "27": [
        2914.4123363829494,
        6614.359186540571
    ],
    "28": [
        3714.6899337938476,
        2632.7823804417803
    ],
    "29": [
        5327.753687888198,
        9621.322787267081
    ],
    "30": [
        1050.918605926995,
        21734.14351818049
    ],
    "31": [
        13024.11211212588,
        5970.110848440251
    ],
    "32": [
        4212.36708314185,
        17184.543432138482
    ],
    "33": [
        18054.914988463406,
        9809.798134917422
    ],
    "34": [
        771.6372047634261,
        5463.796487277734
    ],
    "35": [
        17801.042237755846,
        14080.012021427267
    ],
    "36": [
        2406.3956791735945,
        665.2933654545348
    ],
    "37": [
        18455.648776584203,
        24257.825656467016
    ],
    "38": [
        2347.6440786966464,
        4446.1725143128115
    ],
    "39": [
        640.0186023872632,
        3673.6413476406
    ],
    "40": [
        1121.357984888169,
        16640.977113785284
    ],
    "41": [
        1044.6522503304268,
        14506.727772969685
    ],
    "42": [
        6752.757326211735,
        15167.210423309949
    ],
    "43": [
        20038.300142728367,
        19318.602670522836
    ],
    "44": [
        2084.803999671723,
        24365.096346892456
    ],
    "45": [
        18610.27363801093,
        3548.177508800202
    ],
    "46": [
        16354.362613514957,
        6706.300194895166
    ],
    "47": [
        25733.198852539063,
        18043.733764648438
    ],
    "48": [
        17697.912939453126,
        984.0313432137999
    ],
    "49": [
        585.2741024941206,
        1969.3483704582093
    ],
    "50": [
        4239.917485242449,
        4752.585949775227
    ],
    "51": [
        22182.15580549569,
        14736.536900592673
    ],
    "52": [
        14830.167497395832,
        858.8377184340159
    ],
    "53": [
        809.7136545743484,
        7183.086342624181
    ],
    "54": [
        12312.356715745193,
        18766.963837139425
    ],
    "55": [
        8520.009346393625,
        5445.9579798637415
    ],
    "56": [
        3049.301633438974,
        11661.9839196218
    ],
    "57": [
        26215.95386904762,
        11563.783610026041
    ],
    "58": [
        749.46763393607,
        8822.839333450762
    ],
    "59": [
        6438.956188463185,
        5103.4866110605735
    ],
    "60": [
        2971.0844093935334,
        8825.786403683851
    ],
    "61": [
        7396.477409024152,
        2800.9000279199986
    ],
    "62": [
        12280.172935621044,
        892.3297752428658
    ],
    "63": [
        25923.51492632114,
        6447.02268919906
    ],
    "64": [
        11577.416701372931,
        3489.4928068273207
    ],
    "65": [
        5023.998286508414,
        6983.419711538461
    ],
    "66": [
        24051.105550130207,
        24224.813802083332
    ],
    "67": [
        13624.651901375535,
        8641.900129790998
    ],
    "68": [
        14700.021965220494,
        11538.372794059327
    ],
    "69": [
        4033.932887425916,
        806.0953187562268
    ],
    "70": [
        2067.6720693993757,
        2338.7349192701927
    ],
    "71": [
        3910.407526530503,
        14402.412439339803
    ],
    "72": [
        675.4144659788349,
        527.7539850233195
    ],
    "73": [
        10105.54961170015,
        838.8733329914864
    ],
    "74": [
        27277.184560032896,
        1660.6479631022403
    ],
    "75": [
        19813.073936955847,
        6531.511951958955
    ],
    "76": [
        24183.325220612045,
        1483.8190569359558
    ],
    "77": [
        5935.867362081006,
        772.4005859635174
    ],
    "78": [
        10373.195568708412,
        8343.307108483841
    ],
    "79": [
        7427.2398892106685,
        7846.100057246767
    ]
}