{
    "0": [
        27471.936848958332,
        777.3990138371786
    ],
    "1": [
        23971.985677083332,
        16622.354817708332
    ],
    "2": [
        596.7556199746973,
        2068.5841279871324
    ],
    "3": [
        14427.039713541666,
        26381.937825520832
    ],
    "4": [
        3235.3545735677085,
        17306.676432291668
    ],
    "5": [
        27704.67822265625,
        4019.7230224609375
    ],
    "6": [
        3341.492257254464,
        6995.873918805803
    ],
    "7": [
        14849.024135044643,
        22618.424944196428
    ],
    "8": [
        26674.1513671875,
        13795.6708984375
    ],
    "9": [
        3032.8688065378287,
        8911.505062705592
    ],
    "10": [
        1249.8040754530166,
        26614.161675347223
    ],
    "11": [
        6150.058361235119,
        3897.8530622209823
    ],
    "12": [
        6739.98232421875,
        21440.4904296875
    ],
    "13": [
        13593.021040482954,
        10565.19540127841
    ],
    "14": [
        12957.841341145833,
        3053.3738606770835
    ],
    "15": [
        9087.58740234375,
        26602.9423828125
    ],
    "16": [
        6251.40478515625,
        1088.3708029852974
    ],
    "17": [
        9888.759765625,
        14098.157670454546
    ],
    "18": [
        767.9713776111603,
        5100.198455810547
    ],
    "19": [
        5647.55869140625,
        10594.85263671875
    ],
    "20": [
        15330.731201171875,
        2750.6168416341147
    ],
    "21": [
        6957.191677517361,
        6992.686957465277
    ],
    "22": [
        4547.28412186472,
        638.077220916748
    ],
    "23": [
        19835.749267578125,
        15165.423828125
    ],
    "24": [
        897.0913746573708,
        12223.740900213068
    ],
    "25": [
        5757.4098714192705,
        16351.365071614584
    ],
    "26": [
        22741.3853515625,
        6625.31748046875
    ],
    "27": [
        10495.003580729166,
        10297.525846354167
    ],
    "28": [
        11538.313895089286,
        13140.08803013393
    ],
    "29": [
        16200.167426215277,
        9714.079644097223
    ],
    "30": [
        19304.443684895832,
        9064.376057942709
    ],
    "31": [
        8025.375244140625,
        15670.158412388393
    ],
    "32": [
        17589.984266493055,
        17971.137369791668
    ],
    "33": [
        3887.9950400904604,
        14159.508532072368
    ],
    "34": [
        7137.51025390625,
        25328.27392578125
    ],
    "35": [
        2163.274086400082,
        14337.661595394737
    ],
    "36": [
        19342.095703125,
        11402.472819010416
    ],
    "37": [
        14193.744891826924,
        7733.623197115385
    ],
    "38": [
        6389.256212022569,
        13222.325303819445
    ],
    "39": [
        5260.545092773437,
        8245.857666015625
    ],
    "40": [
        6757.323893229167,
        18073.330078125
    ],
    "41": [
        3423.669051460598,
        1942.4656027088995
    ],
    "42": [
        16511.32421875,
        14256.08349609375
    ],
    "43": [
        10155.168201264882,
        5096.042596726191
    ],
    "44": [
        14656.63978794643,
        5268.918491908482
    ],
    "45": [
        458.31541066556366,
        511.9073695548483
    ],
    "46": [
        4839.867154947917,
        22747.20859375
    ],
    "47": [
        22159.105794270832,
        10702.443359375
    ],
    "48": [
        543.3482859684871,
        18338.337139423078
    ],
    "49": [
        14334.598779296875,
        828.5332469940186
    ],
    "50": [
        2576.4818369547525,
        5012.6647542317705
    ],
    "51": [
        17331.240164620536,
        3335.0278669084823
    ],
    "52": [
        11020.392578125,
        397.0186113444242
    ],
    "53": [
        7333.2144775390625,
        2445.5766092936196
    ],
    "54": [
        5076.721078725962,
        2274.8367356520434
    ],
    "55": [
        10844.307154605263,
        2703.6092015316613
    ],
    "56": [
        10232.255533854166,
        16278.013780381945
    ],
    "57": [
        9291.27865705819,
        886.7710031969793
    ],
    "58": [
        1020.643722148318,
        8511.376310649672
    ],
    "59": [
        19652.24140625,
        3760.0828125
    ],
    "60": [
        1229.6468073037954,
        23660.891075721152
    ],
    "61": [
        22457.98828125,
        23721.5478515625
    ],
    "62": [
        11708.726643880209,
        8281.022338867188
    ],
    "63": [
        18311.578741776317,
        612.7813206722861
    ],
    "64": [
        12661.78068462171,
        5229.906121504934
    ],
    "65": [
        8849.190124511719,
        18700.337890625
    ],
    "66": [
        7206.998504638672,
        8803.075469970703
    ],
    "67": [
        9383.698016826924,
        7597.421912560096
    ],
    "68": [
        20784.044170673078,
        1248.1269818819487
    ],
    "69": [
        26106.61662212171,
        19676.328125
    ],
    "70": [
        7636.223828125,
        783.7774332046508
    ],
    "71": [
        26519.17822265625,
        8903.98046875
    ],
    "72": [
        8960.739286534927,
        3175.084156709559
    ],
    "73": [
        3224.4725167410716,
        11326.345424107143
    ],
    "74": [
        13721.138671875,
        14154.381138392857
    ],
    "75": [
        7976.736072358631,
        11291.00525483631
    ],
    "76": [
        16056.5751953125,
        651.6268167495728
    ],
    "77": [
        3685.2467447916665,
        3883.948676215278
    ],
    "78": [
        2144.826255396793,
        2870.270645944696
    ],
    "79": [
        1793.2134297688801,
        823.4019298056761
    ],
    "80": [
        23185.288736979168,
        3955.1755167643228
    ],
    "81": [
        617.5694259405136,
        10068.616629464286
    ],
    "82": [
        17411.694196428572,
        6417.137834821428
    ],
    "83": [
        3871.9504597981772,
        19770.078938802082
    ],
    "84": [
        1022.636934047792,
        6797.190655964177
    ],
    "85": [
        24229.421735491072,
        1228.840241568429
    ],
    "86": [
        12333.36900111607,
        831.9231169564383
    ],
    "87": [
        8121.3130859375,
        5032.532141113281
    ],
    "88": [
        9372.564147949219,
        22707.023193359375
    ],
    "89": [
        14655.588600852272,
        17056.19806463068
    ],
    "90": [
        344.7030022577806,
        14333.579367897728
    ],
    "91": [
        19404.5615234375,
        26052.6015625
    ],
    "92": [
        4999.137508616728,
        5778.106675091912
    ],
    "93": [
        1356.8749755859376,
        16661.6091796875
    ],
    "94": [
        12073.8388671875,
        19458.262276785714
    ],
    "95": [
        20228.286865234375,
        20012.93505859375
    ],
    "96": [
        672.49172520056,
        3669.721054449314
    ],
    "97": [
        901.8991084098816,
        20754.695703125
    ],
    "98": [
        2936.6423456101193,
        282.50076570964995
    ],
    "99": [
        3676.9495442708335,
        27007.99609375
    ]
}