{
    "0": [
        16696.0625,
        415.6107940673828
    ],
    "1": [
        3351.6705322265625,
        8783.1123046875
    ],
    "2": [
        24110.70703125,
        14828.900390625
    ],
    "3": [
        16306.6884765625,
        24584.705078125
    ],
    "4": [
        19006.921875,
        7962.339599609375
    ],
    "5": [
        1132.8438186645508,
        25273.681640625
    ],
    "6": [
        2085.9651692708335,
        6037.734537760417
    ],
    "7": [
        11283.10009765625,
        5414.261474609375
    ],
    "8": [
        4950.708902994792,
        1133.806376139323
    ],
    "9": [
        4000.25244140625,
        13712.3876953125
    ],
    "10": [
        1401.1805623372395,
        13457.6943359375
    ],
    "11": [
        11275.689453125,
        15003.5244140625
    ],
    "12": [
        817.7203369140625,
        10330.3076171875
    ],
    "13": [
        4411.541259765625,
        442.19493103027344
    ],
    "14": [
        1862.9022623697917,
        4063.6351725260415
    ],
    "15": [
        17481.357747395832,
        15260.9072265625
    ],
    "16": [
        12797.091796875,
        2611.230224609375
    ],
    "17": [
        20050.4296875,
        3642.69189453125
    ],
    "18": [
        2139.123046875,
        9702.251953125
    ],
    "19": [
        4115.5152587890625,
        3530.7316284179688
    ],
    "20": [
        15565.8515625,
        21524.5625
    ],
    "21": [
        12754.349934895834,
        11310.643880208334
    ],
    "22": [
        254.87190990448,
        8319.96044921875
    ],
    "23": [
        25093.73828125,
        6628.248046875
    ],
    "24": [
        1320.9621276855469,
        1256.6193119684856
    ],
    "25": [
        6052.622884114583,
        8719.984375
    ],
    "26": [
        726.9772060712179,
        3068.561767578125
    ],
    "27": [
        8884.09345703125,
        1652.9809204101562
    ],
    "28": [
        6486.4462890625,
        5098.2119140625
    ],
    "29": [
        9060.0427734375,
        7249.3240234375
    ],
    "30": [
        8172.63232421875,
        17700.23046875
    ],
    "31": [
        14245.923828125,
        1735.7408447265625
    ],
    "32": [
        18511.9423828125,
        5296.738037109375
    ],
    "33": [
        22182.31640625,
        9138.525390625
    ],
    "34": [
        13003.720703125,
        247.64288330078125
    ],
    "35": [
        22150.244140625,
        444.54864501953125
    ],
    "36": [
        4017.65380859375,
        20382.012369791668
    ],
    "37": [
        11981.365234375,
        460.2572479248047
    ],
    "38": [
        10715.18359375,
        19232.439453125
    ],
    "39": [
        18072.9345703125,
        1210.5528564453125
    ]
}