{
    "0": [
        4822.390625,
        3847.132080078125
    ],
    "1": [
        2234.299560546875,
        1178.6820068359375
    ],
    "2": [
        4000.25244140625,
        13712.3876953125
    ],
    "3": [
        15395.15283203125,
        23817.5615234375
    ],
    "4": [
        3602.775146484375,
        5496.59912109375
    ],
    "5": [
        4835.596923828125,
        1734.4149780273438
    ],
    "6": [
        2977.2422688802085,
        9044.8798828125
    ],
    "7": [
        1505.1519165039063,
        1994.554931640625
    ],
    "8": [
        10478.676025390625,
        6355.4669189453125
    ],
    "9": [
        5001.57646484375,
        698.0720886230469
    ],
    "10": [
        12384.684814453125,
        12233.864013671875
    ],
    "11": [
        19983.258463541668,
        10460.619140625
    ],
    "12": [
        501.1723787307739,
        3116.2998046875
    ],
    "13": [
        268.10374999046326,
        8699.150390625
    ],
    "14": [
        13762.979817708334,
        2027.5706380208333
    ],
    "15": [
        17181.12890625,
        1688.544189453125
    ],
    "16": [
        20557.4921875,
        588.5550842285156
    ],
    "17": [
        2155.4602661132813,
        2845.9676513671875
    ],
    "18": [
        1742.735107421875,
        13244.35400390625
    ],
    "19": [
        7397.7939453125,
        597.6200561523438
    ],
    "20": [
        3848.259765625,
        728.0377197265625
    ],
    "21": [
        532.4244232177734,
        6432.21826171875
    ],
    "22": [
        12322.150390625,
        389.3857930501302
    ],
    "23": [
        1901.292444864909,
        24181.12109375
    ],
    "24": [
        605.3232421875,
        4744.64599609375
    ],
    "25": [
        24110.70703125,
        14828.900390625
    ],
    "26": [
        1792.216064453125,
        6555.36865234375
    ],
    "27": [
        718.0714721679688,
        13884.375
    ],
    "28": [
        18628.801432291668,
        5896.350260416667
    ],
    "29": [
        6875.646911621094,
        19020.6767578125
    ],
    "30": [
        25093.73828125,
        6628.248046875
    ],
    "31": [
        7275.997977120535,
        7667.22265625
    ],
    "32": [
        2528.46435546875,
        4584.19580078125
    ],
    "33": [
        9255.668334960938,
        1916.8211364746094
    ],
    "34": [
        3322.98388671875,
        3073.491943359375
    ],
    "35": [
        16696.0625,
        415.6107940673828
    ],
    "36": [
        893.7231241861979,
        790.6413338979086
    ],
    "37": [
        1433.7903442382813,
        10083.1982421875
    ],
    "38": [
        20050.4296875,
        3642.69189453125
    ],
    "39": [
        16825.341471354168,
        17455.733723958332
    ]
}