{
    "0": [
        8905.76271578974,
        1885.2353937879373
    ],
    "1": [
        23021.776423832656,
        12681.237335275884
    ],
    "2": [
        20580.350415681536,
        21077.03501490543
    ],
    "3": [
        1319.8996306905765,
        1275.8070884495405
    ],
    "4": [
        24233.9497898911,
        3199.3198272011723
    ],
    "5": [
        7423.499361522973,
        16942.43015606443
    ],
    "6": [
        1505.5062713008085,
        4777.065600866559
    ],
    "7": [
        13558.577389464554,
        1972.3565967540856
    ],
    "8": [
        1798.872240347655,
        8829.915309952446
    ],
    "9": [
        7629.4484155469445,
        11116.642943573679
    ],
    "10": [
        2118.1285203390166,
        13273.776132292032
    ],
    "11": [
        11728.598607346585,
        22877.31355406746
    ],
    "12": [
        4827.0324828328585,
        1638.1199373416766
    ],
    "13": [
        18502.112374366556,
        1954.6238903004737
    ],
    "14": [
        14287.373435427719,
        14071.986224510942
    ],
    "15": [
        1716.6938897514135,
        18417.651508672046
    ],
    "16": [
        6007.212481294699,
        6081.380981185034
    ],
    "17": [
        3040.114316285034,
        24043.634904692444
    ],
    "18": [
        17663.44459413858,
        7561.710472865879
    ],
    "19": [
        11578.478152828617,
        7098.859604628769
    ]
}