{
    "0": [
        11882.427734375,
        3146.3412039620534
    ],
    "1": [
        350.82693154471264,
        337.3742428734189
    ],
    "2": [
        8605.019571940104,
        251.51721398035684
    ],
    "3": [
        4595.540283203125,
        661.3580110990084
    ],
    "4": [
        24966.170572916668,
        7060.983951822916
    ],
    "5": [
        15942.19638671875,
        1454.6035888671875
    ],
    "6": [
        3026.2025320870534,
        16950.81180245536
    ],
    "7": [
        13009.016927083334,
        25759.9423828125
    ],
    "8": [
        1208.5719655354817,
        1887.1970926920574
    ],
    "9": [
        3572.855517578125,
        14250.366796875
    ],
    "10": [
        569.5175495147705,
        974.2673797607422
    ],
    "11": [
        972.888069834028,
        19435.14871651786
    ],
    "12": [
        1855.0837905883789,
        24138.996875
    ],
    "13": [
        11915.445638020834,
        12260.667317708334
    ],
    "14": [
        3940.689120205966,
        8570.078968394886
    ],
    "15": [
        723.7606334686279,
        17077.065307617188
    ],
    "16": [
        5579.88427734375,
        16788.234537760418
    ],
    "17": [
        7781.431501116072,
        12735.04331752232
    ],
    "18": [
        1924.645654296875,
        144.3785539627075
    ],
    "19": [
        443.92052459716797,
        14257.85634765625
    ],
    "20": [
        15440.361393229166,
        17078.394401041667
    ],
    "21": [
        10528.671223958334,
        7460.550944010417
    ],
    "22": [
        2619.0618614783652,
        7909.238619290865
    ],
    "23": [
        5084.320756392045,
        5074.439852627841
    ],
    "24": [
        6422.114366319444,
        1076.1422186957466
    ],
    "25": [
        4204.219430106027,
        2295.5431169782364
    ],
    "26": [
        7038.4294921875,
        10082.730859375
    ],
    "27": [
        9953.454427083334,
        8778.648600260416
    ],
    "28": [
        1202.476806640625,
        10317.04736328125
    ],
    "29": [
        6676.58779296875,
        6213.29736328125
    ],
    "30": [
        14741.1705078125,
        802.0132369995117
    ],
    "31": [
        6581.943684895833,
        4298.288682725694
    ],
    "32": [
        1499.6959771050347,
        912.9509209526909
    ],
    "33": [
        1090.4948120117188,
        11647.3955078125
    ],
    "34": [
        19339.82763671875,
        716.8839437166849
    ],
    "35": [
        409.91220207214354,
        3637.38828125
    ],
    "36": [
        3120.707097833807,
        430.78187907825816
    ],
    "37": [
        5067.3447265625,
        1299.8994683159722
    ],
    "38": [
        1971.7553629557292,
        6641.8673828125
    ],
    "39": [
        1674.8243536698192,
        3557.6777086759867
    ],
    "40": [
        5699.123426649306,
        2448.4397786458335
    ],
    "41": [
        2458.910888671875,
        1375.1922912597656
    ],
    "42": [
        1949.3889567057292,
        12127.257486979166
    ],
    "43": [
        527.7509576706659,
        5410.665480840774
    ],
    "44": [
        9325.338671875,
        10002.34375
    ],
    "45": [
        20646.281901041668,
        4021.9515787760415
    ],
    "46": [
        314.8778817994254,
        2149.8904418945313
    ],
    "47": [
        10385.72216796875,
        11132.103759765625
    ],
    "48": [
        2231.54140403054,
        4866.545587713068
    ],
    "49": [
        7640.274522569444,
        15240.810329861111
    ],
    "50": [
        6790.9632568359375,
        494.3079388141632
    ],
    "51": [
        23966.522623697918,
        16455.167236328125
    ],
    "52": [
        4873.475202287947,
        9492.909598214286
    ],
    "53": [
        4330.858072916667,
        26093.325520833332
    ],
    "54": [
        19425.22900390625,
        23454.872395833332
    ],
    "55": [
        4849.741048177083,
        11170.24951171875
    ],
    "56": [
        4173.829132080078,
        3823.0820922851563
    ],
    "57": [
        5337.761881510417,
        6888.132552083333
    ],
    "58": [
        9006.563406808036,
        1676.2203281947545
    ],
    "59": [
        8224.399017333984,
        18632.709716796875
    ],
    "60": [
        12442.593098958334,
        1636.1396077473958
    ],
    "61": [
        9590.1123046875,
        3164.8795166015625
    ],
    "62": [
        622.6282196044922,
        12532.3935546875
    ],
    "63": [
        9364.82407924107,
        5828.249232700893
    ],
    "64": [
        3745.7909109933034,
        1202.7616402762276
    ],
    "65": [
        9729.982855902777,
        12076.447048611111
    ],
    "66": [
        10297.3681640625,
        21127.10903033088
    ],
    "67": [
        21830.9046875,
        249.9232971191406
    ],
    "68": [
        13047.657836914063,
        465.21969985961914
    ],
    "69": [
        14396.709201388889,
        2334.8779296875
    ],
    "70": [
        18095.114118303572,
        6952.402064732143
    ],
    "71": [
        4770.458914620535,
        13268.005859375
    ],
    "72": [
        17255.43203125,
        961.8679738998413
    ],
    "73": [
        14037.938654119318,
        12162.902166193182
    ],
    "74": [
        8441.565979003906,
        8374.208190917969
    ],
    "75": [
        13594.907421875,
        9091.67294921875
    ],
    "76": [
        10030.527506510416,
        390.078782081604
    ],
    "77": [
        2006.7109130859376,
        9340.8021484375
    ],
    "78": [
        13746.455403645834,
        5460.778537326389
    ],
    "79": [
        1980.394496372768,
        13402.268973214286
    ],
    "80": [
        2872.5326704545455,
        3294.365811434659
    ],
    "81": [
        24827.55060369318,
        979.4364873712713
    ],
    "82": [
        671.2960782732282,
        7796.564383370535
    ],
    "83": [
        13512.274169921875,
        2753.3570556640625
    ],
    "84": [
        11460.06943359375,
        444.0149238586426
    ],
    "85": [
        3516.787567138672,
        5745.011016845703
    ],
    "86": [
        10684.35009765625,
        2047.1833089192708
    ],
    "87": [
        21972.541883680555,
        8010.161729600694
    ],
    "88": [
        10495.69208233173,
        15214.90204326923
    ],
    "89": [
        8382.993815104166,
        3745.2170681423613
    ],
    "90": [
        5712.513509114583,
        195.62000592549643
    ],
    "91": [
        16665.178955078125,
        3762.2786458333335
    ],
    "92": [
        18648.72119140625,
        11682.829833984375
    ],
    "93": [
        7001.66552734375,
        22397.060112847223
    ],
    "94": [
        7708.182698567708,
        613.077345530192
    ],
    "95": [
        2703.096044921875,
        10969.04521484375
    ],
    "96": [
        7537.485002790178,
        1837.2039620535713
    ],
    "97": [
        4009.5242919921875,
        20137.551215277777
    ],
    "98": [
        263.46688229697094,
        9844.0791015625
    ],
    "99": [
        11793.190348307291,
        5353.6413981119795
    ]
}