{
    "0": [
        2550.265731158322,
        25940.70011504709
    ],
    "1": [
        6477.06029996005,
        21031.606256658382
    ],
    "2": [
        4511.750759859698,
        1241.8774028095083
    ],
    "3": [
        6849.6737890625,
        964.8624239567348
    ],
    "4": [
        12527.55684765625,
        5202.905390625
    ],
    "5": [
        8683.35865987943,
        12461.983436884842
    ],
    "6": [
        9222.55116606645,
        8190.686325583759
    ],
    "7": [
        4526.6037786014,
        10677.946981639467
    ],
    "8": [
        11308.146531325121,
        24755.223163311297
    ],
    "9": [
        26623.683478860294,
        3336.724962941338
    ],
    "10": [
        1808.5262687427025,
        21199.438313802082
    ],
    "11": [
        9348.58008232226,
        1142.0013160562105
    ],
    "12": [
        2519.0812159182137,
        851.270020220214
    ],
    "13": [
        6017.1658581149195,
        3732.821526902722
    ],
    "14": [
        18522.20296415441,
        12036.465797334558
    ],
    "15": [
        14383.113962481098,
        1526.2024267085137
    ],
    "16": [
        16848.182777404785,
        18795.65493774414
    ],
    "17": [
        3011.320483561742,
        7200.703267075146
    ],
    "18": [
        12909.015864415323,
        14728.7015625
    ],
    "19": [
        24247.14974555619,
        15961.328196674312
    ],
    "20": [
        19594.192513020833,
        1166.6848529783886
    ],
    "21": [
        1141.4371445032177,
        9340.630336216518
    ],
    "22": [
        10049.628609451593,
        18327.234636693218
    ],
    "23": [
        15917.22858734993,
        6770.393858139124
    ],
    "24": [
        23064.300018728594,
        1638.8677130153735
    ],
    "25": [
        11931.593306107954,
        1341.743774953322
    ],
    "26": [
        789.1014569679046,
        5854.719713506852
    ],
    "27": [
        9136.470376536885,
        4223.943582703638
    ],
    "28": [
        13248.577458457341,
        10204.33380869709
    ],
    "29": [
        967.8679098018671,
        3093.150690592092
    ],
    "30": [
        5975.233965311965,
        7025.317551704302
    ],
    "31": [
        16860.30157137784,
        1911.0504186153412
    ],
    "32": [
        1466.9647101967523,
        17114.956160756086
    ],
    "33": [
        3278.11239188058,
        4183.487652775954
    ],
    "34": [
        5479.797219355554,
        15483.382769855349
    ],
    "35": [
        1403.2973160862298,
        13065.792265727257
    ],
    "36": [
        19523.04963510479,
        5841.321432330651
    ],
    "37": [
        20979.56859564012,
        23616.7166078629
    ],
    "38": [
        686.9584799296016,
        883.6947370420405
    ],
    "39": [
        23505.816441441442,
        8390.062425218186
    ]
}