{
    "0": [
        1950.2584226467466,
        621.8836858550574
    ],
    "1": [
        10648.126720893673,
        3063.7250924459318
    ],
    "2": [
        3458.583495314992,
        794.1449491388299
    ],
    "3": [
        12939.440448998057,
        1182.2630755416417
    ],
    "4": [
        9752.263232800387,
        22388.066027737405
    ],
    "5": [
        4137.886341488487,
        2651.801595394737
    ],
    "6": [
        10957.62899788455,
        805.854777880712
    ],
    "7": [
        20156.63697981126,
        6397.0123786548575
    ],
    "8": [
        11745.158925231073,
        6263.552710304798
    ],
    "9": [
        5987.383785316097,
        2592.5664281040204
    ],
    "10": [
        2401.1005498399586,
        4264.884927650607
    ],
    "11": [
        9241.440983836603,
        4958.944636638563
    ],
    "12": [
        6612.235707107099,
        17178.856672861042
    ],
    "13": [
        1167.4550981502064,
        21324.589707671617
    ],
    "14": [
        4017.18742298403,
        14834.540513480875
    ],
    "15": [
        1492.360320257644,
        27290.656656901043
    ],
    "16": [
        20281.43195857558,
        19798.071629723836
    ],
    "17": [
        8136.201700952594,
        2828.774175977582
    ],
    "18": [
        5907.441710194525,
        9119.125983598253
    ],
    "19": [
        4706.819936994369,
        21966.948832090737
    ],
    "20": [
        12993.201520182292,
        4148.5694864908855
    ],
    "21": [
        14915.65423478143,
        882.4702588884817
    ],
    "22": [
        25889.218682650862,
        18218.336105872844
    ],
    "23": [
        1148.074977324261,
        16148.186343474763
    ],
    "24": [
        12518.001591435184,
        26314.31278935185
    ],
    "25": [
        7005.084431247239,
        6716.037754665415
    ],
    "26": [
        3897.678687280463,
        18195.982883660366
    ],
    "27": [
        9030.19077665738,
        821.1515901975854
    ],
    "28": [
        2308.2012856331316,
        2337.0798460964097
    ],
    "29": [
        22098.005026223775,
        9726.334332659528
    ],
    "30": [
        11445.199260129766,
        12434.09715555482
    ],
    "31": [
        2927.5175078978023,
        12202.586219879518
    ],
    "32": [
        956.5928912729537,
        13701.89369145424
    ],
    "33": [
        26246.163347942074,
        11507.128001143292
    ],
    "34": [
        17109.929724491005,
        17287.734929865055
    ],
    "35": [
        830.936017367952,
        11346.270764039295
    ],
    "36": [
        11585.109513439895,
        9371.649337359315
    ],
    "37": [
        780.0470951781554,
        9275.1401953125
    ],
    "38": [
        9222.863279474432,
        7702.940108309659
    ],
    "39": [
        4556.254862077269,
        6912.3662978916955
    ],
    "40": [
        4343.379410393494,
        4741.665914244571
    ],
    "41": [
        5255.524813565341,
        741.2668580925903
    ],
    "42": [
        18685.055732484077,
        13477.070125895701
    ],
    "43": [
        8422.256448679957,
        10461.584155809169
    ],
    "44": [
        5485.435583575878,
        11827.010442197712
    ],
    "45": [
        688.2164724881987,
        5447.030722128378
    ],
    "46": [
        3270.449989432719,
        9858.996723414179
    ],
    "47": [
        1804.532769398136,
        24264.67124913674
    ],
    "48": [
        7138.930858743602,
        803.2361533759997
    ],
    "49": [
        14529.70952231197,
        21885.05097987288
    ],
    "50": [
        24089.609915226065,
        24277.404296875
    ],
    "51": [
        15354.160578712774,
        3563.1146971125586
    ],
    "52": [
        6560.994221064397,
        4742.504072773663
    ],
    "53": [
        941.5318275268386,
        18805.101157259778
    ],
    "54": [
        17620.968887061405,
        979.9103143787697
    ],
    "55": [
        6798.538860768779,
        14470.123386150235
    ],
    "56": [
        9067.790362322772,
        13421.165943287036
    ],
    "57": [
        16794.896685683936,
        6188.406691166392
    ],
    "58": [
        20875.765143694196,
        1153.985901434081
    ],
    "59": [
        18390.010104709203,
        24325.585150824652
    ],
    "60": [
        668.8940450198899,
        7304.103408441311
    ],
    "61": [
        24084.501677139946,
        1284.0669635535096
    ],
    "62": [
        12757.661822552447,
        18791.945449082166
    ],
    "63": [
        7651.647512817382,
        19818.146752929686
    ],
    "64": [
        26070.506051199776,
        6556.101446969168
    ],
    "65": [
        10180.126297151199,
        16450.087718000315
    ],
    "66": [
        650.5685540154236,
        3688.3632327399737
    ],
    "67": [
        532.2862643318067,
        552.4038532164569
    ],
    "68": [
        27260.742228190105,
        1658.0067110757034
    ],
    "69": [
        22539.287644675926,
        14981.700151909723
    ],
    "70": [
        14321.462420700187,
        7642.554213903901
    ],
    "71": [
        14633.312905365567,
        11304.114419037442
    ],
    "72": [
        14508.600722202034,
        14822.820840525073
    ],
    "73": [
        2576.050740559896,
        8021.04269374102
    ],
    "74": [
        652.1578643185585,
        2046.4332918933512
    ],
    "75": [
        18547.69534165112,
        3516.619298223239
    ],
    "76": [
        6616.605962937878,
        25710.706668976814
    ],
    "77": [
        18019.772707703294,
        9589.019589003696
    ],
    "78": [
        22891.38848876953,
        4425.361709594727
    ],
    "79": [
        2533.1048721181555,
        6125.688510334114
    ]
}