{
    "0": [
        22440.05972983068,
        5797.165615856885
    ],
    "1": [
        740.1837192571968,
        2421.2218546299846
    ],
    "2": [
        1134.0580017876534,
        11325.459444042415
    ],
    "3": [
        617.3545493461406,
        657.726137710252
    ],
    "4": [
        7664.552247979006,
        858.8742354127892
    ],
    "5": [
        15881.30688696509,
        3874.6395128038193
    ],
    "6": [
        16848.37766810826,
        14154.731994628906
    ],
    "7": [
        6534.832546164773,
        11537.70302142519
    ],
    "8": [
        9733.863792782739,
        9663.362632655859
    ],
    "9": [
        1129.3057122545313,
        16279.842911923135
    ],
    "10": [
        3628.0591564089755,
        10413.784013898983
    ],
    "11": [
        3003.373316669631,
        5179.0485412276985
    ],
    "12": [
        864.4650980756799,
        6705.3203278043375
    ],
    "13": [
        7384.096289819525,
        3202.4289368622062
    ],
    "14": [
        983.7855982182376,
        8957.454326538502
    ],
    "15": [
        1014.0612550105825,
        13626.155129247063
    ],
    "16": [
        11982.428659421588,
        1013.1641245577314
    ],
    "17": [
        1228.6781854573637,
        19412.03502400716
    ],
    "18": [
        19748.725920197146,
        18219.991879456797
    ],
    "19": [
        7089.123318970658,
        19113.730178017653
    ],
    "20": [
        22900.704470009157,
        1440.5536772690086
    ],
    "21": [
        3379.722342091686,
        7614.479177107901
    ],
    "22": [
        12827.36823517142,
        13906.025907349818
    ],
    "23": [
        8538.065063759788,
        6236.613904346723
    ],
    "24": [
        5084.942926924358,
        22716.055754905523
    ],
    "25": [
        5745.481990814209,
        5728.400414466858
    ],
    "26": [
        9755.55432488642,
        1041.5599373754678
    ],
    "27": [
        3928.6657378225614,
        928.7677877034201
    ],
    "28": [
        6254.459574854651,
        8691.430595930233
    ],
    "29": [
        19863.002779682603,
        1511.315125129066
    ],
    "30": [
        21768.712428346895,
        13001.340849204882
    ],
    "31": [
        18743.616044855444,
        5319.824914633822
    ],
    "32": [
        18693.592015081274,
        9365.34938043727
    ],
    "33": [
        5750.777688857256,
        953.6362451896829
    ],
    "34": [
        25202.32880108173,
        16841.86853966346
    ],
    "35": [
        9763.672195049894,
        26258.31614364496
    ],
    "36": [
        15018.76930847168,
        7121.753282165528
    ],
    "37": [
        14425.141856971153,
        18443.114302884616
    ],
    "38": [
        6839.232976956942,
        15015.2491538579
    ],
    "39": [
        2687.7981779337697,
        2774.563967198804
    ],
    "40": [
        1247.848035003828,
        22526.58797554348
    ],
    "41": [
        17225.16583171005,
        1200.1195177703858
    ],
    "42": [
        26428.358825683594,
        2395.865119730433
    ],
    "43": [
        3894.237077985491,
        13653.134784226191
    ],
    "44": [
        10028.875249565972,
        3750.706734483507
    ],
    "45": [
        4837.158669975662,
        3171.5764317734106
    ],
    "46": [
        4123.8354757557745,
        17383.953959020768
    ],
    "47": [
        23447.85969094669,
        23680.090590533087
    ],
    "48": [
        2080.5768175676303,
        26467.14104502688
    ],
    "49": [
        12938.629939350329,
        3964.6575927734375
    ],
    "50": [
        14401.711529420814,
        1093.0167420797327
    ],
    "51": [
        811.2400847909063,
        4359.269412333959
    ],
    "52": [
        10208.161890811012,
        16897.874074590774
    ],
    "53": [
        25766.01566329657,
        9359.10302415237
    ],
    "54": [
        11103.121845345222,
        21940.958667375653
    ],
    "55": [
        16873.026054382324,
        23941.29200744629
    ],
    "56": [
        13771.478459821428,
        10499.943412078374
    ],
    "57": [
        9692.893973887158,
        12893.077167277934
    ],
    "58": [
        11643.845777068374,
        6851.951143827513
    ],
    "59": [
        2284.4198793811624,
        757.2010157717564
    ]
}