{
    "0": [
        3848.259765625,
        728.0377197265625
    ],
    "1": [
        10048.39013671875,
        2270.5520629882813
    ],
    "2": [
        12774.111328125,
        1828.4140625
    ],
    "3": [
        13311.018880208334,
        588.5423685709635
    ],
    "4": [
        1310.7322838306427,
        8459.786905924479
    ],
    "5": [
        4934.203369140625,
        579.503288269043
    ],
    "6": [
        709.5980683735439,
        3308.002371651786
    ],
    "7": [
        3748.5468978881836,
        21565.605143229168
    ],
    "8": [
        2700.7165018717446,
        13585.041015625
    ],
    "9": [
        3385.569091796875,
        4780.769368489583
    ],
    "10": [
        4646.7696533203125,
        3550.1267700195313
    ],
    "11": [
        14751.029017857143,
        19176.898297991072
    ],
    "12": [
        24120.125,
        9305.98046875
    ],
    "13": [
        4980.754231770833,
        1547.05908203125
    ],
    "14": [
        15815.504720052084,
        10545.139729817709
    ],
    "15": [
        9695.20200892857,
        6725.020438058035
    ],
    "16": [
        6245.0689697265625,
        8004.32080078125
    ],
    "17": [
        1482.9559936523438,
        1485.968513216291
    ],
    "18": [
        8107.895670572917,
        1241.266825358073
    ],
    "19": [
        18595.319091796875,
        2241.6304893493652
    ]
}