{
    "0": [
        2852.2186063878676,
        14997.446633731617
    ],
    "1": [
        10358.018717447916,
        14447.841878255209
    ],
    "2": [
        14849.024135044643,
        22618.424944196428
    ],
    "3": [
        6329.021176938658,
        1178.498261063187
    ],
    "4": [
        18312.280029296875,
        6123.6661376953125
    ],
    "5": [
        549.9890944455799,
        3303.2203818873354
    ],
    "6": [
        3791.603848544034,
        19872.101029829544
    ],
    "7": [
        8738.401746961805,
        16126.834798177084
    ],
    "8": [
        19886.0615234375,
        20600.0517578125
    ],
    "9": [
        22127.632421875,
        11308.166796875
    ],
    "10": [
        7406.346121651785,
        22865.324776785714
    ],
    "11": [
        5127.324939546131,
        10153.688011532739
    ],
    "12": [
        12342.4212890625,
        3492.5460693359373
    ],
    "13": [
        2884.8277306189902,
        5385.644794170673
    ],
    "14": [
        17404.646935096152,
        3262.464317908654
    ],
    "15": [
        19784.9703125,
        3484.3161376953126
    ],
    "16": [
        901.8991084098816,
        20754.695703125
    ],
    "17": [
        5980.270612444197,
        12258.878627232143
    ],
    "18": [
        594.9664073160717,
        10019.410365513393
    ],
    "19": [
        16099.028686523438,
        743.0597162246704
    ],
    "20": [
        9725.753743489584,
        22570.662760416668
    ],
    "21": [
        17140.5234375,
        7556.60947265625
    ],
    "22": [
        9459.039428710938,
        7149.085205078125
    ],
    "23": [
        3204.2216918945314,
        392.99647974967957
    ],
    "24": [
        26516.51171875,
        9437.4443359375
    ],
    "25": [
        22457.98828125,
        23721.5478515625
    ],
    "26": [
        2752.6246744791665,
        17378.4671875
    ],
    "27": [
        4927.905094401041,
        17257.3869140625
    ],
    "28": [
        14427.039713541666,
        26381.937825520832
    ],
    "29": [
        7690.4560546875,
        2590.195450492527
    ],
    "30": [
        10278.984142485118,
        2606.9307861328125
    ],
    "31": [
        1236.476365661621,
        26337.003515625
    ],
    "32": [
        1008.70030789259,
        6753.78554925686
    ],
    "33": [
        26658.2548828125,
        15074.835693359375
    ],
    "34": [
        2947.2561696370444,
        11346.260050455729
    ],
    "35": [
        11127.544170673076,
        5138.634690504808
    ],
    "36": [
        6514.814398871527,
        3602.821980794271
    ],
    "37": [
        14493.421075994318,
        17033.479936079544
    ],
    "38": [
        12564.533325195313,
        13452.50439453125
    ],
    "39": [
        960.4494066238403,
        23243.581640625
    ],
    "40": [
        857.5868844531831,
        12270.3388671875
    ],
    "41": [
        7051.295471191406,
        8412.025512695313
    ],
    "42": [
        1834.4792152963034,
        541.4301449263968
    ],
    "43": [
        4579.02967298353,
        670.7484168490848
    ],
    "44": [
        14261.022010216346,
        7925.103553185096
    ],
    "45": [
        14424.45546875,
        767.277265548706
    ],
    "46": [
        3491.5915165653937,
        7288.530472366898
    ],
    "47": [
        24133.014973958332,
        16526.090494791668
    ],
    "48": [
        15544.092041015625,
        5254.419270833333
    ],
    "49": [
        27471.936848958332,
        777.3990138371786
    ],
    "50": [
        6210.831119791666,
        15053.530794270833
    ],
    "51": [
        13394.708362926136,
        10678.595703125
    ],
    "52": [
        16200.167426215277,
        9714.079644097223
    ],
    "53": [
        15027.223353794643,
        2923.699637276786
    ],
    "54": [
        10565.19034090909,
        9547.47647372159
    ],
    "55": [
        4427.167658025568,
        3954.970958362926
    ],
    "56": [
        19182.719401041668,
        13932.085828993055
    ],
    "57": [
        15892.46064453125,
        14526.2982421875
    ],
    "58": [
        8382.445763221154,
        13030.42901141827
    ],
    "59": [
        5474.279389880952,
        7754.910249255952
    ],
    "60": [
        27704.67822265625,
        4019.7230224609375
    ],
    "61": [
        543.3482859684871,
        18338.337139423078
    ],
    "62": [
        21521.059244791668,
        17177.890625
    ],
    "63": [
        12614.28583984375,
        1204.4546920776368
    ],
    "64": [
        19564.151909722223,
        9882.246039496527
    ],
    "65": [
        8376.371435546875,
        18655.50078125
    ],
    "66": [
        5161.95791015625,
        5603.279947916667
    ],
    "67": [
        18311.578741776317,
        612.7813206722861
    ],
    "68": [
        9904.4150390625,
        11267.146484375
    ],
    "69": [
        11721.392578125,
        420.84632005189593
    ],
    "70": [
        2882.33549230239,
        9064.680893841913
    ],
    "71": [
        591.4191736493792,
        1962.9442400251116
    ],
    "72": [
        17589.984266493055,
        17971.137369791668
    ],
    "73": [
        3789.010760967548,
        13518.237530048076
    ],
    "74": [
        3290.614430147059,
        2420.4036649816176
    ],
    "75": [
        6437.489467075893,
        20571.893694196428
    ],
    "76": [
        7593.595749627976,
        748.3874916803269
    ],
    "77": [
        439.357276863522,
        509.93574639740916
    ],
    "78": [
        7454.379177517361,
        10551.622992621527
    ],
    "79": [
        23099.66015625,
        4435.756327311198
    ],
    "80": [
        2080.6889610290527,
        3822.7866821289063
    ],
    "81": [
        8898.388828125,
        4473.4371875
    ],
    "82": [
        19404.5615234375,
        26052.6015625
    ],
    "83": [
        721.3525433926969,
        4944.064466321791
    ],
    "84": [
        11858.254261363636,
        7993.740678267045
    ],
    "85": [
        1062.1294063687324,
        14009.9568359375
    ],
    "86": [
        5211.418924967448,
        2092.3461710611978
    ],
    "87": [
        22465.969835069445,
        7076.099283854167
    ],
    "88": [
        1312.8521321614583,
        16539.353081597223
    ],
    "89": [
        9387.425872802734,
        848.6620479375124
    ],
    "90": [
        3259.047216796875,
        26467.43515625
    ],
    "91": [
        13444.213317871094,
        5531.1700439453125
    ],
    "92": [
        24206.53369140625,
        1436.8655214309692
    ],
    "93": [
        8338.519461495536,
        26224.123604910714
    ],
    "94": [
        1898.1544652478449,
        1879.7937769396551
    ],
    "95": [
        985.8177562455336,
        8386.072319878473
    ],
    "96": [
        12008.349975585938,
        19180.391845703125
    ],
    "97": [
        20817.321126302082,
        1151.086477279663
    ],
    "98": [
        4839.867154947917,
        22747.20859375
    ],
    "99": [
        7378.4669767680925,
        6216.809133429277
    ]
}