{
    "0": [
        4932.103961575416,
        5506.472985544512
    ],
    "1": [
        13319.39067290684,
        12564.013686615566
    ],
    "2": [
        2840.9032108267556,
        808.3100313959662
    ],
    "3": [
        10171.540756225586,
        15839.689979553223
    ],
    "4": [
        1504.188775138855,
        22651.954147727272
    ],
    "5": [
        1175.4927157409138,
        16395.294623817463
    ],
    "6": [
        3059.1822568978837,
        7439.926303237232
    ],
    "7": [
        17148.290928947856,
        1034.1806674498248
    ],
    "8": [
        19776.92528270458,
        1600.049951116602
    ],
    "9": [
        25662.202590067674,
        8299.841025577229
    ],
    "10": [
        5853.08242306593,
        8388.635143149771
    ],
    "11": [
        14482.969456884153,
        1215.8444345421372
    ],
    "12": [
        9473.539016866238,
        3489.1533910448306
    ],
    "13": [
        7394.911873787072,
        945.8327524157087
    ],
    "14": [
        3713.618462309966,
        2758.5745042955555
    ],
    "15": [
        750.1438016000224,
        666.0182150126179
    ],
    "16": [
        11852.72578317426,
        21555.751395089286
    ],
    "17": [
        10443.406758416559,
        26447.612234213917
    ],
    "18": [
        14838.778708548356,
        6803.475154398414
    ],
    "19": [
        21264.938959593415,
        10797.705663537467
    ],
    "20": [
        5128.574059254119,
        884.0304087629291
    ],
    "21": [
        965.4183356824309,
        19349.864814226017
    ],
    "22": [
        6320.058098687066,
        23259.20765516493
    ],
    "23": [
        7584.613101256127,
        18792.51906403186
    ],
    "24": [
        6622.687555357467,
        11246.988346543423
    ],
    "25": [
        12288.767703821164,
        9208.682074115615
    ],
    "26": [
        13784.5391189487,
        17374.499401643785
    ],
    "27": [
        8884.422865659859,
        8662.139224235154
    ],
    "28": [
        26462.30259173104,
        2179.6698187870925
    ],
    "29": [
        7069.249716592002,
        14628.8783769941
    ],
    "30": [
        22927.291458438765,
        1191.2551179917357
    ],
    "31": [
        1115.3569934242942,
        11343.299218386966
    ],
    "32": [
        4397.0198159577985,
        16326.218207137463
    ],
    "33": [
        17401.93053002451,
        24806.78933057598
    ],
    "34": [
        3910.214611098346,
        13045.018715533088
    ],
    "35": [
        21466.204010578414,
        16150.100604134317
    ],
    "36": [
        24324.977840470678,
        22363.218171296296
    ],
    "37": [
        2149.101895093918,
        26407.308229436527
    ],
    "38": [
        3567.7043215904705,
        10118.805705054012
    ],
    "39": [
        7609.661131725014,
        5699.251039636692
    ],
    "40": [
        717.2147127003551,
        4232.19861617577
    ],
    "41": [
        2599.955663250123,
        4868.581731953262
    ],
    "42": [
        6431.8524836904,
        3125.2010047099843
    ],
    "43": [
        16946.730922965115,
        14451.762300145348
    ],
    "44": [
        18989.32156808036,
        7076.3534923735115
    ],
    "45": [
        13051.223787360235,
        3906.6697846858874
    ],
    "46": [
        11977.439146505376,
        1046.6927371025085
    ],
    "47": [
        22056.193352032424,
        4871.7379719440205
    ],
    "48": [
        769.6727372104751,
        6632.476016053585
    ],
    "49": [
        11093.1130188146,
        6170.441498354732
    ],
    "50": [
        9884.182605131173,
        11979.568398558064
    ],
    "51": [
        16706.740301262842,
        10046.39101517908
    ],
    "52": [
        1042.4792515150793,
        13757.989953210852
    ],
    "53": [
        1005.2290557993728,
        2415.673544993231
    ],
    "54": [
        17678.637075851213,
        19920.078401935636
    ],
    "55": [
        934.7703175223229,
        8958.377236174201
    ],
    "56": [
        25764.763027987636,
        14570.39144059066
    ],
    "57": [
        16899.907753011288,
        4014.289067106427
    ],
    "58": [
        4052.226131905986,
        19745.65718947785
    ],
    "59": [
        9676.728939964658,
        923.892594154392
    ]
}