{
    "0": [
        994.1799918098011,
        1053.485408585647
    ],
    "1": [
        18973.90017361111,
        9043.857394748264
    ],
    "2": [
        11892.671026932565,
        1226.922243369253
    ],
    "3": [
        15469.58161892361,
        2367.3657997979058
    ],
    "4": [
        1771.623384475708,
        14382.163106282553
    ],
    "5": [
        1804.4774152129444,
        9093.473712978079
    ],
    "6": [
        9969.652099609375,
        10757.010719992897
    ],
    "7": [
        7453.780183753189,
        16493.930086096938
    ],
    "8": [
        5186.024502840909,
        5611.732059363163
    ],
    "9": [
        8172.589868473101,
        1413.859419955483
    ],
    "10": [
        10577.091283553686,
        22360.62214543269
    ],
    "11": [
        5784.893561662946,
        10035.4619140625
    ],
    "12": [
        10846.273524305556,
        5834.920014105903
    ],
    "13": [
        4443.006860660601,
        1512.161928925333
    ],
    "14": [
        19670.427673339844,
        1446.7748246192932
    ],
    "15": [
        23780.8564453125,
        17917.122698102678
    ],
    "16": [
        2593.653587539991,
        21345.555623372395
    ],
    "17": [
        1520.4659863614488,
        4711.041509518678
    ],
    "18": [
        14016.505297111742,
        14728.004853219696
    ],
    "19": [
        24609.84664601293,
        4877.7204116295125
    ]
}