{
    "0": [
        2704.435513799207,
        24210.28706009891
    ],
    "1": [
        7378.144582966171,
        11307.466537622508
    ],
    "2": [
        7547.8197894069535,
        17109.591635641416
    ],
    "3": [
        20604.05871882697,
        21508.79519127155
    ],
    "4": [
        1794.7655475484314,
        8940.577121355016
    ],
    "5": [
        13739.714814268867,
        14236.056671948703
    ],
    "6": [
        18487.03611957596,
        1873.4264437118209
    ],
    "7": [
        13679.927463044036,
        1977.3918919054593
    ],
    "8": [
        5010.592902941052,
        1568.2156743823837
    ],
    "9": [
        22585.966141633064,
        13129.606401209678
    ],
    "10": [
        24364.60159777088,
        3470.9208915206705
    ],
    "11": [
        2068.586268864789,
        13422.705761824096
    ],
    "12": [
        1541.299815866882,
        4871.2746359288
    ],
    "13": [
        9127.091585105458,
        1864.7770930347635
    ],
    "14": [
        17677.82990393738,
        7851.050357825842
    ],
    "15": [
        6131.308614075126,
        6057.164489327635
    ],
    "16": [
        1330.5016041047977,
        1259.1011341046644
    ],
    "17": [
        11461.21532131288,
        7234.581641220465
    ],
    "18": [
        2020.4248401539385,
        18380.053764204546
    ],
    "19": [
        11299.722137259238,
        23115.241861979168
    ]
}