{
    "0": [
        2849.1080899586395,
        7604.92766429228
    ],
    "1": [
        4086.183345002948,
        14714.09065141018
    ],
    "2": [
        26477.561478365384,
        12314.39852764423
    ],
    "3": [
        4573.683686093345,
        20692.449775340025
    ],
    "4": [
        23736.715979003908,
        4978.637228393554
    ],
    "5": [
        9333.125286984245,
        5341.3448394520365
    ],
    "6": [
        7086.214442803608,
        14042.323428766515
    ],
    "7": [
        19394.050253046382,
        10232.690982458726
    ],
    "8": [
        16076.317663837679,
        17429.137779620054
    ],
    "9": [
        6063.580556993599,
        2554.510675710655
    ],
    "10": [
        2416.9321697427213,
        2761.6454285546174
    ],
    "11": [
        25645.673921130954,
        18581.455930679564
    ],
    "12": [
        20017.66618152751,
        1032.77064890659
    ],
    "13": [
        11963.064117282775,
        909.4258091519519
    ],
    "14": [
        2913.8587802793922,
        9842.73554211128
    ],
    "15": [
        22206.947265625,
        14748.2448046875
    ],
    "16": [
        7670.105996664468,
        10350.207636845576
    ],
    "17": [
        17179.283771794017,
        983.3897038044908
    ],
    "18": [
        14786.728381671737,
        5779.190939574115
    ],
    "19": [
        23750.173703457447,
        24451.813414228724
    ],
    "20": [
        679.5858926690576,
        2060.6354830092278
    ],
    "21": [
        1167.97780698411,
        24040.72301640071
    ],
    "22": [
        20797.102868303573,
        3897.035126953125
    ],
    "23": [
        16900.391988502357,
        7650.218533497937
    ],
    "24": [
        4726.556078241447,
        6550.754082242971
    ],
    "25": [
        593.1049605922024,
        549.2183483321888
    ],
    "26": [
        2113.009994780946,
        747.6873597643689
    ],
    "27": [
        5239.906371692386,
        9176.31357633514
    ],
    "28": [
        6724.218700537744,
        5098.380746499594
    ],
    "29": [
        13661.520999878876,
        21311.866430474805
    ],
    "30": [
        15240.580793574532,
        11348.712279620655
    ],
    "31": [
        3701.841712282415,
        17694.38214004249
    ],
    "32": [
        11947.223669982699,
        6062.992010096777
    ],
    "33": [
        3602.926498387948,
        775.2256868195888
    ],
    "34": [
        6477.258316678779,
        17173.82067132994
    ],
    "35": [
        775.7900401351272,
        7078.640132518482
    ],
    "36": [
        4162.890258517191,
        2448.4393944007516
    ],
    "37": [
        10106.754185748923,
        8435.119408337823
    ],
    "38": [
        26588.374458257298,
        1590.3369743667379
    ],
    "39": [
        1549.628832037009,
        27171.408260012136
    ],
    "40": [
        17736.901152820123,
        14130.805824838033
    ],
    "41": [
        14400.679338378906,
        909.4319485658407
    ],
    "42": [
        8078.03703473328,
        19622.294051054938
    ],
    "43": [
        13173.703137056327,
        25939.195384837964
    ],
    "44": [
        10434.528283344835,
        3132.6356640162903
    ],
    "45": [
        735.8764288979568,
        3731.360438542264
    ],
    "46": [
        20055.0904296875,
        19290.4475
    ],
    "47": [
        23085.975206906394,
        1207.939118938427
    ],
    "48": [
        15220.432308238636,
        3288.0654838423297
    ],
    "49": [
        8140.330878566154,
        2946.954042652946
    ],
    "50": [
        926.2160769709169,
        18817.885100064213
    ],
    "51": [
        12788.917921767612,
        3494.300269477556
    ],
    "52": [
        711.2565340907206,
        5401.754991944485
    ],
    "53": [
        4511.790834084535,
        4310.323096120459
    ],
    "54": [
        755.3515576931972,
        11051.85916828239
    ],
    "55": [
        1128.9689670056505,
        16090.999814112769
    ],
    "56": [
        17806.056205778303,
        3829.5620918705777
    ],
    "57": [
        794.3351976721086,
        8898.100943021685
    ],
    "58": [
        7598.949295847039,
        26727.78549033717
    ],
    "59": [
        5126.805012453724,
        11921.441726099738
    ],
    "60": [
        7357.56224565414,
        7490.594872575864
    ],
    "61": [
        11892.18796437937,
        18134.59714406687
    ],
    "62": [
        13201.340243482837,
        14253.798969802461
    ],
    "63": [
        26949.078350360578,
        6777.982196514423
    ],
    "64": [
        4609.7012050299,
        23902.181520061727
    ],
    "65": [
        9261.874016039299,
        22717.747529000946
    ],
    "66": [
        19976.09650607639,
        6727.385245768229
    ],
    "67": [
        9656.494497623084,
        15585.94651017099
    ],
    "68": [
        1162.3620275928263,
        21319.40294339364
    ],
    "69": [
        17939.359940962357,
        23748.769464666195
    ],
    "70": [
        9664.38210149397,
        821.2693944212638
    ],
    "71": [
        11957.494144984654,
        10872.315595354352
    ],
    "72": [
        5477.714089757467,
        691.9702025876945
    ],
    "73": [
        7481.945003850673,
        784.329047253946
    ],
    "74": [
        907.9472122322455,
        13605.32691424985
    ],
    "75": [
        9734.684273097826,
        12181.441132194912
    ],
    "76": [
        2685.9048876213305,
        12154.021724076705
    ],
    "77": [
        13641.584296518266,
        8472.422171536102
    ],
    "78": [
        23204.6070625,
        9553.09173828125
    ],
    "79": [
        2622.8654365312036,
        5124.371821803554
    ]
}