{
    "0": [
        26134.541676682693,
        5928.690433443509
    ],
    "1": [
        3669.2243081369706,
        14596.216844128025
    ],
    "2": [
        2122.660854625053,
        7004.994170519771
    ],
    "3": [
        18268.389052220395,
        10854.236461759869
    ],
    "4": [
        7717.526498490021,
        13905.98744419643
    ],
    "5": [
        753.6514256459857,
        16323.507875215022
    ],
    "6": [
        4347.581307151101,
        27546.506436434658
    ],
    "7": [
        1855.6472328436766,
        483.7122097832496
    ],
    "8": [
        10951.653168613471,
        15059.803255840412
    ],
    "9": [
        5508.147787580819,
        2385.7901687095905
    ],
    "10": [
        2745.263445937843,
        12113.538000274122
    ],
    "11": [
        2238.9416229428625,
        1742.7581801555566
    ],
    "12": [
        17875.654769405242,
        19481.795205393144
    ],
    "13": [
        963.5080565146997,
        14066.647598481513
    ],
    "14": [
        2843.0729796706987,
        17413.024729082663
    ],
    "15": [
        9759.362774188701,
        9041.534081092248
    ],
    "16": [
        9714.394053357713,
        2362.006627292498
    ],
    "17": [
        14630.016285905935,
        12401.537878787878
    ],
    "18": [
        7813.588221958706,
        7865.172589983259
    ],
    "19": [
        22558.306719805743,
        10194.684689083615
    ],
    "20": [
        5197.606576102121,
        12375.706019810268
    ],
    "21": [
        3591.000927395291,
        3203.8185272216797
    ],
    "22": [
        715.3194272774522,
        4854.770635133149
    ],
    "23": [
        10431.734596946022,
        11958.032821377841
    ],
    "24": [
        10628.171836703432,
        25756.784581801472
    ],
    "25": [
        14614.575556584176,
        1581.3828640562951
    ],
    "26": [
        654.0817222166261,
        1926.9900173043607
    ],
    "27": [
        6173.293004477896,
        23479.07050304878
    ],
    "28": [
        4416.621527168189,
        20179.465172928372
    ],
    "29": [
        7011.0435278506675,
        4853.981242172591
    ],
    "30": [
        18691.766812193626,
        7109.02623314951
    ],
    "31": [
        21967.835404829544,
        5327.246271306818
    ],
    "32": [
        26147.20166015625,
        1253.1496104374528
    ],
    "33": [
        23381.89626736111,
        21263.892939814814
    ],
    "34": [
        488.0309160589308,
        557.331818010496
    ],
    "35": [
        15521.380462948639,
        7897.742221341275
    ],
    "36": [
        3452.136634976256,
        484.4347559611003
    ],
    "37": [
        1244.8139270146687,
        25511.339425223214
    ],
    "38": [
        19409.541497564936,
        14946.241312398539
    ],
    "39": [
        10647.80413936492,
        767.3138527654833
    ],
    "40": [
        16834.19682649958,
        959.3161709356629
    ],
    "41": [
        12213.226158658365,
        6113.037707794878
    ],
    "42": [
        25189.907393973215,
        15002.85463169643
    ],
    "43": [
        22612.74432908443,
        1301.436681803904
    ],
    "44": [
        710.5582594609523,
        8234.739158546532
    ],
    "45": [
        14908.869377367424,
        4759.550818241004
    ],
    "46": [
        12717.480546431108,
        851.2920761081306
    ],
    "47": [
        19513.42306947314,
        1049.202902198823
    ],
    "48": [
        14678.801077927215,
        16268.2451171875
    ],
    "49": [
        6324.110602678571,
        17004.977734375
    ],
    "50": [
        5322.104669971955,
        592.4053961698826
    ],
    "51": [
        13247.25080422794,
        21299.740263097425
    ],
    "52": [
        17572.386333264803,
        25347.92984169408
    ],
    "53": [
        9463.85298474203,
        4364.424675243813
    ],
    "54": [
        6962.910762663811,
        756.3931420285214
    ],
    "55": [
        2650.616631900563,
        8945.466585047105
    ],
    "56": [
        3654.7319596087345,
        10298.679471375512
    ],
    "57": [
        3822.828285366881,
        7193.619705499387
    ],
    "58": [
        4125.098153173396,
        5309.820952018806
    ],
    "59": [
        5410.50066015625,
        3950.487244140625
    ],
    "60": [
        7490.928126743862,
        10712.679190499442
    ],
    "61": [
        12703.143662198969,
        9441.037552859805
    ],
    "62": [
        447.01572654478014,
        3326.7839654737904
    ],
    "63": [
        8150.533621651785,
        20540.54187593006
    ],
    "64": [
        1496.267134877502,
        22107.778768570697
    ],
    "65": [
        12123.75259576613,
        3300.4822643649195
    ],
    "66": [
        1914.5531956107316,
        3392.818892975767
    ],
    "67": [
        1069.0605494420406,
        19133.138340836864
    ],
    "68": [
        8749.4696875,
        658.1292424433572
    ],
    "69": [
        5861.36866295856,
        6537.457735365716
    ],
    "70": [
        10054.574951171875,
        18368.78787667411
    ],
    "71": [
        817.4381212085283,
        12017.978787999575
    ],
    "72": [
        2600.6675859616125,
        5055.0825602213545
    ],
    "73": [
        5296.632549579327,
        8987.328786057693
    ],
    "74": [
        492.9612118466927,
        6310.10181198677
    ],
    "75": [
        17985.506566806103,
        3706.7991664616143
    ],
    "76": [
        4170.687826557524,
        1698.6404488921926
    ],
    "77": [
        9492.158867730035,
        6488.0219229239
    ],
    "78": [
        7642.174596274771,
        2722.361695080269
    ],
    "79": [
        871.9228310244424,
        10081.095802774234
    ]
}