{
    "0": [
        2074.891192007065,
        25937.922807716837
    ],
    "1": [
        7712.516203890142,
        23610.383584353523
    ],
    "2": [
        25183.87110523897,
        2163.5066371111748
    ],
    "3": [
        11755.047885320217,
        12148.429400559413
    ],
    "4": [
        20723.4290669976,
        1575.6646372672083
    ],
    "5": [
        10560.404656507299,
        4403.544585633421
    ],
    "6": [
        11111.074720012142,
        8026.236272207311
    ],
    "7": [
        15257.517133570429,
        8967.967361677938
    ],
    "8": [
        14457.876139322916,
        4812.223590889363
    ],
    "9": [
        1112.335706654641,
        5623.616039755478
    ],
    "10": [
        15791.997431286098,
        14426.565281430487
    ],
    "11": [
        16780.48971534178,
        1609.7708808021152
    ],
    "12": [
        9451.971661476544,
        1153.2375718483001
    ],
    "13": [
        24162.181884765625,
        15688.80623046875
    ],
    "14": [
        1378.7050901781813,
        11520.190949008635
    ],
    "15": [
        22398.886779785156,
        23726.1196492513
    ],
    "16": [
        3919.9904363146206,
        6324.131684013884
    ],
    "17": [
        7945.090521864041,
        10606.537289422595
    ],
    "18": [
        4017.9684367786754,
        3304.7668013139205
    ],
    "19": [
        832.4255760599965,
        878.59684403774
    ],
    "20": [
        12326.38134077905,
        18903.074920224473
    ],
    "21": [
        1529.554842449535,
        18093.272203480115
    ],
    "22": [
        1050.8367299538377,
        3187.1292268436437
    ],
    "23": [
        1171.720929335809,
        14681.43509049152
    ],
    "24": [
        6242.817334866147,
        18339.047741340997
    ],
    "25": [
        4503.533416263641,
        9745.475774274553
    ],
    "26": [
        14180.531387932557,
        24521.594687941386
    ],
    "27": [
        1178.8292391905181,
        8416.2303777854
    ],
    "28": [
        7222.327528916396,
        6871.126241312399
    ],
    "29": [
        13040.239480989927,
        1163.5431720690808
    ],
    "30": [
        19899.758663164197,
        11067.781277221255
    ],
    "31": [
        6226.925969461996,
        1000.7004745640603
    ],
    "32": [
        24982.65486688573,
        8099.207869501073
    ],
    "33": [
        7115.300329589843,
        3695.9133872138127
    ],
    "34": [
        19412.983640968407,
        5778.614192350618
    ],
    "35": [
        3218.8830000311254,
        967.9654108997361
    ],
    "36": [
        8828.916815143259,
        14917.697971546622
    ],
    "37": [
        2027.1370593381732,
        21651.020211551968
    ],
    "38": [
        18518.132983917887,
        18792.624646775264
    ],
    "39": [
        4670.847439054662,
        13861.379231226485
    ]
}