{
    "0": [
        24047.88153141801,
        7478.2060599378365
    ],
    "1": [
        9079.202417288714,
        3418.6754718734187
    ],
    "2": [
        10625.06210345644,
        5930.065613162878
    ],
    "3": [
        13858.269772873711,
        16008.369623872422
    ],
    "4": [
        16638.018887958828,
        3784.6401735336062
    ],
    "5": [
        601.6990757586882,
        2131.3170279569404
    ],
    "6": [
        3225.9792101408307,
        10173.690419407894
    ],
    "7": [
        1103.1548650297104,
        12150.8778280543
    ],
    "8": [
        13971.42860031128,
        1357.455875551328
    ],
    "9": [
        4112.216131802263,
        12899.052869073275
    ],
    "10": [
        16725.860860068417,
        1018.5332347429716
    ],
    "11": [
        11683.35499855324,
        26128.640227141204
    ],
    "12": [
        18978.64242229056,
        16849.220110954124
    ],
    "13": [
        6499.020315278836,
        672.5091931878067
    ],
    "14": [
        9674.00931930542,
        9179.31307220459
    ],
    "15": [
        4197.73673276548,
        20559.566749855323
    ],
    "16": [
        4564.724361478366,
        16275.24590594952
    ],
    "17": [
        14006.521755292339,
        5545.615420236895
    ],
    "18": [
        2168.27124202077,
        1718.6370983588986
    ],
    "19": [
        642.6610986520362,
        579.7683497131042
    ],
    "20": [
        6589.840788810484,
        4653.439772082913
    ],
    "21": [
        11074.655141271147,
        12168.712060914004
    ],
    "22": [
        947.0371458211849,
        9574.578928980334
    ],
    "23": [
        804.2499124444843,
        7513.626901726973
    ],
    "24": [
        16326.931552984775,
        21958.965970552883
    ],
    "25": [
        22993.329936079546,
        22157.5453125
    ],
    "26": [
        872.3857961668629,
        5552.79020454694
    ],
    "27": [
        9946.376354870496,
        15416.80933277027
    ],
    "28": [
        6668.0657534391985,
        24012.070906929348
    ],
    "29": [
        1330.3710067018549,
        22199.64504377216
    ],
    "30": [
        4324.185552025646,
        3089.6053837643394
    ],
    "31": [
        23127.38006036932,
        1445.974888687784
    ],
    "32": [
        26698.786525974025,
        2942.681140763419
    ],
    "33": [
        11965.666998922414,
        3405.0274919181034
    ],
    "34": [
        1165.3698622032862,
        14793.546710718458
    ],
    "35": [
        19625.822631835938,
        1175.515675250027
    ],
    "36": [
        1342.1111608825881,
        18199.13693041872
    ],
    "37": [
        5087.769655811543,
        8894.771361474277
    ],
    "38": [
        25124.25721153846,
        15061.075671073719
    ],
    "39": [
        17454.511794399208,
        7784.182201116857
    ],
    "40": [
        13163.423363415948,
        9051.26465853987
    ],
    "41": [
        4408.009833278426,
        936.4521150887012
    ],
    "42": [
        2084.392928225323,
        26439.677013804612
    ],
    "43": [
        2908.617110271843,
        7427.111380440848
    ],
    "44": [
        7635.509721898321,
        18812.369439423976
    ],
    "45": [
        8772.873474121094,
        923.6363148612636
    ],
    "46": [
        6376.175048828125,
        2567.7916339376698
    ],
    "47": [
        11127.319482421875,
        20429.22333984375
    ],
    "48": [
        20439.206500303397,
        11197.21440761529
    ],
    "49": [
        536.0026018491387,
        3874.7572900390624
    ],
    "50": [
        15906.69930826823,
        12227.403946940105
    ],
    "51": [
        8063.825939790702,
        7214.194058641975
    ],
    "52": [
        5393.391082763672,
        6473.047476632254
    ],
    "53": [
        7350.912629500679,
        13519.989003057066
    ],
    "54": [
        11234.954501793032,
        960.8675139087145
    ],
    "55": [
        20135.661359375,
        5071.036322265625
    ],
    "56": [
        3203.0074871584184,
        5132.196452539923
    ],
    "57": [
        7059.836454716436,
        10549.298083043981
    ],
    "58": [
        2526.182083190675,
        433.78707002833545
    ],
    "59": [
        2189.689278558128,
        3406.259155905926
    ]
}