{
    "0": [
        4269.885560430875,
        924.1295505371871
    ],
    "1": [
        7631.531137962864,
        16817.60867936644
    ],
    "2": [
        5016.697448208801,
        21456.31080562233
    ],
    "3": [
        6033.470268751658,
        9189.221617486068
    ],
    "4": [
        25596.603993662586,
        7920.148085800918
    ],
    "5": [
        4382.389424209054,
        17880.924925892064
    ],
    "6": [
        20715.370540978773,
        8209.088093307782
    ],
    "7": [
        7330.848748928163,
        3182.177053808197
    ],
    "8": [
        15056.042761694027,
        6932.859297740309
    ],
    "9": [
        14353.665592125619,
        1024.9986694935524
    ],
    "10": [
        18386.919222248136,
        22784.06344741138
    ],
    "11": [
        962.5414973528459,
        11073.569243559967
    ],
    "12": [
        9149.95695603496,
        9802.77549789891
    ],
    "13": [
        26008.4219140625,
        13572.26095703125
    ],
    "14": [
        24500.096177455358,
        22970.264760044643
    ],
    "15": [
        10371.167790395772,
        13102.983126520397
    ],
    "16": [
        14830.81436434659,
        13152.95289094783
    ],
    "17": [
        17771.653854537064,
        1224.1090732445732
    ],
    "18": [
        3533.770897876257,
        7154.305350701928
    ],
    "19": [
        17189.10517444349,
        9628.66751837186
    ],
    "20": [
        1458.4983405380538,
        22628.16374437737
    ],
    "21": [
        866.9601371521309,
        8537.040482179866
    ],
    "22": [
        12910.891458213877,
        25493.112331565368
    ],
    "23": [
        9046.543256123861,
        21081.059824625652
    ],
    "24": [
        11464.135102982955,
        983.5347861749476
    ],
    "25": [
        2710.304151460722,
        2694.028356378729
    ],
    "26": [
        1116.8373018260945,
        19401.997519426805
    ],
    "27": [
        15424.592564957866,
        3660.1192150330276
    ],
    "28": [
        755.7674048221687,
        2339.3994819801833
    ],
    "29": [
        13455.029429183467,
        20512.092074092743
    ],
    "30": [
        1156.9402521950858,
        16301.156859188988
    ],
    "31": [
        3856.1710186858677,
        11966.966877040579
    ],
    "32": [
        785.9244915460285,
        4228.2396677117595
    ],
    "33": [
        11548.656823536707,
        6836.327874400628
    ],
    "34": [
        9802.222569958916,
        3669.519339725889
    ],
    "35": [
        6428.126324091057,
        901.8580325209546
    ],
    "36": [
        11606.572373631912,
        16723.19344938076
    ],
    "37": [
        660.7237125680575,
        640.5261061026599
    ],
    "38": [
        2978.423434018653,
        4962.398618262255
    ],
    "39": [
        6926.788317377168,
        12900.639552474711
    ],
    "40": [
        1100.7430778489663,
        13552.236980484564
    ],
    "41": [
        8503.904698525706,
        6375.347155592958
    ],
    "42": [
        4878.646793153193,
        3162.016240703718
    ],
    "43": [
        4278.851545614193,
        14821.734467871938
    ],
    "44": [
        22216.93932481752,
        16959.359652999545
    ],
    "45": [
        1801.5575564135327,
        26317.184954353932
    ],
    "46": [
        2436.4032976378617,
        737.8049173800999
    ],
    "47": [
        907.5858860152067,
        6446.0543446146
    ],
    "48": [
        22644.657204266554,
        4569.6693243436075
    ],
    "49": [
        20318.389873798078,
        12831.795072115385
    ],
    "50": [
        21383.122675720406,
        1159.362220057121
    ],
    "51": [
        12579.527279671096,
        3953.735717453043
    ],
    "52": [
        7013.635543387277,
        25604.27099609375
    ],
    "53": [
        5924.991791755922,
        5785.483018444431
    ],
    "54": [
        25783.986554106406,
        1799.6579987273728
    ],
    "55": [
        16829.11794704861,
        16756.025849313446
    ],
    "56": [
        3061.4850945250114,
        9538.966602522267
    ],
    "57": [
        8837.102673444177,
        940.293959308282
    ],
    "58": [
        18586.306426821375,
        4756.430531879854
    ],
    "59": [
        12763.030325005157,
        10074.813157487624
    ]
}