{
    "0": [
        15587.740902549342,
        12034.033974095395
    ],
    "1": [
        3744.6866149902344,
        1932.5059661865234
    ],
    "2": [
        2735.7809771369484,
        8767.507869944853
    ],
    "3": [
        4667.008766867898,
        8745.294699928978
    ],
    "4": [
        14568.500244140625,
        4299.7071533203125
    ],
    "5": [
        1090.842514038086,
        13706.478407118055
    ],
    "6": [
        4934.758544921875,
        6438.302978515625
    ],
    "7": [
        446.9764234754774,
        6317.681749131944
    ],
    "8": [
        372.6556892991066,
        2113.616195678711
    ],
    "9": [
        2104.429400357333,
        25327.12127130682
    ],
    "10": [
        4128.70771928267,
        10563.74129971591
    ],
    "11": [
        2043.539370888158,
        6974.1629060444075
    ],
    "12": [
        1363.3223429361979,
        1657.1363037109375
    ],
    "13": [
        805.6447274868304,
        10024.493088942309
    ],
    "14": [
        1674.8243536698192,
        3557.6777086759867
    ],
    "15": [
        409.91220207214354,
        3637.38828125
    ],
    "16": [
        1966.5509255057887,
        19670.314967105263
    ],
    "17": [
        9878.538549804687,
        15450.718310546876
    ],
    "18": [
        20134.322591145832,
        920.5041543112861
    ],
    "19": [
        2406.62363503196,
        4847.537553267045
    ],
    "20": [
        5115.634366122159,
        14264.19091796875
    ],
    "21": [
        24471.546549479168,
        7605.270968967014
    ],
    "22": [
        9416.1984375,
        5905.43623046875
    ],
    "23": [
        14134.832153320313,
        1648.767126083374
    ],
    "24": [
        13113.244466145834,
        27834.260416666668
    ],
    "25": [
        2480.868870326451,
        505.62397943224227
    ],
    "26": [
        7410.3255615234375,
        11560.526318359374
    ],
    "27": [
        7230.486382378473,
        23005.23849826389
    ],
    "28": [
        3405.0404459635415,
        6024.223111979167
    ],
    "29": [
        15900.408630371094,
        16838.06805419922
    ],
    "30": [
        16024.182198660714,
        1144.305362701416
    ],
    "31": [
        3108.891389973958,
        3272.7151692708335
    ],
    "32": [
        6275.946746826172,
        4607.544219970703
    ],
    "33": [
        10219.814538043478,
        21115.930961277172
    ],
    "34": [
        9422.370056152344,
        2303.8389205932617
    ],
    "35": [
        9025.889470880682,
        8906.616521661932
    ],
    "36": [
        14033.866048177084,
        8752.947387695313
    ],
    "37": [
        1797.2060203552246,
        11546.471801757813
    ],
    "38": [
        6337.108313927283,
        18015.87605168269
    ],
    "39": [
        8650.533203125,
        3742.2796834309897
    ],
    "40": [
        12087.096533203125,
        5416.467626953125
    ],
    "41": [
        17250.2021484375,
        22581.421875
    ],
    "42": [
        7376.722900390625,
        796.2804682380274
    ],
    "43": [
        25007.339133522728,
        17267.139382102272
    ],
    "44": [
        17651.123563878675,
        4060.415828929228
    ],
    "45": [
        5503.32294921875,
        2369.624015299479
    ],
    "46": [
        17648.350341796875,
        1236.6830928325653
    ],
    "47": [
        510.27753999498157,
        550.0756858719719
    ],
    "48": [
        1146.0373573303223,
        17135.92333984375
    ],
    "49": [
        4293.843519422743,
        4210.5749104817705
    ],
    "50": [
        19689.1138671875,
        8057.957861328125
    ],
    "51": [
        6325.522251674107,
        6732.025983537947
    ],
    "52": [
        10558.179379111842,
        11935.812756990132
    ],
    "53": [
        3952.419500177557,
        21952.448330965908
    ],
    "54": [
        9395.002490234376,
        583.0735416412354
    ],
    "55": [
        12028.193797144397,
        1294.512607179839
    ],
    "56": [
        776.4129867553711,
        8216.153494698661
    ],
    "57": [
        4946.791755922379,
        765.9787579198038
    ],
    "58": [
        639.3533935546875,
        5113.002593994141
    ],
    "59": [
        24617.78097098214,
        1355.2734429495674
    ]
}