{
    "0": [
        3083.211998117489,
        1000.431784971875
    ],
    "1": [
        14740.978444343065,
        4377.992992540346
    ],
    "2": [
        9733.592764380006,
        10159.206117266547
    ],
    "3": [
        1294.1007760214202,
        14684.717778065758
    ],
    "4": [
        10882.277946634957,
        5300.112429709726
    ],
    "5": [
        21650.512653259568,
        1846.5029541317142
    ],
    "6": [
        7418.379220207038,
        7391.274230198157
    ],
    "7": [
        11167.062940463362,
        1399.3320079981047
    ],
    "8": [
        4081.1678569319533,
        3384.3686958133576
    ],
    "9": [
        7329.166050176276,
        4144.946927935163
    ],
    "10": [
        25655.40660254964,
        2137.4220732162144
    ],
    "11": [
        4004.6671220300796,
        6419.594288877185
    ],
    "12": [
        2339.194621677143,
        25894.09743923611
    ],
    "13": [
        1460.6562918706704,
        18134.524156876192
    ],
    "14": [
        14263.154254976278,
        1142.871108045279
    ],
    "15": [
        16188.96034564394,
        22995.124418008207
    ],
    "16": [
        9999.329419795553,
        24945.34087375622
    ],
    "17": [
        1385.9347558183445,
        11505.687446473432
    ],
    "18": [
        19138.64625279642,
        5971.278046678377
    ],
    "19": [
        8914.53798588878,
        14218.554006733713
    ],
    "20": [
        1127.7906736359548,
        5695.0500614074
    ],
    "21": [
        4858.671615490811,
        13255.082595056767
    ],
    "22": [
        6083.777276067451,
        21512.074566831685
    ],
    "23": [
        5680.954267053796,
        17173.70375419463
    ],
    "24": [
        14097.390488156847,
        8348.23416869858
    ],
    "25": [
        17815.20945500753,
        1616.5677579840878
    ],
    "26": [
        19035.65140560963,
        10786.827878457992
    ],
    "27": [
        5822.961615166056,
        1101.8791666700515
    ],
    "28": [
        13703.960159560382,
        12964.106400385896
    ],
    "29": [
        811.4246016506668,
        893.0650414597784
    ],
    "30": [
        17432.686845420063,
        16665.99658203125
    ],
    "31": [
        23335.72089158443,
        22212.302597313595
    ],
    "32": [
        1052.6348967559795,
        3241.810611173808
    ],
    "33": [
        1226.506731461106,
        8471.226345948828
    ],
    "34": [
        23740.434541868934,
        15003.482725273057
    ],
    "35": [
        4926.793058575325,
        9824.673994724106
    ],
    "36": [
        11310.052922994548,
        18661.885136779594
    ],
    "37": [
        8493.21820431021,
        1221.6002118768342
    ],
    "38": [
        1523.354589718942,
        21617.945817529682
    ],
    "39": [
        24660.53907775879,
        8159.262411117554
    ]
}