{
    "0": [
        6176.778913225447,
        440.5410762514387
    ],
    "1": [
        15473.541748046875,
        7545.9263916015625
    ],
    "2": [
        2518.893243963068,
        760.1570822975852
    ],
    "3": [
        21537.656901041668,
        11749.2685546875
    ],
    "4": [
        11355.419320913461,
        375.156890135545
    ],
    "5": [
        6155.806497012868,
        6715.075453814338
    ],
    "6": [
        11911.1640625,
        2010.39111328125
    ],
    "7": [
        9476.58900669643,
        10263.668666294643
    ],
    "8": [
        18687.84012276786,
        7001.027239118303
    ],
    "9": [
        4144.9408203125,
        1868.0044677734375
    ],
    "10": [
        10761.8818359375,
        14868.87236328125
    ],
    "11": [
        15647.210611979166,
        23215.867513020832
    ],
    "12": [
        13620.128580729166,
        12762.127278645834
    ],
    "13": [
        8726.413010817309,
        17367.25383112981
    ],
    "14": [
        10165.167743389424,
        11923.530123197115
    ],
    "15": [
        4217.46599469866,
        13693.49232700893
    ],
    "16": [
        722.2816131591796,
        7724.293880208334
    ],
    "17": [
        17625.87087673611,
        17174.500108506945
    ],
    "18": [
        1338.317096710205,
        1619.2961730957031
    ],
    "19": [
        20085.947954963234,
        747.2333307827221
    ],
    "20": [
        7872.18701171875,
        8772.739790482954
    ],
    "21": [
        365.6159762775197,
        1884.1604147518383
    ],
    "22": [
        9192.68046875,
        2453.208040364583
    ],
    "23": [
        9416.1984375,
        5905.43623046875
    ],
    "24": [
        15008.40234375,
        27910.638671875
    ],
    "25": [
        12294.793619791666,
        4521.400227864583
    ],
    "26": [
        14235.198974609375,
        2451.3416137695313
    ],
    "27": [
        3270.440848214286,
        2985.551095145089
    ],
    "28": [
        8565.649609375,
        3864.1376220703123
    ],
    "29": [
        10057.526041666666,
        8451.765679253473
    ],
    "30": [
        1766.6488425514915,
        3576.258533824574
    ],
    "31": [
        4761.179150390625,
        8698.008447265625
    ],
    "32": [
        24819.49444110577,
        7910.273099459135
    ],
    "33": [
        5430.5050048828125,
        4780.018829345703
    ],
    "34": [
        7641.17586741728,
        13640.910098805147
    ],
    "35": [
        4900.89873046875,
        939.6554346084595
    ],
    "36": [
        24772.16075721154,
        1161.4467268723708
    ],
    "37": [
        13562.77998046875,
        632.8068115234375
    ],
    "38": [
        891.5496305577896,
        14107.322035845587
    ],
    "39": [
        402.7161645889282,
        3493.0569051106772
    ],
    "40": [
        4180.49263269761,
        6253.42618336397
    ],
    "41": [
        4352.543412642045,
        4349.252197265625
    ],
    "42": [
        9083.068226207386,
        23386.83806818182
    ],
    "43": [
        6593.6316324869795,
        1714.3060709635417
    ],
    "44": [
        21876.4384765625,
        5310.463460286458
    ],
    "45": [
        6940.391468394886,
        11067.085316051136
    ],
    "46": [
        666.3709753417969,
        5505.38958984375
    ],
    "47": [
        2514.4525634765623,
        5273.6033203125
    ],
    "48": [
        10548.506225585938,
        1801.9001007080078
    ],
    "49": [
        13158.450303819445,
        9525.561848958334
    ],
    "50": [
        11689.144897460938,
        5772.2373046875
    ],
    "51": [
        422.4788010695885,
        481.67949913287987
    ],
    "52": [
        12548.87890625,
        1561.289306640625
    ],
    "53": [
        3665.9864971454326,
        557.7267849261945
    ],
    "54": [
        16284.724165482954,
        4020.8338512073865
    ],
    "55": [
        17875.5384765625,
        1946.5662353515625
    ],
    "56": [
        9191.730828536185,
        20442.449527138157
    ],
    "57": [
        13584.791381835938,
        5536.3421630859375
    ],
    "58": [
        6707.8001953125,
        4572.210131835937
    ],
    "59": [
        3464.2967122395835,
        4357.3900960286455
    ],
    "60": [
        1740.6306978113512,
        11898.72443704044
    ],
    "61": [
        12172.25439453125,
        2843.5602213541665
    ],
    "62": [
        8946.370225694445,
        538.758154657152
    ],
    "63": [
        5904.2404296875,
        16904.282552083332
    ],
    "64": [
        4986.223943536932,
        2841.206298828125
    ],
    "65": [
        4455.286900111607,
        25718.285993303572
    ],
    "66": [
        2707.423095703125,
        1909.6443684895833
    ],
    "67": [
        7695.14794921875,
        816.7527178809756
    ],
    "68": [
        3862.5654615319295,
        20062.559358016304
    ],
    "69": [
        2449.296131480824,
        7460.478892933239
    ],
    "70": [
        11353.767903645834,
        4025.2849934895835
    ],
    "71": [
        1106.6408577832308,
        18057.668412642044
    ],
    "72": [
        1069.4581841945649,
        9798.390771484375
    ],
    "73": [
        25120.271875,
        18551.79755859375
    ],
    "74": [
        1790.5208088267934,
        23860.001598011364
    ],
    "75": [
        13528.985961914063,
        17980.093505859375
    ],
    "76": [
        16038.751647949219,
        1063.180794596672
    ],
    "77": [
        17182.031494140625,
        11630.001831054688
    ],
    "78": [
        3494.593763563368,
        9795.397732204861
    ],
    "79": [
        1758.209698016827,
        273.6361331939697
    ]
}