{
    "0": [
        15395.15283203125,
        23817.5615234375
    ],
    "1": [
        5271.06884765625,
        1172.3472900390625
    ],
    "2": [
        3907.13037109375,
        14581.15234375
    ],
    "3": [
        13095.7333984375,
        13304.3125
    ],
    "4": [
        13003.720703125,
        247.64288330078125
    ],
    "5": [
        1372.733154296875,
        9.330373764038086
    ],
    "6": [
        7.529618263244629,
        2420.477783203125
    ],
    "7": [
        20666.8203125,
        8983.81494140625
    ],
    "8": [
        5751.06787109375,
        9299.623046875
    ],
    "9": [
        2084.74072265625,
        24532.23046875
    ],
    "10": [
        18375.236328125,
        5547.708984375
    ],
    "11": [
        4556.8046875,
        3393.960693359375
    ],
    "12": [
        11703.3193359375,
        11674.7841796875
    ],
    "13": [
        12797.091796875,
        2611.230224609375
    ],
    "14": [
        5584.03173828125,
        7345.771484375
    ],
    "15": [
        714.0751342773438,
        8597.37109375
    ],
    "16": [
        6150.4853515625,
        4339.09375
    ],
    "17": [
        3322.98388671875,
        3073.491943359375
    ],
    "18": [
        254.88873291015625,
        8230.2314453125
    ],
    "19": [
        2139.123046875,
        9702.251953125
    ],
    "20": [
        4908.87890625,
        1532.088623046875
    ],
    "21": [
        532.4244232177734,
        6432.21826171875
    ],
    "22": [
        9874.6494140625,
        6667.630533854167
    ],
    "23": [
        794.255859375,
        3742.838134765625
    ],
    "24": [
        9926.8955078125,
        2645.872802734375
    ],
    "25": [
        4025.4677734375,
        4261.51318359375
    ],
    "26": [
        14527.5966796875,
        1189.345458984375
    ],
    "27": [
        656.0218505859375,
        3740.4990234375
    ],
    "28": [
        6822.4072265625,
        5857.330078125
    ],
    "29": [
        8001.72021484375,
        1789.7457275390625
    ],
    "30": [
        3595.792724609375,
        19747.072265625
    ],
    "31": [
        963.2384033203125,
        1051.6942138671875
    ],
    "32": [
        3351.6705322265625,
        8783.1123046875
    ],
    "33": [
        13964.2509765625,
        2282.13623046875
    ],
    "34": [
        7397.7939453125,
        597.6200561523438
    ],
    "35": [
        8172.63232421875,
        17700.23046875
    ],
    "36": [
        5046.47119140625,
        639.62158203125
    ],
    "37": [
        180.94691467285156,
        26015.1328125
    ],
    "38": [
        718.0714721679688,
        13884.375
    ],
    "39": [
        500.54022216796875,
        3087.683837890625
    ],
    "40": [
        1599.9197998046875,
        12809.6953125
    ],
    "41": [
        2234.299560546875,
        1178.6820068359375
    ],
    "42": [
        8924.1728515625,
        1336.4346923828125
    ],
    "43": [
        10715.18359375,
        19232.439453125
    ],
    "44": [
        4669.04833984375,
        882.4178466796875
    ],
    "45": [
        24110.70703125,
        14828.900390625
    ],
    "46": [
        18862.51953125,
        7095.57470703125
    ],
    "47": [
        18616.134765625,
        13414.2275390625
    ],
    "48": [
        8445.37548828125,
        6147.7216796875
    ],
    "49": [
        3848.259765625,
        728.0377197265625
    ],
    "50": [
        5018.97900390625,
        19402.96484375
    ],
    "51": [
        10169.884765625,
        1895.2313232421875
    ],
    "52": [
        18648.6484375,
        5045.76708984375
    ],
    "53": [
        3065.6197509765625,
        5040.3974609375
    ],
    "54": [
        11560.9912109375,
        591.875732421875
    ],
    "55": [
        25093.73828125,
        6628.248046875
    ],
    "56": [
        1792.216064453125,
        6555.36865234375
    ],
    "57": [
        605.3232421875,
        4744.64599609375
    ],
    "58": [
        11275.689453125,
        15003.5244140625
    ],
    "59": [
        817.7203369140625,
        10330.3076171875
    ],
    "60": [
        12401.7392578125,
        328.6387634277344
    ],
    "61": [
        345.19781494140625,
        1310.8994140625
    ],
    "62": [
        3438.189697265625,
        21996.0
    ],
    "63": [
        51.725566387176514,
        8984.49951171875
    ],
    "64": [
        4762.31494140625,
        1936.7413330078125
    ],
    "65": [
        1885.5504150390625,
        13679.0126953125
    ],
    "66": [
        4046.8134765625,
        13278.00537109375
    ],
    "67": [
        17384.49853515625,
        813.0818252563477
    ],
    "68": [
        547.5143432617188,
        2590.000244140625
    ],
    "69": [
        13463.9970703125,
        8952.8349609375
    ],
    "70": [
        12290.755859375,
        5418.97607421875
    ],
    "71": [
        2454.919189453125,
        2862.063720703125
    ],
    "72": [
        6822.76904296875,
        9514.55859375
    ],
    "73": [
        9060.958984375,
        9357.83203125
    ],
    "74": [
        16825.341471354168,
        17455.733723958332
    ],
    "75": [
        20050.4296875,
        3642.69189453125
    ],
    "76": [
        4974.82275390625,
        156.35214233398438
    ],
    "77": [
        1856.0013427734375,
        2829.87158203125
    ],
    "78": [
        1505.1519165039063,
        1994.554931640625
    ],
    "79": [
        22150.244140625,
        444.54864501953125
    ]
}