{
    "0": [
        17530.809407552082,
        847.6619246800741
    ],
    "1": [
        1125.9414573328363,
        8033.8930257161455
    ],
    "2": [
        21700.3095703125,
        10553.53056640625
    ],
    "3": [
        15344.340494791666,
        8295.403700086805
    ],
    "4": [
        12435.859375,
        18634.829427083332
    ],
    "5": [
        6314.491809475807,
        6735.0958606350805
    ],
    "6": [
        14793.83349609375,
        15444.406689453124
    ],
    "7": [
        3975.057110821759,
        14267.419994212964
    ],
    "8": [
        9301.976615574049,
        1145.046057379764
    ],
    "9": [
        23236.1318359375,
        17837.933268229168
    ],
    "10": [
        6799.882947198276,
        12150.671942349138
    ],
    "11": [
        17902.472778320313,
        4164.846455891927
    ],
    "12": [
        12011.10165127841,
        1006.8333095853978
    ],
    "13": [
        8453.838904747596,
        24985.52794471154
    ],
    "14": [
        10936.955132378473,
        3944.980421278212
    ],
    "15": [
        8289.64760044643,
        19426.013532366072
    ],
    "16": [
        26208.109375,
        8356.0876953125
    ],
    "17": [
        986.6504414466119,
        4116.207035187752
    ],
    "18": [
        1395.5153571537562,
        17613.217843191964
    ],
    "19": [
        20869.4013671875,
        24642.271484375
    ],
    "20": [
        13595.373572716346,
        10578.819711538461
    ],
    "21": [
        914.6991804504395,
        12631.9109765625
    ],
    "22": [
        1008.7566497802734,
        6140.641189236111
    ],
    "23": [
        18760.848828125,
        7809.963525390625
    ],
    "24": [
        17906.6966796875,
        11908.03447265625
    ],
    "25": [
        6435.067858244243,
        9377.154952199835
    ],
    "26": [
        1171.142238443548,
        23282.444779829544
    ],
    "27": [
        3416.040793026195,
        11104.372127757353
    ],
    "28": [
        7875.957654229526,
        15924.675410829741
    ],
    "29": [
        26627.773046875,
        14374.128515625
    ],
    "30": [
        15242.296712239584,
        26531.085611979168
    ],
    "31": [
        27395.957741477272,
        2055.4850222847676
    ],
    "32": [
        10573.402294921874,
        13897.79912109375
    ],
    "33": [
        2064.563387596001,
        644.6984453120474
    ],
    "34": [
        20026.902777777777,
        1221.104338751899
    ],
    "35": [
        3755.1033970424105,
        7832.196261160714
    ],
    "36": [
        4286.237939453125,
        17692.9663671875
    ],
    "37": [
        3214.958681048769,
        5586.393643465909
    ],
    "38": [
        452.3565551837285,
        711.8678597553322
    ],
    "39": [
        781.5225960927851,
        10153.104721966913
    ],
    "40": [
        18197.9267578125,
        18819.393619791666
    ],
    "41": [
        13780.15283203125,
        22903.496337890625
    ],
    "42": [
        22628.525065104168,
        5202.671088324652
    ],
    "43": [
        5497.385040283203,
        22172.176106770832
    ],
    "44": [
        6668.182865767046,
        1204.3508419383656
    ],
    "45": [
        12137.388346354166,
        7222.551874069941
    ],
    "46": [
        5236.437053401296,
        3514.971512957317
    ],
    "47": [
        14725.751635742188,
        1196.822614479065
    ],
    "48": [
        14299.048355594758,
        4909.229665448589
    ],
    "49": [
        1406.5476959995601,
        14631.580672554348
    ],
    "50": [
        20230.070556640625,
        15398.349609375
    ],
    "51": [
        3042.2232504790686,
        2912.339733195755
    ],
    "52": [
        862.6350899109474,
        2348.385086763822
    ],
    "53": [
        9871.74046875,
        10378.0714453125
    ],
    "54": [
        1326.178999519348,
        20517.759895833333
    ],
    "55": [
        23846.15744357639,
        1498.1449898613823
    ],
    "56": [
        4366.133679620151,
        845.8130437259016
    ],
    "57": [
        1910.6666493733724,
        26380.480729166666
    ],
    "58": [
        9084.8379296875,
        6739.058671875
    ],
    "59": [
        7919.617234002976,
        3674.227091471354
    ]
}