{
    "0": [
        13458.074765625,
        11140.23875
    ],
    "1": [
        524.9396087101528,
        3489.730398995536
    ],
    "2": [
        822.1987338949133,
        1945.3985550491898
    ],
    "3": [
        430.3507926247337,
        568.9717471960819
    ],
    "4": [
        17894.643988715277,
        24400.10329861111
    ],
    "5": [
        2925.7556592155906,
        24789.292394301472
    ],
    "6": [
        2161.7897240423385,
        625.8752555231894
    ],
    "7": [
        12032.3884765625,
        1274.8446387154715
    ],
    "8": [
        9303.504905007103,
        8870.238836115057
    ],
    "9": [
        1085.473611247155,
        9345.666661416331
    ],
    "10": [
        24438.78310546875,
        7512.375341796875
    ],
    "11": [
        8540.62513950893,
        434.7738947187151
    ],
    "12": [
        24814.9068359375,
        16423.0126953125
    ],
    "13": [
        23815.789636948528,
        935.2022705078125
    ],
    "14": [
        18773.36072716346,
        1354.768927354079
    ],
    "15": [
        15756.349989149305,
        16951.83669704861
    ],
    "16": [
        3426.8231650904604,
        11544.299033717105
    ],
    "17": [
        4165.489762369792,
        5889.587923177083
    ],
    "18": [
        6555.767177036831,
        772.3721529415676
    ],
    "19": [
        5791.204255756579,
        2934.420050370066
    ],
    "20": [
        3749.3290252685547,
        20104.5380859375
    ],
    "21": [
        841.8674535751343,
        17991.427379261364
    ],
    "22": [
        9083.850999098559,
        2124.837608924279
    ],
    "23": [
        9185.458943684896,
        12905.39892578125
    ],
    "24": [
        1161.157025850736,
        13235.033841646635
    ],
    "25": [
        637.6922814505441,
        5661.733101981027
    ],
    "26": [
        6229.499409993489,
        6259.058207194011
    ],
    "27": [
        5647.774404672476,
        9726.19668344351
    ],
    "28": [
        15358.488898026315,
        2200.3802954021253
    ],
    "29": [
        9016.533162434896,
        5049.798044840495
    ],
    "30": [
        4381.624505458734,
        1041.878843160776
    ],
    "31": [
        9580.3628874748,
        21596.55802671371
    ],
    "32": [
        18993.117866847828,
        6518.142142917799
    ],
    "33": [
        2397.0759506225586,
        7537.017196655273
    ],
    "34": [
        8048.02743765024,
        17042.198392427883
    ],
    "35": [
        4658.633082339638,
        15791.575092516447
    ],
    "36": [
        18648.72119140625,
        11682.829833984375
    ],
    "37": [
        2033.5369181315104,
        3975.2725911458333
    ],
    "38": [
        12553.253125,
        5449.89103515625
    ],
    "39": [
        3781.120369466146,
        3477.2658203125
    ]
}