{
    "0": [
        5130.672123015873,
        25933.754464285714
    ],
    "1": [
        1962.1535090693721,
        6913.629195601852
    ],
    "2": [
        2818.829074928977,
        8114.157333096591
    ],
    "3": [
        1124.996460952381,
        22527.859568378713
    ],
    "4": [
        5515.6525662579115,
        17990.028233781646
    ],
    "5": [
        5222.394194933833,
        6856.284468670281
    ],
    "6": [
        4511.474115280878,
        10969.617106119791
    ],
    "7": [
        17958.29396132172,
        19630.807569159835
    ],
    "8": [
        4288.914122721354,
        498.5262450814247
    ],
    "9": [
        3571.175801225142,
        2870.6770951704543
    ],
    "10": [
        2131.175869054962,
        2877.1389138740406
    ],
    "11": [
        20576.45325307377,
        3659.0267033811474
    ],
    "12": [
        14757.122809709821,
        16414.363922991073
    ],
    "13": [
        6819.182023111979,
        4071.844201660156
    ],
    "14": [
        19677.77734375,
        15877.433456688597
    ],
    "15": [
        3328.193550832648,
        21112.925205592106
    ],
    "16": [
        5074.176385967548,
        3410.1482346754806
    ],
    "17": [
        14492.46645422149,
        22688.64686129386
    ],
    "18": [
        2816.683065609056,
        14718.400330835459
    ],
    "19": [
        13935.393656148539,
        12850.672192065747
    ],
    "20": [
        11436.478341238839,
        8522.45783923921
    ],
    "21": [
        19586.345703125,
        902.1602457584721
    ],
    "22": [
        12003.38153409091,
        19351.958451704544
    ],
    "23": [
        4536.893781722731,
        1758.297281641869
    ],
    "24": [
        7448.7790768801515,
        7863.333624871222
    ],
    "25": [
        24448.494818239797,
        18239.414461096938
    ],
    "26": [
        26252.420930989585,
        1222.5665437221528
    ],
    "27": [
        10936.436808268229,
        15162.66997273763
    ],
    "28": [
        4733.346089207849,
        5034.146024482195
    ],
    "29": [
        13274.856903452932,
        9565.460859133873
    ],
    "30": [
        17248.12046477754,
        12875.45497881356
    ],
    "31": [
        2691.2689152860094,
        17687.7029454023
    ],
    "32": [
        7876.696030560662,
        15797.92852711397
    ],
    "33": [
        2824.348824406302,
        9943.851581901905
    ],
    "34": [
        21881.5724609375,
        24087.834326171876
    ],
    "35": [
        3431.6139194421603,
        6253.8042206345945
    ],
    "36": [
        693.9858136699625,
        7931.792908550942
    ],
    "37": [
        8649.23575367647,
        23090.305118336397
    ],
    "38": [
        7369.241283519848,
        710.3070963717796
    ],
    "39": [
        10788.720520930503,
        667.6396632016595
    ],
    "40": [
        2019.1155522412594,
        5217.80198019802
    ],
    "41": [
        9002.372080485025,
        545.4697877681917
    ],
    "42": [
        429.9898351516764,
        3520.8691675218483
    ],
    "43": [
        14111.051345685206,
        2156.790166732368
    ],
    "44": [
        9279.423314144737,
        7914.271653988487
    ],
    "45": [
        11887.0751796875,
        2542.0771708984375
    ],
    "46": [
        11623.352507560483,
        5830.568726898521
    ],
    "47": [
        2748.6015123639786,
        1498.8985682896205
    ],
    "48": [
        495.0792869134744,
        2371.1366666666668
    ],
    "49": [
        406.1815231126898,
        1345.2893769079897
    ],
    "50": [
        13356.540318080357,
        4314.487220400855
    ],
    "51": [
        6248.733044854526,
        2242.0203447013064
    ],
    "52": [
        6545.593867375301,
        5842.756108210637
    ],
    "53": [
        2035.4835066361861,
        435.3468219637871
    ],
    "54": [
        16429.41582306338,
        9912.954514194542
    ],
    "55": [
        19936.635226779516,
        7258.147189670139
    ],
    "56": [
        6655.139298148777,
        10324.798944887907
    ],
    "57": [
        1483.401376192687,
        1764.1072918000768
    ],
    "58": [
        18521.881376378675,
        4593.46094827091
    ],
    "59": [
        16236.982709703947,
        3592.8848915501644
    ],
    "60": [
        3063.824487686157,
        431.19978546723723
    ],
    "61": [
        4930.04715017545,
        8717.446533203125
    ],
    "62": [
        10242.260941485969,
        4385.16331762197
    ],
    "63": [
        1131.8822984967912,
        592.8587592329297
    ],
    "64": [
        1296.4991232395173,
        26151.418798828126
    ],
    "65": [
        9021.498156910211,
        18918.413127200703
    ],
    "66": [
        23208.363144188595,
        7847.559407552083
    ],
    "67": [
        10801.092393663195,
        11950.420746527778
    ],
    "68": [
        8514.280909682766,
        3821.008781664299
    ],
    "69": [
        719.1615139291837,
        16328.162607046273
    ],
    "70": [
        5326.2901860719085,
        12930.490517893146
    ],
    "71": [
        752.451207991304,
        13824.049831627155
    ],
    "72": [
        16956.41847467997,
        7051.293880600527
    ],
    "73": [
        8067.08359375,
        12842.182783203125
    ],
    "74": [
        4937.233165228545,
        15158.721023787313
    ],
    "75": [
        8169.558027689436,
        2134.6927976355087
    ],
    "76": [
        9863.520944486789,
        2319.708966511052
    ],
    "77": [
        518.1671167352926,
        4856.735114498415
    ],
    "78": [
        5843.342688272166,
        575.8509738888852
    ],
    "79": [
        25044.031538165982,
        13378.353563652663
    ],
    "80": [
        8963.939833603896,
        10147.025910612825
    ],
    "81": [
        2746.019618918679,
        12328.593483664772
    ],
    "82": [
        23382.36764461436,
        4105.715919007646
    ],
    "83": [
        855.9062512057602,
        11576.848558170781
    ],
    "84": [
        1675.7765244704026,
        3901.8191903921274
    ],
    "85": [
        812.7971499416063,
        9480.056732753537
    ],
    "86": [
        12893.199724346188,
        662.2457783408199
    ],
    "87": [
        26486.888059129902,
        5771.378049364277
    ],
    "88": [
        22666.57440185547,
        994.0996389811238
    ],
    "89": [
        903.4295786895134,
        19088.17724609375
    ],
    "90": [
        3221.8224853515626,
        4453.576387162642
    ],
    "91": [
        15470.834414985236,
        891.3608166138957
    ],
    "92": [
        17491.440901131464,
        1170.1880254827697
    ],
    "93": [
        299.30404738823574,
        362.66466201782225
    ],
    "94": [
        11710.060221354166,
        26715.761904761905
    ],
    "95": [
        8970.490223019622,
        5878.783237191134
    ],
    "96": [
        20343.192232572117,
        11085.523399939904
    ],
    "97": [
        14367.931544883579,
        6408.06964709712
    ],
    "98": [
        6580.514549461571,
        20741.664168074323
    ],
    "99": [
        496.0302280653268,
        6217.251823425293
    ]
}