{
    "0": [
        2910.6635458456503,
        7446.875921135979
    ],
    "1": [
        14152.833417727623,
        24259.68694540895
    ],
    "2": [
        1624.0153750006916,
        16027.995996664838
    ],
    "3": [
        441.93794920506764,
        583.6879063898058
    ],
    "4": [
        12531.691620291096,
        1291.0569749509907
    ],
    "5": [
        5812.696564742823,
        711.3538124093599
    ],
    "6": [
        10642.655701369382,
        927.2609594136142
    ],
    "7": [
        13430.985006192835,
        18601.736566310974
    ],
    "8": [
        18411.519975142044,
        8475.253059156013
    ],
    "9": [
        9498.033667995505,
        9382.160995692422
    ],
    "10": [
        7849.792961621806,
        7416.844837049498
    ],
    "11": [
        2777.1388711521768,
        850.9857742898485
    ],
    "12": [
        22581.11226851852,
        22735.730866608796
    ],
    "13": [
        10329.953540943286,
        6222.26737618152
    ],
    "14": [
        2145.9905929925308,
        26384.67563384434
    ],
    "15": [
        18238.284316588786,
        18032.70675744743
    ],
    "16": [
        7046.054913294798,
        4913.647277479226
    ],
    "17": [
        1355.8102984392553,
        22325.20585643797
    ],
    "18": [
        6099.810169247415,
        16761.83595155126
    ],
    "19": [
        20445.38896276596,
        12450.108834773937
    ],
    "20": [
        2523.063752880655,
        3054.6876404574728
    ],
    "21": [
        26745.89877158717,
        3048.7092320417105
    ],
    "22": [
        11517.830444335938,
        11811.285339355469
    ],
    "23": [
        19829.118537454044,
        1150.8244139131377
    ],
    "24": [
        11057.024313306052,
        15314.275142609127
    ],
    "25": [
        14648.181771805037,
        1509.9900780174862
    ],
    "26": [
        4828.882655552456,
        20784.874364459327
    ],
    "27": [
        23242.477737426758,
        1454.5663254577667
    ],
    "28": [
        697.4250959127589,
        3729.460745352286
    ],
    "29": [
        9038.99092090578,
        19794.919819078947
    ],
    "30": [
        2850.288720488023,
        5207.817098878028
    ],
    "31": [
        1488.313123858237,
        18722.438701923078
    ],
    "32": [
        12758.722646130182,
        4622.418425406817
    ],
    "33": [
        8950.61145145377,
        954.5824953243905
    ],
    "34": [
        745.3293671564958,
        2088.141131319131
    ],
    "35": [
        816.0418512606508,
        7335.5052993557465
    ],
    "36": [
        23933.344164299244,
        7677.855291193182
    ],
    "37": [
        4629.816845919178,
        2319.348552872649
    ],
    "38": [
        700.5927969184788,
        5398.155422141335
    ],
    "39": [
        1284.568472094492,
        11627.811492079989
    ],
    "40": [
        15684.701519590435,
        12693.367402047821
    ],
    "41": [
        5272.306428778108,
        6905.577641885748
    ],
    "42": [
        7111.600845424107,
        2808.6669126674105
    ],
    "43": [
        7962.5934783935545,
        13137.87094116211
    ],
    "44": [
        16157.881018066406,
        5071.344338989258
    ],
    "45": [
        25026.79470486111,
        15358.043969425155
    ],
    "46": [
        3517.202654003042,
        9864.97944897677
    ],
    "47": [
        20065.581727074794,
        4852.314557184938
    ],
    "48": [
        7535.129446476064,
        24814.06478557181
    ],
    "49": [
        958.1996980399301,
        9330.513832405823
    ],
    "50": [
        4184.78019244298,
        659.029769311584
    ],
    "51": [
        1026.0441227238937,
        13789.908055822276
    ],
    "52": [
        4818.870162086925,
        4175.385610295438
    ],
    "53": [
        9577.405546695814,
        3467.899602207569
    ],
    "54": [
        6244.244205936505,
        10005.642136494826
    ],
    "55": [
        17085.52559340847,
        1334.154336580162
    ],
    "56": [
        4335.8554290926395,
        13225.374940513959
    ],
    "57": [
        1636.5897319472838,
        624.8966548554251
    ],
    "58": [
        13661.907312549136,
        8536.240179097877
    ],
    "59": [
        7397.858076746324,
        814.7630975554971
    ]
}