{
    "0": [
        6310.98639419606,
        2804.3088028407333
    ],
    "1": [
        7347.712385697799,
        21886.43055308949
    ],
    "2": [
        21804.230111929086,
        7613.379920372596
    ],
    "3": [
        4101.35129675401,
        20976.450394081858
    ],
    "4": [
        23155.51938424059,
        11292.692099294354
    ],
    "5": [
        11158.542639802632,
        22514.34095394737
    ],
    "6": [
        661.4181138797944,
        1997.4239872428527
    ],
    "7": [
        7185.321859687037,
        835.0393726779864
    ],
    "8": [
        5468.8570556640625,
        767.0963689324468
    ],
    "9": [
        6658.905048370361,
        18285.318908691406
    ],
    "10": [
        9036.340281519397,
        26254.334388469826
    ],
    "11": [
        2827.7510523049227,
        4549.235027267272
    ],
    "12": [
        6683.037830031062,
        15385.455536991716
    ],
    "13": [
        889.158654139592,
        7379.351084580156
    ],
    "14": [
        7940.196054048627,
        7636.533006899825
    ],
    "15": [
        14504.87730189732,
        25934.352469308036
    ],
    "16": [
        2823.3361177186707,
        9200.77745427312
    ],
    "17": [
        3173.5480624633215,
        12106.29150619865
    ],
    "18": [
        19520.573264382103,
        13611.469571200285
    ],
    "19": [
        13767.04208464312,
        9991.741843680658
    ],
    "20": [
        14546.547426970108,
        3658.394492329031
    ],
    "21": [
        20300.247802734375,
        1125.9680661644254
    ],
    "22": [
        4997.087061172877,
        25841.036107772437
    ],
    "23": [
        1160.0868758925221,
        15741.925185889528
    ],
    "24": [
        5510.448482452877,
        7261.266617063492
    ],
    "25": [
        924.6913912267912,
        11236.956815343325
    ],
    "26": [
        25407.63828125,
        21193.583056640626
    ],
    "27": [
        776.4816509844534,
        9253.965364356489
    ],
    "28": [
        20953.41723017332,
        4300.624540441177
    ],
    "29": [
        26824.35129766949,
        7759.780993445445
    ],
    "30": [
        10344.518823680763,
        10602.679564698728
    ],
    "31": [
        3654.6217041015625,
        14820.037066709649
    ],
    "32": [
        9899.841874654314,
        15937.84094994469
    ],
    "33": [
        7357.187432513973,
        5110.259390482089
    ],
    "34": [
        9698.070483896683,
        5225.423647759885
    ],
    "35": [
        9068.39177813653,
        763.1955071654706
    ],
    "36": [
        8896.322634327169,
        13218.337558460884
    ],
    "37": [
        26006.99924045139,
        14981.88279441551
    ],
    "38": [
        15444.071830649564,
        989.5839421114026
    ],
    "39": [
        4334.731818488411,
        2534.8640217365805
    ],
    "40": [
        13099.366939357069,
        16218.471959848874
    ],
    "41": [
        744.7218346546504,
        5556.436709065083
    ],
    "42": [
        17621.727622908777,
        3482.385130602904
    ],
    "43": [
        1023.924807687195,
        18282.132443797833
    ],
    "44": [
        15527.071745986239,
        13032.643671158257
    ],
    "45": [
        21794.44301470588,
        26316.48552389706
    ],
    "46": [
        5005.870726314277,
        4827.442416289977
    ],
    "47": [
        18193.58220653045,
        6840.800515199319
    ],
    "48": [
        3821.024738590892,
        17810.812559546495
    ],
    "49": [
        916.3951277029942,
        13467.057539373754
    ],
    "50": [
        621.3371337650038,
        544.2886300147663
    ],
    "51": [
        24304.279675542093,
        4702.007630640147
    ],
    "52": [
        10885.99406386463,
        7993.7746123601255
    ],
    "53": [
        23255.013551682692,
        1242.476732143989
    ],
    "54": [
        2446.0381885285074,
        2448.483056900349
    ],
    "55": [
        16560.974829889114,
        17138.520381804436
    ],
    "56": [
        17727.468466938404,
        901.6553951369392
    ],
    "57": [
        13121.600631440413,
        1040.5546122554383
    ],
    "58": [
        9819.631818953805,
        19105.112754755435
    ],
    "59": [
        4928.699017068614,
        9875.502924969807
    ],
    "60": [
        3799.0092866824625,
        587.9683090020073
    ],
    "61": [
        1415.3890677051268,
        26893.788269927536
    ],
    "62": [
        12013.213267408957,
        12948.904235359252
    ],
    "63": [
        21466.841796875,
        16657.952498250932
    ],
    "64": [
        11401.273044282356,
        3395.9691432176437
    ],
    "65": [
        12531.097213745117,
        5794.901723225911
    ],
    "66": [
        26821.588878412356,
        1397.1312962236075
    ],
    "67": [
        7522.542355801197,
        10264.545114070812
    ],
    "68": [
        14607.238841572746,
        20778.43615522541
    ],
    "69": [
        1112.6791083178211,
        21060.370627520162
    ],
    "70": [
        1644.6439832010576,
        23770.611315524195
    ],
    "71": [
        10996.954510857076,
        952.5634873404223
    ],
    "72": [
        761.0820705085259,
        3731.9687139523908
    ],
    "73": [
        2214.771200891625,
        700.5661919620916
    ],
    "74": [
        15210.977544457874,
        6789.682857281596
    ],
    "75": [
        18092.248589409723,
        10186.002973090277
    ],
    "76": [
        19082.043557363013,
        21195.974261558218
    ],
    "77": [
        5782.037017667354,
        12626.730285334708
    ],
    "78": [
        8723.151811079546,
        2725.7458111956403
    ],
    "79": [
        3109.1146656293963,
        6743.134864537279
    ]
}