{
    "0": [
        7759.335553108378,
        16953.419506316488
    ],
    "1": [
        18454.05408494016,
        1607.5246228157205
    ],
    "2": [
        18656.985384114585,
        7412.193326822917
    ],
    "3": [
        3840.5015015778717,
        23774.43822337963
    ],
    "4": [
        1478.8916187633167,
        5942.189213423296
    ],
    "5": [
        8471.638452148438,
        10858.107633463542
    ],
    "6": [
        2011.9186227487962,
        13115.131495276162
    ],
    "7": [
        1057.3497316406433,
        913.9632934432432
    ],
    "8": [
        5447.212054084329,
        5702.2663358800555
    ],
    "9": [
        12056.264900453629,
        22164.8751890121
    ],
    "10": [
        8503.573498535156,
        1497.0958014726639
    ],
    "11": [
        11625.813389756944,
        6492.971847873264
    ],
    "12": [
        23593.731502757353,
        16866.553596047794
    ],
    "13": [
        2233.2290987895085,
        9161.272528545673
    ],
    "14": [
        1796.78487070257,
        3461.876043146307
    ],
    "15": [
        24632.301888020833,
        4822.969461059571
    ],
    "16": [
        14552.742741765203,
        13859.173537795608
    ],
    "17": [
        2293.062011241913,
        18530.363636363636
    ],
    "18": [
        4764.564481295072,
        1429.019391133235
    ],
    "19": [
        13152.311927532328,
        1715.5940288675242
    ]
}