{
    "0": [
        9548.57849702381,
        4094.1925688244046
    ],
    "1": [
        22005.750453404016,
        11277.493268694196
    ],
    "2": [
        3001.775432718211,
        18032.619275323275
    ],
    "3": [
        661.3717415809631,
        12380.70765438988
    ],
    "4": [
        2048.447742526814,
        348.0376248258655
    ],
    "5": [
        8650.382912772042,
        20045.35423060826
    ],
    "6": [
        7437.941710992908,
        716.3211498328135
    ],
    "7": [
        16956.20134943182,
        3646.5110085227275
    ],
    "8": [
        3123.4647191884565,
        10609.100486288266
    ],
    "9": [
        13625.909333304073,
        9462.928085498595
    ],
    "10": [
        6441.584707972515,
        23891.932817206325
    ],
    "11": [
        2495.3216812458445,
        12367.60366107048
    ],
    "12": [
        4568.978290686447,
        3981.272027519312
    ],
    "13": [
        1790.3646228382888,
        3743.8165982440837
    ],
    "14": [
        4135.7868571857825,
        21006.36429000687
    ],
    "15": [
        9762.151268544823,
        6231.755474668561
    ],
    "16": [
        4544.44413618608,
        7177.675682607323
    ],
    "17": [
        3051.0822578125,
        451.72072273635865
    ],
    "18": [
        1592.8991288288985,
        5101.879500889542
    ],
    "19": [
        961.3880627628502,
        10743.946684160306
    ],
    "20": [
        1916.2535886180644,
        2640.027464574697
    ],
    "21": [
        689.8993687699008,
        18207.43332122093
    ],
    "22": [
        14820.405436197916,
        12173.263648623511
    ],
    "23": [
        17235.117974175348,
        25291.440483940973
    ],
    "24": [
        17506.27517361111,
        19761.95222594246
    ],
    "25": [
        12784.131489000822,
        20882.909359580593
    ],
    "26": [
        3489.759756905692,
        14972.561715262276
    ],
    "27": [
        26164.841922883064,
        5646.989080613659
    ],
    "28": [
        6245.207657724057,
        4079.9723107679833
    ],
    "29": [
        16678.14529639175,
        7155.312791961985
    ],
    "30": [
        430.15087543247324,
        2412.4692697236032
    ],
    "31": [
        1044.7305045749831,
        382.64060613901717
    ],
    "32": [
        2402.5783859779094,
        7614.8611850080815
    ],
    "33": [
        2483.614777483259,
        1517.135159156436
    ],
    "34": [
        944.5131108265111,
        16101.729724241955
    ],
    "35": [
        8545.715628487724,
        2088.547499520438
    ],
    "36": [
        2956.730514938767,
        9176.283924549549
    ],
    "37": [
        10553.490621314859,
        25908.71333284198
    ],
    "38": [
        14671.737155939569,
        1255.0499259083476
    ],
    "39": [
        1370.447839488154,
        1046.8198852539063
    ],
    "40": [
        284.8603141230645,
        348.8895159968369
    ],
    "41": [
        6016.1425121410475,
        498.01353001594543
    ],
    "42": [
        26089.49884588068,
        1224.5663770401115
    ],
    "43": [
        6564.653160511363,
        2263.54248157848
    ],
    "44": [
        10678.328857421875,
        684.202278325052
    ],
    "45": [
        10584.679343483665,
        10141.277610085228
    ],
    "46": [
        631.9738309215492,
        6292.473625935299
    ],
    "47": [
        1287.131457160501,
        20697.32590379902
    ],
    "48": [
        12725.667638545414,
        670.4720838155678
    ],
    "49": [
        7394.298600905013,
        10197.363755027847
    ],
    "50": [
        5020.066306089743,
        1259.477054432926
    ],
    "51": [
        834.4037691688537,
        9092.4143359375
    ],
    "52": [
        335.5241162401658,
        1289.2232773392288
    ],
    "53": [
        19681.185179455446,
        4814.4641838451425
    ],
    "54": [
        8816.738631256914,
        8290.98820779176
    ],
    "55": [
        4379.642508370535,
        5494.131115141369
    ],
    "56": [
        2981.4767636899596,
        4679.232189037181
    ],
    "57": [
        5031.920928419682,
        2640.7611779999315
    ],
    "58": [
        7913.561147836538,
        5362.947634965945
    ],
    "59": [
        3852.4886235032127,
        1694.5024254344335
    ],
    "60": [
        16891.10207468313,
        963.1460035297421
    ],
    "61": [
        5131.017158703927,
        8923.081204927885
    ],
    "62": [
        14388.31797281901,
        3655.278653462728
    ],
    "63": [
        1158.4815536810427,
        1848.3033733757175
    ],
    "64": [
        2761.4565933647505,
        6245.911701727351
    ],
    "65": [
        6919.075152047073,
        15170.556541732594
    ],
    "66": [
        6084.214761455407,
        17843.3662109375
    ],
    "67": [
        11653.318533283391,
        12745.363441780823
    ],
    "68": [
        22794.226177014803,
        6901.656629060444
    ],
    "69": [
        3330.2030381024892,
        3076.7929894398835
    ],
    "70": [
        12266.908203125,
        2399.805158044538
    ],
    "71": [
        17177.864545978482,
        15711.10303534836
    ],
    "72": [
        14177.768361308787,
        6211.56232112469
    ],
    "73": [
        13186.248107910156,
        15964.736596679688
    ],
    "74": [
        19048.161165730337,
        8794.052152826545
    ],
    "75": [
        921.784969400975,
        14118.838662424396
    ],
    "76": [
        23509.946655273438,
        21947.06103515625
    ],
    "77": [
        9008.393905968975,
        553.4763922502668
    ],
    "78": [
        19448.43076402559,
        1126.1581850089426
    ],
    "79": [
        26260.063895089286,
        14315.759347098214
    ],
    "80": [
        11677.686135316506,
        7528.9710849859775
    ],
    "81": [
        702.4644527512212,
        7746.386360414566
    ],
    "82": [
        1276.192213671548,
        23743.278280452807
    ],
    "83": [
        6901.659550107759,
        7345.230597835848
    ],
    "84": [
        18103.866021455226,
        12169.110162080224
    ],
    "85": [
        6787.487779771959,
        12686.46776024071
    ],
    "86": [
        6006.310907778533,
        5839.811682659647
    ],
    "87": [
        397.41124856876115,
        4844.443425582627
    ],
    "88": [
        9100.628521050347,
        12696.445475260416
    ],
    "89": [
        22552.49228125,
        1556.2425221157073
    ],
    "90": [
        11855.386263020833,
        4769.983524576823
    ],
    "91": [
        21912.444213867188,
        16247.569107055664
    ],
    "92": [
        2393.0264571507773,
        27077.8037109375
    ],
    "93": [
        7846.338938509481,
        3572.7793654538273
    ],
    "94": [
        10199.541696530963,
        2382.3488287969467
    ],
    "95": [
        462.9994993156097,
        3549.8469038165986
    ],
    "96": [
        4262.105153245192,
        405.35002531180015
    ],
    "97": [
        4445.260870361328,
        13010.08330078125
    ],
    "98": [
        5031.3522421347125,
        11041.469898120777
    ],
    "99": [
        9886.399610381766,
        16045.48101240335
    ]
}