{
    "0": [
        23735.26981026786,
        16904.61104910714
    ],
    "1": [
        1254.454620810116,
        15186.84627757353
    ],
    "2": [
        12868.678112399193,
        906.4574468674198
    ],
    "3": [
        468.5564555143699,
        534.4627633637343
    ],
    "4": [
        11466.203871783087,
        8900.237247242647
    ],
    "5": [
        2591.6034624148638,
        2384.8015637520034
    ],
    "6": [
        7822.697079613095,
        5547.655459449405
    ],
    "7": [
        19413.951704545456,
        19530.133167613636
    ],
    "8": [
        8338.519461495536,
        26224.123604910714
    ],
    "9": [
        1086.9542708496253,
        13217.743367513021
    ],
    "10": [
        6980.130628083882,
        3006.3158762078538
    ],
    "11": [
        1265.066003218941,
        17837.051036005436
    ],
    "12": [
        15477.27720424107,
        17430.101422991072
    ],
    "13": [
        696.9034823945591,
        2073.135009765625
    ],
    "14": [
        1002.9453074137369,
        11258.114955357143
    ],
    "15": [
        26379.715494791668,
        7465.1669921875
    ],
    "16": [
        22910.874674479168,
        4422.251037597656
    ],
    "17": [
        4104.149569424716,
        635.9408422816883
    ],
    "18": [
        15242.296712239584,
        26531.085611979168
    ],
    "19": [
        938.7918468015534,
        7154.604408482143
    ],
    "20": [
        3697.4054963485055,
        14234.13676120924
    ],
    "21": [
        17113.07121394231,
        3489.8819673978364
    ],
    "22": [
        19562.072620738636,
        3640.9283558238635
    ],
    "23": [
        1249.8040754530166,
        26614.161675347223
    ],
    "24": [
        19304.443684895832,
        9064.376057942709
    ],
    "25": [
        6019.5299699113175,
        7505.202768686655
    ],
    "26": [
        24206.53369140625,
        1436.8655214309692
    ],
    "27": [
        22790.3869140625,
        7680.03076171875
    ],
    "28": [
        6280.015984786184,
        12854.582699424342
    ],
    "29": [
        15347.677420479911,
        908.8693270683289
    ],
    "30": [
        13679.638744212964,
        6034.827437789352
    ],
    "31": [
        2019.4885344328704,
        615.3182540911215
    ],
    "32": [
        3231.7178780691966,
        11293.561628069196
    ],
    "33": [
        1375.9627893992833,
        23661.618582589286
    ],
    "34": [
        5586.550048828125,
        10152.668497721354
    ],
    "35": [
        3983.0567515980115,
        19656.074573863636
    ],
    "36": [
        723.6974205970764,
        9326.967714251894
    ],
    "37": [
        3123.2844970703127,
        8774.210864257813
    ],
    "38": [
        6921.8814453125,
        18676.1755859375
    ],
    "39": [
        15135.09716796875,
        22449.062174479168
    ],
    "40": [
        11867.52607421875,
        3557.9286987304686
    ],
    "41": [
        9222.197791466346,
        17515.496619591348
    ],
    "42": [
        7061.308565027573,
        15545.035041360294
    ],
    "43": [
        5257.0723063151045,
        22509.90256076389
    ],
    "44": [
        9774.19198069853,
        14462.072150735294
    ],
    "45": [
        10354.417613636364,
        5592.632790305398
    ],
    "46": [
        757.9558468781985,
        3717.5953134390024
    ],
    "47": [
        4034.4257696242557,
        16971.487258184523
    ],
    "48": [
        11741.738037109375,
        23376.7431640625
    ],
    "49": [
        4672.919359290082,
        4845.43943189538
    ],
    "50": [
        14502.34765625,
        3449.4974814967104
    ],
    "51": [
        26814.833984375,
        13092.7396484375
    ],
    "52": [
        5670.4560546875,
        1327.5744171142578
    ],
    "53": [
        12371.841947115385,
        11179.802584134615
    ],
    "54": [
        20693.52859933036,
        1218.643847329276
    ],
    "55": [
        15085.539245605469,
        9352.8779296875
    ],
    "56": [
        25353.50825471698,
        19845.306972287737
    ],
    "57": [
        17926.119873046875,
        11528.959350585938
    ],
    "58": [
        17196.591796875,
        6427.947601318359
    ],
    "59": [
        8184.487748579545,
        22470.554332386364
    ],
    "60": [
        9147.96208639706,
        1022.4777372023639
    ],
    "61": [
        27565.0333984375,
        2074.328617286682
    ],
    "62": [
        8323.160753038195,
        11052.652018229166
    ],
    "63": [
        2740.0790983501233,
        4315.471917403372
    ],
    "64": [
        994.5700698852539,
        5542.012487792968
    ],
    "65": [
        11120.10988136574,
        1027.7657187249924
    ],
    "66": [
        20974.2484375,
        25148.973828125
    ],
    "67": [
        1039.6213703889114,
        20551.57481971154
    ],
    "68": [
        18044.771395596592,
        655.1841500022194
    ],
    "69": [
        3676.9495442708335,
        27007.99609375
    ],
    "70": [
        8679.99015727796,
        8272.899028577303
    ],
    "71": [
        12711.7740234375,
        14364.5361328125
    ],
    "72": [
        9229.334698016826,
        3550.1780066856973
    ],
    "73": [
        4506.953386579241,
        2645.8067801339284
    ],
    "74": [
        15814.808268229166,
        14760.125759548611
    ],
    "75": [
        19835.749267578125,
        15165.423828125
    ],
    "76": [
        7209.401123046875,
        763.5142117909023
    ],
    "77": [
        3407.059019027218,
        6919.226956275202
    ],
    "78": [
        21333.2177734375,
        11368.436848958334
    ],
    "79": [
        12008.349975585938,
        19180.391845703125
    ]
}