{
    "0": [
        2828.7125549316406,
        758.9223111152648
    ],
    "1": [
        13150.161991003788,
        14089.122691761364
    ],
    "2": [
        12625.759526466836,
        1502.8635552853955
    ],
    "3": [
        1478.1889061560998,
        5808.716548978366
    ],
    "4": [
        16653.99025390625,
        3157.023738822937
    ],
    "5": [
        8294.390454101562,
        12199.145621744792
    ],
    "6": [
        9091.309407552084,
        20372.083048502605
    ],
    "7": [
        21860.50603693182,
        1194.1343409798362
    ],
    "8": [
        2564.6045547743975,
        15499.28191207627
    ],
    "9": [
        11628.555206948138,
        6900.673485289229
    ],
    "10": [
        5559.245399475098,
        1303.0716340243816
    ],
    "11": [
        20563.82820012019,
        12688.299203725961
    ],
    "12": [
        18988.40069580078,
        22083.452392578125
    ],
    "13": [
        3104.1290803502816,
        3825.646484375
    ],
    "14": [
        23262.599537037036,
        7151.587782118056
    ],
    "15": [
        2907.455969450209,
        21885.077126736112
    ],
    "16": [
        8725.98097857307,
        1584.1191170636346
    ],
    "17": [
        2136.182273500844,
        9695.986623663652
    ],
    "18": [
        6189.574792480469,
        6423.378409830729
    ],
    "19": [
        648.3207112795686,
        1338.0995611687229
    ]
}