{
    "0": [
        14245.923828125,
        1735.7408447265625
    ],
    "1": [
        9443.907958984375,
        18466.3349609375
    ],
    "2": [
        4307.3858642578125,
        19575.0185546875
    ],
    "3": [
        3438.189697265625,
        21996.0
    ],
    "4": [
        11703.3193359375,
        11674.7841796875
    ],
    "5": [
        725.1388549804688,
        3741.6685791015625
    ],
    "6": [
        15812.797200520834,
        22544.610026041668
    ],
    "7": [
        3322.98388671875,
        3073.491943359375
    ],
    "8": [
        16913.96923828125,
        16184.2470703125
    ],
    "9": [
        4547.12548828125,
        1269.8213806152344
    ],
    "10": [
        5547.3255859375,
        641.1125305175781
    ],
    "11": [
        6052.622884114583,
        8719.984375
    ],
    "12": [
        4025.4677734375,
        4261.51318359375
    ],
    "13": [
        1401.1805623372395,
        13457.6943359375
    ],
    "14": [
        12543.923828125,
        4015.1031494140625
    ],
    "15": [
        12322.150390625,
        389.3857930501302
    ],
    "16": [
        4599.580078125,
        3406.619384765625
    ],
    "17": [
        865.7406616210938,
        1399.8228759765625
    ],
    "18": [
        1132.8438186645508,
        25273.681640625
    ],
    "19": [
        16857.751302083332,
        839.9219258626302
    ],
    "20": [
        3065.6197509765625,
        5040.3974609375
    ],
    "21": [
        952.354970296224,
        6473.268391927083
    ],
    "22": [
        605.3232421875,
        4744.64599609375
    ],
    "23": [
        21363.4208984375,
        14121.56396484375
    ],
    "24": [
        20557.4921875,
        588.5550842285156
    ],
    "25": [
        4514.029296875,
        3381.302001953125
    ],
    "26": [
        13463.9970703125,
        8952.8349609375
    ],
    "27": [
        12185.71142578125,
        14153.91845703125
    ],
    "28": [
        2745.3967895507813,
        9242.68212890625
    ],
    "29": [
        378.0270673751831,
        9025.3818359375
    ],
    "30": [
        1803.516357421875,
        594.0061902999878
    ],
    "31": [
        9255.668334960938,
        1916.8211364746094
    ],
    "32": [
        9262.609700520834,
        6942.694498697917
    ],
    "33": [
        25093.73828125,
        6628.248046875
    ],
    "34": [
        351.86139456431073,
        2699.3872884114585
    ],
    "35": [
        20666.8203125,
        8983.81494140625
    ],
    "36": [
        2010.8128662109375,
        2614.723388671875
    ],
    "37": [
        6486.4462890625,
        5098.2119140625
    ],
    "38": [
        4000.25244140625,
        13712.3876953125
    ],
    "39": [
        18984.20849609375,
        5332.9356689453125
    ]
}