{
    "0": [
        1276.192213671548,
        23743.278280452807
    ],
    "1": [
        14062.633366511418,
        3696.533534123347
    ],
    "2": [
        15440.142860652515,
        1085.0928574628051
    ],
    "3": [
        22030.777455357143,
        4921.056717354911
    ],
    "4": [
        484.650963566164,
        3016.08375627281
    ],
    "5": [
        21329.294861778846,
        11098.995087139423
    ],
    "6": [
        3024.967604269193,
        416.62879369765756
    ],
    "7": [
        13765.497049311156,
        13739.160292758737
    ],
    "8": [
        2393.0264571507773,
        27077.8037109375
    ],
    "9": [
        13790.53117727726,
        9912.815512799201
    ],
    "10": [
        9451.896878639363,
        584.2575535433633
    ],
    "11": [
        461.2949961960971,
        5371.310364440247
    ],
    "12": [
        1673.466187822058,
        3858.327208174036
    ],
    "13": [
        4968.550010279605,
        2515.1949912623354
    ],
    "14": [
        19037.684806743422,
        4613.009529194079
    ],
    "15": [
        6047.04879007711,
        23596.17775974026
    ],
    "16": [
        11481.334896548764,
        8727.502425309065
    ],
    "17": [
        10924.424930695564,
        11989.069356938844
    ],
    "18": [
        19796.5028125,
        8093.595709635417
    ],
    "19": [
        4052.2512817382813,
        9591.582474320023
    ],
    "20": [
        9885.2485546875,
        6816.31935546875
    ],
    "21": [
        18017.52113678496,
        19666.033865201272
    ],
    "22": [
        2519.1714220849153,
        1468.1314457688377
    ],
    "23": [
        6540.582839133523,
        2282.567986505682
    ],
    "24": [
        4687.475333378233,
        11775.272528286638
    ],
    "25": [
        11405.767603994205,
        796.1474534312621
    ],
    "26": [
        15018.419921875,
        17205.970383216594
    ],
    "27": [
        1929.4772338867188,
        387.987093608169
    ],
    "28": [
        8169.182967194413,
        7975.418889138551
    ],
    "29": [
        3822.418555166207,
        1643.188652487362
    ],
    "30": [
        853.8843330425375,
        9013.456191119025
    ],
    "31": [
        5077.328522013727,
        3891.868677442319
    ],
    "32": [
        18196.486080545776,
        14261.703592649648
    ],
    "33": [
        501.9855089802896,
        6409.91981686828
    ],
    "34": [
        2762.8261356164912,
        6028.981662863552
    ],
    "35": [
        23794.255562160328,
        21670.44527004076
    ],
    "36": [
        17128.10986328125,
        10766.733956473214
    ],
    "37": [
        22199.840075476695,
        16377.921229475636
    ],
    "38": [
        17559.017198350695,
        25578.75027126736
    ],
    "39": [
        6744.056594122024,
        10545.50574311756
    ],
    "40": [
        1026.3945263671876,
        712.8032366116842
    ],
    "41": [
        962.3679680163317,
        16040.16661509901
    ],
    "42": [
        5015.965172151548,
        1178.0662552825117
    ],
    "43": [
        16551.510138128222,
        3474.046394269491
    ],
    "44": [
        23710.04766502809,
        1257.0651829912422
    ],
    "45": [
        7028.3587292086695,
        19252.39776545699
    ],
    "46": [
        3416.382826543487,
        14811.33272262168
    ],
    "47": [
        4451.791514295212,
        5455.641154837101
    ],
    "48": [
        677.2577165060854,
        10469.579454787234
    ],
    "49": [
        16658.88636638209,
        7057.629837508054
    ],
    "50": [
        8346.196092393664,
        5665.637891981337
    ],
    "51": [
        1611.0054003397624,
        5129.179219563802
    ],
    "52": [
        25133.126409216773,
        6632.874610611155
    ],
    "53": [
        5618.898778279622,
        7033.210642496745
    ],
    "54": [
        9044.051125919117,
        9902.969565716912
    ],
    "55": [
        404.916215753869,
        1851.036103098016
    ],
    "56": [
        26947.08360877404,
        2057.456755876541
    ],
    "57": [
        11882.824729225853,
        5682.7333207563925
    ],
    "58": [
        285.25972439036815,
        445.80902698428133
    ],
    "59": [
        20809.890869140625,
        1142.4989687089737
    ],
    "60": [
        3440.0494821530965,
        3029.1418793004586
    ],
    "61": [
        8504.144526267539,
        3735.4859320192922
    ],
    "62": [
        844.1919476636732,
        18153.657256155304
    ],
    "63": [
        3515.083750965831,
        17740.888736263736
    ],
    "64": [
        3912.1895314911267,
        20852.16244695216
    ],
    "65": [
        920.968807897147,
        12071.988496668198
    ],
    "66": [
        3796.030663467035,
        7243.174935689786
    ],
    "67": [
        5981.089543721762,
        13592.366434487953
    ],
    "68": [
        9447.229630655318,
        20907.47210237873
    ],
    "69": [
        11950.730723505434,
        3045.5180823284645
    ],
    "70": [
        827.1495068055481,
        13971.545184235074
    ],
    "71": [
        368.9137749322332,
        4258.581477238582
    ],
    "72": [
        1848.5591278076172,
        7210.078998272235
    ],
    "73": [
        9955.899136247306,
        2409.6224933492726
    ],
    "74": [
        18076.133310612415,
        1007.4950399174786
    ],
    "75": [
        1310.2102183216023,
        20648.927181603773
    ],
    "76": [
        11420.498443603516,
        18204.001068115234
    ],
    "77": [
        10141.672646484374,
        4538.470114746094
    ],
    "78": [
        26078.860600490196,
        13763.778664981617
    ],
    "79": [
        3109.3517450925683,
        4491.751676158745
    ],
    "80": [
        556.9297279750599,
        7761.014906939338
    ],
    "81": [
        14114.14316998106,
        6401.404287010732
    ],
    "82": [
        6434.828734142946,
        5755.637443920174
    ],
    "83": [
        13334.711605674342,
        22412.448910361843
    ],
    "84": [
        2023.3700334821428,
        2852.1860002790177
    ],
    "85": [
        5582.551752200072,
        8788.839916711566
    ],
    "86": [
        7653.8866796875,
        633.933161907196
    ],
    "87": [
        10113.611296622983,
        15166.746954805107
    ],
    "88": [
        6122.1334438445465,
        568.339350979799
    ],
    "89": [
        6806.476535373264,
        3987.267076280382
    ],
    "90": [
        9601.385400390625,
        26236.7063671875
    ],
    "91": [
        4284.110847241951,
        393.8800012875687
    ],
    "92": [
        1420.30272915832,
        1815.3819684411726
    ],
    "93": [
        6964.9990234375,
        16364.675516764322
    ],
    "94": [
        8376.958998325892,
        2036.8388671875
    ],
    "95": [
        2505.000751460364,
        10410.18501827695
    ],
    "96": [
        13328.506095933619,
        1068.6663398535354
    ],
    "97": [
        2949.8457678970026,
        12524.97926299426
    ],
    "98": [
        8255.28793529754,
        12732.556245844415
    ],
    "99": [
        2655.7986178256497,
        8523.65318978187
    ]
}