{
    "0": [
        12354.011938476562,
        5946.144673665364
    ],
    "1": [
        2247.597097273353,
        6372.881583014838
    ],
    "2": [
        14386.441651986315,
        708.3753042961258
    ],
    "3": [
        25282.158388157895,
        4579.870880448191
    ],
    "4": [
        7534.235728288858,
        4918.564692693703
    ],
    "5": [
        3069.914012743079,
        2119.267323369565
    ],
    "6": [
        24200.161692549544,
        1215.081263943507
    ],
    "7": [
        4508.609230654083,
        9637.245544879106
    ],
    "8": [
        6299.071082564703,
        8060.618015642208
    ],
    "9": [
        865.5306657269771,
        19051.72394820039
    ],
    "10": [
        11355.053591358419,
        27210.876195790817
    ],
    "11": [
        1118.609990924376,
        14977.301045283564
    ],
    "12": [
        4255.989569180254,
        23862.023876245472
    ],
    "13": [
        23002.1728075732,
        9958.78783519848
    ],
    "14": [
        3129.7092886532055,
        20570.71422621783
    ],
    "15": [
        27347.95042782738,
        1403.5491170315515
    ],
    "16": [
        16952.435533854168,
        3538.642340494792
    ],
    "17": [
        697.2497375296946,
        10985.806041557247
    ],
    "18": [
        2451.3294544147993,
        9922.835244693397
    ],
    "19": [
        2692.402931515866,
        558.7402814813122
    ],
    "20": [
        1418.2469912719725,
        432.13741912513973
    ],
    "21": [
        12037.352292999507,
        3728.7360801396408
    ],
    "22": [
        14265.224636038822,
        2970.908652660383
    ],
    "23": [
        607.7079104102363,
        7222.27749688705
    ],
    "24": [
        4722.214233740371,
        2318.044243820575
    ],
    "25": [
        16470.44501476753,
        20753.01581554878
    ],
    "26": [
        4850.328793480283,
        12102.070847284227
    ],
    "27": [
        5563.148259721789,
        684.2034926045862
    ],
    "28": [
        11926.161030783582,
        10427.38525633551
    ],
    "29": [
        1505.4445083068342,
        27218.323979591838
    ],
    "30": [
        687.493006003359,
        8937.749288923753
    ],
    "31": [
        5650.022731203874,
        3998.16325440354
    ],
    "32": [
        17272.419494298985,
        6578.21650390625
    ],
    "33": [
        12632.297329015899,
        20031.73314144737
    ],
    "34": [
        1114.7336142120362,
        24234.91240625
    ],
    "35": [
        22088.991432510506,
        6242.906914719013
    ],
    "36": [
        10477.4367990527,
        621.7213250269873
    ],
    "37": [
        6672.0481792249175,
        26363.22134560033
    ],
    "38": [
        19771.46996410473,
        7973.0026195629225
    ],
    "39": [
        16530.14505307729,
        1099.9273863275544
    ],
    "40": [
        8546.632318312122,
        7210.007534888483
    ],
    "41": [
        18154.763552295917,
        17005.961794483417
    ],
    "42": [
        14231.303639263188,
        8269.265707873423
    ],
    "43": [
        873.2814043765559,
        13161.718997012867
    ],
    "44": [
        14670.262740999635,
        11520.749360380118
    ],
    "45": [
        1720.2731884635068,
        1692.8789098403033
    ],
    "46": [
        6461.51416015625,
        17377.959303449876
    ],
    "47": [
        26523.57099454365,
        12354.099190848214
    ],
    "48": [
        5808.942197265625,
        20990.8919140625
    ],
    "49": [
        14914.297124818315,
        5457.299747910611
    ],
    "50": [
        8599.536212940706,
        14857.008979366987
    ],
    "51": [
        9717.91359878636,
        4946.316122187009
    ],
    "52": [
        4179.96138671875,
        7263.3411171875
    ],
    "53": [
        2631.50658648947,
        12072.281893420777
    ],
    "54": [
        26675.467539612677,
        7542.529853928257
    ],
    "55": [
        3982.389194040536,
        5506.343317323732
    ],
    "56": [
        949.4776434292869,
        21595.767939814814
    ],
    "57": [
        17480.662638919453,
        9960.651896731953
    ],
    "58": [
        14229.067208142784,
        16799.92051733994
    ],
    "59": [
        3741.9306318327144,
        3654.7482845696677
    ],
    "60": [
        12372.482685486963,
        13767.206336273006
    ],
    "61": [
        26068.242337740383,
        18783.771540715145
    ],
    "62": [
        386.1745200230533,
        627.2306612015581
    ],
    "63": [
        3756.2536406935305,
        17683.516031901043
    ],
    "64": [
        8489.244156376008,
        19512.225270917337
    ],
    "65": [
        22264.051670359142,
        3607.1156971490204
    ],
    "66": [
        18710.973363554527,
        1016.3747226064833
    ],
    "67": [
        5989.636657395288,
        14533.88229609784
    ],
    "68": [
        10536.988823784723,
        16895.886003880718
    ],
    "69": [
        8786.29205078125,
        794.9055221300858
    ],
    "70": [
        22679.079794606856,
        15333.21252047631
    ],
    "71": [
        19844.04205419147,
        12662.5333968874
    ],
    "72": [
        8277.8043967083,
        2846.172596536624
    ],
    "73": [
        490.7191542341159,
        2166.3481682410606
    ],
    "74": [
        1816.3837640224358,
        3143.4627494268607
    ],
    "75": [
        2283.731556350219,
        4725.972002835732
    ],
    "76": [
        7197.859294499578,
        681.8905601752771
    ],
    "77": [
        642.2448692227318,
        5450.20252154676
    ],
    "78": [
        3743.6764635441423,
        14758.69202634862
    ],
    "79": [
        12283.874082880435,
        1001.5765265907066
    ],
    "80": [
        21241.88290462854,
        1014.7351888575644
    ],
    "81": [
        8966.856686138999,
        9778.428366268383
    ],
    "82": [
        18235.232040405273,
        24985.442291259766
    ],
    "83": [
        20707.552435980902,
        20012.898518880207
    ],
    "84": [
        563.7870778675673,
        3806.694105571346
    ],
    "85": [
        6553.467385508531,
        2349.6458743978865
    ],
    "86": [
        6002.9641520182295,
        5992.583421790082
    ],
    "87": [
        7381.101897825678,
        12243.298051581325
    ],
    "88": [
        13451.607641327248,
        23691.73711815309
    ],
    "89": [
        2547.77849510421,
        8034.853050054506
    ],
    "90": [
        9225.2013671875,
        22814.190869140624
    ],
    "91": [
        9925.30229215802,
        12267.403338738208
    ],
    "92": [
        23955.059616815477,
        24654.767764136905
    ],
    "93": [
        19366.416458601805,
        4105.496707876933
    ],
    "94": [
        4000.023002676178,
        742.2427179471633
    ],
    "95": [
        10985.331357162611,
        7935.063264829922
    ],
    "96": [
        16460.407697023267,
        14256.40150975137
    ],
    "97": [
        6717.106122185202,
        10063.190870098038
    ],
    "98": [
        998.3930636287674,
        16799.16029850517
    ],
    "99": [
        10250.24481726943,
        2588.7579569727295
    ]
}