{
    "0": [
        543.2343377226324,
        3522.26001523146
    ],
    "1": [
        2634.888256176098,
        10005.793872730152
    ],
    "2": [
        24230.41483191288,
        4844.879912405303
    ],
    "3": [
        14916.248888380984,
        5909.174082654587
    ],
    "4": [
        21224.80638988598,
        3927.554667704814
    ],
    "5": [
        12567.777883429277,
        14679.221236379522
    ],
    "6": [
        14865.881847292878,
        833.9629306192546
    ],
    "7": [
        4558.543017942514,
        5357.425855949744
    ],
    "8": [
        25566.042040215165,
        18667.647845158812
    ],
    "9": [
        3169.7673388455823,
        14935.246824011338
    ],
    "10": [
        3032.889726227405,
        12202.049906811682
    ],
    "11": [
        9656.631993689904,
        4348.823159555289
    ],
    "12": [
        27112.95623224432,
        6917.676395300663
    ],
    "13": [
        1566.3864572128812,
        2053.614803885492
    ],
    "14": [
        10583.761992008314,
        12230.699823502007
    ],
    "15": [
        16122.085099457003,
        15299.213396221188
    ],
    "16": [
        4397.739578119559,
        2089.881208584501
    ],
    "17": [
        8500.951211782602,
        7805.132420466496
    ],
    "18": [
        2858.29841931661,
        2212.451492627462
    ],
    "19": [
        10734.378932176438,
        22454.154815403763
    ],
    "20": [
        1945.6070109958755,
        3836.665646686234
    ],
    "21": [
        960.3558087409407,
        18987.132890341938
    ],
    "22": [
        24215.20382401316,
        9568.565218955591
    ],
    "23": [
        16298.193716195914,
        3792.6792191725513
    ],
    "24": [
        7011.152062857022,
        16476.997737105175
    ],
    "25": [
        12371.042674047707,
        7487.468487079327
    ],
    "26": [
        5417.295594379579,
        11801.774743160486
    ],
    "27": [
        5444.737879774306,
        3416.199626555266
    ],
    "28": [
        12452.040201822916,
        5361.600488733362
    ],
    "29": [
        709.7555006896835,
        6988.958882558506
    ],
    "30": [
        14146.296912131655,
        3188.3549484426985
    ],
    "31": [
        4576.52354043989,
        9285.670109535331
    ],
    "32": [
        21359.657485465115,
        1074.4025095340817
    ],
    "33": [
        732.6013685832514,
        10572.374014310748
    ],
    "34": [
        5263.133991413289,
        14521.861486486487
    ],
    "35": [
        20590.938831676136,
        16788.455599698154
    ],
    "36": [
        12280.698713153812,
        18541.752950465427
    ],
    "37": [
        637.6276694357115,
        5212.711950740903
    ],
    "38": [
        9740.72987689394,
        2337.677900834517
    ],
    "39": [
        21089.324479166666,
        10223.751962425595
    ],
    "40": [
        13220.677652994791,
        26477.463997395833
    ],
    "41": [
        941.5832064015877,
        21407.192701586788
    ],
    "42": [
        3673.8316896066726,
        3802.642449912785
    ],
    "43": [
        3972.8446477254233,
        6956.569056193034
    ],
    "44": [
        5779.674758623231,
        18760.096968356916
    ],
    "45": [
        9686.006118861607,
        15661.139369419643
    ],
    "46": [
        6635.181026829448,
        556.7088860680691
    ],
    "47": [
        23063.880008508662,
        14276.868927908416
    ],
    "48": [
        14813.736695010359,
        8519.178179493267
    ],
    "49": [
        8104.326762717608,
        5661.5228399686075
    ],
    "50": [
        906.869079329545,
        12388.495435497429
    ],
    "51": [
        27271.68391170058,
        12708.719953670057
    ],
    "52": [
        20861.80575619104,
        6620.415898928853
    ],
    "53": [
        2429.260693101025,
        5547.935592086227
    ],
    "54": [
        5033.0085105798435,
        617.6783927236982
    ],
    "55": [
        943.989905055731,
        14169.864323124004
    ],
    "56": [
        8449.872279271289,
        10612.197116368723
    ],
    "57": [
        6110.947629898314,
        7229.112023732019
    ],
    "58": [
        8733.274429086538,
        19313.39080528846
    ],
    "59": [
        6327.379342886118,
        2032.5564942971255
    ],
    "60": [
        10490.253042171138,
        9115.610563747547
    ],
    "61": [
        4234.413904088144,
        24688.321371063932
    ],
    "62": [
        18858.835840810643,
        790.9109248125022
    ],
    "63": [
        2495.9730744134813,
        7848.130580357143
    ],
    "64": [
        883.12604803008,
        16462.287468987543
    ],
    "65": [
        1377.4835807214613,
        27348.388693104618
    ],
    "66": [
        6697.641827483675,
        22297.93159689832
    ],
    "67": [
        7834.393477427809,
        3104.659854550905
    ],
    "68": [
        17921.04403463224,
        9638.330771841654
    ],
    "69": [
        14752.042771464647,
        22035.492069128788
    ],
    "70": [
        3383.1164707220873,
        664.81720404949
    ],
    "71": [
        17737.02783203125,
        6454.787935507418
    ],
    "72": [
        719.3624076327545,
        8753.784115197524
    ],
    "73": [
        8102.592127424948,
        897.5265463403101
    ],
    "74": [
        11501.44430624472,
        855.7525376210342
    ],
    "75": [
        13183.494816434557,
        990.3135650209758
    ],
    "76": [
        6492.053624873539,
        4995.858623257644
    ],
    "77": [
        3583.329013089521,
        17544.261024405103
    ],
    "78": [
        563.3059019779876,
        509.86065782819475
    ],
    "79": [
        7858.856790976949,
        13429.007063157487
    ],
    "80": [
        16084.704305013021,
        18427.955607096355
    ],
    "81": [
        18817.410908683403,
        13299.100177702356
    ],
    "82": [
        9790.629216216937,
        589.8143374041078
    ],
    "83": [
        1137.1645994186401,
        24073.912669462316
    ],
    "84": [
        10311.787755166331,
        6358.3412324638775
    ],
    "85": [
        16785.33011687748,
        1126.7319431153555
    ],
    "86": [
        18474.023295740928,
        24573.116714969758
    ],
    "87": [
        24227.719184027777,
        1303.9518716433765
    ],
    "88": [
        24006.177083333332,
        24601.076218377977
    ],
    "89": [
        1985.198675977324,
        539.2171393284324
    ],
    "90": [
        27275.44078382555,
        1629.3020831831209
    ],
    "91": [
        8117.346405029297,
        26372.375927734374
    ],
    "92": [
        428.9861495323402,
        1878.5787773840207
    ],
    "93": [
        11789.006827997968,
        3334.5156081284936
    ],
    "94": [
        3618.4180578075866,
        21056.76171875
    ],
    "95": [
        12668.192770253057,
        10435.296806003736
    ],
    "96": [
        14901.465504716083,
        12089.809498856708
    ],
    "97": [
        19988.671407350354,
        20485.752310739437
    ],
    "98": [
        18577.89386409344,
        3319.758486908261
    ],
    "99": [
        6638.781075456024,
        9494.28514741233
    ]
}