{
    "0": [
        351.86139456431073,
        2699.3872884114585
    ],
    "1": [
        3907.13037109375,
        14581.15234375
    ],
    "2": [
        25093.73828125,
        6628.248046875
    ],
    "3": [
        7397.7939453125,
        597.6200561523438
    ],
    "4": [
        718.0714721679688,
        13884.375
    ],
    "5": [
        10552.590494791666,
        1710.9932861328125
    ],
    "6": [
        15395.15283203125,
        23817.5615234375
    ],
    "7": [
        1240.8509399414063,
        1077.4962017059327
    ],
    "8": [
        16648.0859375,
        19998.70703125
    ],
    "9": [
        6286.91845703125,
        9407.0908203125
    ],
    "10": [
        16384.95166015625,
        14771.758544921875
    ],
    "11": [
        685.2003173828125,
        4075.994384765625
    ],
    "12": [
        2010.8128662109375,
        2614.723388671875
    ],
    "13": [
        268.10374999046326,
        8699.150390625
    ],
    "14": [
        817.7203369140625,
        10330.3076171875
    ],
    "15": [
        4974.82275390625,
        156.35214233398438
    ],
    "16": [
        11409.425130208334,
        9995.150390625
    ],
    "17": [
        1742.735107421875,
        13244.35400390625
    ],
    "18": [
        14298.074916294643,
        1070.0307355608259
    ],
    "19": [
        2139.123046875,
        9702.251953125
    ],
    "20": [
        1132.8438186645508,
        25273.681640625
    ],
    "21": [
        4115.5152587890625,
        3530.7316284179688
    ],
    "22": [
        10478.676025390625,
        6355.4669189453125
    ],
    "23": [
        3065.6197509765625,
        5040.3974609375
    ],
    "24": [
        7089.53505859375,
        5967.527734375
    ],
    "25": [
        4547.12548828125,
        1269.8213806152344
    ],
    "26": [
        5121.337076822917,
        817.1968180338541
    ],
    "27": [
        18862.51953125,
        7095.57470703125
    ],
    "28": [
        532.4244232177734,
        6432.21826171875
    ],
    "29": [
        3351.6705322265625,
        8783.1123046875
    ],
    "30": [
        24110.70703125,
        14828.900390625
    ],
    "31": [
        19432.037760416668,
        955.2181193033854
    ],
    "32": [
        20050.4296875,
        3642.69189453125
    ],
    "33": [
        4017.65380859375,
        20382.012369791668
    ],
    "34": [
        4046.8134765625,
        13278.00537109375
    ],
    "35": [
        20666.8203125,
        8983.81494140625
    ],
    "36": [
        18511.9423828125,
        5296.738037109375
    ],
    "37": [
        8462.946533203125,
        1563.0902099609375
    ],
    "38": [
        1792.216064453125,
        6555.36865234375
    ],
    "39": [
        10054.501790364584,
        17312.064778645832
    ]
}