{
    "0": [
        5971.542853030166,
        14853.070171378251
    ],
    "1": [
        20157.220546875,
        15960.475338541666
    ],
    "2": [
        13110.90655048077,
        1013.6871253038064
    ],
    "3": [
        6492.825629692573,
        26451.60549411526
    ],
    "4": [
        10877.397953959344,
        23020.649177032767
    ],
    "5": [
        4127.658661140883,
        19911.440696022728
    ],
    "6": [
        11009.802025816494,
        933.345520119918
    ],
    "7": [
        14627.896133570996,
        3503.8227491656553
    ],
    "8": [
        21993.04350490196,
        7802.094932406556
    ],
    "9": [
        17727.468466938404,
        901.6553951369392
    ],
    "10": [
        18861.546536959133,
        10073.385695237379
    ],
    "11": [
        1386.9529676194918,
        26098.993379237287
    ],
    "12": [
        20271.213251201923,
        20751.552493990384
    ],
    "13": [
        617.4768790994679,
        551.0305763906186
    ],
    "14": [
        3083.871508868587,
        6581.985992531047
    ],
    "15": [
        5475.009454525975,
        7077.428669732331
    ],
    "16": [
        5041.175144790914,
        12461.09660630419
    ],
    "17": [
        12755.569649312034,
        15782.838101970616
    ],
    "18": [
        3124.703921797264,
        11053.476742265237
    ],
    "19": [
        912.3275857132056,
        11586.040682246767
    ],
    "20": [
        681.6476576721656,
        2008.2646741225767
    ],
    "21": [
        3554.274219331287,
        17046.222243536085
    ],
    "22": [
        17811.33196184962,
        3449.525093194797
    ],
    "23": [
        12579.052179939516,
        8477.351433341733
    ],
    "24": [
        1181.613396405831,
        22262.04275547773
    ],
    "25": [
        3767.1873103762136,
        23418.299965867718
    ],
    "26": [
        7173.810393745377,
        833.7237739700538
    ],
    "27": [
        870.9881299893061,
        13838.776745605468
    ],
    "28": [
        9075.183427290483,
        731.4017343049248
    ],
    "29": [
        10150.218114217123,
        7417.454887390137
    ],
    "30": [
        3114.1974336227568,
        14027.958510597153
    ],
    "31": [
        5071.769178691663,
        4768.194245990954
    ],
    "32": [
        21596.17799014137,
        12164.315557570684
    ],
    "33": [
        12207.364555921053,
        5500.709719366776
    ],
    "34": [
        15449.13878854397,
        972.1449885895822
    ],
    "35": [
        7471.772653934042,
        5648.805463346097
    ],
    "36": [
        9472.710762965426,
        4808.100020777925
    ],
    "37": [
        897.5303724535537,
        7486.680840565221
    ],
    "38": [
        15819.82218919837,
        9164.052229110055
    ],
    "39": [
        25704.79666498656,
        5901.816450877856
    ],
    "40": [
        5596.630449522345,
        9667.535141070271
    ],
    "41": [
        3105.3099015211974,
        8870.779895413307
    ],
    "42": [
        4515.509925752527,
        2577.2116322236902
    ],
    "43": [
        734.5809647018376,
        5626.302184236018
    ],
    "44": [
        10946.695731963087,
        13149.891313181628
    ],
    "45": [
        9277.714121586134,
        18488.13341977416
    ],
    "46": [
        21625.884737522483,
        4466.2092109515515
    ],
    "47": [
        5486.840151764626,
        777.8093952453414
    ],
    "48": [
        1072.4711721186736,
        19030.331782126912
    ],
    "49": [
        12267.00541791524,
        19395.694295804795
    ],
    "50": [
        18200.32842053865,
        6709.682427657278
    ],
    "51": [
        23334.96875,
        1385.650536281475
    ],
    "52": [
        2783.744082355787,
        4469.7007138347335
    ],
    "53": [
        26347.317414314515,
        22892.359311995966
    ],
    "54": [
        15027.844172780107,
        6191.915336794969
    ],
    "55": [
        16836.46098445012,
        13470.380145733174
    ],
    "56": [
        26780.803841145833,
        1461.22151061164
    ],
    "57": [
        13908.015319010417,
        11500.770201822917
    ],
    "58": [
        6355.736493510584,
        17865.686208417337
    ],
    "59": [
        8755.095764840846,
        2594.027055591456
    ],
    "60": [
        25045.723465401785,
        16130.241489955357
    ],
    "61": [
        1060.6108560626283,
        16261.92164728139
    ],
    "62": [
        20328.248080941135,
        1149.0973871752274
    ],
    "63": [
        10367.681370856353,
        10365.480851821478
    ],
    "64": [
        3811.4947353931184,
        611.8747600451746
    ],
    "65": [
        16199.464034880051,
        17493.82021385732
    ],
    "66": [
        8747.79115513393,
        15232.012855747767
    ],
    "67": [
        7818.210542669707,
        8538.147615131578
    ],
    "68": [
        15826.468516175177,
        22698.107696963027
    ],
    "69": [
        864.6739460127541,
        9476.66655685241
    ],
    "70": [
        20453.851928710938,
        26007.408203125
    ],
    "71": [
        748.5988768363052,
        3746.4691327951004
    ],
    "72": [
        7441.361323091172,
        21580.993677512888
    ],
    "73": [
        6539.949148276418,
        2931.9706129355936
    ],
    "74": [
        25715.711705942624,
        10731.309234118853
    ],
    "75": [
        7661.70601613898,
        11874.68384560033
    ],
    "76": [
        2523.6714106228583,
        2428.539534207735
    ],
    "77": [
        11442.020299540876,
        3300.6266152621447
    ],
    "78": [
        12719.494004360466,
        27245.72315588663
    ],
    "79": [
        2214.5339105412822,
        700.2713951837386
    ]
}