{
    "0": [
        4025.4677734375,
        4261.51318359375
    ],
    "1": [
        6822.76904296875,
        9514.55859375
    ],
    "2": [
        14527.5966796875,
        1189.345458984375
    ],
    "3": [
        18133.837890625,
        14457.04150390625
    ],
    "4": [
        11703.3193359375,
        11674.7841796875
    ],
    "5": [
        10162.8359375,
        7931.34130859375
    ],
    "6": [
        13380.67138671875,
        2446.6832275390625
    ],
    "7": [
        8330.58984375,
        5734.63134765625
    ],
    "8": [
        865.7406616210938,
        1399.8228759765625
    ],
    "9": [
        1372.733154296875,
        9.330373764038086
    ],
    "10": [
        10275.4443359375,
        5409.546875
    ],
    "11": [
        16412.24169921875,
        18433.6728515625
    ],
    "12": [
        21100.3369140625,
        2043.6202697753906
    ],
    "13": [
        725.1388549804688,
        3741.6685791015625
    ],
    "14": [
        17384.49853515625,
        813.0818252563477
    ],
    "15": [
        2139.123046875,
        9702.251953125
    ],
    "16": [
        7.529618263244629,
        2420.477783203125
    ],
    "17": [
        10048.39013671875,
        2270.5520629882813
    ],
    "18": [
        1856.0013427734375,
        2829.87158203125
    ],
    "19": [
        3065.6197509765625,
        5040.3974609375
    ],
    "20": [
        4980.754231770833,
        1547.05908203125
    ],
    "21": [
        8001.72021484375,
        1789.7457275390625
    ],
    "22": [
        4556.8046875,
        3393.960693359375
    ],
    "23": [
        1401.1805623372395,
        13457.6943359375
    ],
    "24": [
        11275.689453125,
        15003.5244140625
    ],
    "25": [
        5751.06787109375,
        9299.623046875
    ],
    "26": [
        13003.720703125,
        247.64288330078125
    ],
    "27": [
        524.0272827148438,
        2838.842041015625
    ],
    "28": [
        24120.125,
        9305.98046875
    ],
    "29": [
        4046.8134765625,
        13278.00537109375
    ],
    "30": [
        1132.8438186645508,
        25273.681640625
    ],
    "31": [
        4307.3858642578125,
        19575.0185546875
    ],
    "32": [
        2888.9515380859375,
        2967.77783203125
    ],
    "33": [
        6822.4072265625,
        5857.330078125
    ],
    "34": [
        11.58634090423584,
        9360.4755859375
    ],
    "35": [
        18511.9423828125,
        5296.738037109375
    ],
    "36": [
        7397.7939453125,
        597.6200561523438
    ],
    "37": [
        14483.6171875,
        23050.41796875
    ],
    "38": [
        8872.91455078125,
        6611.40771484375
    ],
    "39": [
        10715.18359375,
        19232.439453125
    ],
    "40": [
        3907.13037109375,
        14581.15234375
    ],
    "41": [
        605.3232421875,
        4744.64599609375
    ],
    "42": [
        353.60955301920575,
        8478.708658854166
    ],
    "43": [
        817.7203369140625,
        10330.3076171875
    ],
    "44": [
        12290.755859375,
        5418.97607421875
    ],
    "45": [
        16306.6884765625,
        24584.705078125
    ],
    "46": [
        3438.189697265625,
        21996.0
    ],
    "47": [
        13095.7333984375,
        13304.3125
    ],
    "48": [
        3351.6705322265625,
        8783.1123046875
    ],
    "49": [
        11981.365234375,
        460.2572479248047
    ],
    "50": [
        19006.921875,
        7962.339599609375
    ],
    "51": [
        1977.9088134765625,
        1665.4584350585938
    ],
    "52": [
        5584.03173828125,
        7345.771484375
    ],
    "53": [
        9060.958984375,
        9357.83203125
    ],
    "54": [
        8924.1728515625,
        1336.4346923828125
    ],
    "55": [
        952.354970296224,
        6473.268391927083
    ],
    "56": [
        4717.0146484375,
        609.2101745605469
    ],
    "57": [
        6150.4853515625,
        4339.09375
    ],
    "58": [
        8172.63232421875,
        17700.23046875
    ],
    "59": [
        13463.9970703125,
        8952.8349609375
    ]
}