{
    "0": [
        3187.860803222656,
        8887.536889648438
    ],
    "1": [
        10091.5783984375,
        5362.3309765625
    ],
    "2": [
        23456.352864583332,
        5668.731689453125
    ],
    "3": [
        464.866493918679,
        18862.349254261364
    ],
    "4": [
        19554.4736328125,
        7247.1614990234375
    ],
    "5": [
        709.580187018101,
        1984.9855276254507
    ],
    "6": [
        7685.0704152960525,
        5356.422440378289
    ],
    "7": [
        11291.604954769737,
        8658.50634765625
    ],
    "8": [
        18219.6318359375,
        17164.6646484375
    ],
    "9": [
        20228.286865234375,
        20012.93505859375
    ],
    "10": [
        4947.47052734375,
        5170.31556640625
    ],
    "11": [
        23373.762890625,
        9654.9474609375
    ],
    "12": [
        13622.5393359375,
        5626.11474609375
    ],
    "13": [
        3346.5409342447915,
        17229.17996651786
    ],
    "14": [
        3752.7639604048295,
        14231.203435724432
    ],
    "15": [
        8304.018727948589,
        10736.51162424395
    ],
    "16": [
        4104.149569424716,
        635.9408422816883
    ],
    "17": [
        7921.410381610577,
        22453.76427283654
    ],
    "18": [
        4945.547607421875,
        22835.258056640625
    ],
    "19": [
        11550.41767578125,
        19804.891015625
    ],
    "20": [
        6816.959869384766,
        2956.6305503845215
    ],
    "21": [
        1359.6164939630598,
        14737.071242559523
    ],
    "22": [
        1199.9831595787634,
        17254.19110576923
    ],
    "23": [
        8318.344439338236,
        7539.383128446691
    ],
    "24": [
        12128.74032315341,
        3497.5934614701705
    ],
    "25": [
        1259.799983631481,
        24597.914417613636
    ],
    "26": [
        27395.957741477272,
        2055.4850222847676
    ],
    "27": [
        9501.230694110576,
        16380.121619591346
    ],
    "28": [
        5564.708074396307,
        10259.974964488636
    ],
    "29": [
        22051.122395833332,
        25343.248046875
    ],
    "30": [
        4275.236121544471,
        19804.060396634617
    ],
    "31": [
        2591.6034624148638,
        2384.8015637520034
    ],
    "32": [
        6327.212060546875,
        12931.955029296874
    ],
    "33": [
        7887.658780184659,
        18809.776278409092
    ],
    "34": [
        3382.2319869995117,
        6947.642868041992
    ],
    "35": [
        730.0810197254397,
        3573.4604307930426
    ],
    "36": [
        14959.290958180147,
        3157.9666389016543
    ],
    "37": [
        9175.2978515625,
        950.9790008068085
    ],
    "38": [
        14129.42196377841,
        8098.865056818182
    ],
    "39": [
        971.8706377029418,
        6958.026379394531
    ],
    "40": [
        16137.046875,
        14235.66640625
    ],
    "41": [
        23846.15744357639,
        1498.1449898613823
    ],
    "42": [
        970.707893371582,
        5293.881796347128
    ],
    "43": [
        19760.7578125,
        11118.54131610577
    ],
    "44": [
        18067.16064453125,
        25893.47119140625
    ],
    "45": [
        1076.3754499299187,
        21589.38839285714
    ],
    "46": [
        17693.659231085527,
        566.2655908684982
    ],
    "47": [
        15078.667209201389,
        820.9672230614556
    ],
    "48": [
        26141.03515625,
        12886.382161458334
    ],
    "49": [
        20083.546614583334,
        965.5456817626953
    ],
    "50": [
        11055.5359375,
        1073.3564287376403
    ],
    "51": [
        17426.5033203125,
        3331.9768880208335
    ],
    "52": [
        25335.37578125,
        17052.7390625
    ],
    "53": [
        12692.471842447916,
        898.9142656326294
    ],
    "54": [
        9506.565266927084,
        14148.846940104168
    ],
    "55": [
        20406.260881696428,
        3697.3099365234375
    ],
    "56": [
        478.5094740516261,
        513.210739429844
    ],
    "57": [
        12166.204996744791,
        13554.150472005209
    ],
    "58": [
        7209.401123046875,
        763.5142117909023
    ],
    "59": [
        14787.00453404018,
        17085.79275948661
    ],
    "60": [
        2245.9932386610244,
        27098.223958333332
    ],
    "61": [
        5634.451261821546,
        1389.9031528673675
    ],
    "62": [
        15439.052001953125,
        21861.93017578125
    ],
    "63": [
        996.613617676955,
        12741.86602313702
    ],
    "64": [
        2019.4885344328704,
        615.3182540911215
    ],
    "65": [
        16048.8525390625,
        9812.04501953125
    ],
    "66": [
        12740.971604567309,
        10709.833909254809
    ],
    "67": [
        6477.670944940476,
        16169.235584077382
    ],
    "68": [
        792.3887127922928,
        8887.646123471468
    ],
    "69": [
        27184.292317708332,
        8837.3330078125
    ],
    "70": [
        8967.132307942707,
        3280.540779622396
    ],
    "71": [
        14107.676513671875,
        25152.84423828125
    ],
    "72": [
        4417.565054086538,
        2757.8843947190503
    ],
    "73": [
        21493.5810546875,
        15478.2119140625
    ],
    "74": [
        16823.771033653848,
        6402.481032151442
    ],
    "75": [
        871.3558541757089,
        10450.87572337963
    ],
    "76": [
        8338.519461495536,
        26224.123604910714
    ],
    "77": [
        3244.6754525991587,
        11385.843975360576
    ],
    "78": [
        2793.511917114258,
        4333.582196044922
    ],
    "79": [
        5974.416330645161,
        7854.6837512600805
    ]
}