{
    "0": [
        16969.55447048611,
        12076.710007440477
    ],
    "1": [
        20856.41539754747,
        6241.211132194422
    ],
    "2": [
        12636.33934667089,
        5885.7843204532655
    ],
    "3": [
        18671.09675480769,
        24638.272506009616
    ],
    "4": [
        5102.384987054869,
        2832.4346625749454
    ],
    "5": [
        12035.632449315599,
        3627.988100666645
    ],
    "6": [
        11228.631101275803,
        10804.935614069667
    ],
    "7": [
        2604.4355029440912,
        7958.423797877489
    ],
    "8": [
        2744.183056640625,
        616.206890981396
    ],
    "9": [
        21240.179067313387,
        1005.3579775145834
    ],
    "10": [
        4634.424413665523,
        12318.465379668445
    ],
    "11": [
        621.3820278894257,
        5885.728222362988
    ],
    "12": [
        5542.034247240974,
        706.1691734767654
    ],
    "13": [
        3682.4461183185817,
        4398.304538388796
    ],
    "14": [
        8706.529279436383,
        10116.939989362445
    ],
    "15": [
        24356.276863473362,
        4765.93685362769
    ],
    "16": [
        4069.0945991847825,
        14829.426142153532
    ],
    "17": [
        698.5279169010986,
        8981.644189719946
    ],
    "18": [
        1468.3324425511494,
        544.5611046511815
    ],
    "19": [
        934.4005511378854,
        16807.880510035568
    ],
    "20": [
        2510.5435909148187,
        9988.767196600582
    ],
    "21": [
        9096.84690672273,
        15863.371641122612
    ],
    "22": [
        11915.48967498483,
        21052.852302032767
    ],
    "23": [
        8267.68938155283,
        2697.0883626037003
    ],
    "24": [
        757.6641226107507,
        7311.396797824089
    ],
    "25": [
        22661.996954449154,
        15485.379162804555
    ],
    "26": [
        574.164343350754,
        4309.400090664694
    ],
    "27": [
        9398.188083612351,
        13034.473618861608
    ],
    "28": [
        4027.351003712621,
        797.3665813813949
    ],
    "29": [
        17880.950561523438,
        15605.68531036377
    ],
    "30": [
        14746.361559219942,
        15110.329921576813
    ],
    "31": [
        24171.856231508875,
        1251.989443542072
    ],
    "32": [
        865.5306657269771,
        19051.72394820039
    ],
    "33": [
        5743.988477873322,
        20896.967740666947
    ],
    "34": [
        14172.13894211871,
        11499.632560681997
    ],
    "35": [
        10170.88722033074,
        2808.583688461363
    ],
    "36": [
        2115.8374053544526,
        1988.3578953764363
    ],
    "37": [
        18723.499523865048,
        790.0332064985932
    ],
    "38": [
        14606.621865234374,
        774.9633882260323
    ],
    "39": [
        12079.8495816711,
        13710.188365746897
    ],
    "40": [
        3434.8773646070467,
        6386.612251332264
    ],
    "41": [
        1282.2182178322862,
        15003.078131805314
    ],
    "42": [
        6978.597968675168,
        6255.096717103687
    ],
    "43": [
        6707.358567732094,
        4190.151959718579
    ],
    "44": [
        10918.720279947916,
        8025.110277157738
    ],
    "45": [
        6816.972823868937,
        11572.39547380286
    ],
    "46": [
        696.5122956621782,
        10994.587123719986
    ],
    "47": [
        13407.513548519737,
        8582.109326171874
    ],
    "48": [
        12732.87066806891,
        26132.56628104968
    ],
    "49": [
        387.53242918630923,
        477.9388498218079
    ],
    "50": [
        4332.031823052301,
        23910.24085828993
    ],
    "51": [
        7246.514966419022,
        650.6014314951624
    ],
    "52": [
        11532.583080690298,
        17310.125568446827
    ],
    "53": [
        21898.529192243303,
        3590.0899483816966
    ],
    "54": [
        20117.402768342392,
        19581.133491847828
    ],
    "55": [
        8817.137446812221,
        23184.06863839286
    ],
    "56": [
        8525.75891018653,
        19520.666500121122
    ],
    "57": [
        19093.614769345237,
        9119.237560453868
    ],
    "58": [
        5206.878288988797,
        5371.2976157134435
    ],
    "59": [
        26159.30612244898,
        18598.318738042093
    ],
    "60": [
        6560.203023069234,
        2166.192645037616
    ],
    "61": [
        4923.017108078319,
        7547.559991733662
    ],
    "62": [
        16087.504968799136,
        8505.875257959906
    ],
    "63": [
        6391.308835424558,
        17363.906215475065
    ],
    "64": [
        6956.824089898004,
        26832.063585069445
    ],
    "65": [
        654.6897080515075,
        2978.0866353440183
    ],
    "66": [
        1494.61889078882,
        27204.213679766413
    ],
    "67": [
        1131.9744237823486,
        24212.083140625
    ],
    "68": [
        20733.629416525902,
        12401.474565385699
    ],
    "69": [
        8837.925510817307,
        4736.97141019381
    ],
    "70": [
        529.8608247488737,
        1717.1467579029224
    ],
    "71": [
        17852.201749722633,
        6103.904556906435
    ],
    "72": [
        6764.782091197401,
        14412.428217821782
    ],
    "73": [
        15196.326542295259,
        22272.992165050287
    ],
    "74": [
        949.4776434292869,
        21595.767939814814
    ],
    "75": [
        15045.440581815326,
        5830.140713332286
    ],
    "76": [
        8706.988416024462,
        7524.999164840215
    ],
    "77": [
        3100.030323917704,
        20564.676779840225
    ],
    "78": [
        2485.549320434973,
        12257.674192321576
    ],
    "79": [
        10839.269444006664,
        831.7348358912839
    ],
    "80": [
        16681.506135689197,
        1152.0677558100501
    ],
    "81": [
        2105.7331401700435,
        3572.1803554455673
    ],
    "82": [
        10454.440895885678,
        5538.105485925722
    ],
    "83": [
        12661.390940120807,
        982.2997097024521
    ],
    "84": [
        15265.589655604932,
        18711.549777809632
    ],
    "85": [
        26365.869341681984,
        12316.793729894302
    ],
    "86": [
        3667.6739318531413,
        2449.4736283850793
    ],
    "87": [
        24109.096180555556,
        24132.148524305554
    ],
    "88": [
        746.420414525802,
        13207.583959494426
    ],
    "89": [
        4619.562148675686,
        9808.800995617377
    ],
    "90": [
        3720.46028077238,
        17674.424698075873
    ],
    "91": [
        23316.0052734375,
        9132.423201497395
    ],
    "92": [
        27250.868758491848,
        1574.5166371283324
    ],
    "93": [
        2062.0978836287313,
        5281.988961928638
    ],
    "94": [
        6612.519694708959,
        8916.265855519045
    ],
    "95": [
        14270.374281141492,
        3171.2157355414497
    ],
    "96": [
        19125.973787568306,
        3322.38148306758
    ],
    "97": [
        27049.60354393116,
        6988.095964956975
    ],
    "98": [
        8975.2751245471,
        721.2260490452034
    ],
    "99": [
        16716.20156158304,
        3635.8192018320865
    ]
}