{
    "0": [
        17651.541015625,
        15499.85546875
    ],
    "1": [
        13095.7333984375,
        13304.3125
    ],
    "2": [
        18648.6484375,
        5045.76708984375
    ],
    "3": [
        718.0714721679688,
        13884.375
    ],
    "4": [
        4908.87890625,
        1532.088623046875
    ],
    "5": [
        1505.1519165039063,
        1994.554931640625
    ],
    "6": [
        16696.0625,
        415.6107940673828
    ],
    "7": [
        12583.658203125,
        10313.8095703125
    ],
    "8": [
        656.0218505859375,
        3740.4990234375
    ],
    "9": [
        20050.4296875,
        3642.69189453125
    ],
    "10": [
        1132.8438186645508,
        25273.681640625
    ],
    "11": [
        11981.365234375,
        460.2572479248047
    ],
    "12": [
        12290.755859375,
        5418.97607421875
    ],
    "13": [
        8462.946533203125,
        1563.0902099609375
    ],
    "14": [
        6822.76904296875,
        9514.55859375
    ],
    "15": [
        500.54022216796875,
        3087.683837890625
    ],
    "16": [
        16648.0859375,
        19998.70703125
    ],
    "17": [
        20557.4921875,
        588.5550842285156
    ],
    "18": [
        2049.8603515625,
        9836.0888671875
    ],
    "19": [
        3674.225830078125,
        3667.5025634765625
    ],
    "20": [
        794.255859375,
        3742.838134765625
    ],
    "21": [
        4762.31494140625,
        1936.7413330078125
    ],
    "22": [
        18375.236328125,
        5547.708984375
    ],
    "23": [
        1792.216064453125,
        6555.36865234375
    ],
    "24": [
        1599.9197998046875,
        12809.6953125
    ],
    "25": [
        3398.240966796875,
        9150.28125
    ],
    "26": [
        10275.4443359375,
        5409.546875
    ],
    "27": [
        5751.06787109375,
        9299.623046875
    ],
    "28": [
        3848.259765625,
        728.0377197265625
    ],
    "29": [
        1885.5504150390625,
        13679.0126953125
    ],
    "30": [
        10169.884765625,
        1895.2313232421875
    ],
    "31": [
        1803.516357421875,
        594.0061902999878
    ],
    "32": [
        4556.8046875,
        3393.960693359375
    ],
    "33": [
        7397.7939453125,
        597.6200561523438
    ],
    "34": [
        8445.37548828125,
        6147.7216796875
    ],
    "35": [
        18862.51953125,
        7095.57470703125
    ],
    "36": [
        3907.13037109375,
        14581.15234375
    ],
    "37": [
        14527.5966796875,
        1189.345458984375
    ],
    "38": [
        254.88873291015625,
        8230.2314453125
    ],
    "39": [
        11.58634090423584,
        9360.4755859375
    ],
    "40": [
        201.94454956054688,
        6803.20068359375
    ],
    "41": [
        5584.03173828125,
        7345.771484375
    ],
    "42": [
        6150.4853515625,
        4339.09375
    ],
    "43": [
        4669.04833984375,
        882.4178466796875
    ],
    "44": [
        7.529618263244629,
        2420.477783203125
    ],
    "45": [
        18616.134765625,
        13414.2275390625
    ],
    "46": [
        3602.775146484375,
        5496.59912109375
    ],
    "47": [
        862.904296875,
        6061.23583984375
    ],
    "48": [
        15395.15283203125,
        23817.5615234375
    ],
    "49": [
        20666.8203125,
        8983.81494140625
    ],
    "50": [
        5271.06884765625,
        1172.3472900390625
    ],
    "51": [
        12797.091796875,
        2611.230224609375
    ],
    "52": [
        2228.3857421875,
        9568.4150390625
    ],
    "53": [
        91.86479187011719,
        8608.5234375
    ],
    "54": [
        13964.2509765625,
        2282.13623046875
    ],
    "55": [
        4974.82275390625,
        156.35214233398438
    ],
    "56": [
        9060.958984375,
        9357.83203125
    ],
    "57": [
        2528.46435546875,
        4584.19580078125
    ],
    "58": [
        547.5143432617188,
        2590.000244140625
    ],
    "59": [
        3438.189697265625,
        21996.0
    ],
    "60": [
        13003.720703125,
        247.64288330078125
    ],
    "61": [
        817.7203369140625,
        10330.3076171875
    ],
    "62": [
        654.2181091308594,
        1181.2968139648438
    ],
    "63": [
        6822.4072265625,
        5857.330078125
    ],
    "64": [
        605.3232421875,
        4744.64599609375
    ],
    "65": [
        714.0751342773438,
        8597.37109375
    ],
    "66": [
        5065.92529296875,
        728.0338745117188
    ],
    "67": [
        4046.8134765625,
        13278.00537109375
    ],
    "68": [
        10995.4365234375,
        17117.98193359375
    ],
    "69": [
        3305.10009765625,
        8415.943359375
    ],
    "70": [
        10162.8359375,
        7931.34130859375
    ],
    "71": [
        17181.12890625,
        1688.544189453125
    ],
    "72": [
        5027.01708984375,
        551.2092895507813
    ],
    "73": [
        2155.4602661132813,
        2845.9676513671875
    ],
    "74": [
        16176.3974609375,
        16868.638671875
    ],
    "75": [
        24110.70703125,
        14828.900390625
    ],
    "76": [
        9926.8955078125,
        2645.872802734375
    ],
    "77": [
        5595.801350911458,
        18950.089192708332
    ],
    "78": [
        9185.66796875,
        6662.00341796875
    ],
    "79": [
        25093.73828125,
        6628.248046875
    ]
}