{
    "0": [
        26287.298828125,
        7940.111328125
    ],
    "1": [
        654.2181091308594,
        1181.2968139648438
    ],
    "2": [
        13380.67138671875,
        2446.6832275390625
    ],
    "3": [
        1505.1519165039063,
        1994.554931640625
    ],
    "4": [
        173.37676239013672,
        8419.37744140625
    ],
    "5": [
        277.5219807624817,
        2505.239013671875
    ],
    "6": [
        15812.797200520834,
        22544.610026041668
    ],
    "7": [
        1132.8438186645508,
        25273.681640625
    ],
    "8": [
        18072.9345703125,
        1210.5528564453125
    ],
    "9": [
        2888.9515380859375,
        2967.77783203125
    ],
    "10": [
        3398.240966796875,
        9150.28125
    ],
    "11": [
        18511.9423828125,
        5296.738037109375
    ],
    "12": [
        20065.38671875,
        8354.401529947916
    ],
    "13": [
        3927.88916015625,
        13194.970703125
    ],
    "14": [
        14527.5966796875,
        1189.345458984375
    ],
    "15": [
        734.11376953125,
        5402.94091796875
    ],
    "16": [
        11283.10009765625,
        5414.261474609375
    ],
    "17": [
        9185.66796875,
        6662.00341796875
    ],
    "18": [
        16562.455078125,
        296.6864318847656
    ],
    "19": [
        1856.0013427734375,
        2829.87158203125
    ],
    "20": [
        4556.8046875,
        3393.960693359375
    ],
    "21": [
        4165.73779296875,
        13361.0400390625
    ],
    "22": [
        4017.65380859375,
        20382.012369791668
    ],
    "23": [
        3305.10009765625,
        8415.943359375
    ],
    "24": [
        4970.05859375,
        1027.382568359375
    ],
    "25": [
        4974.82275390625,
        156.35214233398438
    ],
    "26": [
        1372.733154296875,
        9.330373764038086
    ],
    "27": [
        6052.622884114583,
        8719.984375
    ],
    "28": [
        8924.1728515625,
        1336.4346923828125
    ],
    "29": [
        17481.357747395832,
        15260.9072265625
    ],
    "30": [
        11.58634090423584,
        9360.4755859375
    ],
    "31": [
        3848.259765625,
        728.0377197265625
    ],
    "32": [
        1401.1805623372395,
        13457.6943359375
    ],
    "33": [
        10895.9306640625,
        8747.336100260416
    ],
    "34": [
        12024.9140625,
        13327.540364583334
    ],
    "35": [
        20050.4296875,
        3642.69189453125
    ],
    "36": [
        13003.720703125,
        247.64288330078125
    ],
    "37": [
        10169.884765625,
        1895.2313232421875
    ],
    "38": [
        650.2726440429688,
        3523.6736653645835
    ],
    "39": [
        4025.4677734375,
        4261.51318359375
    ],
    "40": [
        201.94454956054688,
        6803.20068359375
    ],
    "41": [
        3907.13037109375,
        14581.15234375
    ],
    "42": [
        714.0751342773438,
        8597.37109375
    ],
    "43": [
        8001.72021484375,
        1789.7457275390625
    ],
    "44": [
        8445.37548828125,
        6147.7216796875
    ],
    "45": [
        11981.365234375,
        460.2572479248047
    ],
    "46": [
        9926.8955078125,
        2645.872802734375
    ],
    "47": [
        5046.47119140625,
        639.62158203125
    ],
    "48": [
        2139.123046875,
        9702.251953125
    ],
    "49": [
        22150.244140625,
        444.54864501953125
    ],
    "50": [
        817.7203369140625,
        10330.3076171875
    ],
    "51": [
        2234.299560546875,
        1178.6820068359375
    ],
    "52": [
        9443.907958984375,
        18466.3349609375
    ],
    "53": [
        2641.15185546875,
        5545.387858072917
    ],
    "54": [
        24110.70703125,
        14828.900390625
    ],
    "55": [
        23900.177734375,
        5316.384765625
    ],
    "56": [
        6486.4462890625,
        5098.2119140625
    ],
    "57": [
        16829.669921875,
        534.53515625
    ],
    "58": [
        4835.596923828125,
        1734.4149780273438
    ],
    "59": [
        7397.7939453125,
        597.6200561523438
    ]
}