{
    "0": [
        12299.547428157779,
        6171.570727368335
    ],
    "1": [
        656.2367591834875,
        3692.731829804499
    ],
    "2": [
        25331.984705105635,
        18493.909812389964
    ],
    "3": [
        21230.219654694265,
        1078.6840652820867
    ],
    "4": [
        16136.945721928378,
        1067.865680305854
    ],
    "5": [
        23646.255208333332,
        24257.826554840685
    ],
    "6": [
        1082.7602746401515,
        15669.955729166666
    ],
    "7": [
        22568.068585356406,
        9675.915608051395
    ],
    "8": [
        16877.722312233665,
        14984.223743785511
    ],
    "9": [
        7837.7890253481655,
        7497.5325892351675
    ],
    "10": [
        11690.906920651356,
        26314.419074736445
    ],
    "11": [
        11184.430108762255,
        11228.44438572304
    ],
    "12": [
        8958.588656038852,
        16289.701388302365
    ],
    "13": [
        891.4208227726446,
        13420.487273603283
    ],
    "14": [
        13473.643221596414,
        21905.06664849806
    ],
    "15": [
        1398.786844319904,
        27200.743536565722
    ],
    "16": [
        15496.419587590144,
        6473.672335111178
    ],
    "17": [
        13752.929393059045,
        954.4037564220141
    ],
    "18": [
        17536.8150100708,
        4174.785800933838
    ],
    "19": [
        8830.4306640625,
        21988.973191182326
    ],
    "20": [
        6054.586878041752,
        25788.382012038935
    ],
    "21": [
        3018.044380806588,
        6211.7207176414695
    ],
    "22": [
        2972.501048534592,
        10392.960912098086
    ],
    "23": [
        1045.117327300491,
        20881.681169443094
    ],
    "24": [
        3131.4412732872597,
        12924.157920673077
    ],
    "25": [
        640.18474855721,
        2051.146434795673
    ],
    "26": [
        549.2639129234685,
        560.7002905951606
    ],
    "27": [
        14413.83427663093,
        17898.367985857665
    ],
    "28": [
        23487.08641326122,
        5236.162517841046
    ],
    "29": [
        9051.71351784807,
        13304.999686388466
    ],
    "30": [
        5499.260395883413,
        9258.44484375
    ],
    "31": [
        10734.165194424715,
        18669.990663470642
    ],
    "32": [
        19447.809361396143,
        7360.130477981188
    ],
    "33": [
        2450.128777654771,
        4294.795235070991
    ],
    "34": [
        17724.248914930555,
        24317.079622395835
    ],
    "35": [
        19300.987552703373,
        11698.44789341518
    ],
    "36": [
        24120.57511697861,
        1428.3954302181694
    ],
    "37": [
        16811.017903645832,
        9437.853719075521
    ],
    "38": [
        5509.264396746134,
        11890.450403377363
    ],
    "39": [
        3488.306669488916,
        771.4756043188286
    ],
    "40": [
        787.2701164603777,
        9105.255546116938
    ],
    "41": [
        12347.663611339547,
        14555.211080272295
    ],
    "42": [
        12698.729509083045,
        3714.123057012327
    ],
    "43": [
        9542.133098255505,
        5271.08030908758
    ],
    "44": [
        2285.9721637350976,
        2337.2553917916066
    ],
    "45": [
        896.9326427617577,
        18157.59056367321
    ],
    "46": [
        13406.39444405692,
        8920.303357805524
    ],
    "47": [
        11426.893389568237,
        867.322495215181
    ],
    "48": [
        4500.510436152069,
        4654.480007289832
    ],
    "49": [
        2960.8096300826787,
        8156.849868695353
    ],
    "50": [
        6499.235826994243,
        18526.433165433114
    ],
    "51": [
        27227.481763756794,
        1543.8198319207067
    ],
    "52": [
        5992.4530589168235,
        2717.97859792303
    ],
    "53": [
        26296.732904128086,
        11892.486123167439
    ],
    "54": [
        854.7797911901083,
        11222.468660117382
    ],
    "55": [
        14634.29797963627,
        12049.450051229509
    ],
    "56": [
        10391.009527512539,
        3014.5881117832514
    ],
    "57": [
        9227.13525042681,
        793.6931548430065
    ],
    "58": [
        797.29817269059,
        5454.148869285898
    ],
    "59": [
        20670.66681463068,
        4256.414259785353
    ],
    "60": [
        6806.627043038683,
        5181.727654576606
    ],
    "61": [
        3909.6270049937043,
        15923.640292324862
    ],
    "62": [
        3523.6748233776916,
        18850.111991626793
    ],
    "63": [
        14979.482390145533,
        3459.77714367808
    ],
    "64": [
        8096.43357636782,
        10341.767827796319
    ],
    "65": [
        5180.5916198730465,
        6898.8305587768555
    ],
    "66": [
        4580.441453857422,
        22265.680029296876
    ],
    "67": [
        5293.395628958037,
        771.7006505520055
    ],
    "68": [
        19164.46298289862,
        19180.311592642716
    ],
    "69": [
        4107.541385674626,
        2604.7237935256157
    ],
    "70": [
        8105.835836724508,
        2987.605282495297
    ],
    "71": [
        1988.9912425777984,
        624.8278198439541
    ],
    "72": [
        6180.0657828355625,
        14645.551491149678
    ],
    "73": [
        22081.598666028913,
        14867.03650483631
    ],
    "74": [
        810.0685227828297,
        7215.567261734629
    ],
    "75": [
        18565.223275061882,
        1256.589109486971
    ],
    "76": [
        26675.330206902472,
        6562.629445505666
    ],
    "77": [
        10350.58204615935,
        8305.319649033874
    ],
    "78": [
        1344.7797988219695,
        23938.21609774503
    ],
    "79": [
        7201.037198333122,
        828.1740215196301
    ]
}